Classe;Codigo do Ativo Subjacente;Bolsa de Negociacao;Indice Valorizacao;Mes Vencimento;Ano Vencimento;Tipo;Unidade de Negociacao;Moeda;Data Limite;Calculado;Commodity;Fator Conversao;Tipo Cotacao;Ticker;Tipo IF
ACOES;AAPL34;REUTERS;AAPL34;;;-;;REAL;;SIM;;;;;COE
ACOES;AAPL34;REUTERS;AAPL34;;;-;;REAL;;SIM;;;;;OPC
ACOES;AAPL34;REUTERS;AAPL34 Mínimo;;;-;;REAL;;SIM;;;;;OPC
ACOES;AAPL34;REUTERS;AAPL34 Máximo;;;-;;REAL;;SIM;;;;;OPC
ACOES;AAPL34;REUTERS;AAPL34 Mínimo;;;-;;REAL;;SIM;;;;;COE
ACOES;AAPL34;REUTERS;AAPL34 Máximo;;;-;;REAL;;SIM;;;;;COE
ACOES;ABCB4;REUTERS;ABCB4 Máximo;;;-;;REAL;;SIM;;;;;COE
ACOES;ABCB4;REUTERS;ABCB4 Máximo;;;-;;REAL;;SIM;;;;;OPC
ACOES;ABCB4;REUTERS;ABCB4;;;-;;REAL;;SIM;;;;;COE
ACOES;ABCB4;REUTERS;ABCB4;;;-;;REAL;;SIM;;;;;OPC
ACOES;ABCB4;REUTERS;ABCB4 Mínimo;;;-;;REAL;;SIM;;;;;COE
ACOES;ABCB4;REUTERS;ABCB4 Mínimo;;;-;;REAL;;SIM;;;;;OPC
ACOES;ABEV3;REUTERS;ABEV3;;;OUTROS;;REAL;;SIM;;;;;COE
ACOES;ABEV3;REUTERS;ABEV3;;;OUTROS;;REAL;;SIM;;;;;OPC
ACOES;ABEV3;REUTERS;ABEV3 Máximo;;;OUTROS;;REAL;;SIM;;;;;COE
ACOES;ABEV3;REUTERS;ABEV3 Máximo;;;OUTROS;;REAL;;SIM;;;;;OPC
ACOES;ABEV3;REUTERS;ABEV3 Mínimo;;;OUTROS;;REAL;;SIM;;;;;COE
ACOES;ABEV3;REUTERS;ABEV3 Mínimo;;;OUTROS;;REAL;;SIM;;;;;OPC
ACOES;ADBE34;REUTERS;ADBE34;;;-;;REAL;;SIM;;;;;OPC
ACOES;ADBE34;REUTERS;ADBE34 Mínimo;;;-;;REAL;;SIM;;;;;OPC
ACOES;ADBE34;REUTERS;ADBE34 Máximo;;;-;;REAL;;SIM;;;;;OPC
ACOES;AESB3;REUTERS;AESB3;;;-;;REAL;;SIM;;;;;COE
ACOES;AESB3;REUTERS;AESB3 Mínimo;;;-;;REAL;;SIM;;;;;COE
ACOES;AESB3;REUTERS;AESB3 Máximo;;;-;;REAL;;SIM;;;;;COE
ACOES;AGRO3;REUTERS;AGRO3;;;-;;REAL;;SIM;;;;;OPC
ACOES;AGRO3;REUTERS;AGRO3 Máximo;;;-;;REAL;;SIM;;;;;OPC
ACOES;AGRO3;REUTERS;AGRO3 Mínimo;;;-;;REAL;;SIM;;;;;OPC
ACOES;AIRB34;REUTERS;AIRB34 Máximo;;;-;;REAL;;SIM;;;;;OPC
ACOES;AIRB34;REUTERS;AIRB34;;;-;;REAL;;SIM;;;;;OPC
ACOES;AIRB34;REUTERS;AIRB34 Mínimo;;;-;;REAL;;SIM;;;;;OPC
ACOES;ALOS3;REUTERS;ALOS3 Máximo;;;-;;REAL;;SIM;;;;;COE
ACOES;ALOS3;REUTERS;ALOS3 Mínimo;;;-;;REAL;;SIM;;;;;COE
ACOES;ALOS3;REUTERS;ALOS3 Mínimo;;;-;;REAL;;SIM;;;;;OPC
ACOES;ALOS3;REUTERS;ALOS3 Máximo;;;-;;REAL;;SIM;;;;;OPC
ACOES;ALOS3;REUTERS;ALOS3;;;-;;REAL;;SIM;;;;;OPC
ACOES;ALOS3;REUTERS;ALOS3;;;-;;REAL;;SIM;;;;;COE
ACOES;ALOS99;BLOOMBERG;ALOS99 Mínimo;;;-;;REAL;;SIM;;;;;COE
ACOES;ALOS99;BLOOMBERG;ALOS99 Máximo;;;-;;REAL;;SIM;;;;;COE
ACOES;ALOS99;BLOOMBERG;ALOS99;;;-;;REAL;;SIM;;;;;COE
ACOES;ALSO3;REUTERS;ALSO3 Máximo;;;-;;REAL;;SIM;;;;;COE
ACOES;ALSO3;REUTERS;ALSO3 Mínimo;;;-;;REAL;;SIM;;;;;COE
ACOES;ALSO3;REUTERS;ALSO3;;;-;;REAL;;SIM;;;;;COE
ACOES;ALUP11;REUTERS;ALUP11 Mínimo;;;-;;REAL;;SIM;;;;;OPC
ACOES;ALUP11;REUTERS;ALUP11;;;-;;REAL;;SIM;;;;;OPC
ACOES;ALUP11;REUTERS;ALUP11 Máximo;;;-;;REAL;;SIM;;;;;OPC
ACOES;AMAR3;REUTERS;AMAR3 Máximo;;;-;;REAL;;SIM;;;;;OPC
ACOES;AMAR3;REUTERS;AMAR3 Máximo;;;-;;REAL;;SIM;;;;;COE
ACOES;AMAR3;REUTERS;AMAR3;;;-;;REAL;;SIM;;;;;COE
ACOES;AMAR3;REUTERS;AMAR3;;;-;;REAL;;SIM;;;;;OPC
ACOES;AMAR3;REUTERS;AMAR3 Mínimo;;;-;;REAL;;SIM;;;;;COE
ACOES;AMAR3;REUTERS;AMAR3 Mínimo;;;-;;REAL;;SIM;;;;;OPC
ACOES;AMBP3;REUTERS;AMBP3 Máximo;;;-;;REAL;;SIM;;;;;OPC
ACOES;AMBP3;REUTERS;AMBP3;;;-;;REAL;;SIM;;;;;OPC
ACOES;AMBP3;REUTERS;AMBP3 Mínimo;;;-;;REAL;;SIM;;;;;OPC
ACOES;AMER3;REUTERS;AMER3 Máximo;;;-;;REAL;;SIM;;;;;SWAP
ACOES;AMER3;REUTERS;AMER3;;;-;;REAL;;SIM;;;;;COE
ACOES;AMER3;REUTERS;AMER3 Mínimo;;;-;;REAL;;SIM;;;;;SWAP
ACOES;AMER3;REUTERS;AMER3 Máximo;;;-;;REAL;;SIM;;;;;COE
ACOES;AMER3;REUTERS;AMER3;;;-;;REAL;;SIM;;;;;SWAP
ACOES;AMER3;REUTERS;AMER3 Mínimo;;;-;;REAL;;SIM;;;;;COE
ACOES;AMZO34;REUTERS;AMZO34 Mínimo;;;-;;REAL;;SIM;;;;;OPC
ACOES;AMZO34;REUTERS;AMZO34 Máximo;;;-;;REAL;;SIM;;;;;OPC
ACOES;AMZO34;REUTERS;AMZO34;;;-;;REAL;;SIM;;;;;OPC
ACOES;ANIM3;REUTERS;ANIM3;;;OUTROS;;REAL;;SIM;;;;;OPC
ACOES;ANIM3;REUTERS;ANIM3 Minimo;;;OUTROS;;REAL;;SIM;;;;;OPC
ACOES;ANIM3;REUTERS;ANIM3 Maximo;;;OUTROS;;REAL;;SIM;;;;;OPC
ACOES;ARGE11;REUTERS;ARGE11;;;-;;REAL;;SIM;;;;;COE
ACOES;ARGE11;REUTERS;ARGE11;;;-;;REAL;;SIM;;;;;OPC
ACOES;ARGE11;REUTERS;ARGE11 Máximo;;;-;;REAL;;SIM;;;;;COE
ACOES;ARGE11;REUTERS;ARGE11 Máximo;;;-;;REAL;;SIM;;;;;OPC
ACOES;ARGE11;REUTERS;ARGE11 Mínimo;;;-;;REAL;;SIM;;;;;COE
ACOES;ARGE11;REUTERS;ARGE11 Mínimo;;;-;;REAL;;SIM;;;;;OPC
ACOES;ARGT39;REUTERS;ARGT39;;;-;;REAL;;SIM;;;;;OPC
ACOES;ARGT39;REUTERS;ARGT39 Máximo;;;-;;REAL;;SIM;;;;;OPC
ACOES;ARGT39;REUTERS;ARGT39 Mínimo;;;-;;REAL;;SIM;;;;;OPC
ACOES;ARML3;REUTERS;ARML3;;;-;;REAL;;SIM;;;;;OPC
ACOES;ARML3;REUTERS;ARML3 Máximo;;;-;;REAL;;SIM;;;;;OPC
ACOES;ARML3;REUTERS;ARML3 Mínimo;;;-;;REAL;;SIM;;;;;OPC
ACOES;ASAI3;REUTERS;ASAI3 Mínimo;;;-;;REAL;;SIM;;;;;COE
ACOES;ASAI3;REUTERS;ASAI3 Máximo;;;-;;REAL;;SIM;;;;;OPC
ACOES;ASAI3;REUTERS;ASAI3;;;-;;REAL;;SIM;;;;;COE
ACOES;ASAI3;REUTERS;ASAI3;;;-;;REAL;;SIM;;;;;OPC
ACOES;ASAI3;REUTERS;ASAI3 Mínimo;;;-;;REAL;;SIM;;;;;OPC
ACOES;ASAI3;REUTERS;ASAI3 Máximo;;;-;;REAL;;SIM;;;;;COE
ACOES;ASML34;REUTERS;ASML34 Máximo;;;-;;REAL;;SIM;;;;;OPC
ACOES;ASML34;REUTERS;ASML34;;;-;;REAL;;SIM;;;;;OPC
ACOES;ASML34;REUTERS;ASML34 Mínimo;;;-;;REAL;;SIM;;;;;OPC
ACOES;AUAU3;REUTERS;AUAU3;;;-;;REAL;;SIM;;;;;COE
ACOES;AUAU3;REUTERS;AUAU3;;;-;;REAL;;SIM;;;;;OPC
ACOES;AUAU3;REUTERS;AUAU3 Máximo;;;-;;REAL;;SIM;;;;;COE
ACOES;AUAU3;REUTERS;AUAU3 Máximo;;;-;;REAL;;SIM;;;;;OPC
ACOES;AUAU3;REUTERS;AUAU3 Mínimo;;;-;;REAL;;SIM;;;;;COE
ACOES;AUAU3;REUTERS;AUAU3 Mínimo;;;-;;REAL;;SIM;;;;;OPC
ACOES;AUAU99;REUTERS;AUAU99;;;-;;REAL;;SIM;;;;;COE
ACOES;AUAU99;REUTERS;AUAU99;;;-;;REAL;;SIM;;;;;OPC
ACOES;AUAU99;REUTERS;AUAU99 Mínimo;;;-;;REAL;;SIM;;;;;OPC
ACOES;AUAU99;REUTERS;AUAU99 Mínimo;;;-;;REAL;;SIM;;;;;COE
ACOES;AUAU99;REUTERS;AUAU99 Máximo;;;-;;REAL;;SIM;;;;;COE
ACOES;AUAU99;REUTERS;AUAU99 Máximo;;;-;;REAL;;SIM;;;;;OPC
ACOES;AUPO11;REUTERS;AUPO11 Máximo;;;-;;REAL;;SIM;;;;;OPC
ACOES;AUPO11;REUTERS;AUPO11;;;-;;REAL;;SIM;;;;;OPC
ACOES;AUPO11;REUTERS;AUPO11 Mínimo;;;-;;REAL;;SIM;;;;;OPC
ACOES;AURA33;REUTERS;AURA33;;;-;;REAL;;SIM;;;;;COE
ACOES;AURA33;REUTERS;AURA33;;;-;;REAL;;SIM;;;;;OPC
ACOES;AURA33;REUTERS;AURA33 Máximo;;;-;;REAL;;SIM;;;;;COE
ACOES;AURA33;REUTERS;AURA33 Máximo;;;-;;REAL;;SIM;;;;;OPC
ACOES;AURA33;REUTERS;AURA33 Mínimo;;;-;;REAL;;SIM;;;;;COE
ACOES;AURA33;REUTERS;AURA33 Mínimo;;;-;;REAL;;SIM;;;;;OPC
ACOES;AURE3;REUTERS;AURE3;;;-;;REAL;;SIM;;;;;OPC
ACOES;AURE3;REUTERS;AURE3 Mínimo;;;-;;REAL;;SIM;;;;;COE
ACOES;AURE3;REUTERS;AURE3;;;-;;REAL;;SIM;;;;;COE
ACOES;AURE3;REUTERS;AURE3 Máximo;;;-;;REAL;;SIM;;;;;OPC
ACOES;AURE3;REUTERS;AURE3 Mínimo;;;-;;REAL;;SIM;;;;;OPC
ACOES;AURE3;REUTERS;AURE3 Máximo;;;-;;REAL;;SIM;;;;;COE
ACOES;AVGO34;REUTERS;AVGO34 Mínimo;;;-;;REAL;;SIM;;;;;OPC
ACOES;AVGO34;REUTERS;AVGO34;;;-;;REAL;;SIM;;;;;OPC
ACOES;AVGO34;REUTERS;AVGO34 Máximo;;;-;;REAL;;SIM;;;;;OPC
ACOES;AXIA3;REUTERS;AXIA3 Mínimo;;;-;;REAL;;SIM;;;;;OPC
ACOES;AXIA3;REUTERS;AXIA3 Máximo;;;-;;REAL;;SIM;;;;;COE
ACOES;AXIA3;REUTERS;AXIA3 Máximo;;;-;;REAL;;SIM;;;;;OPC
ACOES;AXIA3;REUTERS;AXIA3 Mínimo;;;-;;REAL;;SIM;;;;;COE
ACOES;AXIA3;REUTERS;AXIA3;;;-;;REAL;;SIM;;;;;COE
ACOES;AXIA3;REUTERS;AXIA3;;;-;;REAL;;SIM;;;;;OPC
ACOES;AZEV4;REUTERS;AZEV4 Mínimo;;;-;;REAL;;SIM;;;;;OPC
ACOES;AZEV4;REUTERS;AZEV4;;;-;;REAL;;SIM;;;;;OPC
ACOES;AZEV4;REUTERS;AZEV4 Máximo;;;-;;REAL;;SIM;;;;;OPC
ACOES;AZZA3;REUTERS;AZZA3 Máximo;;;-;;REAL;;SIM;;;;;COE
ACOES;AZZA3;REUTERS;AZZA3;;;-;;REAL;;SIM;;;;;OPC
ACOES;AZZA3;REUTERS;AZZA3 Mínimo;;;-;;REAL;;SIM;;;;;OPC
ACOES;AZZA3;REUTERS;AZZA3 Mínimo;;;-;;REAL;;SIM;;;;;COE
ACOES;AZZA3;REUTERS;AZZA3 Máximo;;;-;;REAL;;SIM;;;;;OPC
ACOES;AZZA3;REUTERS;AZZA3;;;-;;REAL;;SIM;;;;;COE
ACOES;A1MD34;REUTERS;A1MD34 Mínimo;;;-;;REAL;;SIM;;;;;OPC
ACOES;A1MD34;REUTERS;A1MD34;;;-;;REAL;;SIM;;;;;OPC
ACOES;A1MD34;REUTERS;A1MD34 Máximo;;;-;;REAL;;SIM;;;;;OPC
ACOES;A1NE34;REUTERS;A1NE34;;;-;;REAL;;SIM;;;;;OPC
ACOES;A1NE34;REUTERS;A1NE34 Máximo;;;-;;REAL;;SIM;;;;;OPC
ACOES;A1NE34;REUTERS;A1NE34 Mínimo;;;-;;REAL;;SIM;;;;;OPC
ACOES;A1ZN34;REUTERS;A1ZN34 Mínimo;;;-;;REAL;;SIM;;;;;OPC
ACOES;A1ZN34;REUTERS;A1ZN34 Mínimo;;;-;;REAL;;SIM;;;;;COE
ACOES;A1ZN34;REUTERS;A1ZN34;;;-;;REAL;;SIM;;;;;COE
ACOES;A1ZN34;REUTERS;A1ZN34 Máximo;;;-;;REAL;;SIM;;;;;COE
ACOES;A1ZN34;REUTERS;A1ZN34 Máximo;;;-;;REAL;;SIM;;;;;OPC
ACOES;A1ZN34;REUTERS;A1ZN34;;;-;;REAL;;SIM;;;;;OPC
ACOES;BABA34;REUTERS;BABA34;;;-;;REAL;;SIM;;;;;OPC
ACOES;BABA34;REUTERS;BABA34 Máximo;;;-;;REAL;;SIM;;;;;OPC
ACOES;BABA34;REUTERS;BABA34 Mínimo;;;-;;REAL;;SIM;;;;;OPC
ACOES;BAER39;REUTERS;BAER39 Máximo;;;-;;REAL;;SIM;;;;;OPC
ACOES;BAER39;REUTERS;BAER39 Mínimo;;;-;;REAL;;SIM;;;;;COE
ACOES;BAER39;REUTERS;BAER39 Máximo;;;-;;REAL;;SIM;;;;;COE
ACOES;BAER39;REUTERS;BAER39;;;-;;REAL;;SIM;;;;;OPC
ACOES;BAER39;REUTERS;BAER39 Mínimo;;;-;;REAL;;SIM;;;;;OPC
ACOES;BAER39;REUTERS;BAER39;;;-;;REAL;;SIM;;;;;COE
ACOES;BALM4;REUTERS;BALM4 Mínimo;;;-;;REAL;;SIM;;;;;TER
ACOES;BALM4;REUTERS;BALM4;;;-;;REAL;;SIM;;;;;COE
ACOES;BALM4;REUTERS;BALM4;;;-;;REAL;;SIM;;;;;OPC
ACOES;BALM4;REUTERS;BALM4;;;-;;REAL;;SIM;;;;;TER
ACOES;BALM4;REUTERS;BALM4 Mínimo;;;-;;REAL;;SIM;;;;;OPC
ACOES;BALM4;REUTERS;BALM4 Máximo;;;-;;REAL;;SIM;;;;;OPC
ACOES;BALM4;REUTERS;BALM4 Mínimo;;;-;;REAL;;SIM;;;;;COE
ACOES;BALM4;REUTERS;BALM4 Máximo;;;-;;REAL;;SIM;;;;;TER
ACOES;BALM4;REUTERS;BALM4 Máximo;;;-;;REAL;;SIM;;;;;COE
ACOES;BBAS3;REUTERS;BBAS3 Máximo;;;OUTROS;;REAL;;SIM;;;;;OPC
ACOES;BBAS3;REUTERS;BBAS3;;;OUTROS;;REAL;;SIM;;;;;OPC
ACOES;BBAS3;REUTERS;BBAS3 Máximo;;;OUTROS;;REAL;;SIM;;;;;COE
ACOES;BBAS3;REUTERS;BBAS3 Mínimo;;;OUTROS;;REAL;;SIM;;;;;OPC
ACOES;BBAS3;REUTERS;BBAS3 Mínimo;;;OUTROS;;REAL;;SIM;;;;;COE
ACOES;BBAS3;REUTERS;BBAS3;;;OUTROS;;REAL;;SIM;;;;;COE
ACOES;BBDC3;REUTERS;BBDC3;;;OUTROS;;REAL;;SIM;;;;;OPC
ACOES;BBDC3;REUTERS;BBDC3 Máximo;;;OUTROS;;REAL;;SIM;;;;;OPC
ACOES;BBDC3;REUTERS;BBDC3 Mínimo;;;OUTROS;;REAL;;SIM;;;;;OPC
ACOES;BBDC4;REUTERS;BBDC4;;;OUTROS;;REAL;;SIM;;;;;OPC
ACOES;BBDC4;REUTERS;BBDC4;;;OUTROS;;REAL;;SIM;;;;;COE
ACOES;BBDC4;REUTERS;BBDC4 Mínimo;;;OUTROS;;REAL;;SIM;;;;;OPC
ACOES;BBDC4;REUTERS;BBDC4 Mínimo;;;OUTROS;;REAL;;SIM;;;;;COE
ACOES;BBDC4;REUTERS;BBDC4 Máximo;;;OUTROS;;REAL;;SIM;;;;;OPC
ACOES;BBDC4;REUTERS;BBDC4 Máximo;;;OUTROS;;REAL;;SIM;;;;;COE
ACOES;BBDC4_43;REUTERS;BBDC4_43;;;-;;REAL;;NÃO;;;;;COE
ACOES;BBOI11;REUTERS;BBOI11;;;-;;REAL;;SIM;;;;;COE
ACOES;BBOI11;REUTERS;BBOI11 Mínimo;;;-;;REAL;;SIM;;;;;COE
ACOES;BBOI11;REUTERS;BBOI11 Máximo;;;-;;REAL;;SIM;;;;;OPC
ACOES;BBOI11;REUTERS;BBOI11 Mínimo;;;-;;REAL;;SIM;;;;;OPC
ACOES;BBOI11;REUTERS;BBOI11 Máximo;;;-;;REAL;;SIM;;;;;COE
ACOES;BBOI11;REUTERS;BBOI11;;;-;;REAL;;SIM;;;;;OPC
ACOES;BBSE3;REUTERS;BBSE3 Maximo;;;OUTROS;;REAL;;SIM;;;;;OPC
ACOES;BBSE3;REUTERS;BBSE3 Maximo;;;OUTROS;;REAL;;SIM;;;;;COE
ACOES;BBSE3;REUTERS;BBSE3 Minimo;;;OUTROS;;REAL;;SIM;;;;;OPC
ACOES;BBSE3;REUTERS;BBSE3 Minimo;;;OUTROS;;REAL;;SIM;;;;;COE
ACOES;BBSE3;REUTERS;BBSE3;;;OUTROS;;REAL;;SIM;;;;;COE
ACOES;BBSE3;REUTERS;BBSE3;;;OUTROS;;REAL;;SIM;;;;;OPC
ACOES;BCIA11;REUTERS;BCIA11 Máximo;;;-;;REAL;;SIM;;;;;OPC
ACOES;BCIA11;REUTERS;BCIA11;;;-;;REAL;;SIM;;;;;OPC
ACOES;BCIA11;REUTERS;BCIA11 Mínimo;;;-;;REAL;;SIM;;;;;OPC
ACOES;BCPX39;REUTERS;BCPX39;;;-;;REAL;;SIM;;;;;OPC
ACOES;BCPX39;REUTERS;BCPX39 Máximo;;;-;;REAL;;SIM;;;;;OPC
ACOES;BCPX39;REUTERS;BCPX39 Mínimo;;;-;;REAL;;SIM;;;;;OPC
ACOES;BCRI11;REUTERS;BCRI11 Máximo;;;-;;REAL;;SIM;;;;;OPC
ACOES;BCRI11;REUTERS;BCRI11;;;-;;REAL;;SIM;;;;;OPC
ACOES;BCRI11;REUTERS;BCRI11 Mínimo;;;-;;REAL;;SIM;;;;;OPC
ACOES;BEEF3;REUTERS;BEEF3 Mínimo;;;OUTROS;;REAL;;SIM;;;;;OPC
ACOES;BEEF3;REUTERS;BEEF3;;;OUTROS;;REAL;;SIM;;;;;COE
ACOES;BEEF3;REUTERS;BEEF3 Máximo;;;OUTROS;;REAL;;SIM;;;;;OPC
ACOES;BEEF3;REUTERS;BEEF3 Mínimo;;;OUTROS;;REAL;;SIM;;;;;COE
ACOES;BEEF3;REUTERS;BEEF3;;;OUTROS;;REAL;;SIM;;;;;OPC
ACOES;BEEF3;REUTERS;BEEF3 Máximo;;;OUTROS;;REAL;;SIM;;;;;COE
ACOES;BERK34;REUTERS;BERK34 Mínimo;;;-;;REAL;;SIM;;;;;OPC
ACOES;BERK34;REUTERS;BERK34 Máximo;;;-;;REAL;;SIM;;;;;OPC
ACOES;BERK34;REUTERS;BERK34;;;-;;REAL;;SIM;;;;;OPC
ACOES;BHIA3;REUTERS;BHIA3 Máximo;;;-;;REAL;;SIM;;;;;COE
ACOES;BHIA3;REUTERS;BHIA3 Máximo;;;-;;REAL;;SIM;;;;;OPC
ACOES;BHIA3;REUTERS;BHIA3;;;-;;REAL;;SIM;;;;;OPC
ACOES;BHIA3;REUTERS;BHIA3 Mínimo;;;-;;REAL;;SIM;;;;;OPC
ACOES;BHIA3;REUTERS;BHIA3;;;-;;REAL;;SIM;;;;;COE
ACOES;BHIA3;REUTERS;BHIA3 Mínimo;;;-;;REAL;;SIM;;;;;COE
ACOES;BIDI11;REUTERS;BIDI11 Máximo;;;-;;REAL;;SIM;;;;;COE
ACOES;BIDI11;REUTERS;BIDI11;;;-;;REAL;;SIM;;;;;COE
ACOES;BIDI11;REUTERS;BIDI11 Mínimo;;;-;;REAL;;SIM;;;;;COE
ACOES;BIDI4;REUTERS;BIDI4 Máximo;;;-;;REAL;;SIM;;;;;COE
ACOES;BIDI4;REUTERS;BIDI4 Mínimo;;;-;;REAL;;SIM;;;;;COE
ACOES;BIDU34;REUTERS;BIDU34;;;-;;REAL;;SIM;;;;;OPC
ACOES;BIDU34;REUTERS;BIDU34 Mínimo;;;-;;REAL;;SIM;;;;;OPC
ACOES;BIDU34;REUTERS;BIDU34 Máximo;;;-;;REAL;;SIM;;;;;OPC
ACOES;BIEO39;REUTERS;BIEO39 Mínimo;;;-;;REAL;;SIM;;;;;OPC
ACOES;BIEO39;REUTERS;BIEO39 Mínimo;;;-;;REAL;;SIM;;;;;COE
ACOES;BIEO39;REUTERS;BIEO39 Máximo;;;-;;REAL;;SIM;;;;;OPC
ACOES;BIEO39;REUTERS;BIEO39;;;-;;REAL;;SIM;;;;;COE
ACOES;BIEO39;REUTERS;BIEO39;;;-;;REAL;;SIM;;;;;OPC
ACOES;BIEO39;REUTERS;BIEO39 Máximo;;;-;;REAL;;SIM;;;;;COE
ACOES;BIJR39;REUTERS;BIJR39 Máximo;;;-;;REAL;;SIM;;;;;OPC
ACOES;BIJR39;REUTERS;BIJR39;;;-;;REAL;;SIM;;;;;OPC
ACOES;BIJR39;REUTERS;BIJR39 Mínimo;;;-;;REAL;;SIM;;;;;OPC
ACOES;BIOM3;REUTERS;BIOM3;;;-;;REAL;;SIM;;;;;OPC
ACOES;BIOM3;REUTERS;BIOM3;;;-;;REAL;;SIM;;;;;TER
ACOES;BITC11;REUTERS;BITC11 Mínimo;;;-;;REAL;;SIM;;;;;OPC
ACOES;BITC11;REUTERS;BITC11 Máximo;;;-;;REAL;;SIM;;;;;OPC
ACOES;BITC11;REUTERS;BITC11;;;-;;REAL;;SIM;;;;;OPC
ACOES;BITH11;REUTERS;BITH11 Máximo;;;-;;REAL;;SIM;;;;;OPC
ACOES;BITH11;REUTERS;BITH11 Máximo;;;-;;REAL;;SIM;;;;;SWAP
ACOES;BITH11;REUTERS;BITH11 Máximo;;;-;;REAL;;SIM;;;;;COE
ACOES;BITH11;REUTERS;BITH11;;;-;;REAL;;SIM;;;;;COE
ACOES;BITH11;REUTERS;BITH11 Mínimo;;;-;;REAL;;SIM;;;;;OPC
ACOES;BITH11;REUTERS;BITH11 Mínimo;;;-;;REAL;;SIM;;;;;COE
ACOES;BITH11;REUTERS;BITH11 Mínimo;;;-;;REAL;;SIM;;;;;SWAP
ACOES;BITH11;REUTERS;BITH11;;;-;;REAL;;SIM;;;;;OPC
ACOES;BITH11;REUTERS;BITH11;;;-;;REAL;;SIM;;;;;SWAP
ACOES;BITI11;REUTERS;BITI11 Mínimo;;;-;;REAL;;SIM;;;;;OPC
ACOES;BITI11;REUTERS;BITI11;;;-;;REAL;;SIM;;;;;COE
ACOES;BITI11;REUTERS;BITI11 Máximo;;;-;;REAL;;SIM;;;;;OPC
ACOES;BITI11;REUTERS;BITI11 Mínimo;;;-;;REAL;;SIM;;;;;COE
ACOES;BITI11;REUTERS;BITI11 Máximo;;;-;;REAL;;SIM;;;;;COE
ACOES;BITI11;REUTERS;BITI11;;;-;;REAL;;SIM;;;;;OPC
ACOES;BIWM39;REUTERS;BIWM39 Mínimo;;;-;;REAL;;SIM;;;;;OPC
ACOES;BIWM39;REUTERS;BIWM39;;;-;;REAL;;SIM;;;;;OPC
ACOES;BIWM39;REUTERS;BIWM39 Máximo;;;-;;REAL;;SIM;;;;;OPC
ACOES;BIXC39;REUTERS;BIXC39;;;-;;REAL;;SIM;;;;;COE
ACOES;BIXC39;REUTERS;BIXC39;;;-;;REAL;;SIM;;;;;OPC
ACOES;BIXC39;REUTERS;BIXC39 Máximo;;;-;;REAL;;SIM;;;;;COE
ACOES;BIXC39;REUTERS;BIXC39 Máximo;;;-;;REAL;;SIM;;;;;OPC
ACOES;BIXC39;REUTERS;BIXC39 Mínimo;;;-;;REAL;;SIM;;;;;COE
ACOES;BIXC39;REUTERS;BIXC39 Mínimo;;;-;;REAL;;SIM;;;;;OPC
ACOES;BIYE39;REUTERS;BIYE39 Mínimo;;;-;;REAL;;SIM;;;;;OPC
ACOES;BIYE39;REUTERS;BIYE39;;;-;;REAL;;SIM;;;;;OPC
ACOES;BIYE39;REUTERS;BIYE39 Máximo;;;-;;REAL;;SIM;;;;;COE
ACOES;BIYE39;REUTERS;BIYE39 Máximo;;;-;;REAL;;SIM;;;;;OPC
ACOES;BIYE39;REUTERS;BIYE39 Mínimo;;;-;;REAL;;SIM;;;;;COE
ACOES;BIYE39;REUTERS;BIYE39;;;-;;REAL;;SIM;;;;;COE
ACOES;BKBR3;REUTERS;BKBR3 Máximo;;;-;;REAL;;SIM;;;;;COE
ACOES;BKBR3;REUTERS;BKBR3;;;-;;REAL;;SIM;;;;;COE
ACOES;BKBR3;REUTERS;BKBR3 Mínimo;;;-;;REAL;;SIM;;;;;COE
ACOES;BKNG34;REUTERS;BKNG34;;;-;;REAL;;SIM;;;;;OPC
ACOES;BKNG34;REUTERS;BKNG34 Máximo;;;-;;REAL;;SIM;;;;;OPC
ACOES;BKNG34;REUTERS;BKNG34 Mínimo;;;-;;REAL;;SIM;;;;;OPC
ACOES;BKWB39;REUTERS;BKWB39 Máximo;;;-;;REAL;;SIM;;;;;OPC
ACOES;BKWB39;REUTERS;BKWB39;;;-;;REAL;;SIM;;;;;OPC
ACOES;BKWB39;REUTERS;BKWB39 Mínimo;;;-;;REAL;;SIM;;;;;OPC
ACOES;BLAK34;REUTERS;BLAK34;;;-;;REAL;;SIM;;;;;OPC
ACOES;BLAK34;REUTERS;BLAK34 Mínimo;;;-;;REAL;;SIM;;;;;OPC
ACOES;BLAK34;REUTERS;BLAK34 Máximo;;;-;;REAL;;SIM;;;;;OPC
ACOES;BMEB4;REUTERS;BMEB4;;;-;;REAL;;SIM;;;;;COE
ACOES;BMEB4;REUTERS;BMEB4;;;-;;REAL;;SIM;;;;;OPC
ACOES;BMEB4;REUTERS;BMEB4 Máximo;;;-;;REAL;;SIM;;;;;COE
ACOES;BMEB4;REUTERS;BMEB4 Máximo;;;-;;REAL;;SIM;;;;;OPC
ACOES;BMEB4;REUTERS;BMEB4 Mínimo;;;-;;REAL;;SIM;;;;;COE
ACOES;BMEB4;REUTERS;BMEB4 Mínimo;;;-;;REAL;;SIM;;;;;OPC
ACOES;BMGB4;REUTERS;BMGB4;;;-;;REAL;;SIM;;;;;OPC
ACOES;BMGB4;REUTERS;BMGB4 Mínimo;;;-;;REAL;;SIM;;;;;OPC
ACOES;BMGB4;REUTERS;BMGB4 Máximo;;;-;;REAL;;SIM;;;;;OPC
ACOES;BMOB3;REUTERS;BMOB3;;;OUTROS;;REAL;;SIM;;;;;TER
ACOES;BMOB3;REUTERS;BMOB3;;;OUTROS;;REAL;;SIM;;;;;OPC
ACOES;BMOB3;REUTERS;BMOB3 Máximo;;;OUTROS;;REAL;;SIM;;;;;TER
ACOES;BMOB3;REUTERS;BMOB3 Máximo;;;OUTROS;;REAL;;SIM;;;;;OPC
ACOES;BMOB3;REUTERS;BMOB3 Mínimo;;;OUTROS;;REAL;;SIM;;;;;TER
ACOES;BMOB3;REUTERS;BMOB3 Mínimo;;;OUTROS;;REAL;;SIM;;;;;OPC
ACOES;BNDA39;REUTERS;BNDA39;;;-;;REAL;;SIM;;;;;OPC
ACOES;BNDA39;REUTERS;BNDA39 Mínimo;;;-;;REAL;;SIM;;;;;OPC
ACOES;BNDA39;REUTERS;BNDA39 Máximo;;;-;;REAL;;SIM;;;;;OPC
ACOES;BOAC34;REUTERS;BOAC34 Máximo;;;-;;REAL;;SIM;;;;;OPC
ACOES;BOAC34;REUTERS;BOAC34;;;-;;REAL;;SIM;;;;;OPC
ACOES;BOAC34;REUTERS;BOAC34 Mínimo;;;-;;REAL;;SIM;;;;;OPC
ACOES;BOVA11;REUTERS;BOVA11 Mínimo;;;OUTROS;;REAL;;SIM;;;;;COE
ACOES;BOVA11;REUTERS;BOVA11 Mínimo;;;OUTROS;;REAL;;SIM;;;;;OPC
ACOES;BOVA11;REUTERS;BOVA11;;;OUTROS;;REAL;;SIM;;;;;OPC
ACOES;BOVA11;REUTERS;BOVA11;;;OUTROS;;REAL;;SIM;;;;;COE
ACOES;BOVA11;REUTERS;BOVA11 Máximo;;;OUTROS;;REAL;;SIM;;;;;OPC
ACOES;BOVA11;REUTERS;BOVA11 Máximo;;;OUTROS;;REAL;;SIM;;;;;COE
ACOES;BOVV11;REUTERS;BOVV11 Mínimo;;;-;;REAL;;SIM;;;;;OPC
ACOES;BOVV11;REUTERS;BOVV11 Mínimo;;;-;;REAL;;SIM;;;;;COE
ACOES;BOVV11;REUTERS;BOVV11;;;-;;REAL;;SIM;;;;;COE
ACOES;BOVV11;REUTERS;BOVV11;;;-;;REAL;;SIM;;;;;OPC
ACOES;BOVV11;REUTERS;BOVV11 Máximo;;;-;;REAL;;SIM;;;;;OPC
ACOES;BOVV11;REUTERS;BOVV11 Máximo;;;-;;REAL;;SIM;;;;;COE
ACOES;BOVX11;REUTERS;BOVX11 Mínimo;00000000000009;;-;;REAL;;SIM;;;;;COE
ACOES;BOVX11;REUTERS;BOVX11 Mínimo;00000000000009;;-;;REAL;;SIM;;;;;OPC
ACOES;BOVX11;REUTERS;BOVX11 Máximo;;;-;;REAL;;SIM;;;;;COE
ACOES;BOVX11;REUTERS;BOVX11;;;-;;REAL;;SIM;;;;;OPC
ACOES;BOVX11;REUTERS;BOVX11;;;-;;REAL;;SIM;;;;;COE
ACOES;BOVX11;REUTERS;BOVX11 Máximo;;;-;;REAL;;SIM;;;;;OPC
ACOES;BPAC11;REUTERS;BPAC11;;;-;;REAL;;SIM;;;;;OPC
ACOES;BPAC11;REUTERS;BPAC11 Mínimo;;;-;;REAL;;SIM;;;;;COE
ACOES;BPAC11;REUTERS;BPAC11 Máximo;;;-;;REAL;;SIM;;;;;OPC
ACOES;BPAC11;REUTERS;BPAC11 Máximo;;;-;;REAL;;SIM;;;;;COE
ACOES;BPAC11;REUTERS;BPAC11 Mínimo;;;-;;REAL;;SIM;;;;;OPC
ACOES;BPAC11;REUTERS;BPAC11;;;-;;REAL;;SIM;;;;;COE
ACOES;BPAN4;REUTERS;BPAN4 Máximo;;;-;;REAL;;SIM;;;;;OPC
ACOES;BPAN4;REUTERS;BPAN4 Máximo;;;-;;REAL;;SIM;;;;;COE
ACOES;BPAN4;REUTERS;BPAN4 Mínimo;;;-;;REAL;;SIM;;;;;OPC
ACOES;BPAN4;REUTERS;BPAN4 Mínimo;;;-;;REAL;;SIM;;;;;COE
ACOES;BPAN4;REUTERS;BPAN4;;;-;;REAL;;SIM;;;;;OPC
ACOES;BPAN4;REUTERS;BPAN4;;;-;;REAL;;SIM;;;;;COE
ACOES;BRAP3;REUTERS;BRAP3 Máximo;;;-;;REAL;;SIM;;;;;OPC
ACOES;BRAP3;REUTERS;BRAP3 Mínimo;;;-;;REAL;;SIM;;;;;OPC
ACOES;BRAP3;REUTERS;BRAP3;;;-;;REAL;;SIM;;;;;OPC
ACOES;BRAV3;REUTERS;BRAV3 Máximo;;;-;;REAL;;SIM;;;;;OPC
ACOES;BRAV3;REUTERS;BRAV3 Máximo;;;-;;REAL;;SIM;;;;;COE
ACOES;BRAV3;REUTERS;BRAV3;;;-;;REAL;;SIM;;;;;OPC
ACOES;BRAV3;REUTERS;BRAV3;;;-;;REAL;;SIM;;;;;COE
ACOES;BRAV3;REUTERS;BRAV3 Mínimo;;;-;;REAL;;SIM;;;;;OPC
ACOES;BRAV3;REUTERS;BRAV3 Mínimo;;;-;;REAL;;SIM;;;;;COE
ACOES;BRBI11;REUTERS;BRBI11 Mínimo;;;-;;REAL;;SIM;;;;;OPC
ACOES;BRBI11;REUTERS;BRBI11;;;-;;REAL;;SIM;;;;;OPC
ACOES;BRBI11;REUTERS;BRBI11 Máximo;;;-;;REAL;;SIM;;;;;OPC
ACOES;BRDT3;REUTERS;BRDT3;;;-;;REAL;;SIM;;;;;COE
ACOES;BRDT3;REUTERS;BRDT3 Máximo;;;-;;REAL;;SIM;;;;;COE
ACOES;BRDT3;REUTERS;BRDT3 Mínimo;;;-;;REAL;;SIM;;;;;COE
ACOES;BRFS3;REUTERS;BRFS3 Mínimo;;;OUTROS;;REAL;;SIM;;;;;COE
ACOES;BRFS3;REUTERS;BRFS3;;;OUTROS;;REAL;;SIM;;;;;COE
ACOES;BRFS3;REUTERS;BRFS3 Máximo;;;OUTROS;;REAL;;SIM;;;;;COE
ACOES;BRIT3;REUTERS;BRIT3 Mínimo;;;-;;REAL;;SIM;;;;;OPC
ACOES;BRIT3;REUTERS;BRIT3 Máximo;;;-;;REAL;;SIM;;;;;OPC
ACOES;BRIT3;REUTERS;BRIT3;;;-;;REAL;;SIM;;;;;OPC
ACOES;BRKM5;REUTERS;BRKM5;;;OUTROS;;REAL;;SIM;;;;;OPC
ACOES;BRKM5;REUTERS;BRKM5;;;OUTROS;;REAL;;SIM;;;;;COE
ACOES;BRKM5;REUTERS;BRKM5 Mínimo;;;OUTROS;;REAL;;SIM;;;;;OPC
ACOES;BRKM5;REUTERS;BRKM5 Máximo;;;OUTROS;;REAL;;SIM;;;;;OPC
ACOES;BRKM5;REUTERS;BRKM5 Máximo;;;OUTROS;;REAL;;SIM;;;;;COE
ACOES;BRKM5;REUTERS;BRKM5 Mínimo;;;OUTROS;;REAL;;SIM;;;;;COE
ACOES;BRPR3;REUTERS;BRPR3 Maximo;;;OUTROS;;REAL;;SIM;;;;;COE
ACOES;BRPR3;REUTERS;BRPR3;;;OUTROS;;REAL;;SIM;;;;;COE
ACOES;BRPR3;REUTERS;BRPR3 Minimo;;;OUTROS;;REAL;;SIM;;;;;COE
ACOES;BRSR6;REUTERS;BRSR6 Mínimo;;;-;;REAL;;SIM;;;;;OPC
ACOES;BRSR6;REUTERS;BRSR6;;;-;;REAL;;SIM;;;;;OPC
ACOES;BRSR6;REUTERS;BRSR6 Máximo;;;-;;REAL;;SIM;;;;;OPC
ACOES;BRXC11;B3;BRXC11;;;-;;REAL;;SIM;;;;;OPC
ACOES;BRXC11;B3;BRXC11;;;-;;REAL;;SIM;;;;;COE
ACOES;BRXC11;B3;BRXC11 Máximo;;;-;;REAL;;SIM;;;;;OPC
ACOES;BRXC11;B3;BRXC11 Mínimo;;;-;;REAL;;SIM;;;;;COE
ACOES;BRXC11;B3;BRXC11 Mínimo;;;-;;REAL;;SIM;;;;;OPC
ACOES;BRXC11;B3;BRXC11 Máximo;;;-;;REAL;;SIM;;;;;COE
ACOES;BSIL39;REUTERS;BSIL39;;;-;;REAL;;SIM;;;;;COE
ACOES;BSIL39;REUTERS;BSIL39;;;-;;REAL;;SIM;;;;;TER
ACOES;BSIL39;REUTERS;BSIL39;;;-;;REAL;;SIM;;;;;OPC
ACOES;BSIL39;REUTERS;BSIL39 Máximo;;;-;;REAL;;SIM;;;;;COE
ACOES;BSIL39;REUTERS;BSIL39 Máximo;;;-;;REAL;;SIM;;;;;TER
ACOES;BSIL39;REUTERS;BSIL39 Máximo;;;-;;REAL;;SIM;;;;;OPC
ACOES;BSIL39;REUTERS;BSIL39 Mínimo;;;-;;REAL;;SIM;;;;;OPC
ACOES;BSIL39;REUTERS;BSIL39 Mínimo;;;-;;REAL;;SIM;;;;;TER
ACOES;BSIL39;REUTERS;BSIL39 Mínimo;;;-;;REAL;;SIM;;;;;COE
ACOES;BSLV39;REUTERS;BSLV39;;;-;;REAL;;SIM;;;;;OPC
ACOES;BSLV39;REUTERS;BSLV39 Máximo;;;-;;REAL;;SIM;;;;;OPC
ACOES;BSLV39;REUTERS;BSLV39 Mínimo;;;-;;REAL;;SIM;;;;;OPC
ACOES;BTCI11;REUTERS;BTCI11;;;-;;REAL;;SIM;;;;;OPC
ACOES;BTCI11;REUTERS;BTCI11 Máximo;;;-;;REAL;;SIM;;;;;OPC
ACOES;BTCI11;REUTERS;BTCI11 Mínimo;;;-;;REAL;;SIM;;;;;OPC
ACOES;BTHF11;REUTERS;BTHF11 Mínimo;;;-;;REAL;;SIM;;;;;OPC
ACOES;BTHF11;REUTERS;BTHF11;;;-;;REAL;;SIM;;;;;OPC
ACOES;BTHF11;REUTERS;BTHF11 Máximo;;;-;;REAL;;SIM;;;;;OPC
ACOES;BTHF11 BZ;REUTERS;BTHF11 BZ FECHAMENTO;;;-;;REAL;;SIM;;;;;OPC
ACOES;BTLG11;REUTERS;BTLG11;;;-;;REAL;;SIM;;;;;OPC
ACOES;BURA39;REUTERS;BURA39;;;-;;REAL;;SIM;;;;;OPC
ACOES;BURA39;REUTERS;BURA39 Máximo;;;-;;REAL;;SIM;;;;;OPC
ACOES;BURA39;REUTERS;BURA39 Mínimo;;;-;;REAL;;SIM;;;;;OPC
ACOES;BUTL39;REUTERS;BUTL39;;;-;;REAL;;SIM;;;;;OPC
ACOES;BUTL39;REUTERS;BUTL39 Máximo;;;-;;REAL;;SIM;;;;;OPC
ACOES;BUTL39;REUTERS;BUTL39 Mínimo;;;-;;REAL;;SIM;;;;;OPC
ACOES;B3SA3;REUTERS;B3SA3;;;-;;REAL;;SIM;;;;;OPC
ACOES;B3SA3;REUTERS;B3SA3 Máximo;;;-;;REAL;;SIM;;;;;COE
ACOES;B3SA3;REUTERS;B3SA3;;;-;;REAL;;SIM;;;;;COE
ACOES;B3SA3;REUTERS;B3SA3 Mínimo;;;-;;REAL;;SIM;;;;;COE
ACOES;B3SA3;REUTERS;B3SA3 Mínimo;;;-;;REAL;;SIM;;;;;OPC
ACOES;B3SA3;REUTERS;B3SA3 Máximo;;;-;;REAL;;SIM;;;;;OPC
ACOES;CACR11;REUTERS;CACR11 Mínimo;;;-;;REAL;;SIM;;;;;OPC
ACOES;CACR11;REUTERS;CACR11;;;-;;REAL;;SIM;;;;;OPC
ACOES;CACR11;REUTERS;CACR11 Máximo;;;-;;REAL;;SIM;;;;;OPC
ACOES;CAFR31;REUTERS;CAFR31 Mínimo;;;-;;REAL;;SIM;;;;;OPC
ACOES;CAFR31;REUTERS;CAFR31;;;-;;REAL;;SIM;;;;;COE
ACOES;CAFR31;REUTERS;CAFR31 Mínimo;;;-;;REAL;;SIM;;;;;COE
ACOES;CAFR31;REUTERS;CAFR31 Máximo;;;-;;REAL;;SIM;;;;;OPC
ACOES;CAFR31;REUTERS;CAFR31 Máximo;;;-;;REAL;;SIM;;;;;COE
ACOES;CAFR31;REUTERS;CAFR31;;;-;;REAL;;SIM;;;;;OPC
ACOES;CAML3;REUTERS;CAML3 Máximo;;;-;;REAL;;SIM;;;;;OPC
ACOES;CAML3;REUTERS;CAML3;;;-;;REAL;;SIM;;;;;OPC
ACOES;CAML3;REUTERS;CAML3 Mínimo;;;-;;REAL;;SIM;;;;;OPC
ACOES;CASH3;REUTERS;CASH3 Máximo;;;-;;REAL;;SIM;;;;;COE
ACOES;CASH3;REUTERS;CASH3;;;-;;REAL;;SIM;;;;;OPC
ACOES;CASH3;REUTERS;CASH3 Máximo;;;-;;REAL;;SIM;;;;;OPC
ACOES;CASH3;REUTERS;CASH3;;;-;;REAL;;SIM;;;;;COE
ACOES;CASH3;REUTERS;CASH3 Mínimo;;;-;;REAL;;SIM;;;;;COE
ACOES;CASH3;REUTERS;CASH3 Mínimo;;;-;;REAL;;SIM;;;;;OPC
ACOES;CBAV3;REUTERS;CBAV3;;;-;;REAL;;SIM;;;;;OPC
ACOES;CBAV3;REUTERS;CBAV3 Mínimo;;;-;;REAL;;SIM;;;;;OPC
ACOES;CBAV3;REUTERS;CBAV3 Máximo;;;-;;REAL;;SIM;;;;;OPC
ACOES;CCME11;REUTERS;CCME11;;;-;;REAL;;SIM;;;;;OPC
ACOES;CCRO3;REUTERS;CCRO3;;;OUTROS;;REAL;;SIM;;;;;COE
ACOES;CCRO3;REUTERS;CCRO3 Máximo;;;OUTROS;;REAL;;SIM;;;;;COE
ACOES;CCRO3;REUTERS;CCRO3 Mínimo;;;OUTROS;;REAL;;SIM;;;;;COE
ACOES;CEAB3;REUTERS;CEAB3;;;-;;REAL;;SIM;;;;;OPC
ACOES;CEAB3;REUTERS;CEAB3;;;-;;REAL;;SIM;;;;;COE
ACOES;CEAB3;REUTERS;CEAB3 Mínimo;;;-;;REAL;;SIM;;;;;COE
ACOES;CEAB3;REUTERS;CEAB3 Máximo;;;-;;REAL;;SIM;;;;;COE
ACOES;CEAB3;REUTERS;CEAB3 Mínimo;;;-;;REAL;;SIM;;;;;OPC
ACOES;CEAB3;REUTERS;CEAB3 Máximo;;;-;;REAL;;SIM;;;;;OPC
ACOES;CHIP11;REUTERS;CHIP11 Máximo;;;-;;REAL;;SIM;;;;;OPC
ACOES;CHIP11;REUTERS;CHIP11;;;-;;REAL;;SIM;;;;;OPC
ACOES;CHIP11;REUTERS;CHIP11 Mínimo;;;-;;REAL;;SIM;;;;;OPC
ACOES;CHVX34;REUTERS;CHVX34 Máximo;;;-;;REAL;;SIM;;;;;OPC
ACOES;CHVX34;REUTERS;CHVX34 Mínimo;;;-;;REAL;;SIM;;;;;COE
ACOES;CHVX34;REUTERS;CHVX34 Máximo;;;-;;REAL;;SIM;;;;;COE
ACOES;CHVX34;REUTERS;CHVX34 Mínimo;;;-;;REAL;;SIM;;;;;OPC
ACOES;CHVX34;REUTERS;CHVX34;;;-;;REAL;;SIM;;;;;COE
ACOES;CHVX34;REUTERS;CHVX34;;;-;;REAL;;SIM;;;;;OPC
ACOES;CIEL3;REUTERS;CIEL3 Mínimo;;;OUTROS;;REAL;;SIM;;;;;COE
ACOES;CIEL3;REUTERS;CIEL3;;;OUTROS;;REAL;;SIM;;;;;COE
ACOES;CIEL3;REUTERS;CIEL3 Máximo;;;OUTROS;;REAL;;SIM;;;;;COE
ACOES;CLIN11;REUTERS;CLIN11;;;-;;REAL;;SIM;;;;;OPC
ACOES;CMIG3;REUTERS;CMIG3 Mínimo;;;-;;REAL;;SIM;;;;;OPC
ACOES;CMIG3;REUTERS;CMIG3 Máximo;;;-;;REAL;;SIM;;;;;OPC
ACOES;CMIG3;REUTERS;CMIG3;;;-;;REAL;;SIM;;;;;OPC
ACOES;CMIG4;REUTERS;CMIG4 Mínimo;;;OUTROS;;REAL;;SIM;;;;;COE
ACOES;CMIG4;REUTERS;CMIG4;;;OUTROS;;REAL;;SIM;;;;;COE
ACOES;CMIG4;REUTERS;CMIG4 Mínimo;;;OUTROS;;REAL;;SIM;;;;;OPC
ACOES;CMIG4;REUTERS;CMIG4 Máximo;;;OUTROS;;REAL;;SIM;;;;;OPC
ACOES;CMIG4;REUTERS;CMIG4;;;OUTROS;;REAL;;SIM;;;;;OPC
ACOES;CMIG4;REUTERS;CMIG4 Máximo;;;OUTROS;;REAL;;SIM;;;;;COE
ACOES;CMIG4M;REUTERS;CMIG4M;;;OUTROS;;REAL;;SIM;;;;;OPC
ACOES;CMIN3;REUTERS;CMIN3 Máximo;;;-;;REAL;;SIM;;;;;OPC
ACOES;CMIN3;REUTERS;CMIN3 Mínimo;;;-;;REAL;;SIM;;;;;OPC
ACOES;CMIN3;REUTERS;CMIN3;;;-;;REAL;;SIM;;;;;OPC
ACOES;COCA34;REUTERS;COCA34 Mínimo;;;-;;REAL;;SIM;;;;;OPC
ACOES;COCA34;REUTERS;COCA34 Mínimo;;;-;;REAL;;SIM;;;;;COE
ACOES;COCA34;REUTERS;COCA34 Máximo;;;-;;REAL;;SIM;;;;;OPC
ACOES;COCA34;REUTERS;COCA34 Máximo;;;-;;REAL;;SIM;;;;;COE
ACOES;COCA34;REUTERS;COCA34;;;-;;REAL;;SIM;;;;;OPC
ACOES;COCA34;REUTERS;COCA34;;;-;;REAL;;SIM;;;;;COE
ACOES;COGN3;REUTERS;COGN3 Máximo;;;OUTROS;;REAL;;SIM;;;;;COE
ACOES;COGN3;REUTERS;COGN3 Máximo;;;OUTROS;;REAL;;SIM;;;;;OPC
ACOES;COGN3;REUTERS;COGN3 Mínimo;;;OUTROS;;REAL;;SIM;;;;;OPC
ACOES;COGN3;REUTERS;COGN3 Mínimo;;;OUTROS;;REAL;;SIM;;;;;COE
ACOES;COGN3;REUTERS;COGN3;;;OUTROS;;REAL;;SIM;;;;;OPC
ACOES;COGN3;REUTERS;COGN3;;;OUTROS;;REAL;;SIM;;;;;COE
ACOES;CORN11;REUTERS;CORN11;;;-;;REAL;;SIM;;;;;OPC
ACOES;CORN11;REUTERS;CORN11 Mínimo;;;-;;REAL;;SIM;;;;;COE
ACOES;CORN11;REUTERS;CORN11 Máximo;;;-;;REAL;;SIM;;;;;OPC
ACOES;CORN11;REUTERS;CORN11;;;-;;REAL;;SIM;;;;;COE
ACOES;CORN11;REUTERS;CORN11 Mínimo;;;-;;REAL;;SIM;;;;;OPC
ACOES;CORN11;REUTERS;CORN11 Máximo;;;-;;REAL;;SIM;;;;;COE
ACOES;COWC34;REUTERS;COWC34;;;-;;REAL;;SIM;;;;;COE
ACOES;COWC34;REUTERS;COWC34 Mínimo;;;-;;REAL;;SIM;;;;;COE
ACOES;COWC34;REUTERS;COWC34 Máximo;;;-;;REAL;;SIM;;;;;COE
ACOES;CPFE3;REUTERS;CPFE3;;;OUTROS;;REAL;;SIM;;;;;COE
ACOES;CPFE3;REUTERS;CPFE3;;;OUTROS;;REAL;;SIM;;;;;OPC
ACOES;CPFE3;REUTERS;CPFE3 Máximo;;;OUTROS;;REAL;;SIM;;;;;COE
ACOES;CPFE3;REUTERS;CPFE3 Máximo;;;OUTROS;;REAL;;SIM;;;;;OPC
ACOES;CPFE3;REUTERS;CPFE3 Mínimo;;;OUTROS;;REAL;;SIM;;;;;COE
ACOES;CPFE3;REUTERS;CPFE3 Mínimo;;;OUTROS;;REAL;;SIM;;;;;OPC
ACOES;CPLE3;REUTERS;CPLE3 Mínimo;;;-;;REAL;;SIM;;;;;COE
ACOES;CPLE3;REUTERS;CPLE3 Mínimo;;;-;;REAL;;SIM;;;;;OPC
ACOES;CPLE3;REUTERS;CPLE3 Máximo;;;-;;REAL;;SIM;;;;;COE
ACOES;CPLE3;REUTERS;CPLE3 Máximo;;;-;;REAL;;SIM;;;;;OPC
ACOES;CPLE3;REUTERS;CPLE3;;;-;;REAL;;SIM;;;;;COE
ACOES;CPLE3;REUTERS;CPLE3;;;-;;REAL;;SIM;;;;;OPC
ACOES;CPLE6;REUTERS;CPLE6;;;OUTROS;;REAL;;SIM;;;;;COE
ACOES;CPLE6;REUTERS;CPLE6;;;OUTROS;;REAL;;SIM;;;;;OPC
ACOES;CPLE6;REUTERS;CPLE6 Mínimo;;;OUTROS;;REAL;;SIM;;;;;OPC
ACOES;CPLE6;REUTERS;CPLE6 Mínimo;;;OUTROS;;REAL;;SIM;;;;;COE
ACOES;CPLE6;REUTERS;CPLE6 Máximo;;;OUTROS;;REAL;;SIM;;;;;OPC
ACOES;CPLE6;REUTERS;CPLE6 Máximo;;;OUTROS;;REAL;;SIM;;;;;COE
ACOES;CPTS11;REUTERS;CPTS11;;;-;;REAL;;SIM;;;;;OPC
ACOES;CRAA11;REUTERS;CRAA11 Máximo;;;-;;REAL;;SIM;;;;;OPC
ACOES;CRAA11;REUTERS;CRAA11;;;-;;REAL;;SIM;;;;;OPC
ACOES;CRAA11;REUTERS;CRAA11 Mínimo;;;-;;REAL;;SIM;;;;;OPC
ACOES;CRFB3;REUTERS;CRFB3 Máximo;;;-;;REAL;;SIM;;;;;COE
ACOES;CRFB3;REUTERS;CRFB3 Mínimo;;;-;;REAL;;SIM;;;;;SWAP
ACOES;CRFB3;REUTERS;CRFB3 Máximo;;;-;;REAL;;SIM;;;;;SWAP
ACOES;CRFB3;REUTERS;CRFB3 Mínimo;;;-;;REAL;;SIM;;;;;COE
ACOES;CRFB3;REUTERS;CRFB3;;;-;;REAL;;SIM;;;;;SWAP
ACOES;CRFB3;REUTERS;CRFB3;;;-;;REAL;;SIM;;;;;COE
ACOES;CSAN3;REUTERS;CSAN3 Mínimo;;;OUTROS;;REAL;;SIM;;;;;OPC
ACOES;CSAN3;REUTERS;CSAN3;;;OUTROS;;REAL;;SIM;;;;;COE
ACOES;CSAN3;REUTERS;CSAN3 Máximo;;;OUTROS;;REAL;;SIM;;;;;COE
ACOES;CSAN3;REUTERS;CSAN3 Mínimo;;;OUTROS;;REAL;;SIM;;;;;COE
ACOES;CSAN3;REUTERS;CSAN3;;;OUTROS;;REAL;;SIM;;;;;OPC
ACOES;CSAN3;REUTERS;CSAN3 Máximo;;;OUTROS;;REAL;;SIM;;;;;OPC
ACOES;CSED3;REUTERS;CSED3 Mínimo;;;-;;REAL;;SIM;;;;;OPC
ACOES;CSED3;REUTERS;CSED3;;;-;;REAL;;SIM;;;;;OPC
ACOES;CSED3;REUTERS;CSED3 Máximo;;;-;;REAL;;SIM;;;;;OPC
ACOES;CTGP34;REUTERS;CTGP34;;;-;;REAL;;SIM;;;;;OPC
ACOES;CTGP34;REUTERS;CTGP34 Máximo;;;-;;REAL;;SIM;;;;;OPC
ACOES;CTGP34;REUTERS;CTGP34 Mínimo;;;-;;REAL;;SIM;;;;;OPC
ACOES;CURY3;REUTERS;CURY3 Máximo;;;-;;REAL;;SIM;;;;;SWAP
ACOES;CURY3;REUTERS;CURY3 Máximo;;;-;;REAL;;SIM;;;;;COE
ACOES;CURY3;REUTERS;CURY3 Máximo;;;-;;REAL;;SIM;;;;;OPC
ACOES;CURY3;REUTERS;CURY3;;;-;;REAL;;SIM;;;;;SWAP
ACOES;CURY3;REUTERS;CURY3 Mínimo;;;-;;REAL;;SIM;;;;;OPC
ACOES;CURY3;REUTERS;CURY3;;;-;;REAL;;SIM;;;;;OPC
ACOES;CURY3;REUTERS;CURY3 Mínimo;;;-;;REAL;;SIM;;;;;SWAP
ACOES;CURY3;REUTERS;CURY3 Mínimo;;;-;;REAL;;SIM;;;;;COE
ACOES;CURY3;REUTERS;CURY3;;;-;;REAL;;SIM;;;;;COE
ACOES;CVCB3;REUTERS;CVCB3;;;-;;REAL;;SIM;;;;;COE
ACOES;CVCB3;REUTERS;CVCB3;;;-;;REAL;;SIM;;;;;OPC
ACOES;CVCB3;REUTERS;CVCB3 Mínimo;;;-;;REAL;;SIM;;;;;OPC
ACOES;CVCB3;REUTERS;CVCB3 Máximo;;;-;;REAL;;SIM;;;;;OPC
ACOES;CVCB3;REUTERS;CVCB3 Mínimo;;;-;;REAL;;SIM;;;;;COE
ACOES;CVCB3;REUTERS;CVCB3 Máximo;;;-;;REAL;;SIM;;;;;COE
ACOES;CXSE3;REUTERS;CXSE3 Mínimo;;;-;;REAL;;SIM;;;;;OPC
ACOES;CXSE3;REUTERS;CXSE3 Máximo;;;-;;REAL;;SIM;;;;;OPC
ACOES;CXSE3;REUTERS;CXSE3;;;-;;REAL;;SIM;;;;;OPC
ACOES;CYRE3;REUTERS;CYRE3 Mínimo;;;OUTROS;;REAL;;SIM;;;;;COE
ACOES;CYRE3;REUTERS;CYRE3 Mínimo;;;OUTROS;;REAL;;SIM;;;;;OPC
ACOES;CYRE3;REUTERS;CYRE3 Máximo;;;OUTROS;;REAL;;SIM;;;;;COE
ACOES;CYRE3;REUTERS;CYRE3 Máximo;;;OUTROS;;REAL;;SIM;;;;;OPC
ACOES;CYRE3;REUTERS;CYRE3;;;OUTROS;;REAL;;SIM;;;;;COE
ACOES;CYRE3;REUTERS;CYRE3;;;OUTROS;;REAL;;SIM;;;;;OPC
ACOES;CYRE4;REUTERS;CYRE4 Mínimo;;;-;;REAL;;SIM;;;;;TER
ACOES;CYRE4;REUTERS;CYRE4 Mínimo;;;-;;REAL;;SIM;;;;;OPC
ACOES;CYRE4;REUTERS;CYRE4 Mínimo;;;-;;REAL;;SIM;;;;;COE
ACOES;CYRE4;REUTERS;CYRE4 Máximo;;;-;;REAL;;SIM;;;;;OPC
ACOES;CYRE4;REUTERS;CYRE4 Máximo;;;-;;REAL;;SIM;;;;;TER
ACOES;CYRE4;REUTERS;CYRE4 Máximo;;;-;;REAL;;SIM;;;;;COE
ACOES;CYRE4;REUTERS;CYRE4;;;-;;REAL;;SIM;;;;;OPC
ACOES;CYRE4;REUTERS;CYRE4;;;-;;REAL;;SIM;;;;;COE
ACOES;CYRE4;REUTERS;CYRE4;;;-;;REAL;;SIM;;;;;TER
ACOES;C1CL34;REUTERS;C1CL34;;;-;;REAL;;SIM;;;;;OPC
ACOES;C1CL34;REUTERS;C1CL34 Mínimo;;;-;;REAL;;SIM;;;;;OPC
ACOES;C1CL34;REUTERS;C1CL34 Máximo;;;-;;REAL;;SIM;;;;;OPC
ACOES;C2OI34;REUTERS;C2OI34;;;-;;REAL;;SIM;;;;;OPC
ACOES;C2OI34;REUTERS;C2OI34 Mínimo;;;-;;REAL;;SIM;;;;;OPC
ACOES;C2OI34;REUTERS;C2OI34 Máximo;;;-;;REAL;;SIM;;;;;OPC
ACOES;DESK3;REUTERS;DESK3 Máximo;;;-;;REAL;;SIM;;;;;COE
ACOES;DESK3;REUTERS;DESK3 Máximo;;;-;;REAL;;SIM;;;;;SWAP
ACOES;DESK3;REUTERS;DESK3 Máximo;;;-;;REAL;;SIM;;;;;OPC
ACOES;DESK3;REUTERS;DESK3 Mínimo;;;-;;REAL;;SIM;;;;;SWAP
ACOES;DESK3;REUTERS;DESK3 Mínimo;;;-;;REAL;;SIM;;;;;COE
ACOES;DESK3;REUTERS;DESK3 Mínimo;;;-;;REAL;;SIM;;;;;OPC
ACOES;DESK3;REUTERS;DESK3;;;-;;REAL;;SIM;;;;;SWAP
ACOES;DESK3;REUTERS;DESK3;;;-;;REAL;;SIM;;;;;COE
ACOES;DESK3;REUTERS;DESK3;;;-;;REAL;;SIM;;;;;OPC
ACOES;DEVA11;REUTERS;DEVA11;;;-;;REAL;;SIM;;;;;OPC
ACOES;DEVA11;REUTERS;DEVA11;;;-;;REAL;;SIM;;;;;COE
ACOES;DEVA11;REUTERS;DEVA11 Máximo;;;-;;REAL;;SIM;;;;;COE
ACOES;DEVA11;REUTERS;DEVA11 Mínimo;;;-;;REAL;;SIM;;;;;OPC
ACOES;DEVA11;REUTERS;DEVA11 Mínimo;;;-;;REAL;;SIM;;;;;COE
ACOES;DEVA11;REUTERS;DEVA11 Máximo;;;-;;REAL;;SIM;;;;;OPC
ACOES;DEXP3;REUTERS;DEXP3 Máximo;;;-;;REAL;;SIM;;;;;OPC
ACOES;DEXP3;REUTERS;DEXP3;;;-;;REAL;;SIM;;;;;OPC
ACOES;DEXP3;REUTERS;DEXP3 Mínimo;;;-;;REAL;;SIM;;;;;OPC
ACOES;DIRR3;REUTERS;DIRR3 Máximo;;;-;;REAL;;SIM;;;;;COE
ACOES;DIRR3;REUTERS;DIRR3 Mínimo;;;-;;REAL;;SIM;;;;;COE
ACOES;DIRR3;REUTERS;DIRR3;;;-;;REAL;;SIM;;;;;COE
ACOES;DIRR3;REUTERS;DIRR3 Máximo;;;-;;REAL;;SIM;;;;;OPC
ACOES;DIRR3;REUTERS;DIRR3 Mínimo;;;-;;REAL;;SIM;;;;;OPC
ACOES;DIRR3;REUTERS;DIRR3;;;-;;REAL;;SIM;;;;;OPC
ACOES;DISB34;REUTERS;DISB34;;;-;;REAL;;SIM;;;;;OPC
ACOES;DISB34;REUTERS;DISB34 Máximo;;;-;;REAL;;SIM;;;;;OPC
ACOES;DISB34;REUTERS;DISB34 Mínimo;;;-;;REAL;;SIM;;;;;OPC
ACOES;DIVO11;REUTERS;DIVO11;;;-;;REAL;;SIM;;;;;OPC
ACOES;DIVO11;REUTERS;DIVO11 Máximo;;;-;;REAL;;SIM;;;;;OPC
ACOES;DIVO11;REUTERS;DIVO11 Mínimo;;;-;;REAL;;SIM;;;;;OPC
ACOES;DOLA11;REUTERS;DOLA11;;;-;;REAL;;SIM;;;;;TER
ACOES;DOLA11;REUTERS;DOLA11;;;-;;REAL;;SIM;;;;;COE
ACOES;DOLA11;REUTERS;DOLA11;;;-;;REAL;;SIM;;;;;OPC
ACOES;DOLA11;REUTERS;DOLA11 Máximo;;;-;;REAL;;SIM;;;;;TER
ACOES;DOLA11;REUTERS;DOLA11 Mínimo;;;-;;REAL;;SIM;;;;;OPC
ACOES;DOLA11;REUTERS;DOLA11 Máximo;;;-;;REAL;;SIM;;;;;OPC
ACOES;DOLA11;REUTERS;DOLA11 Mínimo;;;-;;REAL;;SIM;;;;;TER
ACOES;DOLA11;REUTERS;DOLA11 Mínimo;;;-;;REAL;;SIM;;;;;COE
ACOES;DOLA11;REUTERS;DOLA11 Máximo;;;-;;REAL;;SIM;;;;;COE
ACOES;DOLB11;REUTERS;DOLB11;;;-;;REAL;;SIM;;;;;OPC
ACOES;DOLB11;REUTERS;DOLB11 Máximo;;;-;;REAL;;SIM;;;;;OPC
ACOES;DOLB11;REUTERS;DOLB11 Mínimo;;;-;;REAL;;SIM;;;;;OPC
ACOES;DOLX11;REUTERS;DOLX11 Mínimo;;;-;;REAL;;SIM;;;;;COE
ACOES;DOLX11;REUTERS;DOLX11;;;-;;REAL;;SIM;;;;;OPC
ACOES;DOLX11;REUTERS;DOLX11 Máximo;;;-;;REAL;;SIM;;;;;COE
ACOES;DOLX11;REUTERS;DOLX11 Máximo;;;-;;REAL;;SIM;;;;;OPC
ACOES;DOLX11;REUTERS;DOLX11 Mínimo;;;-;;REAL;;SIM;;;;;OPC
ACOES;DOLX11;REUTERS;DOLX11;;;-;;REAL;;SIM;;;;;COE
ACOES;DOTZ3;REUTERS;DOTZ3 Máximo;;;-;;REAL;;SIM;;;;;OPC
ACOES;DOTZ3;REUTERS;DOTZ3 Mínimo;;;-;;REAL;;SIM;;;;;OPC
ACOES;DOTZ3;REUTERS;DOTZ3;;;-;;REAL;;SIM;;;;;OPC
ACOES;DTEX3;REUTERS;DTEX3;;;OUTROS;;REAL;;SIM;;;;;COE
ACOES;DTEX3;REUTERS;DTEX3 Máximo;;;OUTROS;;REAL;;SIM;;;;;COE
ACOES;DTEX3;REUTERS;DTEX3 Mínimo;;;OUTROS;;REAL;;SIM;;;;;COE
ACOES;DXCO3;REUTERS;DXCO3 Mínimo;;;-;;REAL;;SIM;;;;;SWAP
ACOES;DXCO3;REUTERS;DXCO3 Mínimo;;;-;;REAL;;SIM;;;;;COE
ACOES;DXCO3;REUTERS;DXCO3 Mínimo;;;-;;REAL;;SIM;;;;;OPC
ACOES;DXCO3;REUTERS;DXCO3 Máximo;;;-;;REAL;;SIM;;;;;COE
ACOES;DXCO3;REUTERS;DXCO3 Máximo;;;-;;REAL;;SIM;;;;;OPC
ACOES;DXCO3;REUTERS;DXCO3;;;-;;REAL;;SIM;;;;;OPC
ACOES;DXCO3;REUTERS;DXCO3;;;-;;REAL;;SIM;;;;;COE
ACOES;DXCO3;REUTERS;DXCO3;;;-;;REAL;;SIM;;;;;SWAP
ACOES;DXCO3;REUTERS;DXCO3 Máximo;;;-;;REAL;;SIM;;;;;SWAP
ACOES;D1EL34;REUTERS;D1EL34 Máximo;;;-;;REAL;;SIM;;;;;COE
ACOES;D1EL34;REUTERS;D1EL34;;;-;;REAL;;SIM;;;;;OPC
ACOES;D1EL34;REUTERS;D1EL34;;;-;;REAL;;SIM;;;;;COE
ACOES;D1EL34;REUTERS;D1EL34 Máximo;;;-;;REAL;;SIM;;;;;OPC
ACOES;D1EL34;REUTERS;D1EL34 Mínimo;;;-;;REAL;;SIM;;;;;COE
ACOES;D1EL34;REUTERS;D1EL34 Mínimo;;;-;;REAL;;SIM;;;;;OPC
ACOES;ECOM3;REUTERS;ECOM3;;;-;;REAL;;SIM;;;;;COE
ACOES;ECOM3;REUTERS;ECOM3;;;-;;REAL;;SIM;;;;;OPC
ACOES;ECOM3;REUTERS;ECOM3 Máximo;;;-;;REAL;;SIM;;;;;COE
ACOES;ECOM3;REUTERS;ECOM3 Máximo;;;-;;REAL;;SIM;;;;;OPC
ACOES;ECOM3;REUTERS;ECOM3 Mínimo;;;-;;REAL;;SIM;;;;;COE
ACOES;ECOM3;REUTERS;ECOM3 Mínimo;;;-;;REAL;;SIM;;;;;OPC
ACOES;ECOR3;REUTERS;ECOR3 Maximo;;;OUTROS;;REAL;;SIM;;;;;COE
ACOES;ECOR3;REUTERS;ECOR3 Maximo;;;OUTROS;;REAL;;SIM;;;;;OPC
ACOES;ECOR3;REUTERS;ECOR3 Minimo;;;OUTROS;;REAL;;SIM;;;;;COE
ACOES;ECOR3;REUTERS;ECOR3 Minimo;;;OUTROS;;REAL;;SIM;;;;;OPC
ACOES;ECOR3;REUTERS;ECOR3;;;OUTROS;;REAL;;SIM;;;;;COE
ACOES;ECOR3;REUTERS;ECOR3;;;OUTROS;;REAL;;SIM;;;;;OPC
ACOES;EETH11;REUTERS;EETH11;;;-;;REAL;;SIM;;;;;OPC
ACOES;EETH11;REUTERS;EETH11 Mínimo;;;-;;REAL;;SIM;;;;;OPC
ACOES;EETH11;REUTERS;EETH11 Máximo;;;-;;REAL;;SIM;;;;;OPC
ACOES;EGIE3;REUTERS;EGIE3 Máximo;;;-;;REAL;;SIM;;;;;OPC
ACOES;EGIE3;REUTERS;EGIE3;;;-;;REAL;;SIM;;;;;OPC
ACOES;EGIE3;REUTERS;EGIE3 Mínimo;;;-;;REAL;;SIM;;;;;OPC
ACOES;ELET3;REUTERS;ELET3 Máximo;;;OUTROS;;REAL;;SIM;;;;;COE
ACOES;ELET3;REUTERS;ELET3 Mínimo;;;OUTROS;;REAL;;SIM;;;;;OPC
ACOES;ELET3;REUTERS;ELET3 Máximo;;;OUTROS;;REAL;;SIM;;;;;OPC
ACOES;ELET3;REUTERS;ELET3 Mínimo;;;OUTROS;;REAL;;SIM;;;;;COE
ACOES;ELET6;REUTERS;ELET6 Máximo;;;OUTROS;;REAL;;SIM;;;;;OPC
ACOES;ELET6;REUTERS;ELET6 Mínimo;;;OUTROS;;REAL;;SIM;;;;;COE
ACOES;ELET6;REUTERS;ELET6 Mínimo;;;OUTROS;;REAL;;SIM;;;;;OPC
ACOES;ELET6;REUTERS;ELET6 Máximo;;;OUTROS;;REAL;;SIM;;;;;COE
ACOES;EMBJ3;REUTERS;EMBJ3 Máximo;;;-;;REAL;;SIM;;;;;OPC
ACOES;EMBJ3;REUTERS;EMBJ3 Mínimo;;;-;;REAL;;SIM;;;;;OPC
ACOES;EMBJ3;REUTERS;EMBJ3 Mínimo;;;-;;REAL;;SIM;;;;;COE
ACOES;EMBJ3;REUTERS;EMBJ3 Máximo;;;-;;REAL;;SIM;;;;;COE
ACOES;EMBJ3;REUTERS;EMBJ3;;;-;;REAL;;SIM;;;;;OPC
ACOES;EMBJ3;REUTERS;EMBJ3;;;-;;REAL;;SIM;;;;;COE
ACOES;EMBR3;REUTERS;EMBR3 Máximo;;;OUTROS;;REAL;;SIM;;;;;OPC
ACOES;EMBR3;REUTERS;EMBR3 Mínimo;;;OUTROS;;REAL;;SIM;;;;;COE
ACOES;EMBR3;REUTERS;EMBR3 Máximo;;;OUTROS;;REAL;;SIM;;;;;COE
ACOES;EMBR3;REUTERS;EMBR3 Mínimo;;;OUTROS;;REAL;;SIM;;;;;OPC
ACOES;ENAT3;REUTERS;ENAT3;;;-;;REAL;;SIM;;;;;COE
ACOES;ENAT3;REUTERS;ENAT3 Máximo;;;-;;REAL;;SIM;;;;;COE
ACOES;ENAT3;REUTERS;ENAT3 Mínimo;;;-;;REAL;;SIM;;;;;COE
ACOES;ENEV3;REUTERS;ENEV3;;;-;;REAL;;SIM;;;;;SWAP
ACOES;ENEV3;REUTERS;ENEV3;;;-;;REAL;;SIM;;;;;COE
ACOES;ENEV3;REUTERS;ENEV3 Mínimo;;;-;;REAL;;SIM;;;;;OPC
ACOES;ENEV3;REUTERS;ENEV3 Máximo;;;-;;REAL;;SIM;;;;;SWAP
ACOES;ENEV3;REUTERS;ENEV3 Máximo;;;-;;REAL;;SIM;;;;;COE
ACOES;ENEV3;REUTERS;ENEV3 Máximo;;;-;;REAL;;SIM;;;;;OPC
ACOES;ENEV3;REUTERS;ENEV3;;;-;;REAL;;SIM;;;;;OPC
ACOES;ENEV3;REUTERS;ENEV3 Mínimo;;;-;;REAL;;SIM;;;;;COE
ACOES;ENEV3;REUTERS;ENEV3 Mínimo;;;-;;REAL;;SIM;;;;;SWAP
ACOES;ENGI11;REUTERS;ENGI11 Mínimo;;;-;;REAL;;SIM;;;;;COE
ACOES;ENGI11;REUTERS;ENGI11 Máximo;;;-;;REAL;;SIM;;;;;OPC
ACOES;ENGI11;REUTERS;ENGI11 Máximo;;;-;;REAL;;SIM;;;;;COE
ACOES;ENGI11;REUTERS;ENGI11;;;-;;REAL;;SIM;;;;;OPC
ACOES;ENGI11;REUTERS;ENGI11;;;-;;REAL;;SIM;;;;;COE
ACOES;ENGI11;REUTERS;ENGI11 Mínimo;;;-;;REAL;;SIM;;;;;OPC
ACOES;ENJU3;REUTERS;ENJU3 Mínimo;;;-;;REAL;;SIM;;;;;OPC
ACOES;ENJU3;REUTERS;ENJU3 Máximo;;;-;;REAL;;SIM;;;;;OPC
ACOES;ENJU3;REUTERS;ENJU3;;;-;;REAL;;SIM;;;;;OPC
ACOES;EQTL3;REUTERS;EQTL3 Máximo;;;OUTROS;;REAL;;SIM;;;;;COE
ACOES;EQTL3;REUTERS;EQTL3 Máximo;;;OUTROS;;REAL;;SIM;;;;;OPC
ACOES;EQTL3;REUTERS;EQTL3M;;;OUTROS;;REAL;;SIM;;;;;COE
ACOES;EQTL3;REUTERS;EQTL3 Mínimo;;;OUTROS;;REAL;;SIM;;;;;OPC
ACOES;EQTL3;REUTERS;EQTL3;;;OUTROS;;REAL;;SIM;;;;;COE
ACOES;EQTL3;REUTERS;EQTL3;;;OUTROS;;REAL;;SIM;;;;;OPC
ACOES;EQTL3;REUTERS;EQTL3 Mínimo;;;OUTROS;;REAL;;SIM;;;;;COE
ACOES;EQTL3;REUTERS;EQTL3M;;;OUTROS;;REAL;;SIM;;;;;OPC
ACOES;ESTC3;REUTERS;YDUQ;;;-;;REAL;;SIM;;;;;COE
ACOES;ESTC3;REUTERS;YDUQ3 Máximo__X;;;OUTROS;;REAL;;SIM;;;;;COE
ACOES;ESTC3;REUTERS;YDUQ3 Mínimo__X;;;OUTROS;;REAL;;SIM;;;;;COE
ACOES;ETHE11;REUTERS;ETHE11;;;-;;REAL;;SIM;;;;;OPC
ACOES;ETHE11;REUTERS;ETHE11 Mínimo;;;-;;REAL;;SIM;;;;;OPC
ACOES;ETHE11;REUTERS;ETHE11 Máximo;;;-;;REAL;;SIM;;;;;OPC
ACOES;EUCA4;REUTERS;EUCA4;;;-;;REAL;;SIM;;;;;OPC
ACOES;EUCA4;REUTERS;EUCA4 Mínimo;;;-;;REAL;;SIM;;;;;OPC
ACOES;EUCA4;REUTERS;EUCA4 Máximo;;;-;;REAL;;SIM;;;;;OPC
ACOES;EVEN3;REUTERS;EVEN3 Mínimo;;;OUTROS;;REAL;;SIM;;;;;COE
ACOES;EVEN3;REUTERS;EVEN3M;;;OUTROS;;REAL;;SIM;;;;;COE
ACOES;EVEN3;REUTERS;EVEN3;;;OUTROS;;REAL;;SIM;;;;;OPC
ACOES;EVEN3;REUTERS;EVEN3 Máximo;;;OUTROS;;REAL;;SIM;;;;;COE
ACOES;EVEN3;REUTERS;EVEN3 Máximo;;;OUTROS;;REAL;;SIM;;;;;OPC
ACOES;EVEN3;REUTERS;EVEN3M;;;OUTROS;;REAL;;SIM;;;;;OPC
ACOES;EVEN3;REUTERS;EVEN3 Mínimo;;;OUTROS;;REAL;;SIM;;;;;OPC
ACOES;EVEN3;REUTERS;EVEN3;;;OUTROS;;REAL;;SIM;;;;;COE
ACOES;EVTC31;REUTERS;EVTC31 Mínimo;;;-;;REAL;;SIM;;;;;COE
ACOES;EVTC31;REUTERS;EVTC31 Máximo;;;-;;REAL;;SIM;;;;;COE
ACOES;EVTC31;REUTERS;EVTC31;;;-;;REAL;;SIM;;;;;COE
ACOES;EXXO34;REUTERS;EXXO34 Máximo;;;-;;REAL;;SIM;;;;;OPC
ACOES;EXXO34;REUTERS;EXXO34 Mínimo;;;-;;REAL;;SIM;;;;;OPC
ACOES;EXXO34;REUTERS;EXXO34;;;-;;REAL;;SIM;;;;;OPC
ACOES;EZTC3;REUTERS;EZTC3 Mínimo;;;-;;REAL;;SIM;;;;;OPC
ACOES;EZTC3;REUTERS;EZTC3;;;-;;REAL;;SIM;;;;;COE
ACOES;EZTC3;REUTERS;EZTC3;;;-;;REAL;;SIM;;;;;OPC
ACOES;EZTC3;REUTERS;EZTC3 Máximo;;;-;;REAL;;SIM;;;;;COE
ACOES;EZTC3;REUTERS;EZTC3 Máximo;;;-;;REAL;;SIM;;;;;OPC
ACOES;EZTC3;REUTERS;EZTC3 Mínimo;;;-;;REAL;;SIM;;;;;COE
ACOES;E1TN34;REUTERS;E1TN34;;;-;;REAL;;SIM;;;;;COE
ACOES;E1TN34;REUTERS;E1TN34;;;-;;REAL;;SIM;;;;;OPC
ACOES;E1TN34;REUTERS;E1TN34 Máximo;;;-;;REAL;;SIM;;;;;COE
ACOES;E1TN34;REUTERS;E1TN34 Máximo;;;-;;REAL;;SIM;;;;;OPC
ACOES;E1TN34;REUTERS;E1TN34 Mínimo;;;-;;REAL;;SIM;;;;;COE
ACOES;E1TN34;REUTERS;E1TN34 Mínimo;;;-;;REAL;;SIM;;;;;OPC
ACOES;FESA4;REUTERS;FESA4 Mínimo;;;-;;REAL;;SIM;;;;;OPC
ACOES;FESA4;REUTERS;FESA4 Máximo;;;-;;REAL;;SIM;;;;;OPC
ACOES;FESA4;REUTERS;FESA4;;;-;;REAL;;SIM;;;;;OPC
ACOES;FGAA11;REUTERS;FGAA11;;;-;;REAL;;SIM;;;;;OPC
ACOES;FLRY3;REUTERS;FLRY3 Minimo;;;OUTROS;;REAL;;SIM;;;;;OPC
ACOES;FLRY3;REUTERS;FLRY3 Maximo;;;OUTROS;;REAL;;SIM;;;;;OPC
ACOES;FLRY3;REUTERS;FLRY3 Maximo;;;OUTROS;;REAL;;SIM;;;;;COE
ACOES;FLRY3;REUTERS;FLRY3;;;OUTROS;;REAL;;SIM;;;;;OPC
ACOES;FLRY3;REUTERS;FLRY3;;;OUTROS;;REAL;;SIM;;;;;COE
ACOES;FLRY3;REUTERS;FLRY3 Minimo;;;OUTROS;;REAL;;SIM;;;;;COE
ACOES;FRAS3;REUTERS;FRAS3;;;-;;REAL;;SIM;;;;;OPC
ACOES;FRAS3;REUTERS;FRAS3 Máximo;;;-;;REAL;;SIM;;;;;SWAP
ACOES;FRAS3;REUTERS;FRAS3 Máximo;;;-;;REAL;;SIM;;;;;OPC
ACOES;FRAS3;REUTERS;FRAS3 Mínimo;;;-;;REAL;;SIM;;;;;SWAP
ACOES;FRAS3;REUTERS;FRAS3 Mínimo;;;-;;REAL;;SIM;;;;;OPC
ACOES;FRAS3;REUTERS;FRAS3;;;-;;REAL;;SIM;;;;;SWAP
ACOES;GARE11;REUTERS;GARE11;;;-;;REAL;;SIM;;;;;OPC
ACOES;GDXB39;REUTERS;GDXB39 Mínimo;;;-;;REAL;;SIM;;;;;OPC
ACOES;GDXB39;REUTERS;GDXB39 Mínimo;;;-;;REAL;;SIM;;;;;TER
ACOES;GDXB39;REUTERS;GDXB39;;;-;;REAL;;SIM;;;;;OPC
ACOES;GDXB39;REUTERS;GDXB39 Máximo;;;-;;REAL;;SIM;;;;;OPC
ACOES;GDXB39;REUTERS;GDXB39 Máximo;;;-;;REAL;;SIM;;;;;TER
ACOES;GDXB39;REUTERS;GDXB39;;;-;;REAL;;SIM;;;;;COE
ACOES;GDXB39;REUTERS;GDXB39;;;-;;REAL;;SIM;;;;;TER
ACOES;GDXB39;REUTERS;GDXB39 Máximo;;;-;;REAL;;SIM;;;;;COE
ACOES;GDXB39;REUTERS;GDXB39 Mínimo;;;-;;REAL;;SIM;;;;;COE
ACOES;GFSA3;REUTERS;GFSA3 Máximo;;;OUTROS;;REAL;;SIM;;;;;COE
ACOES;GFSA3;REUTERS;GFSA3 Máximo;;;OUTROS;;REAL;;SIM;;;;;OPC
ACOES;GFSA3;REUTERS;GFSA3;;;OUTROS;;REAL;;SIM;;;;;COE
ACOES;GFSA3;REUTERS;GFSA3;;;OUTROS;;REAL;;SIM;;;;;OPC
ACOES;GFSA3;REUTERS;GFSA3 Mínimo;;;OUTROS;;REAL;;SIM;;;;;OPC
ACOES;GFSA3;REUTERS;GFSA3 Mínimo;;;OUTROS;;REAL;;SIM;;;;;COE
ACOES;GGBR4;REUTERS;GGBR4 Mínimo;;;OUTROS;;REAL;;SIM;;;;;COE
ACOES;GGBR4;REUTERS;GGBR4;;;OUTROS;;REAL;;SIM;;;;;COE
ACOES;GGBR4;REUTERS;GGBR4 Mínimo;;;OUTROS;;REAL;;SIM;;;;;OPC
ACOES;GGBR4;REUTERS;GGBR4 Máximo;;;OUTROS;;REAL;;SIM;;;;;OPC
ACOES;GGBR4;REUTERS;GGBR4 Máximo;;;OUTROS;;REAL;;SIM;;;;;COE
ACOES;GGBR4;REUTERS;GGBR4;;;OUTROS;;REAL;;SIM;;;;;OPC
ACOES;GGPS3;REUTERS;GGPS3 Mínimo;;;-;;REAL;;SIM;;;;;OPC
ACOES;GGPS3;REUTERS;GGPS3 Máximo;;;-;;REAL;;SIM;;;;;OPC
ACOES;GGPS3;REUTERS;GGPS3;;;-;;REAL;;SIM;;;;;OPC
ACOES;GGRC11;REUTERS;GGRC11 Máximo;;;-;;REAL;;SIM;;;;;COE
ACOES;GGRC11;REUTERS;GGRC11;;;-;;REAL;;SIM;;;;;OPC
ACOES;GGRC11;REUTERS;GGRC11;;;-;;REAL;;SIM;;;;;COE
ACOES;GGRC11;REUTERS;GGRC11 Máximo;;;-;;REAL;;SIM;;;;;OPC
ACOES;GGRC11;REUTERS;GGRC11 Mínimo;;;-;;REAL;;SIM;;;;;COE
ACOES;GGRC11;REUTERS;GGRC11 Mínimo;;;-;;REAL;;SIM;;;;;OPC
ACOES;GMAT3;REUTERS;GMAT3;;;-;;REAL;;SIM;;;;;COE
ACOES;GMAT3;REUTERS;GMAT3;;;-;;REAL;;SIM;;;;;OPC
ACOES;GMAT3;REUTERS;GMAT3 Máximo;;;-;;REAL;;SIM;;;;;COE
ACOES;GMAT3;REUTERS;GMAT3 Máximo;;;-;;REAL;;SIM;;;;;OPC
ACOES;GMAT3;REUTERS;GMAT3 Mínimo;;;-;;REAL;;SIM;;;;;COE
ACOES;GMAT3;REUTERS;GMAT3 Mínimo;;;-;;REAL;;SIM;;;;;OPC
ACOES;GMCO34;REUTERS;GMCO34;;;-;;REAL;;SIM;;;;;OPC
ACOES;GMCO34;REUTERS;GMCO34 Máximo;;;-;;REAL;;SIM;;;;;OPC
ACOES;GMCO34;REUTERS;GMCO34 Mínimo;;;-;;REAL;;SIM;;;;;OPC
ACOES;GOAU3;REUTERS;GOAU3 Mínimo;;;-;;REAL;;SIM;;;;;OPC
ACOES;GOAU3;REUTERS;GOAU3 Máximo;;;-;;REAL;;SIM;;;;;OPC
ACOES;GOAU3;REUTERS;GOAU3;;;-;;REAL;;SIM;;;;;OPC
ACOES;GOAU4;REUTERS;GOAU4 Mínimo;;;OUTROS;;REAL;;SIM;;;;;OPC
ACOES;GOAU4;REUTERS;GOAU4 Máximo;;;OUTROS;;REAL;;SIM;;;;;OPC
ACOES;GOAU4;REUTERS;GOAU4 Máximo;;;OUTROS;;REAL;;SIM;;;;;COE
ACOES;GOAU4;REUTERS;GOAU4;;;OUTROS;;REAL;;SIM;;;;;OPC
ACOES;GOAU4;REUTERS;GOAU4;;;OUTROS;;REAL;;SIM;;;;;COE
ACOES;GOAU4;REUTERS;GOAU4 Mínimo;;;OUTROS;;REAL;;SIM;;;;;COE
ACOES;GOGL34;REUTERS;GOGL34 Máximo;;;-;;REAL;;SIM;;;;;COE
ACOES;GOGL34;REUTERS;GOGL34 Mínimo;;;-;;REAL;;SIM;;;;;OPC
ACOES;GOGL34;REUTERS;GOGL34;;;-;;REAL;;SIM;;;;;COE
ACOES;GOGL34;REUTERS;GOGL34;;;-;;REAL;;SIM;;;;;OPC
ACOES;GOGL34;REUTERS;GOGL34 Mínimo;;;-;;REAL;;SIM;;;;;COE
ACOES;GOGL34;REUTERS;GOGL34 Máximo;;;-;;REAL;;SIM;;;;;OPC
ACOES;GOLB11;REUTERS;GOLB11 Mínimo;;;-;;REAL;;SIM;;;;;OPC
ACOES;GOLB11;REUTERS;GOLB11 Máximo;;;-;;REAL;;SIM;;;;;OPC
ACOES;GOLB11;REUTERS;GOLB11;;;-;;REAL;;SIM;;;;;OPC
ACOES;GOLD11;REUTERS;GOLD11;;;-;;REAL;;SIM;;;;;OPC
ACOES;GOLD11;REUTERS;GOLD11 Mínimo;;;-;;REAL;;SIM;;;;;OPC
ACOES;GOLD11;REUTERS;GOLD11 Máximo;;;-;;REAL;;SIM;;;;;OPC
ACOES;GOLL4;REUTERS;GOLL4 Máximo;;;OUTROS;;REAL;;SIM;;;;;COE
ACOES;GOLL4;REUTERS;GOLL4 Mínimo;;;OUTROS;;REAL;;SIM;;;;;COE
ACOES;GRND3;REUTERS;GRND3;;;-;;REAL;;SIM;;;;;COE
ACOES;GRND3;REUTERS;GRND3 Máximo;;;-;;REAL;;SIM;;;;;COE
ACOES;GRND3;REUTERS;GRND3 Máximo;;;-;;REAL;;SIM;;;;;OPC
ACOES;GRND3;REUTERS;GRND3 Mínimo;;;-;;REAL;;SIM;;;;;COE
ACOES;GRND3;REUTERS;GRND3 Mínimo;;;-;;REAL;;SIM;;;;;OPC
ACOES;GRND3;REUTERS;GRND3;;;-;;REAL;;SIM;;;;;OPC
ACOES;GSFI11;REUTERS;GSFI11;;;-;;REAL;;SIM;;;;;COE
ACOES;GSFI11;REUTERS;GSFI11;;;-;;REAL;;SIM;;;;;OPC
ACOES;GSFI11;REUTERS;GSFI11 Mínimo;;;-;;REAL;;SIM;;;;;OPC
ACOES;GSFI11;REUTERS;GSFI11 Mínimo;;;-;;REAL;;SIM;;;;;COE
ACOES;GSFI11;REUTERS;GSFI11 Máximo;;;-;;REAL;;SIM;;;;;COE
ACOES;GSFI11;REUTERS;GSFI11 Máximo;;;-;;REAL;;SIM;;;;;OPC
ACOES;GSGI34;REUTERS;GSGI34;;;-;;REAL;;SIM;;;;;OPC
ACOES;GSGI34;REUTERS;GSGI34 Máximo;;;-;;REAL;;SIM;;;;;OPC
ACOES;GSGI34;REUTERS;GSGI34 Mínimo;;;-;;REAL;;SIM;;;;;OPC
ACOES;GTWR11;REUTERS;GTWR11 Mínimo;;;-;;REAL;;SIM;;;;;OPC
ACOES;GTWR11;REUTERS;GTWR11;;;-;;REAL;;SIM;;;;;OPC
ACOES;GTWR11;REUTERS;GTWR11 Máximo;;;-;;REAL;;SIM;;;;;OPC
ACOES;G2EV34;REUTERS;G2EV34 Mínimo;;;-;;REAL;;SIM;;;;;OPC
ACOES;G2EV34;REUTERS;G2EV34;;;-;;REAL;;SIM;;;;;COE
ACOES;G2EV34;REUTERS;G2EV34;;;-;;REAL;;SIM;;;;;OPC
ACOES;G2EV34;REUTERS;G2EV34 Máximo;;;-;;REAL;;SIM;;;;;COE
ACOES;G2EV34;REUTERS;G2EV34 Máximo;;;-;;REAL;;SIM;;;;;OPC
ACOES;G2EV34;REUTERS;G2EV34 Mínimo;;;-;;REAL;;SIM;;;;;COE
ACOES;HAPV3;REUTERS;HAPV3 Mínimo;;;-;;REAL;;SIM;;;;;COE
ACOES;HAPV3;REUTERS;HAPV3 Máximo;;;-;;REAL;;SIM;;;;;COE
ACOES;HAPV3;REUTERS;HAPV3 Máximo;;;-;;REAL;;SIM;;;;;OPC
ACOES;HAPV3;REUTERS;HAPV3;;;-;;REAL;;SIM;;;;;OPC
ACOES;HAPV3;REUTERS;HAPV3;;;-;;REAL;;SIM;;;;;COE
ACOES;HAPV3;REUTERS;HAPV3 Mínimo;;;-;;REAL;;SIM;;;;;OPC
ACOES;HASH11;REUTERS;HASH11;;;-;;REAL;;SIM;;;;;COE
ACOES;HASH11;REUTERS;HASH11;;;-;;REAL;;SIM;;;;;OPC
ACOES;HASH11;REUTERS;HASH11 Máximo;;;-;;REAL;;SIM;;;;;SWAP
ACOES;HASH11;REUTERS;HASH11 Máximo;;;-;;REAL;;SIM;;;;;COE
ACOES;HASH11;REUTERS;HASH11;;;-;;REAL;;SIM;;;;;SWAP
ACOES;HASH11;REUTERS;HASH11 Mínimo;;;-;;REAL;;SIM;;;;;SWAP
ACOES;HASH11;REUTERS;HASH11 Mínimo;;;-;;REAL;;SIM;;;;;COE
ACOES;HASH11;REUTERS;HASH11 Mínimo;;;-;;REAL;;SIM;;;;;OPC
ACOES;HASH11;REUTERS;HASH11 Máximo;;;-;;REAL;;SIM;;;;;OPC
ACOES;HBOR3;REUTERS;HBOR3;;;-;;REAL;;SIM;;;;;OPC
ACOES;HBOR3;REUTERS;HBOR3 Máximo;;;-;;REAL;;SIM;;;;;OPC
ACOES;HBOR3;REUTERS;HBOR3 Mínimo;;;-;;REAL;;SIM;;;;;OPC
ACOES;HBRE3;REUTERS;HBRE3 Mínimo;;;-;;REAL;;SIM;;;;;OPC
ACOES;HBRE3;REUTERS;HBRE3 Máximo;;;-;;REAL;;SIM;;;;;OPC
ACOES;HBRE3;REUTERS;HBRE3;;;-;;REAL;;SIM;;;;;OPC
ACOES;HBSA3;REUTERS;HBSA3;;;-;;REAL;;SIM;;;;;OPC
ACOES;HFOF11;REUTERS;HFOF11;;;-;;REAL;;SIM;;;;;OPC
ACOES;HGBS11;REUTERS;HGBS11 Máximo;;;-;;REAL;;SIM;;;;;OPC
ACOES;HGBS11;REUTERS;HGBS11 Mínimo;;;-;;REAL;;SIM;;;;;OPC
ACOES;HGBS11;REUTERS;HGBS11;;;-;;REAL;;SIM;;;;;OPC
ACOES;HGLG11;REUTERS;HGLG11;;;-;;REAL;;SIM;;;;;OPC
ACOES;HGRE11;REUTERS;HGRE11 Máximo;;;-;;REAL;;SIM;;;;;OPC
ACOES;HGRE11;REUTERS;HGRE11 Mínimo;;;-;;REAL;;SIM;;;;;OPC
ACOES;HGRE11;REUTERS;HGRE11;;;-;;REAL;;SIM;;;;;OPC
ACOES;HGRU11;REUTERS;HGRU11;;;-;;REAL;;SIM;;;;;OPC
ACOES;HODL11;REUTERS;HODL11 Máximo;;;-;;REAL;;SIM;;;;;OPC
ACOES;HODL11;REUTERS;HODL11 Mínimo;;;-;;REAL;;SIM;;;;;OPC
ACOES;HODL11;REUTERS;HODL11;;;-;;REAL;;SIM;;;;;OPC
ACOES;HOSI11;REUTERS;HOSI11 Mínimo;;;-;;REAL;;SIM;;;;;OPC
ACOES;HOSI11;REUTERS;HOSI11;;;-;;REAL;;SIM;;;;;OPC
ACOES;HOSI11;REUTERS;HOSI11 Máximo;;;-;;REAL;;SIM;;;;;OPC
ACOES;HSAF11;REUTERS;HSAF11 Máximo;;;-;;REAL;;SIM;;;;;OPC
ACOES;HSAF11;REUTERS;HSAF11;;;-;;REAL;;SIM;;;;;OPC
ACOES;HSAF11;REUTERS;HSAF11 Mínimo;;;-;;REAL;;SIM;;;;;OPC
ACOES;HSML11;REUTERS;HSML11 Mínimo;;;-;;REAL;;SIM;;;;;OPC
ACOES;HSML11;REUTERS;HSML11;;;-;;REAL;;SIM;;;;;OPC
ACOES;HSML11;REUTERS;HSML11 Máximo;;;-;;REAL;;SIM;;;;;OPC
ACOES;HSRE11;REUTERS;HSRE11 Mínimo;;;-;;REAL;;SIM;;;;;COE
ACOES;HSRE11;REUTERS;HSRE11 Máximo;;;-;;REAL;;SIM;;;;;OPC
ACOES;HSRE11;REUTERS;HSRE11 Máximo;;;-;;REAL;;SIM;;;;;COE
ACOES;HSRE11;REUTERS;HSRE11;;;-;;REAL;;SIM;;;;;OPC
ACOES;HSRE11;REUTERS;HSRE11;;;-;;REAL;;SIM;;;;;COE
ACOES;HSRE11;REUTERS;HSRE11 Mínimo;;;-;;REAL;;SIM;;;;;OPC
ACOES;HYPE3;REUTERS;HYPE3 Minimo;;;OUTROS;;REAL;;SIM;;;;;OPC
ACOES;HYPE3;REUTERS;HYPE3 Maximo;;;OUTROS;;REAL;;SIM;;;;;COE
ACOES;HYPE3;REUTERS;HYPE3 Maximo;;;OUTROS;;REAL;;SIM;;;;;OPC
ACOES;HYPE3;REUTERS;HYPE3;;;OUTROS;;REAL;;SIM;;;;;COE
ACOES;HYPE3;REUTERS;HYPE3;;;OUTROS;;REAL;;SIM;;;;;OPC
ACOES;HYPE3;REUTERS;HYPE3 Minimo;;;OUTROS;;REAL;;SIM;;;;;COE
ACOES;IBOB11;REUTERS;IBOB11 Mínimo;;;-;;REAL;;SIM;;;;;OPC
ACOES;IBOB11;REUTERS;IBOB11 Máximo;;;-;;REAL;;SIM;;;;;OPC
ACOES;IBOB11;REUTERS;IBOB11;;;-;;REAL;;SIM;;;;;OPC
ACOES;IFCM3;REUTERS;IFCM3 Máximo;;;-;;REAL;;SIM;;;;;OPC
ACOES;IFCM3;REUTERS;IFCM3;;;-;;REAL;;SIM;;;;;OPC
ACOES;IFCM3;REUTERS;IFCM3 Mínimo;;;-;;REAL;;SIM;;;;;OPC
ACOES;IGTI11;REUTERS;IGTI11 Máximo;;;-;;REAL;;SIM;;;;;COE
ACOES;IGTI11;REUTERS;IGTI11 Mínimo;;;-;;REAL;;SIM;;;;;OPC
ACOES;IGTI11;REUTERS;IGTI11 Mínimo;;;-;;REAL;;SIM;;;;;COE
ACOES;IGTI11;REUTERS;IGTI11 Máximo;;;-;;REAL;;SIM;;;;;OPC
ACOES;IGTI11;REUTERS;IGTI11;;;-;;REAL;;SIM;;;;;OPC
ACOES;IGTI11;REUTERS;IGTI11;;;-;;REAL;;SIM;;;;;COE
ACOES;INBR32;REUTERS;INBR32 Máximo;;;-;;REAL;;SIM;;;;;OPC
ACOES;INBR32;REUTERS;INBR32 Mínimo;;;-;;REAL;;SIM;;;;;COE
ACOES;INBR32;REUTERS;INBR32 Mínimo;;;-;;REAL;;SIM;;;;;OPC
ACOES;INBR32;REUTERS;INBR32;;;-;;REAL;;SIM;;;;;OPC
ACOES;INBR32;REUTERS;INBR32 Máximo;;;-;;REAL;;SIM;;;;;COE
ACOES;INBR32;REUTERS;INBR32;;;-;;REAL;;SIM;;;;;COE
ACOES;INTB3;REUTERS;INTB3;;;-;;REAL;;SIM;;;;;OPC
ACOES;INTB3;REUTERS;INTB3 Máximo;;;-;;REAL;;SIM;;;;;OPC
ACOES;INTB3;REUTERS;INTB3 Mínimo;;;-;;REAL;;SIM;;;;;OPC
ACOES;IRBR3;REUTERS;IRBR3;;;-;;REAL;;SIM;;;;;COE
ACOES;IRBR3;REUTERS;IRBR3;;;-;;REAL;;SIM;;;;;OPC
ACOES;IRBR3;REUTERS;IRBR3 Máximo;;;-;;REAL;;SIM;;;;;COE
ACOES;IRBR3;REUTERS;IRBR3 Máximo;;;-;;REAL;;SIM;;;;;OPC
ACOES;IRBR3;REUTERS;IRBR3 Mínimo;;;-;;REAL;;SIM;;;;;OPC
ACOES;IRBR3;REUTERS;IRBR3 Mínimo;;;-;;REAL;;SIM;;;;;COE
ACOES;IRDM11;REUTERS;IRDM11;;;-;;REAL;;SIM;;;;;OPC
ACOES;IRIM11;REUTERS;IRIM11 Mínimo;;;-;;REAL;;SIM;;;;;OPC
ACOES;IRIM11;REUTERS;IRIM11;;;-;;REAL;;SIM;;;;;COE
ACOES;IRIM11;REUTERS;IRIM11;;;-;;REAL;;SIM;;;;;OPC
ACOES;IRIM11;REUTERS;IRIM11 Máximo;;;-;;REAL;;SIM;;;;;COE
ACOES;IRIM11;REUTERS;IRIM11 Máximo;;;-;;REAL;;SIM;;;;;OPC
ACOES;IRIM11;REUTERS;IRIM11 Mínimo;;;-;;REAL;;SIM;;;;;COE
ACOES;ISAE4;REUTERS;ISAE4 Máximo;;;-;;REAL;;SIM;;;;;OPC
ACOES;ISAE4;REUTERS;ISAE4;;;-;;REAL;;SIM;;;;;OPC
ACOES;ISAE4;REUTERS;ISAE4 Mínimo;;;-;;REAL;;SIM;;;;;OPC
ACOES;ITLC34;REUTERS;ITLC34 Mínimo;;;-;;REAL;;SIM;;;;;OPC
ACOES;ITLC34;REUTERS;ITLC34 Máximo;;;-;;REAL;;SIM;;;;;OPC
ACOES;ITLC34;REUTERS;ITLC34;;;-;;REAL;;SIM;;;;;OPC
ACOES;ITSA3;REUTERS;ITSA3 Mínimo;;;-;;REAL;;SIM;;;;;OPC
ACOES;ITSA3;REUTERS;ITSA3;;;-;;REAL;;SIM;;;;;OPC
ACOES;ITSA3;REUTERS;ITSA3 Máximo;;;-;;REAL;;SIM;;;;;OPC
ACOES;ITSA4;REUTERS;ITSA4 Mínimo;;;OUTROS;;REAL;;SIM;;;;;OPC
ACOES;ITSA4;REUTERS;ITSA4 Máximo;;;OUTROS;;REAL;;SIM;;;;;COE
ACOES;ITSA4;REUTERS;ITSA4;;;OUTROS;;REAL;;SIM;;;;;COE
ACOES;ITSA4;REUTERS;ITSA4 Máximo;;;OUTROS;;REAL;;SIM;;;;;OPC
ACOES;ITSA4;REUTERS;ITSA4 Mínimo;;;OUTROS;;REAL;;SIM;;;;;COE
ACOES;ITSA4;REUTERS;ITSA4;;;OUTROS;;REAL;;SIM;;;;;OPC
ACOES;ITUB3;REUTERS;ITUB3;;;-;;REAL;;SIM;;;;;OPC
ACOES;ITUB3;REUTERS;ITUB3 Máximo;;;-;;REAL;;SIM;;;;;OPC
ACOES;ITUB3;REUTERS;ITUB3 Mínimo;;;-;;REAL;;SIM;;;;;OPC
ACOES;ITUB4;REUTERS;ITUB4 Mínimo;;;OUTROS;;REAL;;SIM;;;;;COE
ACOES;ITUB4;REUTERS;ITUB4 Mínimo;;;OUTROS;;REAL;;SIM;;;;;OPC
ACOES;ITUB4;REUTERS;ITUB4;;;OUTROS;;REAL;;SIM;;;;;COE
ACOES;ITUB4;REUTERS;ITUB4;;;OUTROS;;REAL;;SIM;;;;;OPC
ACOES;ITUB4;REUTERS;ITUB4 Máximo;;;OUTROS;;REAL;;SIM;;;;;COE
ACOES;ITUB4;REUTERS;ITUB4 Máximo;;;OUTROS;;REAL;;SIM;;;;;OPC
ACOES;IVVB11;REUTERS;IVVB11;;;-;;REAL;;SIM;;;;;OPC
ACOES;IVVB11;REUTERS;IVVB11 Máximo;;;-;;REAL;;SIM;;;;;COE
ACOES;IVVB11;REUTERS;IVVB11 Máximo;;;-;;REAL;;SIM;;;;;OPC
ACOES;IVVB11;REUTERS;IVVB11;;;-;;REAL;;SIM;;;;;COE
ACOES;IVVB11;REUTERS;IVVB11 Mínimo;;;-;;REAL;;SIM;;;;;COE
ACOES;IVVB11;REUTERS;IVVB11 Mínimo;;;-;;REAL;;SIM;;;;;OPC
ACOES;JALL3;REUTERS;JALL3;;;-;;REAL;;SIM;;;;;OPC
ACOES;JALL3;REUTERS;JALL3 Mínimo;;;-;;REAL;;SIM;;;;;OPC
ACOES;JALL3;REUTERS;JALL3 Máximo;;;-;;REAL;;SIM;;;;;OPC
ACOES;JBSS3;REUTERS;JBSS3 Mínimo;;;OUTROS;;REAL;;SIM;;;;;COE
ACOES;JBSS3;REUTERS;JBSS3 Máximo;;;OUTROS;;REAL;;SIM;;;;;COE
ACOES;JBSS32;REUTERS;JBSS32;00000000000012;;-;;REAL;;SIM;;;;;OPC
ACOES;JBSS32;REUTERS;JBSS32;00000000000012;;-;;REAL;;SIM;;;;;COE
ACOES;JBSS32;REUTERS;JBSS32 Máximo;00000000000012;;-;;REAL;;SIM;;;;;COE
ACOES;JBSS32;REUTERS;JBSS32 Máximo;00000000000012;;-;;REAL;;SIM;;;;;OPC
ACOES;JBSS32;REUTERS;JBSS32 Mínimo;00000000000012;;-;;REAL;;SIM;;;;;COE
ACOES;JBSS32;REUTERS;JBSS32 Mínimo;00000000000012;;-;;REAL;;SIM;;;;;OPC
ACOES;JBSS3_43;REUTERS;JBSS3_43;;;-;;REAL;;NÃO;;;;;COE
ACOES;JHSF3;REUTERS;JHSF3;;;-;;REAL;;SIM;;;;;OPC
ACOES;JHSF3;REUTERS;JHSF3 Máximo;;;-;;REAL;;SIM;;;;;OPC
ACOES;JHSF3;REUTERS;JHSF3 Mínimo;;;-;;REAL;;SIM;;;;;OPC
ACOES;JNJB34;REUTERS;JNJB34 Mínimo;;;-;;REAL;;SIM;;;;;COE
ACOES;JNJB34;REUTERS;JNJB34 Máximo;;;-;;REAL;;SIM;;;;;COE
ACOES;JNJB34;REUTERS;JNJB34;;;-;;REAL;;SIM;;;;;COE
ACOES;JOGO11_;REUTERS;JOGO11 Mínimo;;;-;;REAL;;SIM;;;;;COE
ACOES;JOGO11_;REUTERS;JOGO11 Mínimo;;;-;;REAL;;SIM;;;;;OPC
ACOES;JOGO11_;REUTERS;JOGO11 Máximo;;;-;;REAL;;SIM;;;;;OPC
ACOES;JOGO11_;REUTERS;JOGO11 Máximo;;;-;;REAL;;SIM;;;;;COE
ACOES;JOGO11_;REUTERS;JOGO11;;;-;;REAL;;SIM;;;;;OPC
ACOES;JOGO11_;REUTERS;JOGO11;;;-;;REAL;;SIM;;;;;COE
ACOES;JPMC34;REUTERS;JPMC34;;;-;;REAL;;SIM;;;;;OPC
ACOES;JPMC34;REUTERS;JPMC34 Máximo;;;-;;REAL;;SIM;;;;;OPC
ACOES;JPMC34;REUTERS;JPMC34 Mínimo;;;-;;REAL;;SIM;;;;;OPC
ACOES;JSLG3;REUTERS;JSLG3;;;-;;REAL;;SIM;;;;;OPC
ACOES;JSLG3;REUTERS;JSLG3 Máximo;;;-;;REAL;;SIM;;;;;OPC
ACOES;JSLG3;REUTERS;JSLG3 Mínimo;;;-;;REAL;;SIM;;;;;OPC
ACOES;KEPL3;REUTERS;KEPL3 Máximo;;;-;;REAL;;SIM;;;;;OPC
ACOES;KEPL3;REUTERS;KEPL3;;;-;;REAL;;SIM;;;;;OPC
ACOES;KEPL3;REUTERS;KEPL3 Mínimo;;;-;;REAL;;SIM;;;;;OPC
ACOES;KLBN11;REUTERS;KLBN11 Mínimo;;;OUTROS;;REAL;;SIM;;;;;COE
ACOES;KLBN11;REUTERS;KLBN11M;;;OUTROS;;REAL;;SIM;;;;;OPC
ACOES;KLBN11;REUTERS;KLBN11M;;;OUTROS;;REAL;;SIM;;;;;COE
ACOES;KLBN11;REUTERS;KLBN11;;;OUTROS;;REAL;;SIM;;;;;COE
ACOES;KLBN11;REUTERS;KLBN11;;;OUTROS;;REAL;;SIM;;;;;OPC
ACOES;KLBN11;REUTERS;KLBN11 Máximo;;;OUTROS;;REAL;;SIM;;;;;COE
ACOES;KLBN11;REUTERS;KLBN11 Máximo;;;OUTROS;;REAL;;SIM;;;;;OPC
ACOES;KLBN11;REUTERS;KLBN11 Mínimo;;;OUTROS;;REAL;;SIM;;;;;OPC
ACOES;KNCA11;REUTERS;KNCA11 Máximo;;;-;;REAL;;SIM;;;;;OPC
ACOES;KNCA11;REUTERS;KNCA11;;;-;;REAL;;SIM;;;;;OPC
ACOES;KNCA11;REUTERS;KNCA11 Mínimo;;;-;;REAL;;SIM;;;;;OPC
ACOES;KNCR11;REUTERS;KNCR11;;;-;;REAL;;SIM;;;;;OPC
ACOES;KNHY11;REUTERS;KNHY11;;;-;;REAL;;SIM;;;;;OPC
ACOES;KNIP11;REUTERS;KNIP11;;;-;;REAL;;SIM;;;;;OPC
ACOES;KNRI11;REUTERS;KNRI11;;;-;;REAL;;SIM;;;;;OPC
ACOES;KNSC11;REUTERS;KNSC11;;;-;;REAL;;SIM;;;;;OPC
ACOES;KORE11;REUTERS;KORE11;;;-;;REAL;;SIM;;;;;OPC
ACOES;LAME3 BZ;REUTERS;LAME3 Máximo;;;-;;REAL;;SIM;;;;;COE
ACOES;LAME3 BZ;REUTERS;LAME3 Mínimo;;;-;;REAL;;SIM;;;;;COE
ACOES;LAME4;REUTERS;LAME4 Mínimo;;;OUTROS;;REAL;;SIM;;;;;COE
ACOES;LAME4;REUTERS;LAME4 Máximo;;;OUTROS;;REAL;;SIM;;;;;COE
ACOES;LAVV3;REUTERS;LAVV3 Máximo;;;-;;DOLAR DOS EUA;;SIM;;;;;OPC
ACOES;LAVV3;REUTERS;LAVV3;;;-;;DOLAR DOS EUA;;SIM;;;;;OPC
ACOES;LAVV3;REUTERS;LAVV3 Mínimo;;;-;;DOLAR DOS EUA;;SIM;;;;;OPC
ACOES;LEVE3;REUTERS;LEVE3 Máximo;;;-;;REAL;;SIM;;;;;OPC
ACOES;LEVE3;REUTERS;LEVE3;;;-;;REAL;;SIM;;;;;OPC
ACOES;LEVE3;REUTERS;LEVE3 Mínimo;;;-;;REAL;;SIM;;;;;OPC
ACOES;LFIN11;REUTERS;LFIN11;;;-;;REAL;;SIM;;;;;OPC
ACOES;LFIN11;REUTERS;LFIN11 Máximo;;;-;;REAL;;SIM;;;;;OPC
ACOES;LFIN11;REUTERS;LFIN11 Mínimo;;;-;;REAL;;SIM;;;;;OPC
ACOES;LIFE11;REUTERS;LIFE11;;;-;;REAL;;SIM;;;;;COE
ACOES;LIFE11;REUTERS;LIFE11;;;-;;REAL;;SIM;;;;;OPC
ACOES;LIFE11;REUTERS;LIFE11 Máximo;;;-;;REAL;;SIM;;;;;COE
ACOES;LIFE11;REUTERS;LIFE11 Máximo;;;-;;REAL;;SIM;;;;;OPC
ACOES;LIFE11;REUTERS;LIFE11 Mínimo;;;-;;REAL;;SIM;;;;;COE
ACOES;LIFE11;REUTERS;LIFE11 Mínimo;;;-;;REAL;;SIM;;;;;OPC
ACOES;LIGT3;REUTERS;LIGT3 Máximo;;;OUTROS;;REAL;;SIM;;;;;COE
ACOES;LIGT3;REUTERS;LIGT3;;;OUTROS;;REAL;;SIM;;;;;COE
ACOES;LIGT3;REUTERS;LIGT3 Mínimo;;;OUTROS;;REAL;;SIM;;;;;COE
ACOES;LILY34;REUTERS;LILY34;;;-;;REAL;;SIM;;;;;OPC
ACOES;LILY34;REUTERS;LILY34 Máximo;;;-;;REAL;;SIM;;;;;OPC
ACOES;LILY34;REUTERS;LILY34 Mínimo;;;-;;REAL;;SIM;;;;;OPC
ACOES;LJQQ3;REUTERS;LJQQ3 Mínimo;;;-;;REAL;;SIM;;;;;OPC
ACOES;LJQQ3;REUTERS;LJQQ3 Máximo;;;-;;REAL;;SIM;;;;;OPC
ACOES;LJQQ3;REUTERS;LJQQ3;;;-;;REAL;;SIM;;;;;OPC
ACOES;LLFT11;REUTERS;LLFT11 Máximo;;;-;;REAL;;SIM;;;;;OPC
ACOES;LLFT11;REUTERS;LLFT11 Máximo;;;-;;REAL;;SIM;;;;;COE
ACOES;LLFT11;REUTERS;LLFT11 Mínimo;;;-;;REAL;;SIM;;;;;COE
ACOES;LLFT11;REUTERS;LLFT11;;;-;;REAL;;SIM;;;;;COE
ACOES;LLFT11;REUTERS;LLFT11;;;-;;REAL;;SIM;;;;;OPC
ACOES;LLFT11;REUTERS;LLFT11 Mínimo;;;-;;REAL;;SIM;;;;;OPC
ACOES;LOGG3;REUTERS;LOGG3 Máximo;;;-;;REAL;;SIM;;;;;OPC
ACOES;LOGG3;REUTERS;LOGG3;;;-;;REAL;;SIM;;;;;OPC
ACOES;LOGG3;REUTERS;LOGG3 Mínimo;;;-;;REAL;;SIM;;;;;OPC
ACOES;LREN3;REUTERS;LREN3 Mínimo;;;OUTROS;;REAL;;SIM;;;;;OPC
ACOES;LREN3;REUTERS;LREN3 Mínimo;;;OUTROS;;REAL;;SIM;;;;;COE
ACOES;LREN3;REUTERS;LREN3;;;OUTROS;;REAL;;SIM;;;;;OPC
ACOES;LREN3;REUTERS;LREN3;;;OUTROS;;REAL;;SIM;;;;;COE
ACOES;LREN3;REUTERS;LREN3 Máximo;;;OUTROS;;REAL;;SIM;;;;;OPC
ACOES;LREN3;REUTERS;LREN3 Máximo;;;OUTROS;;REAL;;SIM;;;;;COE
ACOES;LREN3_43;REUTERS;LREN3_43;;;-;;REAL;;NÃO;;;;;COE
ACOES;LTNB11;REUTERS;LTNB11 Máximo;;;-;;REAL;;SIM;;;;;OPC
ACOES;LTNB11;REUTERS;LTNB11 Mínimo;;;-;;REAL;;SIM;;;;;OPC
ACOES;LTNB11;REUTERS;LTNB11;;;-;;REAL;;SIM;;;;;OPC
ACOES;LVBI11;REUTERS;LVBI11 Máximo;;;-;;REAL;;SIM;;;;;OPC
ACOES;LVBI11;REUTERS;LVBI11;;;-;;REAL;;SIM;;;;;OPC
ACOES;LVBI11;REUTERS;LVBI11 Mínimo;;;-;;REAL;;SIM;;;;;OPC
ACOES;LWSA3;REUTERS;LWSA3 Máximo;;;-;;REAL;;SIM;;;;;COE
ACOES;LWSA3;REUTERS;LWSA3;;;-;;REAL;;SIM;;;;;COE
ACOES;LWSA3;REUTERS;LWSA3 Máximo;;;-;;REAL;;SIM;;;;;OPC
ACOES;LWSA3;REUTERS;LWSA3 Mínimo;;;-;;REAL;;SIM;;;;;COE
ACOES;LWSA3;REUTERS;LWSA3 Mínimo;;;-;;REAL;;SIM;;;;;OPC
ACOES;LWSA3;REUTERS;LWSA3;;;-;;REAL;;SIM;;;;;OPC
ACOES;MBRF3;REUTERS;MBRF3;;;-;;REAL;;SIM;;;;;COE
ACOES;MBRF3;REUTERS;MBRF3;;;-;;REAL;;SIM;;;;;OPC
ACOES;MBRF3;REUTERS;MBRF3 Mínimo;;;-;;REAL;;SIM;;;;;OPC
ACOES;MBRF3;REUTERS;MBRF3 Máximo;;;-;;REAL;;SIM;;;;;OPC
ACOES;MBRF3;REUTERS;MBRF3 Mínimo;;;-;;REAL;;SIM;;;;;COE
ACOES;MBRF3;REUTERS;MBRF3 Máximo;;;-;;REAL;;SIM;;;;;COE
ACOES;MCDC34;REUTERS;MCDC34 Máximo;;;-;;REAL;;SIM;;;;;OPC
ACOES;MCDC34;REUTERS;MCDC34 Mínimo;;;-;;REAL;;SIM;;;;;OPC
ACOES;MCDC34;REUTERS;MCDC34;;;-;;REAL;;SIM;;;;;OPC
ACOES;MCRE11;REUTERS;MCRE11;;;-;;REAL;;SIM;;;;;OPC
ACOES;MCRE11;REUTERS;MCRE11 Máximo;;;-;;REAL;;SIM;;;;;OPC
ACOES;MCRE11;REUTERS;MCRE11 Mínimo;;;-;;REAL;;SIM;;;;;OPC
ACOES;MDNE3;REUTERS;MDNE3 Mínimo;;;-;;REAL;;SIM;;;;;OPC
ACOES;MDNE3;REUTERS;MDNE3 Máximo;;;-;;REAL;;SIM;;;;;OPC
ACOES;MDNE3;REUTERS;MDNE3;;;-;;REAL;;SIM;;;;;OPC
ACOES;MELI34;REUTERS;MELI34;;;-;;REAL;;SIM;;;;;COE
ACOES;MELI34;REUTERS;MELI34;;;-;;REAL;;SIM;;;;;OPC
ACOES;MELI34;REUTERS;MELI34 Máximo;;;-;;REAL;;SIM;;;;;COE
ACOES;MELI34;REUTERS;MELI34 Máximo;;;-;;REAL;;SIM;;;;;OPC
ACOES;MELI34;REUTERS;MELI34 Mínimo;;;-;;REAL;;SIM;;;;;COE
ACOES;MELI34;REUTERS;MELI34 Mínimo;;;-;;REAL;;SIM;;;;;OPC
ACOES;MELK3;REUTERS;MELK3;;;-;;REAL;;SIM;;;;;OPC
ACOES;MELK3;REUTERS;MELK3 Máximo;;;-;;REAL;;SIM;;;;;OPC
ACOES;MELK3;REUTERS;MELK3 Mínimo;;;-;;REAL;;SIM;;;;;OPC
ACOES;MGLU3;REUTERS;MGLU3;;;OUTROS;;REAL;;SIM;;;;;OPC
ACOES;MGLU3;REUTERS;MGLU3 Máximo;;;OUTROS;;REAL;;SIM;;;;;COE
ACOES;MGLU3;REUTERS;MGLU3;;;OUTROS;;REAL;;SIM;;;;;COE
ACOES;MGLU3;REUTERS;MGLU3 Mínimo;;;OUTROS;;REAL;;SIM;;;;;COE
ACOES;MGLU3;REUTERS;MGLU3 Mínimo;;;OUTROS;;REAL;;SIM;;;;;OPC
ACOES;MGLU3;REUTERS;MGLU3 Máximo;;;OUTROS;;REAL;;SIM;;;;;OPC
ACOES;MIDB11;REUTERS;MIDB11 Máximo;;;-;;REAL;;SIM;;;;;OPC
ACOES;MIDB11;REUTERS;MIDB11 Mínimo;;;-;;REAL;;SIM;;;;;OPC
ACOES;MIDB11;REUTERS;MIDB11;;;-;;REAL;;SIM;;;;;OPC
ACOES;MILS3;REUTERS;MILS3 Mínimo;;;-;;REAL;;SIM;;;;;OPC
ACOES;MILS3;REUTERS;MILS3 Máximo;;;-;;REAL;;SIM;;;;;OPC
ACOES;MILS3;REUTERS;MILS3;;;-;;REAL;;SIM;;;;;OPC
ACOES;MOTV3;REUTERS;MOTV3 Mínimo;;;-;;REAL;;SIM;;;;;OPC
ACOES;MOTV3;REUTERS;MOTV3 Mínimo;;;-;;REAL;;SIM;;;;;COE
ACOES;MOTV3;REUTERS;MOTV3 Máximo;;;-;;REAL;;SIM;;;;;OPC
ACOES;MOTV3;REUTERS;MOTV3 Máximo;;;-;;REAL;;SIM;;;;;COE
ACOES;MOTV3;REUTERS;MOTV3;;;-;;REAL;;SIM;;;;;COE
ACOES;MOTV3;REUTERS;MOTV3;;;-;;REAL;;SIM;;;;;OPC
ACOES;MOVI3;REUTERS;MOVI3 Mínimo;;;-;;REAL;;SIM;;;;;SWAP
ACOES;MOVI3;REUTERS;MOVI3 Mínimo;;;-;;REAL;;SIM;;;;;COE
ACOES;MOVI3;REUTERS;MOVI3 Mínimo;;;-;;REAL;;SIM;;;;;OPC
ACOES;MOVI3;REUTERS;MOVI3;;;-;;REAL;;SIM;;;;;SWAP
ACOES;MOVI3;REUTERS;MOVI3 Máximo;;;-;;REAL;;SIM;;;;;OPC
ACOES;MOVI3;REUTERS;MOVI3;;;-;;REAL;;SIM;;;;;OPC
ACOES;MOVI3;REUTERS;MOVI3 Máximo;;;-;;REAL;;SIM;;;;;COE
ACOES;MOVI3;REUTERS;MOVI3 Máximo;;;-;;REAL;;SIM;;;;;SWAP
ACOES;MOVI3;REUTERS;MOVI3;;;-;;REAL;;SIM;;;;;COE
ACOES;MRFG3;REUTERS;MRFG3 Mínimo;;;OUTROS;;REAL;;SIM;;;;;COE
ACOES;MRFG3;REUTERS;MRFG3 Máximo;;;OUTROS;;REAL;;SIM;;;;;COE
ACOES;MRFG3;REUTERS;MRFG3;;;OUTROS;;REAL;;SIM;;;;;COE
ACOES;MRVE3;REUTERS;MRVE3M;;;OUTROS;;REAL;;SIM;;;;;OPC
ACOES;MRVE3;REUTERS;MRVE3 Máximo;;;OUTROS;;REAL;;SIM;;;;;COE
ACOES;MRVE3;REUTERS;MRVE3 Máximo;;;OUTROS;;REAL;;SIM;;;;;OPC
ACOES;MRVE3;REUTERS;MRVE3M;;;OUTROS;;REAL;;SIM;;;;;COE
ACOES;MRVE3;REUTERS;MRVE3 Mínimo;;;OUTROS;;REAL;;SIM;;;;;COE
ACOES;MRVE3;REUTERS;MRVE3;;;OUTROS;;REAL;;SIM;;;;;OPC
ACOES;MRVE3;REUTERS;MRVE3;;;OUTROS;;REAL;;SIM;;;;;COE
ACOES;MRVE3;REUTERS;MRVE3 Mínimo;;;OUTROS;;REAL;;SIM;;;;;OPC
ACOES;MSCD34;REUTERS;MSCD34 Máximo;;;-;;REAL;;SIM;;;;;COE
ACOES;MSCD34;REUTERS;MSCD34;;;-;;REAL;;SIM;;;;;COE
ACOES;MSCD34;REUTERS;MSCD34 Mínimo;;;-;;REAL;;SIM;;;;;COE
ACOES;MSFT34;REUTERS;MSFT34 Máximo;;;-;;REAL;;SIM;;;;;OPC
ACOES;MSFT34;REUTERS;MSFT34 Mínimo;;;-;;REAL;;SIM;;;;;OPC
ACOES;MSFT34;REUTERS;MSFT34 Máximo;;;-;;REAL;;SIM;;;;;COE
ACOES;MSFT34;REUTERS;MSFT34;;;-;;REAL;;SIM;;;;;OPC
ACOES;MSFT34;REUTERS;MSFT34;;;-;;REAL;;SIM;;;;;COE
ACOES;MSFT34;REUTERS;MSFT34 Mínimo;;;-;;REAL;;SIM;;;;;COE
ACOES;MTRE3;REUTERS;MTRE3;;;-;;REAL;;SIM;;;;;OPC
ACOES;MTRE3;REUTERS;MTRE3 Mínimo;;;-;;REAL;;SIM;;;;;OPC
ACOES;MTRE3;REUTERS;MTRE3 Máximo;;;-;;REAL;;SIM;;;;;OPC
ACOES;MULT3;REUTERS;MULT3 Mínimo;;;-;;REAL;;SIM;;;;;COE
ACOES;MULT3;REUTERS;MULT3 Mínimo;;;-;;REAL;;SIM;;;;;OPC
ACOES;MULT3;REUTERS;MULT3 Máximo;;;-;;REAL;;SIM;;;;;COE
ACOES;MULT3;REUTERS;MULT3 Máximo;;;-;;REAL;;SIM;;;;;OPC
ACOES;MULT3;REUTERS;MULT3;;;-;;REAL;;SIM;;;;;COE
ACOES;MULT3;REUTERS;MULT3;;;-;;REAL;;SIM;;;;;OPC
ACOES;MUTC34;REUTERS;MUTC34;;;-;;REAL;;SIM;;;;;COE
ACOES;MUTC34;REUTERS;MUTC34 Máximo;;;-;;REAL;;SIM;;;;;COE
ACOES;MUTC34;REUTERS;MUTC34 Mínimo;;;-;;REAL;;SIM;;;;;COE
ACOES;MXRF11;REUTERS;MXRF11;;;-;;REAL;;SIM;;;;;OPC
ACOES;MYPK3;REUTERS;MYPK3;;;-;;REAL;;SIM;;;;;OPC
ACOES;MYPK3;REUTERS;MYPK3;;;-;;REAL;;SIM;;;;;COE
ACOES;MYPK3;REUTERS;MYPK3 Maximo;;;-;;REAL;;SIM;;;;;COE
ACOES;MYPK3;REUTERS;MYPK3 Minimo;;;-;;REAL;;SIM;;;;;COE
ACOES;MYPK3;REUTERS;MYPK3 Maximo;;;-;;REAL;;SIM;;;;;OPC
ACOES;MYPK3;REUTERS;MYPK3 Minimo;;;-;;REAL;;SIM;;;;;OPC
ACOES;M1RN34;REUTERS;M1RN34 Máximo;;;-;;REAL;;SIM;;;;;OPC
ACOES;M1RN34;REUTERS;M1RN34;;;-;;REAL;;SIM;;;;;OPC
ACOES;M1RN34;REUTERS;M1RN34 Mínimo;;;-;;REAL;;SIM;;;;;OPC
ACOES;M1TA34;REUTERS;M1TA34 Máximo;;;-;;REAL;;SIM;;;;;OPC
ACOES;M1TA34;REUTERS;M1TA34 Mínimo;;;-;;REAL;;SIM;;;;;OPC
ACOES;M1TA34;REUTERS;M1TA34;;;-;;REAL;;SIM;;;;;OPC
ACOES;M2RV34;REUTERS;M2RV34 Mínimo;;;-;;REAL;;SIM;;;;;COE
ACOES;M2RV34;REUTERS;M2RV34;;;-;;REAL;;SIM;;;;;OPC
ACOES;M2RV34;REUTERS;M2RV34 Máximo;;;-;;REAL;;SIM;;;;;OPC
ACOES;M2RV34;REUTERS;M2RV34 Máximo;;;-;;REAL;;SIM;;;;;COE
ACOES;M2RV34;REUTERS;M2RV34 Mínimo;;;-;;REAL;;SIM;;;;;OPC
ACOES;M2RV34;REUTERS;M2RV34;;;-;;REAL;;SIM;;;;;COE
ACOES;M2ST34;REUTERS;M2ST34;;;-;;REAL;;SIM;;;;;OPC
ACOES;M2ST34;REUTERS;M2ST34 Mínimo;;;-;;REAL;;SIM;;;;;OPC
ACOES;M2ST34;REUTERS;M2ST34 Máximo;;;-;;REAL;;SIM;;;;;OPC
ACOES;NASD11;REUTERS;NASD11 Mínimo;;;-;;REAL;;SIM;;;;;OPC
ACOES;NASD11;REUTERS;NASD11;;;-;;REAL;;SIM;;;;;OPC
ACOES;NASD11;REUTERS;NASD11 Máximo;;;-;;REAL;;SIM;;;;;COE
ACOES;NASD11;REUTERS;NASD11 Máximo;;;-;;REAL;;SIM;;;;;OPC
ACOES;NASD11;REUTERS;NASD11 Mínimo;;;-;;REAL;;SIM;;;;;COE
ACOES;NASD11;REUTERS;NASD11;;;-;;REAL;;SIM;;;;;COE
ACOES;NATU3;REUTERS;NATU3 Máximo;;;-;;REAL;;SIM;;;;;OPC
ACOES;NATU3;REUTERS;NATU3 Máximo;;;-;;REAL;;SIM;;;;;COE
ACOES;NATU3;REUTERS;NATU3 Mínimo;;;-;;REAL;;SIM;;;;;COE
ACOES;NATU3;REUTERS;NATU3;;;-;;REAL;;SIM;;;;;OPC
ACOES;NATU3;REUTERS;NATU3;;;-;;REAL;;SIM;;;;;COE
ACOES;NATU3;REUTERS;NATU3 Mínimo;;;-;;REAL;;SIM;;;;;OPC
ACOES;NFLX34;REUTERS;NFLX34;;;-;;REAL;;SIM;;;;;OPC
ACOES;NFLX34;REUTERS;NFLX34 Mínimo;;;-;;REAL;;SIM;;;;;OPC
ACOES;NFLX34;REUTERS;NFLX34 Máximo;;;-;;REAL;;SIM;;;;;OPC
ACOES;NIKE34;REUTERS;NIKE34 Máximo;;;-;;REAL;;SIM;;;;;OPC
ACOES;NIKE34;REUTERS;NIKE34 Mínimo;;;-;;REAL;;SIM;;;;;OPC
ACOES;NIKE34;REUTERS;NIKE34;;;-;;REAL;;SIM;;;;;OPC
ACOES;NSLU11;REUTERS;NSLU11 Máximo;;;-;;REAL;;SIM;;;;;OPC
ACOES;NSLU11;REUTERS;NSLU11 Mínimo;;;-;;REAL;;SIM;;;;;OPC
ACOES;NSLU11;REUTERS;NSLU11;;;-;;REAL;;SIM;;;;;OPC
ACOES;NTCO3;REUTERS;NTCO3 Máximo;;;OUTROS;;REAL;;SIM;;;;;COE
ACOES;NTCO3;REUTERS;NTCO3;;;OUTROS;;REAL;;SIM;;;;;COE
ACOES;NTCO3;REUTERS;NTCO3 Mínimo;;;OUTROS;;REAL;;SIM;;;;;COE
ACOES;NVDC34;REUTERS;NVDC34;;;-;;REAL;;SIM;;;;;OPC
ACOES;NVDC34;REUTERS;NVDC34 Máximo;;;-;;REAL;;SIM;;;;;OPC
ACOES;NVDC34;REUTERS;NVDC34 Mínimo;;;-;;REAL;;SIM;;;;;OPC
ACOES;N1VO34;REUTERS;N1VO34;;;-;;REAL;;SIM;;;;;OPC
ACOES;N1VO34;REUTERS;N1VO34 Máximo;;;-;;REAL;;SIM;;;;;OPC
ACOES;N1VO34;REUTERS;N1VO34 Mínimo;;;-;;REAL;;SIM;;;;;OPC
ACOES;ODPV3;REUTERS;ODPV3;;;-;;REAL;;SIM;;;;;COE
ACOES;ODPV3;REUTERS;ODPV3 Mínimo;;;-;;REAL;;SIM;;;;;COE
ACOES;ODPV3;REUTERS;ODPV3 Máximo;;;-;;REAL;;SIM;;;;;COE
ACOES;ONCO3;REUTERS;ONCO3 Mínimo;;;-;;REAL;;SIM;;;;;SWAP
ACOES;ONCO3;REUTERS;ONCO3 Máximo;;;-;;REAL;;SIM;;;;;OPC
ACOES;ONCO3;REUTERS;ONCO3;;;-;;REAL;;SIM;;;;;OPC
ACOES;ONCO3;REUTERS;ONCO3;;;-;;REAL;;SIM;;;;;COE
ACOES;ONCO3;REUTERS;ONCO3 Mínimo;;;-;;REAL;;SIM;;;;;OPC
ACOES;ONCO3;REUTERS;ONCO3 Máximo;;;-;;REAL;;SIM;;;;;SWAP
ACOES;ONCO3;REUTERS;ONCO3;;;-;;REAL;;SIM;;;;;SWAP
ACOES;ONCO3;REUTERS;ONCO3 Mínimo;;;-;;REAL;;SIM;;;;;COE
ACOES;ONCO3;REUTERS;ONCO3 Máximo;;;-;;REAL;;SIM;;;;;COE
ACOES;OPCT3;REUTERS;OPCT3;;;-;;REAL;;SIM;;;;;OPC
ACOES;OPCT3;REUTERS;OPCT3;;;-;;REAL;;SIM;;;;;COE
ACOES;OPCT3;REUTERS;OPCT3 Mínimo;;;-;;REAL;;SIM;;;;;OPC
ACOES;OPCT3;REUTERS;OPCT3 Mínimo;;;-;;REAL;;SIM;;;;;COE
ACOES;OPCT3;REUTERS;OPCT3 Máximo;;;-;;REAL;;SIM;;;;;OPC
ACOES;OPCT3;REUTERS;OPCT3 Máximo;;;-;;REAL;;SIM;;;;;COE
ACOES;ORCL34;REUTERS;ORCL34;;;-;;REAL;;SIM;;;;;OPC
ACOES;ORCL34;REUTERS;ORCL34 Mínimo;;;-;;REAL;;SIM;;;;;OPC
ACOES;ORCL34;REUTERS;ORCL34 Máximo;;;-;;REAL;;SIM;;;;;OPC
ACOES;ORVR3;REUTERS;ORVR3 Máximo;;;-;;REAL;;SIM;;;;;OPC
ACOES;ORVR3;REUTERS;ORVR3;;;-;;REAL;;SIM;;;;;OPC
ACOES;ORVR3;REUTERS;ORVR3 Mínimo;;;-;;REAL;;SIM;;;;;OPC
ACOES;PACB11;REUTERS;PACB11;;;-;;REAL;;SIM;;;;;OPC
ACOES;PACB11;REUTERS;PACB11;;;-;;REAL;;SIM;;;;;COE
ACOES;PACB11;REUTERS;PACB11 Máximo;;;-;;REAL;;SIM;;;;;OPC
ACOES;PACB11;REUTERS;PACB11 Mínimo;;;-;;REAL;;SIM;;;;;OPC
ACOES;PACB11;REUTERS;PACB11 Máximo;;;-;;REAL;;SIM;;;;;COE
ACOES;PACB11;REUTERS;PACB11 Mínimo;;;-;;REAL;;SIM;;;;;COE
ACOES;PACC11;REUTERS;PACC11;;;-;;REAL;;SIM;;;;;OPC
ACOES;PACC11;REUTERS;PACC11 Mínimo;;;-;;REAL;;SIM;;;;;OPC
ACOES;PACC11;REUTERS;PACC11 Máximo;;;-;;REAL;;SIM;;;;;OPC
ACOES;PACG11;REUTERS;PACG11 Máximo;;;-;;REAL;;SIM;;;;;OPC
ACOES;PACG11;REUTERS;PACG11 Mínimo;;;-;;REAL;;SIM;;;;;OPC
ACOES;PACG11;REUTERS;PACG11;;;-;;REAL;;SIM;;;;;OPC
ACOES;PACL11;REUTERS;PACL11 Mínimo;;;-;;REAL;;SIM;;;;;OPC
ACOES;PACL11;REUTERS;PACL11 Máximo;;;-;;REAL;;SIM;;;;;OPC
ACOES;PACL11;REUTERS;PACL11;;;-;;REAL;;SIM;;;;;OPC
ACOES;PAGS34;REUTERS;PAGS34 Máximo;;;-;;REAL;;SIM;;;;;OPC
ACOES;PAGS34;REUTERS;PAGS34 Mínimo;;;-;;REAL;;SIM;;;;;OPC
ACOES;PAGS34;REUTERS;PAGS34;;;-;;REAL;;SIM;;;;;OPC
ACOES;PASS3;REUTERS;PASS3 Máximo;;;-;;REAL;;SIM;;;;;TER
ACOES;PASS3;REUTERS;PASS3;;;-;;REAL;;SIM;;;;;OPC
ACOES;PASS3;REUTERS;PASS3;;;-;;REAL;;SIM;;;;;TER
ACOES;PASS3;REUTERS;PASS3 Máximo;;;-;;REAL;;SIM;;;;;OPC
ACOES;PASS3;REUTERS;PASS3 Mínimo;;;-;;REAL;;SIM;;;;;TER
ACOES;PASS3;REUTERS;PASS3 Mínimo;;;-;;REAL;;SIM;;;;;OPC
ACOES;PCAR3;REUTERS;PCAR3;;;OUTROS;;REAL;;SIM;;;;;OPC
ACOES;PCAR3;REUTERS;PCAR3 Máximo;;;OUTROS;;REAL;;SIM;;;;;COE
ACOES;PCAR3;REUTERS;PCAR3 Mínimo;;;OUTROS;;REAL;;SIM;;;;;OPC
ACOES;PCAR3;REUTERS;PCAR3;;;OUTROS;;REAL;;SIM;;;;;COE
ACOES;PCAR3;REUTERS;PCAR3 Máximo;;;OUTROS;;REAL;;SIM;;;;;OPC
ACOES;PCAR3;REUTERS;PCAR3 Mínimo;;;OUTROS;;REAL;;SIM;;;;;COE
ACOES;PCIP11;REUTERS;PCIP11 Mínimo;;;-;;REAL;;SIM;;;;;OPC
ACOES;PCIP11;REUTERS;PCIP11 Máximo;;;-;;REAL;;SIM;;;;;OPC
ACOES;PCIP11;REUTERS;PCIP11;;;-;;REAL;;SIM;;;;;OPC
ACOES;PETR4;REUTERS;PETR4 Máximo;;;OUTROS;;REAL;;SIM;;;;;COE
ACOES;PETR4;REUTERS;PETR4 Mínimo;;;OUTROS;;REAL;;SIM;;;;;COE
ACOES;PETR4;REUTERS;PETR4 Máximo;;;OUTROS;;REAL;;SIM;;;;;OPC
ACOES;PETR4;REUTERS;PETR4;;;OUTROS;;REAL;;SIM;;;;;OPC
ACOES;PETR4;REUTERS;PETR4;;;OUTROS;;REAL;;SIM;;;;;COE
ACOES;PETR4;REUTERS;PETR4 Mínimo;;;OUTROS;;REAL;;SIM;;;;;OPC
ACOES;PETR4_43;REUTERS;PETR4_43;;;-;;REAL;;NÃO;;;;;COE
ACOES;PFIZ34;REUTERS;PFIZ34 Máximo;;;-;;REAL;;SIM;;;;;COE
ACOES;PFIZ34;REUTERS;PFIZ34 Máximo;;;-;;REAL;;SIM;;;;;OPC
ACOES;PFIZ34;REUTERS;PFIZ34 Mínimo;;;-;;REAL;;SIM;;;;;OPC
ACOES;PFIZ34;REUTERS;PFIZ34;;;-;;REAL;;SIM;;;;;OPC
ACOES;PFIZ34;REUTERS;PFIZ34 Mínimo;;;-;;REAL;;SIM;;;;;COE
ACOES;PFIZ34;REUTERS;PFIZ34;;;-;;REAL;;SIM;;;;;COE
ACOES;PGMN3;REUTERS;PGMN3;;;-;;REAL;;SIM;;;;;OPC
ACOES;PGMN3;REUTERS;PGMN3 Mínimo;;;-;;REAL;;SIM;;;;;OPC
ACOES;PGMN3;REUTERS;PGMN3 Máximo;;;-;;REAL;;SIM;;;;;OPC
ACOES;PINE4;REUTERS;PINE4 Mínimo;;;-;;REAL;;SIM;;;;;OPC
ACOES;PINE4;REUTERS;PINE4 Mínimo;;;-;;REAL;;SIM;;;;;TER
ACOES;PINE4;REUTERS;PINE4 Mínimo;;;-;;REAL;;SIM;;;;;COE
ACOES;PINE4;REUTERS;PINE4 Máximo;;;-;;REAL;;SIM;;;;;TER
ACOES;PINE4;REUTERS;PINE4 Máximo;;;-;;REAL;;SIM;;;;;OPC
ACOES;PINE4;REUTERS;PINE4 Máximo;;;-;;REAL;;SIM;;;;;COE
ACOES;PINE4;REUTERS;PINE4;;;-;;REAL;;SIM;;;;;TER
ACOES;PINE4;REUTERS;PINE4;;;-;;REAL;;SIM;;;;;COE
ACOES;PINE4;REUTERS;PINE4;;;-;;REAL;;SIM;;;;;OPC
ACOES;PLPL3;REUTERS;PLPL3;;;-;;REAL;;SIM;;;;;OPC
ACOES;PLPL3;REUTERS;PLPL3 Mínimo;;;-;;REAL;;SIM;;;;;OPC
ACOES;PLPL3;REUTERS;PLPL3 Máximo;;;-;;REAL;;SIM;;;;;OPC
ACOES;PNVL3;REUTERS;PNVL3;;;-;;REAL;;SIM;;;;;OPC
ACOES;PNVL3;REUTERS;PNVL3 Mínimo;;;-;;REAL;;SIM;;;;;OPC
ACOES;PNVL3;REUTERS;PNVL3 Máximo;;;-;;REAL;;SIM;;;;;OPC
ACOES;POMO3;REUTERS;POMO3 Mínimo;;;-;;REAL;;SIM;;;;;OPC
ACOES;POMO3;REUTERS;POMO3 Máximo;;;-;;REAL;;SIM;;;;;OPC
ACOES;POMO3;REUTERS;POMO3;;;-;;REAL;;SIM;;;;;OPC
ACOES;POMO4;REUTERS;POMO4;;;-;;REAL;;SIM;;;;;OPC
ACOES;POMO4;REUTERS;POMO4 Máximo;;;-;;REAL;;SIM;;;;;OPC
ACOES;POMO4;REUTERS;POMO4 Mínimo;;;-;;REAL;;SIM;;;;;OPC
ACOES;POSI3;REUTERS;POSI3 Mínimo;;;-;;REAL;;SIM;;;;;OPC
ACOES;POSI3;REUTERS;POSI3 Mínimo;;;-;;REAL;;SIM;;;;;SWAP
ACOES;POSI3;REUTERS;POSI3 Máximo;;;-;;REAL;;SIM;;;;;SWAP
ACOES;POSI3;REUTERS;POSI3;;;-;;REAL;;SIM;;;;;OPC
ACOES;POSI3;REUTERS;POSI3;;;-;;REAL;;SIM;;;;;SWAP
ACOES;POSI3;REUTERS;POSI3 Máximo;;;-;;REAL;;SIM;;;;;OPC
ACOES;PRIO3;REUTERS;PRIO3;;;OUTROS;;REAL;;SIM;;;;;SWAP
ACOES;PRIO3;REUTERS;PRIO3;;;OUTROS;;REAL;;SIM;;;;;COE
ACOES;PRIO3;REUTERS;PRIO3;;;OUTROS;;REAL;;SIM;;;;;OPC
ACOES;PRIO3;REUTERS;PRIO3 Mínimo;;;OUTROS;;REAL;;SIM;;;;;SWAP
ACOES;PRIO3;REUTERS;PRIO3 Máximo;;;OUTROS;;REAL;;SIM;;;;;OPC
ACOES;PRIO3;REUTERS;PRIO3 Mínimo;;;OUTROS;;REAL;;SIM;;;;;OPC
ACOES;PRIO3;REUTERS;PRIO3 Máximo;;;OUTROS;;REAL;;SIM;;;;;SWAP
ACOES;PRIO3;REUTERS;PRIO3 Máximo;;;OUTROS;;REAL;;SIM;;;;;COE
ACOES;PRIO3;REUTERS;PRIO3 Mínimo;;;OUTROS;;REAL;;SIM;;;;;COE
ACOES;PSSA3;REUTERS;PSSA3;;;-;;REAL;;SIM;;;;;OPC
ACOES;PSSA3;REUTERS;PSSA3 Máximo;;;-;;REAL;;SIM;;;;;COE
ACOES;PSSA3;REUTERS;PSSA3 Máximo;;;-;;REAL;;SIM;;;;;OPC
ACOES;PSSA3;REUTERS;PSSA3 Mínimo;;;-;;REAL;;SIM;;;;;COE
ACOES;PSSA3;REUTERS;PSSA3 Mínimo;;;-;;REAL;;SIM;;;;;OPC
ACOES;PSSA3;REUTERS;PSSA3;;;-;;REAL;;SIM;;;;;COE
ACOES;PTBL3;REUTERS;PTBL3 Máximo;;;-;;REAL;;SIM;;;;;OPC
ACOES;PTBL3;REUTERS;PTBL3;;;-;;REAL;;SIM;;;;;OPC
ACOES;PTBL3;REUTERS;PTBL3 Mínimo;;;-;;REAL;;SIM;;;;;OPC
ACOES;PVBI11;REUTERS;PVBI11;;;-;;REAL;;SIM;;;;;OPC
ACOES;PYPL34;REUTERS;PYPL34;;;-;;REAL;;SIM;;;;;OPC
ACOES;PYPL34;REUTERS;PYPL34 Mínimo;;;-;;REAL;;SIM;;;;;OPC
ACOES;PYPL34;REUTERS;PYPL34 Máximo;;;-;;REAL;;SIM;;;;;OPC
ACOES;P1DD34;REUTERS;P1DD34;;;-;;REAL;;SIM;;;;;OPC
ACOES;P2LT34;REUTERS;P2LT34;;;-;;REAL;;SIM;;;;;OPC
ACOES;P2LT34;REUTERS;P2LT34 Máximo;;;-;;REAL;;SIM;;;;;OPC
ACOES;P2LT34;REUTERS;P2LT34 Mínimo;;;-;;REAL;;SIM;;;;;OPC
ACOES;QBTC11;REUTERS;QBTC11 Máximo;;;-;;REAL;;SIM;;;;;OPC
ACOES;QBTC11;REUTERS;QBTC11 Máximo;;;-;;REAL;;SIM;;;;;COE
ACOES;QBTC11;REUTERS;QBTC11 Máximo;;;-;;REAL;;SIM;;;;;SWAP
ACOES;QBTC11;REUTERS;QBTC11;;;-;;REAL;;SIM;;;;;OPC
ACOES;QBTC11;REUTERS;QBTC11;;;-;;REAL;;SIM;;;;;SWAP
ACOES;QBTC11;REUTERS;QBTC11 Mínimo;;;-;;REAL;;SIM;;;;;OPC
ACOES;QBTC11;REUTERS;QBTC11 Mínimo;;;-;;REAL;;SIM;;;;;COE
ACOES;QBTC11;REUTERS;QBTC11 Mínimo;;;-;;REAL;;SIM;;;;;SWAP
ACOES;QBTC11;REUTERS;QBTC11;;;-;;REAL;;SIM;;;;;COE
ACOES;QETH11;REUTERS;QETH11 Mínimo;;;-;;REAL;;SIM;;;;;COE
ACOES;QETH11;REUTERS;QETH11;;;-;;REAL;;SIM;;;;;SWAP
ACOES;QETH11;REUTERS;QETH11;;;-;;REAL;;SIM;;;;;COE
ACOES;QETH11;REUTERS;QETH11 Máximo;;;-;;REAL;;SIM;;;;;SWAP
ACOES;QETH11;REUTERS;QETH11 Mínimo;;;-;;REAL;;SIM;;;;;SWAP
ACOES;QETH11;REUTERS;QETH11 Máximo;;;-;;REAL;;SIM;;;;;COE
ACOES;QUAL3;REUTERS;QUAL3M;;;OUTROS;;REAL;;SIM;;;;;OPC
ACOES;QUAL3;REUTERS;QUAL3M;;;OUTROS;;REAL;;SIM;;;;;COE
ACOES;QUAL3;REUTERS;QUAL3 Mínimo;;;OUTROS;;REAL;;SIM;;;;;OPC
ACOES;QUAL3;REUTERS;QUAL3 Mínimo;;;OUTROS;;REAL;;SIM;;;;;COE
ACOES;QUAL3;REUTERS;QUAL3 Máximo;;;OUTROS;;REAL;;SIM;;;;;OPC
ACOES;QUAL3;REUTERS;QUAL3 Máximo;;;OUTROS;;REAL;;SIM;;;;;COE
ACOES;QUAL3;REUTERS;QUAL3;;;OUTROS;;REAL;;SIM;;;;;COE
ACOES;QUAL3;REUTERS;QUAL3;;;OUTROS;;REAL;;SIM;;;;;OPC
ACOES;QUBT34;REUTERS;QUBT34;;;-;;REAL;;SIM;;;;;OPC
ACOES;QUBT34;REUTERS;QUBT34 Máximo;;;-;;REAL;;SIM;;;;;OPC
ACOES;QUBT34;REUTERS;QUBT34 Mínimo;;;-;;REAL;;SIM;;;;;OPC
ACOES;RAIL3;REUTERS;RAIL3 Mínimo;;;-;;REAL;;SIM;;;;;COE
ACOES;RAIL3;REUTERS;RAIL3;;;-;;REAL;;SIM;;;;;OPC
ACOES;RAIL3;REUTERS;RAIL3 Máximo;;;-;;REAL;;SIM;;;;;COE
ACOES;RAIL3;REUTERS;RAIL3 Mínimo;;;-;;REAL;;SIM;;;;;OPC
ACOES;RAIL3;REUTERS;RAIL3;;;-;;REAL;;SIM;;;;;COE
ACOES;RAIL3;REUTERS;RAIL3 Máximo;;;-;;REAL;;SIM;;;;;OPC
ACOES;RAIZ4;REUTERS;RAIZ4 Mínimo;;;-;;REAL;;SIM;;;;;OPC
ACOES;RAIZ4;REUTERS;RAIZ4;;;-;;REAL;;SIM;;;;;OPC
ACOES;RAIZ4;REUTERS;RAIZ4 Máximo;;;-;;REAL;;SIM;;;;;OPC
ACOES;RANI3;REUTERS;RANI3;;;-;;REAL;;SIM;;;;;OPC
ACOES;RANI3;REUTERS;RANI3 Máximo;;;-;;REAL;;SIM;;;;;OPC
ACOES;RANI3;REUTERS;RANI3 Mínimo;;;-;;REAL;;SIM;;;;;OPC
ACOES;RAPT4;REUTERS;RAPT4 Máximo;;;OUTROS;;REAL;;SIM;;;;;COE
ACOES;RAPT4;REUTERS;RAPT4;;;OUTROS;;REAL;;SIM;;;;;COE
ACOES;RAPT4;REUTERS;RAPT4;;;OUTROS;;REAL;;SIM;;;;;OPC
ACOES;RAPT4;REUTERS;RAPT4 Máximo;;;OUTROS;;REAL;;SIM;;;;;OPC
ACOES;RAPT4;REUTERS;RAPT4 Mínimo;;;OUTROS;;REAL;;SIM;;;;;COE
ACOES;RAPT4;REUTERS;RAPT4 Mínimo;;;OUTROS;;REAL;;SIM;;;;;OPC
ACOES;RBRX11;REUTERS;RBRX11 Máximo;;;-;;REAL;;SIM;;;;;COE
ACOES;RBRX11;REUTERS;RBRX11;;;-;;REAL;;SIM;;;;;COE
ACOES;RBRX11;REUTERS;RBRX11;;;-;;REAL;;SIM;;;;;OPC
ACOES;RBRX11;REUTERS;RBRX11 Mínimo;;;-;;REAL;;SIM;;;;;OPC
ACOES;RBRX11;REUTERS;RBRX11 Máximo;;;-;;REAL;;SIM;;;;;OPC
ACOES;RBRX11;REUTERS;RBRX11 Mínimo;;;-;;REAL;;SIM;;;;;COE
ACOES;RBRY11;REUTERS;RBRY11;;;-;;REAL;;SIM;;;;;OPC
ACOES;RDOR3;REUTERS;RDOR3 Máximo;;;-;;REAL;;SIM;;;;;COE
ACOES;RDOR3;REUTERS;RDOR3 Máximo;;;-;;REAL;;SIM;;;;;SWAP
ACOES;RDOR3;REUTERS;RDOR3 Máximo;;;-;;REAL;;SIM;;;;;OPC
ACOES;RDOR3;REUTERS;RDOR3;;;-;;REAL;;SIM;;;;;COE
ACOES;RDOR3;REUTERS;RDOR3 Mínimo;;;-;;REAL;;SIM;;;;;OPC
ACOES;RDOR3;REUTERS;RDOR3;;;-;;REAL;;SIM;;;;;OPC
ACOES;RDOR3;REUTERS;RDOR3 Mínimo;;;-;;REAL;;SIM;;;;;COE
ACOES;RDOR3;REUTERS;RDOR3 Mínimo;;;-;;REAL;;SIM;;;;;SWAP
ACOES;RDOR3;REUTERS;RDOR3;;;-;;REAL;;SIM;;;;;SWAP
ACOES;RECR11;REUTERS;RECR11 Mínimo;;;-;;REAL;;SIM;;;;;OPC
ACOES;RECR11;REUTERS;RECR11;;;-;;REAL;;SIM;;;;;OPC
ACOES;RECR11;REUTERS;RECR11 Máximo;;;-;;REAL;;SIM;;;;;OPC
ACOES;RECV3;REUTERS;RECV3 Mínimo;;;-;;REAL;;SIM;;;;;OPC
ACOES;RECV3;REUTERS;RECV3 Máximo;;;-;;REAL;;SIM;;;;;OPC
ACOES;RECV3;REUTERS;RECV3;;;-;;REAL;;SIM;;;;;OPC
ACOES;RENT3;REUTERS;RENT3;;;OUTROS;;REAL;;SIM;;;;;COE
ACOES;RENT3;REUTERS;RENT3 Minimo;;;OUTROS;;REAL;;SIM;;;;;COE
ACOES;RENT3;REUTERS;RENT3 Minimo;;;OUTROS;;REAL;;SIM;;;;;OPC
ACOES;RENT3;REUTERS;RENT3 Maximo;;;OUTROS;;REAL;;SIM;;;;;COE
ACOES;RENT3;REUTERS;RENT3 Maximo;;;OUTROS;;REAL;;SIM;;;;;OPC
ACOES;RENT3;REUTERS;RENT3;;;OUTROS;;REAL;;SIM;;;;;OPC
ACOES;RENT4;REUTERS;RENT4 Mínimo;;;-;;REAL;;SIM;;;;;OPC
ACOES;RENT4;REUTERS;RENT4 Mínimo;;;-;;REAL;;SIM;;;;;COE
ACOES;RENT4;REUTERS;RENT4 Máximo;;;-;;REAL;;SIM;;;;;OPC
ACOES;RENT4;REUTERS;RENT4 Máximo;;;-;;REAL;;SIM;;;;;COE
ACOES;RENT4;REUTERS;RENT4;;;-;;REAL;;SIM;;;;;COE
ACOES;RENT4;REUTERS;RENT4;;;-;;REAL;;SIM;;;;;OPC
ACOES;RIAA3;REUTERS;RIAA3;;;-;;REAL;;SIM;;;;;COE
ACOES;RIAA3;REUTERS;RIAA3;;;-;;REAL;;SIM;;;;;OPC
ACOES;RIAA3;REUTERS;RIAA3 Mínimo;;;-;;REAL;;SIM;;;;;OPC
ACOES;RIAA3;REUTERS;RIAA3 Máximo;;;-;;REAL;;SIM;;;;;OPC
ACOES;RIAA3;REUTERS;RIAA3 Mínimo;;;-;;REAL;;SIM;;;;;COE
ACOES;RIAA3;REUTERS;RIAA3 Máximo;;;-;;REAL;;SIM;;;;;COE
ACOES;RIOT34;REUTERS;RIOT34 Máximo;;;-;;REAL;;SIM;;;;;OPC
ACOES;RIOT34;REUTERS;RIOT34 Mínimo;;;-;;REAL;;SIM;;;;;COE
ACOES;RIOT34;REUTERS;RIOT34 Mínimo;;;-;;REAL;;SIM;;;;;OPC
ACOES;RIOT34;REUTERS;RIOT34;;;-;;REAL;;SIM;;;;;COE
ACOES;RIOT34;REUTERS;RIOT34;;;-;;REAL;;SIM;;;;;OPC
ACOES;RIOT34;REUTERS;RIOT34 Máximo;;;-;;REAL;;SIM;;;;;COE
ACOES;ROMI3;REUTERS;ROMI3;;;-;;REAL;;SIM;;;;;OPC
ACOES;ROMI3;REUTERS;ROMI3 Máximo;;;-;;REAL;;SIM;;;;;OPC
ACOES;ROMI3;REUTERS;ROMI3 Mínimo;;;-;;REAL;;SIM;;;;;OPC
ACOES;ROXO34;REUTERS;ROXO34 Mínimo;;;-;;REAL;;SIM;;;;;COE
ACOES;ROXO34;REUTERS;ROXO34 Mínimo;;;-;;REAL;;SIM;;;;;OPC
ACOES;ROXO34;REUTERS;ROXO34 Máximo;;;-;;REAL;;SIM;;;;;OPC
ACOES;ROXO34;REUTERS;ROXO34 Máximo;;;-;;REAL;;SIM;;;;;COE
ACOES;ROXO34;REUTERS;ROXO34;;;-;;REAL;;SIM;;;;;COE
ACOES;ROXO34;REUTERS;ROXO34;;;-;;REAL;;SIM;;;;;OPC
ACOES;RRRP3;REUTERS;RRRP3 Mínimo;;;-;;REAL;;SIM;;;;;OPC
ACOES;RRRP3;REUTERS;RRRP3 Máximo;;;-;;REAL;;SIM;;;;;OPC
ACOES;RRRP3;REUTERS;RRRP3;;;-;;REAL;;SIM;;;;;OPC
ACOES;RURA11;REUTERS;RURA11 Máximo;;;-;;REAL;;SIM;;;;;COE
ACOES;RURA11;REUTERS;RURA11;;;-;;REAL;;SIM;;;;;OPC
ACOES;RURA11;REUTERS;RURA11;;;-;;REAL;;SIM;;;;;COE
ACOES;RURA11;REUTERS;RURA11 Mínimo;;;-;;REAL;;SIM;;;;;OPC
ACOES;RURA11;REUTERS;RURA11 Mínimo;;;-;;REAL;;SIM;;;;;COE
ACOES;RURA11;REUTERS;RURA11 Máximo;;;-;;REAL;;SIM;;;;;OPC
ACOES;RVBI11;REUTERS;RVBI11;;;-;;REAL;;SIM;;;;;OPC
ACOES;RVBI11;REUTERS;RVBI11 Máximo;;;-;;REAL;;SIM;;;;;OPC
ACOES;RVBI11;REUTERS;RVBI11 Mínimo;;;-;;REAL;;SIM;;;;;OPC
ACOES;RZAK11;REUTERS;RZAK11;;;-;;REAL;;SIM;;;;;OPC
ACOES;RZAK11;REUTERS;RZAK11 Mínimo;;;-;;REAL;;SIM;;;;;OPC
ACOES;RZAK11;REUTERS;RZAK11 Máximo;;;-;;REAL;;SIM;;;;;OPC
ACOES;RZTR11;REUTERS;RZTR11;;;-;;REAL;;SIM;;;;;OPC
ACOES;RZTR11;REUTERS;RZTR11 Máximo;;;-;;REAL;;SIM;;;;;OPC
ACOES;RZTR11;REUTERS;RZTR11 Mínimo;;;-;;REAL;;SIM;;;;;OPC
ACOES;SANB11;REUTERS;SANB11 Mínimo;;;OUTROS;;REAL;;SIM;;;;;OPC
ACOES;SANB11;REUTERS;SANB11 Mínimo;;;OUTROS;;REAL;;SIM;;;;;COE
ACOES;SANB11;REUTERS;SANB11;;;OUTROS;;REAL;;SIM;;;;;OPC
ACOES;SANB11;REUTERS;SANB11;;;OUTROS;;REAL;;SIM;;;;;COE
ACOES;SANB11;REUTERS;SANB11 Máximo;;;OUTROS;;REAL;;SIM;;;;;OPC
ACOES;SANB11;REUTERS;SANB11 Máximo;;;OUTROS;;REAL;;SIM;;;;;COE
ACOES;SANB3;REUTERS;SANB3 Máximo;;;-;;REAL;;SIM;;;;;OPC
ACOES;SANB3;REUTERS;SANB3;;;-;;REAL;;SIM;;;;;OPC
ACOES;SANB3;REUTERS;SANB3 Mínimo;;;-;;REAL;;SIM;;;;;OPC
ACOES;SANB4;REUTERS;SANB4;;;-;;REAL;;SIM;;;;;OPC
ACOES;SANB4;REUTERS;SANB4 Mínimo;;;-;;REAL;;SIM;;;;;OPC
ACOES;SANB4;REUTERS;SANB4 Máximo;;;-;;REAL;;SIM;;;;;OPC
ACOES;SAPR11;REUTERS;SAPR11 Máximo;;;-;;REAL;;SIM;;;;;COE
ACOES;SAPR11;REUTERS;SAPR11 Mínimo;;;-;;REAL;;SIM;;;;;OPC
ACOES;SAPR11;REUTERS;SAPR11 Máximo;;;-;;REAL;;SIM;;;;;OPC
ACOES;SAPR11;REUTERS;SAPR11;;;-;;REAL;;SIM;;;;;OPC
ACOES;SAPR11;REUTERS;SAPR11 Mínimo;;;-;;REAL;;SIM;;;;;COE
ACOES;SAPR11;REUTERS;SAPR11;;;-;;REAL;;SIM;;;;;COE
ACOES;SAPR3;REUTERS;SAPR3 Mínimo;;;-;;REAL;;SIM;;;;;OPC
ACOES;SAPR3;REUTERS;SAPR3;;;-;;REAL;;SIM;;;;;OPC
ACOES;SAPR3;REUTERS;SAPR3 Máximo;;;-;;REAL;;SIM;;;;;OPC
ACOES;SAPR4;REUTERS;SAPR4;;;-;;REAL;;SIM;;;;;OPC
ACOES;SAPR4;REUTERS;SAPR4 Máximo;;;-;;REAL;;SIM;;;;;OPC
ACOES;SAPR4;REUTERS;SAPR4 Mínimo;;;-;;REAL;;SIM;;;;;OPC
ACOES;SBFG3;REUTERS;SBFG3;;;-;;REAL;;SIM;;;;;COE
ACOES;SBFG3;REUTERS;SBFG3;;;-;;REAL;;SIM;;;;;OPC
ACOES;SBFG3;REUTERS;SBFG3 Máximo;;;-;;REAL;;SIM;;;;;COE
ACOES;SBFG3;REUTERS;SBFG3 Máximo;;;-;;REAL;;SIM;;;;;OPC
ACOES;SBFG3;REUTERS;SBFG3 Mínimo;;;-;;REAL;;SIM;;;;;COE
ACOES;SBFG3;REUTERS;SBFG3 Mínimo;;;-;;REAL;;SIM;;;;;OPC
ACOES;SBSP3;REUTERS;SBSP3;;;OUTROS;;REAL;;SIM;;;;;COE
ACOES;SBSP3;REUTERS;SBSP3;;;OUTROS;;REAL;;SIM;;;;;OPC
ACOES;SBSP3;REUTERS;SBSP3 Máximo;;;OUTROS;;REAL;;SIM;;;;;COE
ACOES;SBSP3;REUTERS;SBSP3 Máximo;;;OUTROS;;REAL;;SIM;;;;;OPC
ACOES;SBSP3;REUTERS;SBSP3 Mínimo;;;OUTROS;;REAL;;SIM;;;;;COE
ACOES;SBSP3;REUTERS;SBSP3 Mínimo;;;OUTROS;;REAL;;SIM;;;;;OPC
ACOES;SCVB11;REUTERS;SCVB11;;;-;;REAL;;SIM;;;;;OPC
ACOES;SCVB11;REUTERS;SCVB11;;;-;;REAL;;SIM;;;;;COE
ACOES;SCVB11 BS;REUTERS;SCVB11 BS;;;-;;REAL;;SIM;;;;;COE
ACOES;SEER3;REUTERS;SEER3 Máximo;;;-;;REAL;;SIM;;;;;COE
ACOES;SEER3;REUTERS;SEER3;;;-;;REAL;;SIM;;;;;OPC
ACOES;SEER3;REUTERS;SEER3 Mínimo;;;-;;REAL;;SIM;;;;;COE
ACOES;SEER3;REUTERS;SEER3 Mínimo;;;-;;REAL;;SIM;;;;;OPC
ACOES;SEER3;REUTERS;SEER3 Máximo;;;-;;REAL;;SIM;;;;;OPC
ACOES;SEER3;REUTERS;SEER3;;;-;;REAL;;SIM;;;;;COE
ACOES;SEQL3;REUTERS;SEQL3 Máximo;;;-;;REAL;;SIM;;;;;OPC
ACOES;SEQL3;REUTERS;SEQL3 Mínimo;;;-;;REAL;;SIM;;;;;OPC
ACOES;SEQL3;REUTERS;SEQL3;;;-;;REAL;;SIM;;;;;OPC
ACOES;SHUL4;REUTERS;SHUL4 Máximo;;;-;;REAL;;SIM;;;;;OPC
ACOES;SHUL4;REUTERS;SHUL4 Mínimo;;;-;;REAL;;SIM;;;;;OPC
ACOES;SHUL4;REUTERS;SHUL4;;;-;;REAL;;SIM;;;;;OPC
ACOES;SIMH3;REUTERS;SIMH3;;;-;;REAL;;SIM;;;;;OPC
ACOES;SIMH3;REUTERS;SIMH3 Mínimo;;;-;;REAL;;SIM;;;;;OPC
ACOES;SIMH3;REUTERS;SIMH3 Máximo;;;-;;REAL;;SIM;;;;;COE
ACOES;SIMH3;REUTERS;SIMH3 Máximo;;;-;;REAL;;SIM;;;;;OPC
ACOES;SIMH3;REUTERS;SIMH3;;;-;;REAL;;SIM;;;;;COE
ACOES;SIMH3;REUTERS;SIMH3 Mínimo;;;-;;REAL;;SIM;;;;;COE
ACOES;SIMN34;REUTERS;SIMN34 Máximo;;;-;;REAL;;SIM;;;;;OPC
ACOES;SIMN34;REUTERS;SIMN34 Mínimo;;;-;;REAL;;SIM;;;;;OPC
ACOES;SIMN34;REUTERS;SIMN34;;;-;;REAL;;SIM;;;;;OPC
ACOES;SLCE3;REUTERS;SLCE3;;;-;;REAL;;SIM;;;;;SWAP
ACOES;SLCE3;REUTERS;SLCE3;;;-;;REAL;;SIM;;;;;COE
ACOES;SLCE3;REUTERS;SLCE3;;;-;;REAL;;SIM;;;;;OPC
ACOES;SLCE3;REUTERS;SLCE3 Mínimo;;;-;;REAL;;SIM;;;;;SWAP
ACOES;SLCE3;REUTERS;SLCE3 Máximo;;;-;;REAL;;SIM;;;;;OPC
ACOES;SLCE3;REUTERS;SLCE3 Mínimo;;;-;;REAL;;SIM;;;;;OPC
ACOES;SLCE3;REUTERS;SLCE3 Máximo;;;-;;REAL;;SIM;;;;;SWAP
ACOES;SLCE3;REUTERS;SLCE3 Máximo;;;-;;REAL;;SIM;;;;;COE
ACOES;SLCE3;REUTERS;SLCE3 Mínimo;;;-;;REAL;;SIM;;;;;COE
ACOES;SMAB11;REUTERS;SMAB11;;;-;;REAL;;SIM;;;;;OPC
ACOES;SMAB11;REUTERS;SMAB11 Máximo;;;-;;REAL;;SIM;;;;;OPC
ACOES;SMAB11;REUTERS;SMAB11 Mínimo;;;-;;REAL;;SIM;;;;;OPC
ACOES;SMAC11;REUTERS;SMAC11;;;-;;REAL;;SIM;;;;;COE
ACOES;SMAC11;REUTERS;SMAC11;;;-;;REAL;;SIM;;;;;OPC
ACOES;SMAC11;REUTERS;SMAC11 Máximo;;;-;;REAL;;SIM;;;;;COE
ACOES;SMAC11;REUTERS;SMAC11 Máximo;;;-;;REAL;;SIM;;;;;OPC
ACOES;SMAC11;REUTERS;SMAC11 Mínimo;;;-;;REAL;;SIM;;;;;COE
ACOES;SMAC11;REUTERS;SMAC11 Mínimo;;;-;;REAL;;SIM;;;;;OPC
ACOES;SMAL11;REUTERS;SMAL11 Máximo;;;OUTROS;;REAL;;SIM;;;;;OPC
ACOES;SMAL11;REUTERS;SMAL11;;;OUTROS;;REAL;;SIM;;;;;OPC
ACOES;SMAL11;REUTERS;SMAL11;;;OUTROS;;REAL;;SIM;;;;;COE
ACOES;SMAL11;REUTERS;SMAL11 Mínimo;;;OUTROS;;REAL;;SIM;;;;;OPC
ACOES;SMAL11;REUTERS;SMAL11 Mínimo;;;OUTROS;;REAL;;SIM;;;;;COE
ACOES;SMAL11;REUTERS;SMAL11 Máximo;;;OUTROS;;REAL;;SIM;;;;;COE
ACOES;SMFT3;BLOOMBERG;SMFT3 Máximo;;;-;;REAL;;SIM;;;;;COE
ACOES;SMFT3;BLOOMBERG;SMFT3 Máximo;;;-;;REAL;;SIM;;;;;OPC
ACOES;SMFT3;BLOOMBERG;SMFT3 Mínimo;;;-;;REAL;;SIM;;;;;OPC
ACOES;SMFT3;BLOOMBERG;SMFT3 Mínimo;;;-;;REAL;;SIM;;;;;COE
ACOES;SMFT3;BLOOMBERG;SMFT3;;;-;;REAL;;SIM;;;;;COE
ACOES;SMFT3;BLOOMBERG;SMFT3;;;-;;REAL;;SIM;;;;;OPC
ACOES;SMTO3;REUTERS;SMTO3;;;OUTROS;;REAL;;SIM;;;;;OPC
ACOES;SMTO3;REUTERS;SMTO3;;;OUTROS;;REAL;;SIM;;;;;COE
ACOES;SMTO3;REUTERS;SMTO3 Minimo;;;OUTROS;;REAL;;SIM;;;;;OPC
ACOES;SMTO3;REUTERS;SMTO3 Minimo;;;OUTROS;;REAL;;SIM;;;;;COE
ACOES;SMTO3;REUTERS;SMTO3 Maximo;;;OUTROS;;REAL;;SIM;;;;;OPC
ACOES;SMTO3;REUTERS;SMTO3 Maximo;;;OUTROS;;REAL;;SIM;;;;;COE
ACOES;SNCI11;REUTERS;SNCI11;;;-;;REAL;;SIM;;;;;COE
ACOES;SNCI11;REUTERS;SNCI11;;;-;;REAL;;SIM;;;;;OPC
ACOES;SNCI11;REUTERS;SNCI11 Mínimo;;;-;;REAL;;SIM;;;;;OPC
ACOES;SNCI11;REUTERS;SNCI11 Máximo;;;-;;REAL;;SIM;;;;;OPC
ACOES;SNCI11;REUTERS;SNCI11 Mínimo;;;-;;REAL;;SIM;;;;;COE
ACOES;SNCI11;REUTERS;SNCI11 Máximo;;;-;;REAL;;SIM;;;;;COE
ACOES;SOJA3;REUTERS;SOJA3;;;-;;REAL;;SIM;;;;;OPC
ACOES;SOJA3;REUTERS;SOJA3 Máximo;;;-;;REAL;;SIM;;;;;OPC
ACOES;SOJA3;REUTERS;SOJA3 Mínimo;;;-;;REAL;;SIM;;;;;OPC
ACOES;SOLH11;REUTERS;SOLH11 Máximo;;;-;;REAL;;SIM;;;;;OPC
ACOES;SOLH11;REUTERS;SOLH11 Mínimo;;;-;;REAL;;SIM;;;;;OPC
ACOES;SOLH11;REUTERS;SOLH11;;;-;;REAL;;SIM;;;;;OPC
ACOES;SOMA3;REUTERS;SOMA3;;;-;;REAL;;SIM;;;;;COE
ACOES;SOMA3;REUTERS;SOMA3 Mínimo;;;-;;REAL;;SIM;;;;;COE
ACOES;SOMA3;REUTERS;SOMA3 Máximo;;;-;;REAL;;SIM;;;;;COE
ACOES;SOMA3_NC;REUTERS;SOMA3_NC;;;-;;REAL;;NÃO;;;;;COE
ACOES;SPBZ11;REUTERS;SPBZ11;;;-;;REAL;;SIM;;;;;OPC
ACOES;SPBZ11;REUTERS;SPBZ11 Máximo;;;-;;REAL;;SIM;;;;;OPC
ACOES;SPBZ11;REUTERS;SPBZ11 Mínimo;;;-;;REAL;;SIM;;;;;OPC
ACOES;SPCX34;REUTERS;SPCX34 Máximo;;;-;;REAL;;SIM;;;;;OPC
ACOES;SPCX34;REUTERS;SPCX34;;;-;;REAL;;SIM;;;;;COE
ACOES;SPCX34;REUTERS;SPCX34 Mínimo;;;-;;REAL;;SIM;;;;;OPC
ACOES;SPCX34;REUTERS;SPCX34 Mínimo;;;-;;REAL;;SIM;;;;;COE
ACOES;SPCX34;REUTERS;SPCX34 Máximo;;;-;;REAL;;SIM;;;;;COE
ACOES;SPCX34;REUTERS;SPCX34;;;-;;REAL;;SIM;;;;;OPC
ACOES;SPXB11;REUTERS;SPXB11 Mínimo;;;-;;REAL;;SIM;;;;;COE
ACOES;SPXB11;REUTERS;SPXB11;;;-;;REAL;;SIM;;;;;OPC
ACOES;SPXB11;REUTERS;SPXB11;;;-;;REAL;;SIM;;;;;COE
ACOES;SPXB11;REUTERS;SPXB11 Máximo;;;-;;REAL;;SIM;;;;;COE
ACOES;SPXB11;REUTERS;SPXB11 Mínimo;;;-;;REAL;;SIM;;;;;OPC
ACOES;SPXB11;REUTERS;SPXB11 Máximo;;;-;;REAL;;SIM;;;;;OPC
ACOES;SPXI11;REUTERS;SPXI11 Máximo;;;-;;REAL;;SIM;;;;;OPC
ACOES;SPXI11;REUTERS;SPXI11 Máximo;;;-;;REAL;;SIM;;;;;COE
ACOES;SPXI11;REUTERS;SPXI11 Mínimo;;;-;;REAL;;SIM;;;;;COE
ACOES;SPXI11;REUTERS;SPXI11;;;-;;REAL;;SIM;;;;;OPC
ACOES;SPXI11;REUTERS;SPXI11;;;-;;REAL;;SIM;;;;;COE
ACOES;SPXI11;REUTERS;SPXI11 Mínimo;;;-;;REAL;;SIM;;;;;OPC
ACOES;SPXR11;REUTERS;SPXR11;;;-;;REAL;;SIM;;;;;TER
ACOES;SPXR11;REUTERS;SPXR11;;;-;;REAL;;SIM;;;;;OPC
ACOES;SQIA3;REUTERS;SQIA3;;;-;;REAL;;SIM;;;;;COE
ACOES;SQIA3;REUTERS;SQIA3 Mínimo;;;-;;REAL;;SIM;;;;;COE
ACOES;SQIA3;REUTERS;SQIA3 Máximo;;;-;;REAL;;SIM;;;;;COE
ACOES;SRNA3;REUTERS;SRNA3;;;-;;REAL;;SIM;;;;;SWAP
ACOES;SRNA3;REUTERS;SRNA3 Mínimo;;;-;;REAL;;SIM;;;;;SWAP
ACOES;SRNA3;REUTERS;SRNA3 Máximo;;;-;;REAL;;SIM;;;;;SWAP
ACOES;STBP3;REUTERS;STBP3;;;-;;REAL;;SIM;;;;;SWAP
ACOES;STBP3;REUTERS;STBP3;;;-;;REAL;;SIM;;;;;COE
ACOES;STBP3;REUTERS;STBP3;;;-;;REAL;;SIM;;;;;OPC
ACOES;STBP3;REUTERS;STBP3 Mínimo;;;-;;REAL;;SIM;;;;;SWAP
ACOES;STBP3;REUTERS;STBP3 Máximo;;;-;;REAL;;SIM;;;;;OPC
ACOES;STBP3;REUTERS;STBP3 Mínimo;;;-;;REAL;;SIM;;;;;OPC
ACOES;STBP3;REUTERS;STBP3 Máximo;;;-;;REAL;;SIM;;;;;SWAP
ACOES;STBP3;REUTERS;STBP3 Máximo;;;-;;REAL;;SIM;;;;;COE
ACOES;STBP3;REUTERS;STBP3 Mínimo;;;-;;REAL;;SIM;;;;;COE
ACOES;SUZB3;REUTERS;SUZB3 Máximo;;;-;;REAL;;SIM;;;;;COE
ACOES;SUZB3;REUTERS;SUZB3 Mínimo;;;-;;REAL;;SIM;;;;;OPC
ACOES;SUZB3;REUTERS;SUZB3 Mínimo;;;-;;REAL;;SIM;;;;;COE
ACOES;SUZB3;REUTERS;SUZB3;;;-;;REAL;;SIM;;;;;COE
ACOES;SUZB3;REUTERS;SUZB3;;;-;;REAL;;SIM;;;;;OPC
ACOES;SUZB3;REUTERS;SUZB3 Máximo;;;-;;REAL;;SIM;;;;;OPC
ACOES;SUZB5;REUTERS;SUZB5 Mínimo;;;OUTROS;;REAL;;SIM;;;;;COE
ACOES;SUZB5;REUTERS;SUZB5;;;OUTROS;;REAL;;SIM;;;;;COE
ACOES;SUZB5;REUTERS;SUZB5 Máximo;;;OUTROS;;REAL;;SIM;;;;;COE
ACOES;SYNE3;REUTERS;SYNE3;;;-;;REAL;;SIM;;;;;OPC
ACOES;SYNE3;REUTERS;SYNE3 Mínimo;;;-;;REAL;;SIM;;;;;OPC
ACOES;SYNE3;REUTERS;SYNE3 Máximo;;;-;;REAL;;SIM;;;;;OPC
ACOES;S1PO34;REUTERS;S1PO34;;;-;;REAL;;SIM;;;;;COE
ACOES;S1PO34;REUTERS;S1PO34;;;-;;REAL;;SIM;;;;;OPC
ACOES;S1PO34;REUTERS;S1PO34 Mínimo;;;-;;REAL;;SIM;;;;;OPC
ACOES;S1PO34;REUTERS;S1PO34 Máximo;;;-;;REAL;;SIM;;;;;OPC
ACOES;S1PO34;REUTERS;S1PO34 Mínimo;;;-;;REAL;;SIM;;;;;COE
ACOES;S1PO34;REUTERS;S1PO34 Máximo;;;-;;REAL;;SIM;;;;;COE
ACOES;TAEE11;REUTERS;TAEE11 Máximo;;;OUTROS;;REAL;;SIM;;;;;OPC
ACOES;TAEE11;REUTERS;TAEE11 Máximo;;;OUTROS;;REAL;;SIM;;;;;COE
ACOES;TAEE11;REUTERS;TAEE11 Mínimo;;;OUTROS;;REAL;;SIM;;;;;COE
ACOES;TAEE11;REUTERS;TAEE11;;;OUTROS;;REAL;;SIM;;;;;OPC
ACOES;TAEE11;REUTERS;TAEE11;;;OUTROS;;REAL;;SIM;;;;;COE
ACOES;TAEE11;REUTERS;TAEE11 Mínimo;;;OUTROS;;REAL;;SIM;;;;;OPC
ACOES;TAEE3;REUTERS;TAEE3;;;-;;REAL;;SIM;;;;;OPC
ACOES;TAEE3;REUTERS;TAEE3 Máximo;;;-;;REAL;;SIM;;;;;OPC
ACOES;TAEE3;REUTERS;TAEE3 Mínimo;;;-;;REAL;;SIM;;;;;OPC
ACOES;TAEE4;REUTERS;TAEE4 Máximo;;;-;;REAL;;SIM;;;;;OPC
ACOES;TAEE4;REUTERS;TAEE4;;;-;;REAL;;SIM;;;;;OPC
ACOES;TAEE4;REUTERS;TAEE4 Mínimo;;;-;;REAL;;SIM;;;;;OPC
ACOES;TASA4;REUTERS;TASA4 Mínimo;;;-;;REAL;;SIM;;;;;OPC
ACOES;TASA4;REUTERS;TASA4;;;-;;REAL;;SIM;;;;;OPC
ACOES;TASA4;REUTERS;TASA4 Máximo;;;-;;REAL;;SIM;;;;;OPC
ACOES;TD6011;REUTERS;TD6011 Máximo;;;-;;REAL;;SIM;;;;;OPC
ACOES;TD6011;REUTERS;TD6011 Mínimo;;;-;;REAL;;SIM;;;;;COE
ACOES;TD6011;REUTERS;TD6011 Máximo;;;-;;REAL;;SIM;;;;;COE
ACOES;TD6011;REUTERS;TD6011;;;-;;REAL;;SIM;;;;;COE
ACOES;TD6011;REUTERS;TD6011;;;-;;REAL;;SIM;;;;;OPC
ACOES;TD6011;REUTERS;TD6011 Mínimo;;;-;;REAL;;SIM;;;;;OPC
ACOES;TECK11;REUTERS;TECK11;;;-;;REAL;;SIM;;;;;TER
ACOES;TECK11;REUTERS;TECK11;;;-;;REAL;;SIM;;;;;OPC
ACOES;TECK11;REUTERS;TECK11 Máximo;;;-;;REAL;;SIM;;;;;TER
ACOES;TECK11;REUTERS;TECK11 Máximo;;;-;;REAL;;SIM;;;;;OPC
ACOES;TECK11;REUTERS;TECK11 Mínimo;;;-;;REAL;;SIM;;;;;TER
ACOES;TECK11;REUTERS;TECK11 Mínimo;;;-;;REAL;;SIM;;;;;OPC
ACOES;TEND3;REUTERS;TEND3;;;-;;REAL;;SIM;;;;;OPC
ACOES;TEND3;REUTERS;TEND3 Mínimo;;;-;;REAL;;SIM;;;;;OPC
ACOES;TEND3;REUTERS;TEND3 Máximo;;;-;;REAL;;SIM;;;;;OPC
ACOES;TFCO4;REUTERS;TFCO4;;;-;;REAL;;SIM;;;;;COE
ACOES;TFCO4;REUTERS;TFCO4;;;-;;REAL;;SIM;;;;;OPC
ACOES;TFCO4;REUTERS;TFCO4 Máximo;;;-;;REAL;;SIM;;;;;OPC
ACOES;TFCO4;REUTERS;TFCO4 Mínimo;;;-;;REAL;;SIM;;;;;OPC
ACOES;TFCO4;REUTERS;TFCO4 Máximo;;;-;;REAL;;SIM;;;;;COE
ACOES;TFCO4;REUTERS;TFCO4 Mínimo;;;-;;REAL;;SIM;;;;;COE
ACOES;TGAR11;REUTERS;TGAR11;;;-;;REAL;;SIM;;;;;OPC
ACOES;TIET11;REUTERS;TIET11 Máximo;;;-;;REAL;;SIM;;;;;COE
ACOES;TIET11;REUTERS;TIET11;;;-;;REAL;;SIM;;;;;COE
ACOES;TIET11;REUTERS;TIET11 Mínimo;;;-;;REAL;;SIM;;;;;COE
ACOES;TIMP3;OUTROS;MAGG3___X;;;OUTROS;;REAL;;SIM;;;;;COE
ACOES;TIMS3;REUTERS;TIMS3 Maximo;;;OUTROS;;REAL;;SIM;;;;;OPC
ACOES;TIMS3;REUTERS;TIMS3 Minimo;;;OUTROS;;REAL;;SIM;;;;;OPC
ACOES;TIMS3;REUTERS;TIMS3 Minimo;;;OUTROS;;REAL;;SIM;;;;;COE
ACOES;TIMS3;REUTERS;TIMS3;;;OUTROS;;REAL;;SIM;;;;;OPC
ACOES;TIMS3;REUTERS;TIMS3;;;OUTROS;;REAL;;SIM;;;;;COE
ACOES;TIMS3;REUTERS;TIMS3 Maximo;;;OUTROS;;REAL;;SIM;;;;;COE
ACOES;TOTS3;REUTERS;TOTS3;;;-;;REAL;;SIM;;;;;COE
ACOES;TOTS3;REUTERS;TOTS3;;;-;;REAL;;SIM;;;;;OPC
ACOES;TOTS3;REUTERS;TOTS3 Máximo;;;-;;REAL;;SIM;;;;;OPC
ACOES;TOTS3;REUTERS;TOTS3 Mínimo;;;-;;REAL;;SIM;;;;;OPC
ACOES;TOTS3;REUTERS;TOTS3 Máximo;;;-;;REAL;;SIM;;;;;COE
ACOES;TOTS3;REUTERS;TOTS3 Mínimo;;;-;;REAL;;SIM;;;;;COE
ACOES;TRIG11;REUTERS;TRIG11 Mínimo;;;-;;REAL;;SIM;;;;;COE
ACOES;TRIG11;REUTERS;TRIG11 Máximo;;;-;;REAL;;SIM;;;;;COE
ACOES;TRIG11;REUTERS;TRIG11;;;-;;REAL;;SIM;;;;;COE
ACOES;TRIS3;REUTERS;TRIS3 Mínimo;;;-;;REAL;;SIM;;;;;OPC
ACOES;TRIS3;REUTERS;TRIS3 Mínimo;;;-;;REAL;;SIM;;;;;COE
ACOES;TRIS3;REUTERS;TRIS3 Máximo;;;-;;REAL;;SIM;;;;;OPC
ACOES;TRIS3;REUTERS;TRIS3 Máximo;;;-;;REAL;;SIM;;;;;COE
ACOES;TRIS3;REUTERS;TRIS3;;;-;;REAL;;SIM;;;;;COE
ACOES;TRIS3;REUTERS;TRIS3;;;-;;REAL;;SIM;;;;;OPC
ACOES;TRPL4;REUTERS;TRPL4 Máximo;;;OUTROS;;REAL;;SIM;;;;;COE
ACOES;TRPL4;REUTERS;TRPL4 Mínimo;;;OUTROS;;REAL;;SIM;;;;;COE
ACOES;TRPL4;REUTERS;TRPL4;;;OUTROS;;REAL;;SIM;;;;;COE
ACOES;TRXB11;REUTERS;TRXB11;;;-;;REAL;;SIM;;;;;OPC
ACOES;TRXB11;REUTERS;TRXB11;;;-;;REAL;;SIM;;;;;COE
ACOES;TRXB11;REUTERS;TRXB11 Mínimo;;;-;;REAL;;SIM;;;;;COE
ACOES;TRXB11;REUTERS;TRXB11 Máximo;;;-;;REAL;;SIM;;;;;OPC
ACOES;TRXB11;REUTERS;TRXB11 Mínimo;;;-;;REAL;;SIM;;;;;OPC
ACOES;TRXB11;REUTERS;TRXB11 Máximo;;;-;;REAL;;SIM;;;;;COE
ACOES;TRXF11;REUTERS;TRXF11;;;-;;REAL;;SIM;;;;;OPC
ACOES;TRXF11;REUTERS;TRXF11;;;-;;REAL;;SIM;;;;;COE
ACOES;TSLA34;REUTERS;TSLA34;;;-;;REAL;;SIM;;;;;OPC
ACOES;TSLA34;REUTERS;TSLA34 Máximo;;;-;;REAL;;SIM;;;;;OPC
ACOES;TSLA34;REUTERS;TSLA34 Mínimo;;;-;;REAL;;SIM;;;;;OPC
ACOES;TSMC34;REUTERS;TSMC34 Mínimo;;;-;;REAL;;SIM;;;;;OPC
ACOES;TSMC34;REUTERS;TSMC34;;;-;;REAL;;SIM;;;;;OPC
ACOES;TSMC34;REUTERS;TSMC34 Máximo;;;-;;REAL;;SIM;;;;;OPC
ACOES;TTEN3;REUTERS;TTEN3;;;-;;REAL;;SIM;;;;;OPC
ACOES;TTEN3;REUTERS;TTEN3 Mínimo;;;-;;REAL;;SIM;;;;;OPC
ACOES;TTEN3;REUTERS;TTEN3 Máximo;;;-;;REAL;;SIM;;;;;OPC
ACOES;TUPY3;REUTERS;TUPY3;;;-;;REAL;;SIM;;;;;OPC
ACOES;TUPY3;REUTERS;TUPY3 Mínimo;;;-;;REAL;;SIM;;;;;OPC
ACOES;TUPY3;REUTERS;TUPY3 Máximo;;;-;;REAL;;SIM;;;;;OPC
ACOES;TVRI11;REUTERS;TVRI11;;;-;;REAL;;SIM;;;;;OPC
ACOES;TVRI11;REUTERS;TVRI11 Mínimo;;;-;;REAL;;SIM;;;;;OPC
ACOES;TVRI11;REUTERS;TVRI11 Máximo;;;-;;REAL;;SIM;;;;;OPC
ACOES;T1TW34;REUTERS;T1TW34;;;-;;REAL;;SIM;;;;;OPC
ACOES;T1TW34;REUTERS;T1TW34 Mínimo;;;-;;REAL;;SIM;;;;;OPC
ACOES;T1TW34;REUTERS;T1TW34 Máximo;;;-;;REAL;;SIM;;;;;OPC
ACOES;UGPA3;REUTERS;UGPA3 Mínimo;;;OUTROS;;REAL;;SIM;;;;;COE
ACOES;UGPA3;REUTERS;UGPA3;;;OUTROS;;REAL;;SIM;;;;;COE
ACOES;UGPA3;REUTERS;UGPA3 Máximo;;;OUTROS;;REAL;;SIM;;;;;OPC
ACOES;UGPA3;REUTERS;UGPA3 Máximo;;;OUTROS;;REAL;;SIM;;;;;COE
ACOES;UGPA3;REUTERS;UGPA3 Mínimo;;;OUTROS;;REAL;;SIM;;;;;OPC
ACOES;UGPA3;REUTERS;UGPA3;;;OUTROS;;REAL;;SIM;;;;;OPC
ACOES;UNIP6;REUTERS;UNIP6;;;-;;REAL;;SIM;;;;;OPC
ACOES;UNIP6;REUTERS;UNIP6 Máximo;;;-;;REAL;;SIM;;;;;OPC
ACOES;UNIP6;REUTERS;UNIP6 Mínimo;;;-;;REAL;;SIM;;;;;OPC
ACOES;USIM5;REUTERS;USIM5;;;OUTROS;;REAL;;SIM;;;;;OPC
ACOES;USIM5;REUTERS;USIM5;;;OUTROS;;REAL;;SIM;;;;;COE
ACOES;USIM5;REUTERS;USIM5 Máximo;;;OUTROS;;REAL;;SIM;;;;;OPC
ACOES;USIM5;REUTERS;USIM5 Máximo;;;OUTROS;;REAL;;SIM;;;;;COE
ACOES;USIM5;REUTERS;USIM5 Mínimo;;;OUTROS;;REAL;;SIM;;;;;OPC
ACOES;USIM5;REUTERS;USIM5 Mínimo;;;OUTROS;;REAL;;SIM;;;;;COE
ACOES;UTEC11;REUTERS;UTEC11;;;-;;REAL;;SIM;;;;;TER
ACOES;UTEC11;REUTERS;UTEC11 Mínimo;;;-;;REAL;;SIM;;;;;OPC
ACOES;UTEC11;REUTERS;UTEC11 Mínimo;;;-;;REAL;;SIM;;;;;TER
ACOES;UTEC11;REUTERS;UTEC11 Máximo;;;-;;REAL;;SIM;;;;;OPC
ACOES;UTEC11;REUTERS;UTEC11 Máximo;;;-;;REAL;;SIM;;;;;TER
ACOES;UTEC11;REUTERS;UTEC11;;;-;;REAL;;SIM;;;;;OPC
ACOES;UTLL11;REUTERS;UTLL11 Mínimo;;;-;;REAL;;SIM;;;;;COE
ACOES;UTLL11;REUTERS;UTLL11 Máximo;;;-;;REAL;;SIM;;;;;OPC
ACOES;UTLL11;REUTERS;UTLL11 Máximo;;;-;;REAL;;SIM;;;;;COE
ACOES;UTLL11;REUTERS;UTLL11;;;-;;REAL;;SIM;;;;;OPC
ACOES;UTLL11;REUTERS;UTLL11;;;-;;REAL;;SIM;;;;;COE
ACOES;UTLL11;REUTERS;UTLL11 Mínimo;;;-;;REAL;;SIM;;;;;OPC
ACOES;VALE3;REUTERS;VALE3 Mínimo;;;OUTROS;;REAL;;SIM;;;;;TER
ACOES;VALE3;REUTERS;VALE3 Mínimo;;;OUTROS;;REAL;;SIM;;;;;OPC
ACOES;VALE3;REUTERS;VALE3 Mínimo;;;OUTROS;;REAL;;SIM;;;;;COE
ACOES;VALE3;REUTERS;VALE3;;;OUTROS;;REAL;;SIM;;;;;OPC
ACOES;VALE3;REUTERS;VALE3;;;OUTROS;;REAL;;SIM;;;;;TER
ACOES;VALE3;REUTERS;VALE3;;;OUTROS;;REAL;;SIM;;;;;COE
ACOES;VALE3;REUTERS;VALE3 Máximo;;;OUTROS;;REAL;;SIM;;;;;TER
ACOES;VALE3;REUTERS;VALE3 Máximo;;;OUTROS;;REAL;;SIM;;;;;OPC
ACOES;VALE3;REUTERS;VALE3 Máximo;;;OUTROS;;REAL;;SIM;;;;;COE
ACOES;VAMO3;REUTERS;VAMO3;;;-;;REAL;;SIM;;;;;COE
ACOES;VAMO3;REUTERS;VAMO3;;;-;;REAL;;SIM;;;;;OPC
ACOES;VAMO3;REUTERS;VAMO3 Mínimo;;;-;;REAL;;SIM;;;;;OPC
ACOES;VAMO3;REUTERS;VAMO3 Mínimo;;;-;;REAL;;SIM;;;;;COE
ACOES;VAMO3;REUTERS;VAMO3 Máximo;;;-;;REAL;;SIM;;;;;OPC
ACOES;VAMO3;REUTERS;VAMO3 Máximo;;;-;;REAL;;SIM;;;;;COE
ACOES;VAMO99;BLOOMBERG;VAMO99 Máximo;;;-;;REAL;;SIM;;;;;OPC
ACOES;VAMO99;BLOOMBERG;VAMO99;;;-;;REAL;;SIM;;;;;OPC
ACOES;VAMO99;BLOOMBERG;VAMO99 Mínimo;;;-;;REAL;;SIM;;;;;OPC
ACOES;VBBR3;REUTERS;VBBR3 Máximo;;;-;;REAL;;SIM;;;;;SWAP
ACOES;VBBR3;REUTERS;VBBR3 Máximo;;;-;;REAL;;SIM;;;;;COE
ACOES;VBBR3;REUTERS;VBBR3 Máximo;;;-;;REAL;;SIM;;;;;OPC
ACOES;VBBR3;REUTERS;VBBR3;;;-;;REAL;;SIM;;;;;SWAP
ACOES;VBBR3;REUTERS;VBBR3 Mínimo;;;-;;REAL;;SIM;;;;;OPC
ACOES;VBBR3;REUTERS;VBBR3;;;-;;REAL;;SIM;;;;;OPC
ACOES;VBBR3;REUTERS;VBBR3 Mínimo;;;-;;REAL;;SIM;;;;;SWAP
ACOES;VBBR3;REUTERS;VBBR3 Mínimo;;;-;;REAL;;SIM;;;;;COE
ACOES;VBBR3;REUTERS;VBBR3;;;-;;REAL;;SIM;;;;;COE
ACOES;VGHF11;REUTERS;VGHF11 Mínimo;;;-;;REAL;;SIM;;;;;OPC
ACOES;VGHF11;REUTERS;VGHF11 Máximo;;;-;;REAL;;SIM;;;;;OPC
ACOES;VGHF11;REUTERS;VGHF11;;;-;;REAL;;SIM;;;;;OPC
ACOES;VGIP11;REUTERS;VGIP11;;;-;;REAL;;SIM;;;;;OPC
ACOES;VGIP11;REUTERS;VGIP11 Mínimo;;;-;;REAL;;SIM;;;;;OPC
ACOES;VGIP11;REUTERS;VGIP11 Máximo;;;-;;REAL;;SIM;;;;;OPC
ACOES;VGIR11;REUTERS;VGIR11;;;-;;REAL;;SIM;;;;;OPC
ACOES;VGIR11;REUTERS;VGIR11;;;-;;REAL;;SIM;;;;;COE
ACOES;VIIA3;REUTERS;VIIA3 Máximo;;;-;;REAL;;SIM;;;;;COE
ACOES;VIIA3;REUTERS;VIIA3;;;-;;REAL;;SIM;;;;;OPC
ACOES;VIIA3;REUTERS;VIIA3 Máximo;;;-;;REAL;;SIM;;;;;SWAP
ACOES;VIIA3;REUTERS;VIIA3;;;-;;REAL;;SIM;;;;;COE
ACOES;VIIA3;REUTERS;VIIA3 Máximo;;;-;;REAL;;SIM;;;;;OPC
ACOES;VIIA3;REUTERS;VIIA3 Mínimo;;;-;;REAL;;SIM;;;;;SWAP
ACOES;VIIA3;REUTERS;VIIA3 Mínimo;;;-;;REAL;;SIM;;;;;COE
ACOES;VIIA3;REUTERS;VIIA3 Mínimo;;;-;;REAL;;SIM;;;;;OPC
ACOES;VIIA3;REUTERS;VIIA3;;;-;;REAL;;SIM;;;;;SWAP
ACOES;VINO11;REUTERS;VINO11;;;-;;REAL;;SIM;;;;;OPC
ACOES;VINO11;REUTERS;VINO11 Mínimo;;;-;;REAL;;SIM;;;;;OPC
ACOES;VINO11;REUTERS;VINO11 Máximo;;;-;;REAL;;SIM;;;;;OPC
ACOES;VISA34;REUTERS;VISA34;;;-;;REAL;;SIM;;;;;OPC
ACOES;VISA34;REUTERS;VISA34 Máximo;;;-;;REAL;;SIM;;;;;OPC
ACOES;VISA34;REUTERS;VISA34 Mínimo;;;-;;REAL;;SIM;;;;;OPC
ACOES;VISC11;REUTERS;VISC11;;;-;;REAL;;SIM;;;;;OPC
ACOES;VIVA3;REUTERS;VIVA3 Mínimo;;;-;;REAL;;SIM;;;;;OPC
ACOES;VIVA3;REUTERS;VIVA3 Máximo;;;-;;REAL;;SIM;;;;;OPC
ACOES;VIVA3;REUTERS;VIVA3;;;-;;REAL;;SIM;;;;;OPC
ACOES;VIVT3;REUTERS;VIVT3;;;OUTROS;;REAL;;SIM;;;;;OPC
ACOES;VIVT3;REUTERS;VIVT3;;;OUTROS;;REAL;;SIM;;;;;COE
ACOES;VIVT3;REUTERS;VIVT3 Máximo;;;OUTROS;;REAL;;SIM;;;;;OPC
ACOES;VIVT3;REUTERS;VIVT3 Máximo;;;OUTROS;;REAL;;SIM;;;;;COE
ACOES;VIVT3;REUTERS;VIVT3 Mínimo;;;OUTROS;;REAL;;SIM;;;;;OPC
ACOES;VIVT3;REUTERS;VIVT3 Mínimo;;;OUTROS;;REAL;;SIM;;;;;COE
ACOES;VLID3;REUTERS;VLID3 Máximo;;;-;;REAL;;SIM;;;;;COE
ACOES;VLID3;REUTERS;VLID3;;;-;;REAL;;SIM;;;;;COE
ACOES;VLID3;REUTERS;VLID3 Mínimo;;;-;;REAL;;SIM;;;;;COE
ACOES;VRTA11;REUTERS;VRTA11;;;-;;REAL;;SIM;;;;;OPC
ACOES;VRTA11;REUTERS;VRTA11 Mínimo;;;-;;REAL;;SIM;;;;;OPC
ACOES;VRTA11;REUTERS;VRTA11 Máximo;;;-;;REAL;;SIM;;;;;OPC
ACOES;VULC3;REUTERS;VULC3;;;-;;REAL;;SIM;;;;;OPC
ACOES;VULC3;REUTERS;VULC3 Mínimo;;;-;;REAL;;SIM;;;;;OPC
ACOES;VULC3;REUTERS;VULC3 Máximo;;;-;;REAL;;SIM;;;;;OPC
ACOES;VVAR3;REUTERS;VVAR3 Mínimo;;;-;;REAL;;SIM;;;;;COE
ACOES;VVAR3;REUTERS;VVAR3 Máximo;;;-;;REAL;;SIM;;;;;COE
ACOES;VVAR3;REUTERS;VVAR3;;;-;;REAL;;SIM;;;;;COE
ACOES;VVEO3;REUTERS;VVEO3 Mínimo;;;-;;REAL;;SIM;;;;;OPC
ACOES;VVEO3;REUTERS;VVEO3;;;-;;REAL;;SIM;;;;;OPC
ACOES;VVEO3;REUTERS;VVEO3 Máximo;;;-;;REAL;;SIM;;;;;OPC
ACOES;V1RT34;REUTERS;V1RT34;;;-;;REAL;;SIM;;;;;COE
ACOES;V1RT34;REUTERS;V1RT34;;;-;;REAL;;SIM;;;;;OPC
ACOES;V1RT34;REUTERS;V1RT34 Máximo;;;-;;REAL;;SIM;;;;;COE
ACOES;V1RT34;REUTERS;V1RT34 Máximo;;;-;;REAL;;SIM;;;;;OPC
ACOES;V1RT34;REUTERS;V1RT34 Mínimo;;;-;;REAL;;SIM;;;;;COE
ACOES;V1RT34;REUTERS;V1RT34 Mínimo;;;-;;REAL;;SIM;;;;;OPC
ACOES;V1ST34;REUTERS;V1ST34;;;-;;REAL;;SIM;;;;;OPC
ACOES;V1ST34;REUTERS;V1ST34 Máximo;;;-;;REAL;;SIM;;;;;OPC
ACOES;V1ST34;REUTERS;V1ST34 Mínimo;;;-;;REAL;;SIM;;;;;OPC
ACOES;WALM34;REUTERS;WALM34;;;-;;REAL;;SIM;;;;;OPC
ACOES;WALM34;REUTERS;WALM34 Máximo;;;-;;REAL;;SIM;;;;;OPC
ACOES;WALM34;REUTERS;WALM34 Mínimo;;;-;;REAL;;SIM;;;;;OPC
ACOES;WEGE3;REUTERS;WEGE3;;;OUTROS;;REAL;;SIM;;;;;OPC
ACOES;WEGE3;REUTERS;WEGE3;;;OUTROS;;REAL;;SIM;;;;;SWAP
ACOES;WEGE3;REUTERS;WEGE3;;;OUTROS;;REAL;;SIM;;;;;COE
ACOES;WEGE3;REUTERS;WEGE3M;;;OUTROS;;REAL;;SIM;;;;;OPC
ACOES;WEGE3;REUTERS;WEGE3M;;;OUTROS;;REAL;;SIM;;;;;COE
ACOES;WEGE3;REUTERS;WEGE3M;;;OUTROS;;REAL;;SIM;;;;;SWAP
ACOES;WEGE3;REUTERS;WEGE3 Mínimo;;;OUTROS;;REAL;;SIM;;;;;OPC
ACOES;WEGE3;REUTERS;WEGE3 Mínimo;;;OUTROS;;REAL;;SIM;;;;;COE
ACOES;WEGE3;REUTERS;WEGE3 Mínimo;;;OUTROS;;REAL;;SIM;;;;;SWAP
ACOES;WEGE3;REUTERS;WEGE3 Máximo;;;OUTROS;;REAL;;SIM;;;;;OPC
ACOES;WEGE3;REUTERS;WEGE3 Máximo;;;OUTROS;;REAL;;SIM;;;;;COE
ACOES;WEGE3;REUTERS;WEGE3 Máximo;;;OUTROS;;REAL;;SIM;;;;;SWAP
ACOES;WFCO34;REUTERS;WFCO34;;;-;;REAL;;SIM;;;;;OPC
ACOES;WFCO34;REUTERS;WFCO34 Mínimo;;;-;;REAL;;SIM;;;;;OPC
ACOES;WFCO34;REUTERS;WFCO34 Máximo;;;-;;REAL;;SIM;;;;;OPC
ACOES;WIZC3;REUTERS;WIZC3;;;-;;REAL;;SIM;;;;;OPC
ACOES;WIZC3;REUTERS;WIZC3 Mínimo;;;-;;REAL;;SIM;;;;;OPC
ACOES;WIZC3;REUTERS;WIZC3 Máximo;;;-;;REAL;;SIM;;;;;OPC
ACOES;WIZS3;REUTERS;WIZS3 Máximo;;;-;;REAL;;SIM;;;;;COE
ACOES;WIZS3;REUTERS;WIZS3;;;-;;REAL;;SIM;;;;;COE
ACOES;WIZS3;REUTERS;WIZS3 Mínimo;;;-;;REAL;;SIM;;;;;COE
ACOES;XBIT11;REUTERS;XBIT11;;;-;;REAL;;SIM;;;;;OPC
ACOES;XBIT11;REUTERS;XBIT11 Máximo;;;-;;REAL;;SIM;;;;;OPC
ACOES;XBIT11;REUTERS;XBIT11 Mínimo;;;-;;REAL;;SIM;;;;;OPC
ACOES;XB3511;REUTERS;XB3511;;;-;;REAL;;SIM;;;;;OPC
ACOES;XB3511;REUTERS;XB3511 Máximo;;;-;;REAL;;SIM;;;;;OPC
ACOES;XB3511;REUTERS;XB3511 Mínimo;;;-;;REAL;;SIM;;;;;OPC
ACOES;XB5011;REUTERS;XB5011;;;-;;REAL;;SIM;;;;;TER
ACOES;XB5011;REUTERS;XB5011;;;-;;REAL;;SIM;;;;;OPC
ACOES;XB5011;REUTERS;XB5011;;;-;;REAL;;SIM;;;;;COE
ACOES;XB5011;REUTERS;XB5011 Máximo;;;-;;REAL;;SIM;;;;;OPC
ACOES;XB5011;REUTERS;XB5011 Mínimo;;;-;;REAL;;SIM;;;;;TER
ACOES;XB5011;REUTERS;XB5011 Mínimo;;;-;;REAL;;SIM;;;;;OPC
ACOES;XB5011;REUTERS;XB5011 Mínimo;;;-;;REAL;;SIM;;;;;COE
ACOES;XB5011;REUTERS;XB5011 Máximo;;;-;;REAL;;SIM;;;;;TER
ACOES;XB5011;REUTERS;XB5011 Máximo;;;-;;REAL;;SIM;;;;;COE
ACOES;XETH11;REUTERS;XETH11 Máximo;;;-;;REAL;;SIM;;;;;OPC
ACOES;XETH11;REUTERS;XETH11 Máximo;;;-;;REAL;;SIM;;;;;COE
ACOES;XETH11;REUTERS;XETH11;;;-;;REAL;;SIM;;;;;OPC
ACOES;XETH11;REUTERS;XETH11;;;-;;REAL;;SIM;;;;;COE
ACOES;XETH11;REUTERS;XETH11 Mínimo;;;-;;REAL;;SIM;;;;;COE
ACOES;XETH11;REUTERS;XETH11 Mínimo;;;-;;REAL;;SIM;;;;;OPC
ACOES;XFIX11;REUTERS;XFIX11 Mínimo;;;-;;REAL;;SIM;;;;;OPC
ACOES;XFIX11;REUTERS;XFIX11;;;-;;REAL;;SIM;;;;;OPC
ACOES;XFIX11;REUTERS;XFIX11 Máximo;;;-;;REAL;;SIM;;;;;OPC
ACOES;XINA11;REUTERS;XINA11 Mínimo;;;-;;REAL;;SIM;;;;;OPC
ACOES;XINA11;REUTERS;XINA11 Máximo;;;-;;REAL;;SIM;;;;;OPC
ACOES;XINA11;REUTERS;XINA11;;;-;;REAL;;SIM;;;;;OPC
ACOES;XPBR31;REUTERS;XPBR31 Máximo;;;-;;REAL;;SIM;;;;;OPC
ACOES;XPBR31;REUTERS;XPBR31 Mínimo;;;-;;REAL;;SIM;;;;;SWAP
ACOES;XPBR31;REUTERS;XPBR31 Mínimo;;;-;;REAL;;SIM;;;;;OPC
ACOES;XPBR31;REUTERS;XPBR31 Máximo;;;-;;REAL;;SIM;;;;;SWAP
ACOES;XPBR31;REUTERS;XPBR31;;;-;;REAL;;SIM;;;;;SWAP
ACOES;XPBR31;REUTERS;XPBR31;;;-;;REAL;;SIM;;;;;OPC
ACOES;XPLG11;REUTERS;XPLG11;;;-;;REAL;;SIM;;;;;OPC
ACOES;XPML11;REUTERS;XPML11;;;-;;REAL;;SIM;;;;;OPC
ACOES;XPSF11;REUTERS;XPSF11 Mínimo;;;-;;REAL;;SIM;;;;;OPC
ACOES;XPSF11;REUTERS;XPSF11 Máximo;;;-;;REAL;;SIM;;;;;OPC
ACOES;XPSF11;REUTERS;XPSF11;;;-;;REAL;;SIM;;;;;OPC
ACOES;YDUQ3;REUTERS;YDUQ3;;;-;;REAL;;SIM;;;;;COE
ACOES;YDUQ3;REUTERS;YDUQ3;;;-;;REAL;;SIM;;;;;OPC
ACOES;YDUQ3;REUTERS;YDUQ3 Mínimo;;;-;;REAL;;SIM;;;;;OPC
ACOES;YDUQ3;REUTERS;YDUQ3 Máximo;;;-;;REAL;;SIM;;;;;OPC
ACOES;YDUQ3;REUTERS;YDUQ3 Mínimo;;;-;;REAL;;SIM;;;;;COE
ACOES;YDUQ3;REUTERS;YDUQ3 Máximo;;;-;;REAL;;SIM;;;;;COE
ACOES;ZAMP3;REUTERS;ZAMP3;;;-;;REAL;;SIM;;;;;COE
ACOES;ZAMP3;REUTERS;ZAMP3 Mínimo;;;-;;REAL;;SIM;;;;;COE
ACOES;ZAMP3;REUTERS;ZAMP3 Máximo;;;-;;REAL;;SIM;;;;;COE
ACOES INTERNACIONAIS;AA UN;REUTERS;AA UN  Máximo;;;-;;DOLAR DOS EUA;;SIM;;;;;COE
ACOES INTERNACIONAIS;AA UN;REUTERS;AA UN;;;-;;DOLAR DOS EUA;;SIM;;;;;COE
ACOES INTERNACIONAIS;AA UN;REUTERS;AA UN;;;-;;DOLAR DOS EUA;;SIM;;;;;OPC
ACOES INTERNACIONAIS;AA UN;REUTERS;AA UN Mínimo;;;-;;DOLAR DOS EUA;;SIM;;;;;COE
ACOES INTERNACIONAIS;AA UN;REUTERS;AA UN Mínimo;;;-;;DOLAR DOS EUA;;SIM;;;;;OPC
ACOES INTERNACIONAIS;AA UN;REUTERS;AA UN  Máximo;;;-;;DOLAR DOS EUA;;SIM;;;;;OPC
ACOES INTERNACIONAIS;AAL LN;REUTERS;AAL LN Máximo;;;-;;LIBRA ESTERLINA;;SIM;;;;;COE
ACOES INTERNACIONAIS;AAL LN;REUTERS;AAL LN Máximo;;;-;;LIBRA ESTERLINA;;SIM;;;;;OPC
ACOES INTERNACIONAIS;AAL LN;REUTERS;AAL LN Mínimo;;;-;;LIBRA ESTERLINA;;SIM;;;;;COE
ACOES INTERNACIONAIS;AAL LN;REUTERS;AAL LN Mínimo;;;-;;LIBRA ESTERLINA;;SIM;;;;;OPC
ACOES INTERNACIONAIS;AAL LN;REUTERS;AAL LN;;;-;;LIBRA ESTERLINA;;SIM;;;;;COE
ACOES INTERNACIONAIS;AAL LN;REUTERS;AAL LN;;;-;;LIBRA ESTERLINA;;SIM;;;;;OPC
ACOES INTERNACIONAIS;AAL UW;REUTERS;AAL UW Mínimo;;;-;;DOLAR DOS EUA;;SIM;;;;;OPC
ACOES INTERNACIONAIS;AAL UW;REUTERS;AAL UW Mínimo;;;-;;DOLAR DOS EUA;;SIM;;;;;COE
ACOES INTERNACIONAIS;AAL UW;REUTERS;AAL UW Máximo;;;-;;DOLAR DOS EUA;;SIM;;;;;OPC
ACOES INTERNACIONAIS;AAL UW;REUTERS;AAL UW;;;-;;DOLAR DOS EUA;;SIM;;;;;OPC
ACOES INTERNACIONAIS;AAL UW;REUTERS;AAL UW;;;-;;DOLAR DOS EUA;;SIM;;;;;COE
ACOES INTERNACIONAIS;AAL UW;REUTERS;AAL UW Máximo;;;-;;DOLAR DOS EUA;;SIM;;;;;COE
ACOES INTERNACIONAIS;AAPL UN;REUTERS;AAPL UN;;;-;;DOLAR DOS EUA;;SIM;;;;;OPC
ACOES INTERNACIONAIS;AAPL UN;REUTERS;AAPL UN;;;-;;DOLAR DOS EUA;;SIM;;;;;COE
ACOES INTERNACIONAIS;AAPL UN;REUTERS;AAPL UN Mínimo;;;-;;DOLAR DOS EUA;;SIM;;;;;COE
ACOES INTERNACIONAIS;AAPL UN;REUTERS;AAPL UN Mínimo;;;-;;DOLAR DOS EUA;;SIM;;;;;OPC
ACOES INTERNACIONAIS;AAPL UN;REUTERS;AAPL UN Máximo;;;-;;DOLAR DOS EUA;;SIM;;;;;OPC
ACOES INTERNACIONAIS;AAPL UN;REUTERS;AAPL UN Máximo;;;-;;DOLAR DOS EUA;;SIM;;;;;COE
ACOES INTERNACIONAIS;AAPL UQ;REUTERS;AAPL UQ;;;-;;DOLAR DOS EUA;;SIM;;;;;COE
ACOES INTERNACIONAIS;AAPL UQ;REUTERS;AAPL UQ MINIMO;;;-;;DOLAR DOS EUA;;SIM;;;;;COE
ACOES INTERNACIONAIS;AAPL UQ;REUTERS;AAPL UQ MINIMO;;;-;;DOLAR DOS EUA;;SIM;;;;;OPC
ACOES INTERNACIONAIS;AAPL UQ;REUTERS;AAPL UQ;;;-;;DOLAR DOS EUA;;SIM;;;;;OPC
ACOES INTERNACIONAIS;AAPL UQ;REUTERS;AAPL UQ MAXIMO;;;-;;DOLAR DOS EUA;;SIM;;;;;COE
ACOES INTERNACIONAIS;AAPL UQ;REUTERS;AAPL UQ MAXIMO;;;-;;DOLAR DOS EUA;;SIM;;;;;OPC
ACOES INTERNACIONAIS;AAPL US;REUTERS;AAPL US;;;-;;DOLAR DOS EUA;;SIM;;;;;COE
ACOES INTERNACIONAIS;AAPL US;REUTERS;AAPL US Mínimo;;;-;;DOLAR DOS EUA;;SIM;;;;;COE
ACOES INTERNACIONAIS;AAPL US;REUTERS;AAPL US;;;-;;DOLAR DOS EUA;;SIM;;;;;OPC
ACOES INTERNACIONAIS;AAPL US;REUTERS;AAPL US Mínimo;;;-;;DOLAR DOS EUA;;SIM;;;;;OPC
ACOES INTERNACIONAIS;AAPL US;REUTERS;AAPL US Máximo;;;-;;DOLAR DOS EUA;;SIM;;;;;COE
ACOES INTERNACIONAIS;AAPL US;REUTERS;AAPL US Máximo;;;-;;DOLAR DOS EUA;;SIM;;;;;OPC
ACOES INTERNACIONAIS;AAPL UW;REUTERS;AAPL UW;;;OUTROS;;DOLAR DOS EUA;;SIM;;;;;COE
ACOES INTERNACIONAIS;AAPL UW;REUTERS;AAPL UW;;;OUTROS;;DOLAR DOS EUA;;SIM;;;;;OPC
ACOES INTERNACIONAIS;AAPL UW;REUTERS;AAPL UW MINIMO;;;OUTROS;;DOLAR DOS EUA;;SIM;;;;;COE
ACOES INTERNACIONAIS;AAPL UW;REUTERS;AAPL UW MINIMO;;;OUTROS;;DOLAR DOS EUA;;SIM;;;;;OPC
ACOES INTERNACIONAIS;AAPL UW;REUTERS;AAPL UW MAXIMO;;;OUTROS;;DOLAR DOS EUA;;SIM;;;;;COE
ACOES INTERNACIONAIS;AAPL UW;REUTERS;AAPL UW MAXIMO;;;OUTROS;;DOLAR DOS EUA;;SIM;;;;;OPC
ACOES INTERNACIONAIS;ABBN SW;REUTERS;ABBN SW;;;-;;FRANCO SUICO;;SIM;;;;;OPC
ACOES INTERNACIONAIS;ABBN SW;REUTERS;ABBN SW Maximo;;;-;;FRANCO SUICO;;SIM;;;;;COE
ACOES INTERNACIONAIS;ABBN SW;REUTERS;ABBN SW Minimo;;;-;;FRANCO SUICO;;SIM;;;;;OPC
ACOES INTERNACIONAIS;ABBN SW;REUTERS;ABBN SW Minimo;;;-;;FRANCO SUICO;;SIM;;;;;COE
ACOES INTERNACIONAIS;ABBN SW;REUTERS;ABBN SW Maximo;;;-;;FRANCO SUICO;;SIM;;;;;OPC
ACOES INTERNACIONAIS;ABBN SW;REUTERS;ABBN SW;;;-;;FRANCO SUICO;;SIM;;;;;COE
ACOES INTERNACIONAIS;ABBV US;REUTERS;ABBV US Mínimo;;;-;;DOLAR DOS EUA;;SIM;;;;;COE
ACOES INTERNACIONAIS;ABBV US;REUTERS;ABBV US Mínimo;;;-;;DOLAR DOS EUA;;SIM;;;;;OPC
ACOES INTERNACIONAIS;ABBV US;REUTERS;ABBV US Máximo;;;-;;DOLAR DOS EUA;;SIM;;;;;COE
ACOES INTERNACIONAIS;ABBV US;REUTERS;ABBV US Máximo;;;-;;DOLAR DOS EUA;;SIM;;;;;OPC
ACOES INTERNACIONAIS;ABBV US;REUTERS;ABBV US;;;-;;DOLAR DOS EUA;;SIM;;;;;OPC
ACOES INTERNACIONAIS;ABBV US;REUTERS;ABBV US;;;-;;DOLAR DOS EUA;;SIM;;;;;COE
ACOES INTERNACIONAIS;ABEV UN;REUTERS;ABEV UN Mínimo;;;-;;DOLAR DOS EUA;;SIM;;;;;OPC
ACOES INTERNACIONAIS;ABEV UN;REUTERS;ABEV UN Máximo;;;-;;DOLAR DOS EUA;;SIM;;;;;COE
ACOES INTERNACIONAIS;ABEV UN;REUTERS;ABEV UN;;;-;;DOLAR DOS EUA;;SIM;;;;;OPC
ACOES INTERNACIONAIS;ABEV UN;REUTERS;ABEV UN;;;-;;DOLAR DOS EUA;;SIM;;;;;COE
ACOES INTERNACIONAIS;ABEV UN;REUTERS;ABEV UN Máximo;;;-;;DOLAR DOS EUA;;SIM;;;;;OPC
ACOES INTERNACIONAIS;ABEV UN;REUTERS;ABEV UN Mínimo;;;-;;DOLAR DOS EUA;;SIM;;;;;COE
ACOES INTERNACIONAIS;ABI BB;REUTERS;ABI BB;;;-;;EURO/COM.EUROPEIA;;SIM;;;;;COE
ACOES INTERNACIONAIS;ABI BB;REUTERS;ABI BB;;;-;;EURO/COM.EUROPEIA;;SIM;;;;;OPC
ACOES INTERNACIONAIS;ABI BB;REUTERS;ABI BB Máximo;;;-;;EURO/COM.EUROPEIA;;SIM;;;;;COE
ACOES INTERNACIONAIS;ABI BB;REUTERS;ABI BB Máximo;;;-;;EURO/COM.EUROPEIA;;SIM;;;;;OPC
ACOES INTERNACIONAIS;ABI BB;REUTERS;ABI BB Mínimo;;;-;;EURO/COM.EUROPEIA;;SIM;;;;;COE
ACOES INTERNACIONAIS;ABI BB;REUTERS;ABI BB Mínimo;;;-;;EURO/COM.EUROPEIA;;SIM;;;;;OPC
ACOES INTERNACIONAIS;ABN NA;REUTERS;ABN NA;;;-;;EURO/COM.EUROPEIA;;SIM;;;;;COE
ACOES INTERNACIONAIS;ABN NA;REUTERS;ABN NA Mínimo;;;-;;EURO/COM.EUROPEIA;;SIM;;;;;COE
ACOES INTERNACIONAIS;ABN NA;REUTERS;ABN NA Mínimo;;;-;;EURO/COM.EUROPEIA;;SIM;;;;;OPC
ACOES INTERNACIONAIS;ABN NA;REUTERS;ABN NA Máximo;;;-;;EURO/COM.EUROPEIA;;SIM;;;;;OPC
ACOES INTERNACIONAIS;ABN NA;REUTERS;ABN NA Máximo;;;-;;EURO/COM.EUROPEIA;;SIM;;;;;COE
ACOES INTERNACIONAIS;ABN NA;REUTERS;ABN NA;;;-;;EURO/COM.EUROPEIA;;SIM;;;;;OPC
ACOES INTERNACIONAIS;ABNB UW;REUTERS;ABNB UW Mínimo;;;-;;DOLAR DOS EUA;;SIM;;;;;OPC
ACOES INTERNACIONAIS;ABNB UW;REUTERS;ABNB UW Máximo;;;-;;DOLAR DOS EUA;;SIM;;;;;OPC
ACOES INTERNACIONAIS;ABNB UW;REUTERS;ABNB UW Mínimo;;;-;;DOLAR DOS EUA;;SIM;;;;;COE
ACOES INTERNACIONAIS;ABNB UW;REUTERS;ABNB UW Máximo;;;-;;DOLAR DOS EUA;;SIM;;;;;COE
ACOES INTERNACIONAIS;ABNB UW;REUTERS;ABNB UW;;;-;;DOLAR DOS EUA;;SIM;;;;;COE
ACOES INTERNACIONAIS;ABNB UW;REUTERS;ABNB UW;;;-;;DOLAR DOS EUA;;SIM;;;;;OPC
ACOES INTERNACIONAIS;ACWI US;REUTERS;ACWI US;;;-;;DOLAR DOS EUA;;SIM;;;;;OPC
ACOES INTERNACIONAIS;ACWI US;REUTERS;ACWI US;;;-;;DOLAR DOS EUA;;SIM;;;;;COE
ACOES INTERNACIONAIS;ACWI US;REUTERS;ACWI US Mínimo;;;-;;DOLAR DOS EUA;;SIM;;;;;COE
ACOES INTERNACIONAIS;ACWI US;REUTERS;ACWI US Máximo;;;-;;DOLAR DOS EUA;;SIM;;;;;COE
ACOES INTERNACIONAIS;ACWI US;REUTERS;ACWI US Mínimo;;;-;;DOLAR DOS EUA;;SIM;;;;;OPC
ACOES INTERNACIONAIS;ACWI US;REUTERS;ACWI US Máximo;;;-;;DOLAR DOS EUA;;SIM;;;;;OPC
ACOES INTERNACIONAIS;AD NA;REUTERS;AD NA;;;-;;EURO/COM.EUROPEIA;;SIM;;;;;COE
ACOES INTERNACIONAIS;AD NA;REUTERS;AD NA;;;-;;EURO/COM.EUROPEIA;;SIM;;;;;OPC
ACOES INTERNACIONAIS;AD NA;REUTERS;AD NA Mínimo;;;-;;EURO/COM.EUROPEIA;;SIM;;;;;OPC
ACOES INTERNACIONAIS;AD NA;REUTERS;AD NA Mínimo;;;-;;EURO/COM.EUROPEIA;;SIM;;;;;COE
ACOES INTERNACIONAIS;AD NA;REUTERS;AD NA Máximo;;;-;;EURO/COM.EUROPEIA;;SIM;;;;;OPC
ACOES INTERNACIONAIS;AD NA;REUTERS;AD NA Máximo;;;-;;EURO/COM.EUROPEIA;;SIM;;;;;COE
ACOES INTERNACIONAIS;ADBE US;BLOOMBERG;ADBE US Mínimo;;;-;;DOLAR DOS EUA;;SIM;;;;;COE
ACOES INTERNACIONAIS;ADBE US;BLOOMBERG;ADBE US;;;-;;DOLAR DOS EUA;;SIM;;;;;COE
ACOES INTERNACIONAIS;ADBE US;BLOOMBERG;ADBE US Máximo;;;-;;DOLAR DOS EUA;;SIM;;;;;COE
ACOES INTERNACIONAIS;ADS GR;REUTERS;ADS GR;;;-;;EURO/COM.EUROPEIA;;SIM;;;;;COE
ACOES INTERNACIONAIS;ADS GR;REUTERS;ADS GR Máximo;;;-;;EURO/COM.EUROPEIA;;SIM;;;;;COE
ACOES INTERNACIONAIS;ADS GR;REUTERS;ADS GR Mínimo;;;-;;EURO/COM.EUROPEIA;;SIM;;;;;COE
ACOES INTERNACIONAIS;ADS GY;REUTERS;ADS GY Mínimo;;;-;;EURO/COM.EUROPEIA;;SIM;;;;;OPC
ACOES INTERNACIONAIS;ADS GY;REUTERS;ADS GY;;;-;;EURO/COM.EUROPEIA;;SIM;;;;;COE
ACOES INTERNACIONAIS;ADS GY;REUTERS;ADS GY Máximo;;;-;;EURO/COM.EUROPEIA;;SIM;;;;;OPC
ACOES INTERNACIONAIS;ADS GY;REUTERS;ADS GY Máximo;;;-;;EURO/COM.EUROPEIA;;SIM;;;;;COE
ACOES INTERNACIONAIS;ADS GY;REUTERS;ADS GY;;;-;;EURO/COM.EUROPEIA;;SIM;;;;;OPC
ACOES INTERNACIONAIS;ADS GY;REUTERS;ADS GY Mínimo;;;-;;EURO/COM.EUROPEIA;;SIM;;;;;COE
ACOES INTERNACIONAIS;AEM UN;REUTERS;AEM UN;;;-;;DOLAR DOS EUA;;SIM;;;;;COE
ACOES INTERNACIONAIS;AEM UN;REUTERS;AEM UN;;;-;;DOLAR DOS EUA;;SIM;;;;;OPC
ACOES INTERNACIONAIS;AEM UN;REUTERS;AEM UN Máximo;;;-;;DOLAR DOS EUA;;SIM;;;;;OPC
ACOES INTERNACIONAIS;AEM UN;REUTERS;AEM UN Mínimo;;;-;;DOLAR DOS EUA;;SIM;;;;;OPC
ACOES INTERNACIONAIS;AEM UN;REUTERS;AEM UN Máximo;;;-;;DOLAR DOS EUA;;SIM;;;;;COE
ACOES INTERNACIONAIS;AEM UN;REUTERS;AEM UN Mínimo;;;-;;DOLAR DOS EUA;;SIM;;;;;COE
ACOES INTERNACIONAIS;AIQ_UQ;BLOOMBERG;AIQ_UQ Máximo;;;-;;DOLAR DOS EUA;;SIM;;;;;COE
ACOES INTERNACIONAIS;AIQ_UQ;BLOOMBERG;AIQ_UQ Mínimo;;;-;;DOLAR DOS EUA;;SIM;;;;;COE
ACOES INTERNACIONAIS;AIQ_UQ;BLOOMBERG;AIQ_UQ;;;-;;DOLAR DOS EUA;;SIM;;;;;COE
ACOES INTERNACIONAIS;AIR FP;REUTERS;AIR FP;;;-;;EURO/COM.EUROPEIA;;SIM;;;;;COE
ACOES INTERNACIONAIS;AIR FP;REUTERS;AIR FP Mínimo;;;-;;EURO/COM.EUROPEIA;;SIM;;;;;COE
ACOES INTERNACIONAIS;AIR FP;REUTERS;AIR FP Mínimo;;;-;;EURO/COM.EUROPEIA;;SIM;;;;;OPC
ACOES INTERNACIONAIS;AIR FP;REUTERS;AIR FP;;;-;;EURO/COM.EUROPEIA;;SIM;;;;;OPC
ACOES INTERNACIONAIS;AIR FP;REUTERS;AIR FP Máximo;;;-;;EURO/COM.EUROPEIA;;SIM;;;;;COE
ACOES INTERNACIONAIS;AIR FP;REUTERS;AIR FP Máximo;;;-;;EURO/COM.EUROPEIA;;SIM;;;;;OPC
ACOES INTERNACIONAIS;AIR FP_PA;REUTERS;AIR FP_PA;;;-;;EURO/COM.EUROPEIA;;NÃO;;;;;OPC
ACOES INTERNACIONAIS;AIR FP_PA;REUTERS;AIR FP_PA;;;-;;EURO/COM.EUROPEIA;;NÃO;;;;;COE
ACOES INTERNACIONAIS;AKAM US;REUTERS;AKAM US;;;-;;DOLAR DOS EUA;;SIM;;;;;COE
ACOES INTERNACIONAIS;AKAM US;REUTERS;AKAM US;;;-;;DOLAR DOS EUA;;SIM;;;;;OPC
ACOES INTERNACIONAIS;AKAM US;REUTERS;AKAM US Mínimo;;;-;;DOLAR DOS EUA;;SIM;;;;;OPC
ACOES INTERNACIONAIS;AKAM US;REUTERS;AKAM US Máximo;;;-;;DOLAR DOS EUA;;SIM;;;;;OPC
ACOES INTERNACIONAIS;AKAM US;REUTERS;AKAM US Mínimo;;;-;;DOLAR DOS EUA;;SIM;;;;;COE
ACOES INTERNACIONAIS;AKAM US;REUTERS;AKAM US Máximo;;;-;;DOLAR DOS EUA;;SIM;;;;;COE
ACOES INTERNACIONAIS;ALUM LN;BLOOMBERG;ALUM LN Máximo;;;-;;IUAN RENMIMBI/CHI;;SIM;;;;;COE
ACOES INTERNACIONAIS;ALUM LN;BLOOMBERG;ALUM LN;;;-;;IUAN RENMIMBI/CHI;;SIM;;;;;COE
ACOES INTERNACIONAIS;ALUM LN;BLOOMBERG;ALUM LN Mínimo;;;-;;IUAN RENMIMBI/CHI;;SIM;;;;;COE
ACOES INTERNACIONAIS;ALV GY;REUTERS;ALV GY Máximo;;;-;;EURO/COM.EUROPEIA;;SIM;;;;;OPC
ACOES INTERNACIONAIS;ALV GY;REUTERS;ALV GY Máximo;;;-;;EURO/COM.EUROPEIA;;SIM;;;;;COE
ACOES INTERNACIONAIS;ALV GY;REUTERS;ALV GY;;;-;;EURO/COM.EUROPEIA;;SIM;;;;;COE
ACOES INTERNACIONAIS;ALV GY;REUTERS;ALV GY Mínimo;;;-;;EURO/COM.EUROPEIA;;SIM;;;;;OPC
ACOES INTERNACIONAIS;ALV GY;REUTERS;ALV GY Mínimo;;;-;;EURO/COM.EUROPEIA;;SIM;;;;;COE
ACOES INTERNACIONAIS;ALV GY;REUTERS;ALV GY;;;-;;EURO/COM.EUROPEIA;;SIM;;;;;OPC
ACOES INTERNACIONAIS;AMD UQ;REUTERS;AMD UQ;;;-;;DOLAR DOS EUA;;SIM;;;;;COE
ACOES INTERNACIONAIS;AMD UQ;REUTERS;AMD UQ;;;-;;DOLAR DOS EUA;;SIM;;;;;OPC
ACOES INTERNACIONAIS;AMD UQ;REUTERS;AMD UQ Mínimo;;;-;;DOLAR DOS EUA;;SIM;;;;;OPC
ACOES INTERNACIONAIS;AMD UQ;REUTERS;AMD UQ Mínimo;;;-;;DOLAR DOS EUA;;SIM;;;;;COE
ACOES INTERNACIONAIS;AMD UQ;REUTERS;AMD UQ Máximo;;;-;;DOLAR DOS EUA;;SIM;;;;;OPC
ACOES INTERNACIONAIS;AMD UQ;REUTERS;AMD UQ Máximo;;;-;;DOLAR DOS EUA;;SIM;;;;;COE
ACOES INTERNACIONAIS;AMD UR;REUTERS;AMD UR Máximo;;;-;;DOLAR DOS EUA;;SIM;;;;;COE
ACOES INTERNACIONAIS;AMD UR;REUTERS;AMD UR;;;-;;DOLAR DOS EUA;;SIM;;;;;COE
ACOES INTERNACIONAIS;AMD UR;REUTERS;AMD UR;;;-;;DOLAR DOS EUA;;SIM;;;;;OPC
ACOES INTERNACIONAIS;AMD UR;REUTERS;AMD UR Máximo;;;-;;DOLAR DOS EUA;;SIM;;;;;OPC
ACOES INTERNACIONAIS;AMD UR;REUTERS;AMD UR Mínimo;;;-;;DOLAR DOS EUA;;SIM;;;;;COE
ACOES INTERNACIONAIS;AMD UR;REUTERS;AMD UR Mínimo;;;-;;DOLAR DOS EUA;;SIM;;;;;OPC
ACOES INTERNACIONAIS;AMD US;REUTERS;AMD US;;;-;;DOLAR DOS EUA;;SIM;;;;;COE
ACOES INTERNACIONAIS;AMD US;REUTERS;AMD US Máximo;;;-;;DOLAR DOS EUA;;SIM;;;;;COE
ACOES INTERNACIONAIS;AMD US;REUTERS;AMD US Mínimo;;;-;;DOLAR DOS EUA;;SIM;;;;;COE
ACOES INTERNACIONAIS;AMD UW;REUTERS;AMD UW Mínimo;;;-;;DOLAR DOS EUA;;SIM;;;;;COE
ACOES INTERNACIONAIS;AMD UW;REUTERS;AMD UW Máximo;;;-;;DOLAR DOS EUA;;SIM;;;;;OPC
ACOES INTERNACIONAIS;AMD UW;REUTERS;AMD UW Máximo;;;-;;DOLAR DOS EUA;;SIM;;;;;COE
ACOES INTERNACIONAIS;AMD UW;REUTERS;AMD UW Mínimo;;;-;;DOLAR DOS EUA;;SIM;;;;;OPC
ACOES INTERNACIONAIS;AMD UW;REUTERS;AMD UW;;;-;;DOLAR DOS EUA;;SIM;;;;;COE
ACOES INTERNACIONAIS;AMD UW;REUTERS;AMD UW;;;-;;DOLAR DOS EUA;;SIM;;;;;OPC
ACOES INTERNACIONAIS;AMZN UQ;REUTERS;AMZN UQ;;;-;;DOLAR DOS EUA;;SIM;;;;;OPC
ACOES INTERNACIONAIS;AMZN UQ;REUTERS;AMZN UQ Máximo;;;-;;DOLAR DOS EUA;;SIM;;;;;OPC
ACOES INTERNACIONAIS;AMZN UQ;REUTERS;AMZN UQ Máximo;;;-;;DOLAR DOS EUA;;SIM;;;;;COE
ACOES INTERNACIONAIS;AMZN UQ;REUTERS;AMZN UQ;;;-;;DOLAR DOS EUA;;SIM;;;;;COE
ACOES INTERNACIONAIS;AMZN UQ;REUTERS;AMZN UQ Mínimo;;;-;;DOLAR DOS EUA;;SIM;;;;;COE
ACOES INTERNACIONAIS;AMZN UQ;REUTERS;AMZN UQ Mínimo;;;-;;DOLAR DOS EUA;;SIM;;;;;OPC
ACOES INTERNACIONAIS;AMZN US;REUTERS;AMZN US;;;-;;DOLAR DOS EUA;;SIM;;;;;COE
ACOES INTERNACIONAIS;AMZN US;REUTERS;AMZN US;;;-;;DOLAR DOS EUA;;SIM;;;;;OPC
ACOES INTERNACIONAIS;AMZN US;REUTERS;AMZN US Máximo;;;-;;DOLAR DOS EUA;;SIM;;;;;OPC
ACOES INTERNACIONAIS;AMZN US;REUTERS;AMZN US Máximo;;;-;;DOLAR DOS EUA;;SIM;;;;;COE
ACOES INTERNACIONAIS;AMZN US;REUTERS;AMZN US Mínimo;;;-;;DOLAR DOS EUA;;SIM;;;;;OPC
ACOES INTERNACIONAIS;AMZN US;REUTERS;AMZN US Mínimo;;;-;;DOLAR DOS EUA;;SIM;;;;;COE
ACOES INTERNACIONAIS;AMZN UW;REUTERS;AMZN UW;;;-;;DOLAR DOS EUA;;SIM;;;;;OPC
ACOES INTERNACIONAIS;AMZN UW;REUTERS;AMZN UW;;;-;;DOLAR DOS EUA;;SIM;;;;;COE
ACOES INTERNACIONAIS;AMZN UW;REUTERS;AMZN UW Mínimo;;;-;;DOLAR DOS EUA;;SIM;;;;;COE
ACOES INTERNACIONAIS;AMZN UW;REUTERS;AMZN UW Mínimo;;;-;;DOLAR DOS EUA;;SIM;;;;;OPC
ACOES INTERNACIONAIS;AMZN UW;REUTERS;AMZN UW Máximo;;;-;;DOLAR DOS EUA;;SIM;;;;;COE
ACOES INTERNACIONAIS;AMZN UW;REUTERS;AMZN UW Máximo;;;-;;DOLAR DOS EUA;;SIM;;;;;OPC
ACOES INTERNACIONAIS;AMZN UW_43;REUTERS;AMZN UW_43;;;-;;DOLAR DOS EUA;;NÃO;;;;;OPC
ACOES INTERNACIONAIS;AMZN UW_43;REUTERS;AMZN UW_43;;;-;;DOLAR DOS EUA;;NÃO;;;;;COE
ACOES INTERNACIONAIS;APD UN;REUTERS;APD UN;;;-;;DOLAR DOS EUA;;SIM;;;;;COE
ACOES INTERNACIONAIS;APD UN;REUTERS;APD UN;;;-;;DOLAR DOS EUA;;SIM;;;;;OPC
ACOES INTERNACIONAIS;APD UN;REUTERS;APD UN Mínimo;;;-;;DOLAR DOS EUA;;SIM;;;;;OPC
ACOES INTERNACIONAIS;APD UN;REUTERS;APD UN Máximo;;;-;;DOLAR DOS EUA;;SIM;;;;;OPC
ACOES INTERNACIONAIS;APD UN;REUTERS;APD UN Mínimo;;;-;;DOLAR DOS EUA;;SIM;;;;;COE
ACOES INTERNACIONAIS;APD UN;REUTERS;APD UN Máximo;;;-;;DOLAR DOS EUA;;SIM;;;;;COE
ACOES INTERNACIONAIS;ASML NA;BLOOMBERG;ASML NA Máximo;;;-;;DOLAR DOS EUA;;SIM;;;;;COE
ACOES INTERNACIONAIS;ASML NA;BLOOMBERG;ASML NA Mínimo;;;-;;DOLAR DOS EUA;;SIM;;;;;COE
ACOES INTERNACIONAIS;ASML NA;BLOOMBERG;ASML NA;;;-;;DOLAR DOS EUA;;SIM;;;;;COE
ACOES INTERNACIONAIS;ASML US;BLOOMBERG;ASML US;;;-;;DOLAR DOS EUA;;SIM;;;;;COE
ACOES INTERNACIONAIS;ASML US;BLOOMBERG;ASML US Máximo;;;-;;DOLAR DOS EUA;;SIM;;;;;COE
ACOES INTERNACIONAIS;ASML US;BLOOMBERG;ASML US Mínimo;;;-;;DOLAR DOS EUA;;SIM;;;;;COE
ACOES INTERNACIONAIS;ATVI UW_43;REUTERS;ATVI UW_43;;;-;;DOLAR DOS EUA;;NÃO;;;;;COE
ACOES INTERNACIONAIS;ATVI UW_43;REUTERS;ATVI UW_43;;;-;;DOLAR DOS EUA;;NÃO;;;;;OPC
ACOES INTERNACIONAIS;AU UN;REUTERS;AU UN;;;-;;DOLAR DOS EUA;;SIM;;;;;COE
ACOES INTERNACIONAIS;AU UN;REUTERS;AU UN;;;-;;DOLAR DOS EUA;;SIM;;;;;OPC
ACOES INTERNACIONAIS;AU UN;REUTERS;AU UN Mínimo;;;-;;DOLAR DOS EUA;;SIM;;;;;OPC
ACOES INTERNACIONAIS;AU UN;REUTERS;AU UN Máximo;;;-;;DOLAR DOS EUA;;SIM;;;;;OPC
ACOES INTERNACIONAIS;AU UN;REUTERS;AU UN Mínimo;;;-;;DOLAR DOS EUA;;SIM;;;;;COE
ACOES INTERNACIONAIS;AU UN;REUTERS;AU UN Máximo;;;-;;DOLAR DOS EUA;;SIM;;;;;COE
ACOES INTERNACIONAIS;AVGO US;BLOOMBERG;AVGO US;;;-;;DOLAR DOS EUA;;SIM;;;;;COE
ACOES INTERNACIONAIS;AVGO US;BLOOMBERG;AVGO US Máximo;;;-;;DOLAR DOS EUA;;SIM;;;;;COE
ACOES INTERNACIONAIS;AVGO US;BLOOMBERG;AVGO US Mínimo;;;-;;DOLAR DOS EUA;;SIM;;;;;COE
ACOES INTERNACIONAIS;AVGO UW;BLOOMBERG;AVGO UW;;;-;;DOLAR DOS EUA;;SIM;;;;;COE
ACOES INTERNACIONAIS;AVGO UW;BLOOMBERG;AVGO UW Máximo;;;-;;DOLAR DOS EUA;;SIM;;;;;COE
ACOES INTERNACIONAIS;AVGO UW;BLOOMBERG;AVGO UW Mínimo;;;-;;DOLAR DOS EUA;;SIM;;;;;COE
ACOES INTERNACIONAIS;AZN LN;BLOOMBERG;AZN LN Mínimo;;;-;;LIBRA ESTERLINA;;SIM;;;;;COE
ACOES INTERNACIONAIS;AZN LN;BLOOMBERG;AZN LN;;;-;;LIBRA ESTERLINA;;SIM;;;;;COE
ACOES INTERNACIONAIS;AZN LN;BLOOMBERG;AZN LN Máximo;;;-;;LIBRA ESTERLINA;;SIM;;;;;COE
ACOES INTERNACIONAIS;AZN UQ;REUTERS;AZN UQ Máximo;;;-;;LIBRA ESTERLINA;;SIM;;;;;COE
ACOES INTERNACIONAIS;AZN UQ;REUTERS;AZN UQ;;;-;;LIBRA ESTERLINA;;SIM;;;;;OPC
ACOES INTERNACIONAIS;AZN UQ;REUTERS;AZN UQ Máximo;;;-;;LIBRA ESTERLINA;;SIM;;;;;OPC
ACOES INTERNACIONAIS;AZN UQ;REUTERS;AZN UQ;;;-;;LIBRA ESTERLINA;;SIM;;;;;COE
ACOES INTERNACIONAIS;AZN UQ;REUTERS;AZN UQ Mínimo;;;-;;LIBRA ESTERLINA;;SIM;;;;;OPC
ACOES INTERNACIONAIS;AZN UQ;REUTERS;AZN UQ Mínimo;;;-;;LIBRA ESTERLINA;;SIM;;;;;COE
ACOES INTERNACIONAIS;AZN US;REUTERS;AZN US;;;-;;LIBRA ESTERLINA;;SIM;;;;;OPC
ACOES INTERNACIONAIS;AZN US;REUTERS;AZN US;;;-;;LIBRA ESTERLINA;;SIM;;;;;COE
ACOES INTERNACIONAIS;AZN US;REUTERS;AZN US Mínimo;;;-;;LIBRA ESTERLINA;;SIM;;;;;OPC
ACOES INTERNACIONAIS;AZN US;REUTERS;AZN US Máximo;;;-;;LIBRA ESTERLINA;;SIM;;;;;COE
ACOES INTERNACIONAIS;AZN US;REUTERS;AZN US Máximo;;;-;;LIBRA ESTERLINA;;SIM;;;;;OPC
ACOES INTERNACIONAIS;AZN US;REUTERS;AZN US Mínimo;;;-;;LIBRA ESTERLINA;;SIM;;;;;COE
ACOES INTERNACIONAIS;AZN UW;REUTERS;AZN UW Máximo;;;-;;LIBRA ESTERLINA;;SIM;;;;;OPC
ACOES INTERNACIONAIS;AZN UW;REUTERS;AZN UW Máximo;;;-;;LIBRA ESTERLINA;;SIM;;;;;COE
ACOES INTERNACIONAIS;AZN UW;REUTERS;AZN UW;;;-;;LIBRA ESTERLINA;;SIM;;;;;OPC
ACOES INTERNACIONAIS;AZN UW;REUTERS;AZN UW;;;-;;LIBRA ESTERLINA;;SIM;;;;;COE
ACOES INTERNACIONAIS;AZN UW;REUTERS;AZN UW Mínimo;;;-;;LIBRA ESTERLINA;;SIM;;;;;COE
ACOES INTERNACIONAIS;AZN UW;REUTERS;AZN UW Mínimo;;;-;;LIBRA ESTERLINA;;SIM;;;;;OPC
ACOES INTERNACIONAIS;BA UN;REUTERS;BA UN Máximo;;;-;;DOLAR DOS EUA;;SIM;;;;;OPC
ACOES INTERNACIONAIS;BA UN;REUTERS;BA UN;;;-;;DOLAR DOS EUA;;SIM;;;;;OPC
ACOES INTERNACIONAIS;BA UN;REUTERS;BA UN Mínimo;;;-;;DOLAR DOS EUA;;SIM;;;;;OPC
ACOES INTERNACIONAIS;BA UN;REUTERS;BA UN Mínimo;;;-;;DOLAR DOS EUA;;SIM;;;;;COE
ACOES INTERNACIONAIS;BA UN;REUTERS;BA UN Máximo;;;-;;DOLAR DOS EUA;;SIM;;;;;COE
ACOES INTERNACIONAIS;BA UN;REUTERS;BA UN;;;-;;DOLAR DOS EUA;;SIM;;;;;COE
ACOES INTERNACIONAIS;BABA UN;REUTERS;BABA UN;;;-;;DOLAR DOS EUA;;SIM;;;;;OPC
ACOES INTERNACIONAIS;BABA UN;REUTERS;BABA UN Máximo;;;-;;DOLAR DOS EUA;;SIM;;;;;COE
ACOES INTERNACIONAIS;BABA UN;REUTERS;BABA UN Máximo;;;-;;DOLAR DOS EUA;;SIM;;;;;OPC
ACOES INTERNACIONAIS;BABA UN;REUTERS;BABA UN;;;-;;DOLAR DOS EUA;;SIM;;;;;COE
ACOES INTERNACIONAIS;BABA UN;REUTERS;BABA UN Mínimo;;;-;;DOLAR DOS EUA;;SIM;;;;;OPC
ACOES INTERNACIONAIS;BABA UN;REUTERS;BABA UN Mínimo;;;-;;DOLAR DOS EUA;;SIM;;;;;COE
ACOES INTERNACIONAIS;BABA UN_43;REUTERS;BABA UN_43;;;-;;DOLAR DOS EUA;;NÃO;;;;;OPC
ACOES INTERNACIONAIS;BABA UN_43;REUTERS;BABA UN_43;;;-;;DOLAR DOS EUA;;NÃO;;;;;COE
ACOES INTERNACIONAIS;BABA US;REUTERS;BABA US Máximo;;;-;;DOLAR DOS EUA;;SIM;;;;;COE
ACOES INTERNACIONAIS;BABA US;REUTERS;BABA US Máximo;;;-;;DOLAR DOS EUA;;SIM;;;;;OPC
ACOES INTERNACIONAIS;BABA US;REUTERS;BABA US;;;-;;DOLAR DOS EUA;;SIM;;;;;OPC
ACOES INTERNACIONAIS;BABA US;REUTERS;BABA US;;;-;;DOLAR DOS EUA;;SIM;;;;;COE
ACOES INTERNACIONAIS;BABA US;REUTERS;BABA US Mínimo;;;-;;DOLAR DOS EUA;;SIM;;;;;OPC
ACOES INTERNACIONAIS;BABA US;REUTERS;BABA US Mínimo;;;-;;DOLAR DOS EUA;;SIM;;;;;COE
ACOES INTERNACIONAIS;BAC UN;REUTERS;BAC UN Máximo;;;-;;DOLAR DOS EUA;;SIM;;;;;OPC
ACOES INTERNACIONAIS;BAC UN;REUTERS;BAC UN Mínimo;;;-;;DOLAR DOS EUA;;SIM;;;;;COE
ACOES INTERNACIONAIS;BAC UN;REUTERS;BAC UN Mínimo;;;-;;DOLAR DOS EUA;;SIM;;;;;OPC
ACOES INTERNACIONAIS;BAC UN;REUTERS;BAC UN;;;-;;DOLAR DOS EUA;;SIM;;;;;COE
ACOES INTERNACIONAIS;BAC UN;REUTERS;BAC UN;;;-;;DOLAR DOS EUA;;SIM;;;;;OPC
ACOES INTERNACIONAIS;BAC UN;REUTERS;BAC UN Máximo;;;-;;DOLAR DOS EUA;;SIM;;;;;COE
ACOES INTERNACIONAIS;BAC US;NYSE;BAC US;;;-;;DOLAR DOS EUA;;SIM;;;;;COE
ACOES INTERNACIONAIS;BAC US;NYSE;BAC US Máximo;;;-;;DOLAR DOS EUA;;SIM;;;;;COE
ACOES INTERNACIONAIS;BAC US;NYSE;BAC US Mínimo;;;-;;DOLAR DOS EUA;;SIM;;;;;COE
ACOES INTERNACIONAIS;BAS GY;REUTERS;BAS GY Mínimo;;;-;;EURO/COM.EUROPEIA;;SIM;;;;;OPC
ACOES INTERNACIONAIS;BAS GY;REUTERS;BAS GY Máximo;;;-;;EURO/COM.EUROPEIA;;SIM;;;;;COE
ACOES INTERNACIONAIS;BAS GY;REUTERS;BAS GY Máximo;;;-;;EURO/COM.EUROPEIA;;SIM;;;;;OPC
ACOES INTERNACIONAIS;BAS GY;REUTERS;BAS GY;;;-;;EURO/COM.EUROPEIA;;SIM;;;;;COE
ACOES INTERNACIONAIS;BAS GY;REUTERS;BAS GY;;;-;;EURO/COM.EUROPEIA;;SIM;;;;;OPC
ACOES INTERNACIONAIS;BAS GY;REUTERS;BAS GY Mínimo;;;-;;EURO/COM.EUROPEIA;;SIM;;;;;COE
ACOES INTERNACIONAIS;BAYN GY;REUTERS;BAYN GY;;;-;;EURO/COM.EUROPEIA;;SIM;;;;;COE
ACOES INTERNACIONAIS;BAYN GY;REUTERS;BAYN GY;;;-;;EURO/COM.EUROPEIA;;SIM;;;;;OPC
ACOES INTERNACIONAIS;BAYN GY;REUTERS;BAYN GY Mínimo;;;-;;EURO/COM.EUROPEIA;;SIM;;;;;COE
ACOES INTERNACIONAIS;BAYN GY;REUTERS;BAYN GY Mínimo;;;-;;EURO/COM.EUROPEIA;;SIM;;;;;OPC
ACOES INTERNACIONAIS;BAYN GY;REUTERS;BAYN GY Máximo;;;-;;EURO/COM.EUROPEIA;;SIM;;;;;COE
ACOES INTERNACIONAIS;BAYN GY;REUTERS;BAYN GY Máximo;;;-;;EURO/COM.EUROPEIA;;SIM;;;;;OPC
ACOES INTERNACIONAIS;BBD UN;REUTERS;BBD UN Mínimo;;;-;;DOLAR DOS EUA;;SIM;;;;;COE
ACOES INTERNACIONAIS;BBD UN;REUTERS;BBD UN Mínimo;;;-;;DOLAR DOS EUA;;SIM;;;;;OPC
ACOES INTERNACIONAIS;BBD UN;REUTERS;BBD UN Máximo;;;-;;DOLAR DOS EUA;;SIM;;;;;COE
ACOES INTERNACIONAIS;BBD UN;REUTERS;BBD UN Máximo;;;-;;DOLAR DOS EUA;;SIM;;;;;OPC
ACOES INTERNACIONAIS;BBD UN;REUTERS;BBD UN;;;-;;DOLAR DOS EUA;;SIM;;;;;COE
ACOES INTERNACIONAIS;BBD UN;REUTERS;BBD UN;;;-;;DOLAR DOS EUA;;SIM;;;;;OPC
ACOES INTERNACIONAIS;BBY US;REUTERS;BBY US;;;-;;DOLAR DOS EUA;;SIM;;;;;COE
ACOES INTERNACIONAIS;BBY US;REUTERS;BBY US;;;-;;DOLAR DOS EUA;;SIM;;;;;OPC
ACOES INTERNACIONAIS;BBY US;REUTERS;BBY US Máximo;;;-;;DOLAR DOS EUA;;SIM;;;;;OPC
ACOES INTERNACIONAIS;BBY US;REUTERS;BBY US Máximo;;;-;;DOLAR DOS EUA;;SIM;;;;;COE
ACOES INTERNACIONAIS;BBY US;REUTERS;BBY US Mínimo;;;-;;DOLAR DOS EUA;;SIM;;;;;OPC
ACOES INTERNACIONAIS;BBY US;REUTERS;BBY US Mínimo;;;-;;DOLAR DOS EUA;;SIM;;;;;COE
ACOES INTERNACIONAIS;BGNE US;REUTERS;BGNE US;;;-;;DOLAR DOS EUA;;SIM;;;;;COE
ACOES INTERNACIONAIS;BGNE US;REUTERS;BGNE US;;;-;;DOLAR DOS EUA;;SIM;;;;;OPC
ACOES INTERNACIONAIS;BGNE US;REUTERS;BGNE US Máximo;;;-;;DOLAR DOS EUA;;SIM;;;;;COE
ACOES INTERNACIONAIS;BGNE US;REUTERS;BGNE US Máximo;;;-;;DOLAR DOS EUA;;SIM;;;;;OPC
ACOES INTERNACIONAIS;BGNE US;REUTERS;BGNE US Mínimo;;;-;;DOLAR DOS EUA;;SIM;;;;;COE
ACOES INTERNACIONAIS;BGNE US;REUTERS;BGNE US Mínimo;;;-;;DOLAR DOS EUA;;SIM;;;;;OPC
ACOES INTERNACIONAIS;BKNG US;REUTERS;BKNG US Maximo;;;-;;DOLAR DOS EUA;;SIM;;;;;COE
ACOES INTERNACIONAIS;BKNG US;REUTERS;BKNG US Maximo;;;-;;DOLAR DOS EUA;;SIM;;;;;OPC
ACOES INTERNACIONAIS;BKNG US;REUTERS;BKNG US;;;-;;DOLAR DOS EUA;;SIM;;;;;OPC
ACOES INTERNACIONAIS;BKNG US;REUTERS;BKNG US Minimo;;;-;;DOLAR DOS EUA;;SIM;;;;;OPC
ACOES INTERNACIONAIS;BKNG US;REUTERS;BKNG US;;;-;;DOLAR DOS EUA;;SIM;;;;;COE
ACOES INTERNACIONAIS;BKNG US;REUTERS;BKNG US Minimo;;;-;;DOLAR DOS EUA;;SIM;;;;;COE
ACOES INTERNACIONAIS;BKNG UW;REUTERS;BKNG UW;;;-;;DOLAR DOS EUA;;SIM;;;;;OPC
ACOES INTERNACIONAIS;BKNG UW;REUTERS;BKNG UW Máximo;;;-;;DOLAR DOS EUA;;SIM;;;;;COE
ACOES INTERNACIONAIS;BKNG UW;REUTERS;BKNG UW Máximo;;;-;;DOLAR DOS EUA;;SIM;;;;;OPC
ACOES INTERNACIONAIS;BKNG UW;REUTERS;BKNG UW Mínimo;;;-;;DOLAR DOS EUA;;SIM;;;;;COE
ACOES INTERNACIONAIS;BKNG UW;REUTERS;BKNG UW Mínimo;;;-;;DOLAR DOS EUA;;SIM;;;;;OPC
ACOES INTERNACIONAIS;BKNG UW;REUTERS;BKNG UW;;;-;;DOLAR DOS EUA;;SIM;;;;;COE
ACOES INTERNACIONAIS;BLK US;BLOOMBERG;BLK US Máximo;;;-;;DOLAR DOS EUA;;SIM;;;;;OPC
ACOES INTERNACIONAIS;BLK US;BLOOMBERG;BLK US;;;-;;DOLAR DOS EUA;;SIM;;;;;OPC
ACOES INTERNACIONAIS;BLK US;BLOOMBERG;BLK US Mínimo;;;-;;DOLAR DOS EUA;;SIM;;;;;OPC
ACOES INTERNACIONAIS;BLMN UW;REUTERS;BLMN UW Máximo;;;-;;DOLAR DOS EUA;;SIM;;;;;OPC
ACOES INTERNACIONAIS;BLMN UW;REUTERS;BLMN UW Mínimo;;;-;;DOLAR DOS EUA;;SIM;;;;;OPC
ACOES INTERNACIONAIS;BLMN UW;REUTERS;BLMN UW Máximo;;;-;;DOLAR DOS EUA;;SIM;;;;;COE
ACOES INTERNACIONAIS;BLMN UW;REUTERS;BLMN UW;;;-;;DOLAR DOS EUA;;SIM;;;;;OPC
ACOES INTERNACIONAIS;BLMN UW;REUTERS;BLMN UW;;;-;;DOLAR DOS EUA;;SIM;;;;;COE
ACOES INTERNACIONAIS;BLMN UW;REUTERS;BLMN UW Mínimo;;;-;;DOLAR DOS EUA;;SIM;;;;;COE
ACOES INTERNACIONAIS;BMW GY;REUTERS;BMW GY;;;-;;EURO/COM.EUROPEIA;;SIM;;;;;OPC
ACOES INTERNACIONAIS;BMW GY;REUTERS;BMW GY;;;-;;EURO/COM.EUROPEIA;;SIM;;;;;COE
ACOES INTERNACIONAIS;BMW GY;REUTERS;BMW GY  Mínimo;;;-;;EURO/COM.EUROPEIA;;SIM;;;;;COE
ACOES INTERNACIONAIS;BMW GY;REUTERS;BMW GY  Máximo;;;-;;EURO/COM.EUROPEIA;;SIM;;;;;COE
ACOES INTERNACIONAIS;BMW GY;REUTERS;BMW GY  Mínimo;;;-;;EURO/COM.EUROPEIA;;SIM;;;;;OPC
ACOES INTERNACIONAIS;BMW GY;REUTERS;BMW GY  Máximo;;;-;;EURO/COM.EUROPEIA;;SIM;;;;;OPC
ACOES INTERNACIONAIS;BN FP;REUTERS;BN FP;;;-;;EURO/COM.EUROPEIA;;SIM;;;;;COE
ACOES INTERNACIONAIS;BN FP;REUTERS;BN FP;;;-;;EURO/COM.EUROPEIA;;SIM;;;;;OPC
ACOES INTERNACIONAIS;BN FP;REUTERS;BN FP Mínimo;;;-;;EURO/COM.EUROPEIA;;SIM;;;;;COE
ACOES INTERNACIONAIS;BN FP;REUTERS;BN FP Mínimo;;;-;;EURO/COM.EUROPEIA;;SIM;;;;;OPC
ACOES INTERNACIONAIS;BN FP;REUTERS;BN FP Máximo;;;-;;EURO/COM.EUROPEIA;;SIM;;;;;COE
ACOES INTERNACIONAIS;BN FP;REUTERS;BN FP Máximo;;;-;;EURO/COM.EUROPEIA;;SIM;;;;;OPC
ACOES INTERNACIONAIS;BNP FP;REUTERS;BNP FP;;;-;;EURO/COM.EUROPEIA;;SIM;;;;;COE
ACOES INTERNACIONAIS;BNP FP;REUTERS;BNP FP;;;-;;EURO/COM.EUROPEIA;;SIM;;;;;OPC
ACOES INTERNACIONAIS;BNP FP;REUTERS;BNP FP Máximo;;;-;;EURO/COM.EUROPEIA;;SIM;;;;;COE
ACOES INTERNACIONAIS;BNP FP;REUTERS;BNP FP Máximo;;;-;;EURO/COM.EUROPEIA;;SIM;;;;;OPC
ACOES INTERNACIONAIS;BNP FP;REUTERS;BNP FP Mínimo;;;-;;EURO/COM.EUROPEIA;;SIM;;;;;COE
ACOES INTERNACIONAIS;BNP FP;REUTERS;BNP FP Mínimo;;;-;;EURO/COM.EUROPEIA;;SIM;;;;;OPC
ACOES INTERNACIONAIS;BP LN;REUTERS;BP LN;;;-;;LIBRA ESTERLINA;;SIM;;;;;COE
ACOES INTERNACIONAIS;BP LN;REUTERS;BP LN;;;-;;LIBRA ESTERLINA;;SIM;;;;;OPC
ACOES INTERNACIONAIS;BP LN;REUTERS;BP LN Minimo;;;-;;LIBRA ESTERLINA;;SIM;;;;;OPC
ACOES INTERNACIONAIS;BP LN;REUTERS;BP LN Maximo;;;-;;LIBRA ESTERLINA;;SIM;;;;;OPC
ACOES INTERNACIONAIS;BP LN;REUTERS;BP LN Minimo;;;-;;LIBRA ESTERLINA;;SIM;;;;;COE
ACOES INTERNACIONAIS;BP LN;REUTERS;BP LN Maximo;;;-;;LIBRA ESTERLINA;;SIM;;;;;COE
ACOES INTERNACIONAIS;BRK/B UN;REUTERS;BRK/B UN;;;-;;DOLAR DOS EUA;;SIM;;;;;COE
ACOES INTERNACIONAIS;BRK/B UN;REUTERS;BRK/B UN;;;-;;DOLAR DOS EUA;;SIM;;;;;OPC
ACOES INTERNACIONAIS;BRK/B UN;REUTERS;BRK/B UN Máximo;;;-;;DOLAR DOS EUA;;SIM;;;;;COE
ACOES INTERNACIONAIS;BRK/B UN;REUTERS;BRK/B UN Máximo;;;-;;DOLAR DOS EUA;;SIM;;;;;OPC
ACOES INTERNACIONAIS;BRK/B UN;REUTERS;BRK/B UN Mínimo;;;-;;DOLAR DOS EUA;;SIM;;;;;OPC
ACOES INTERNACIONAIS;BRK/B UN;REUTERS;BRK/B UN Mínimo;;;-;;DOLAR DOS EUA;;SIM;;;;;COE
ACOES INTERNACIONAIS;BRK/B UP;REUTERS;BRK/B UP MAXIMO;;;-;;DOLAR DOS EUA;;SIM;;;;;COE
ACOES INTERNACIONAIS;BRK/B UP;REUTERS;BRK/B UP MINIMO;;;-;;DOLAR DOS EUA;;SIM;;;;;COE
ACOES INTERNACIONAIS;BRK/B UP;REUTERS;BRK/B UP FECHAMENTO;;;-;;DOLAR DOS EUA;;SIM;;;;;COE
ACOES INTERNACIONAIS;BRK/B US;REUTERS;BRK/B_US Mínimo;;;-;;DOLAR DOS EUA;;SIM;;;;;OPC
ACOES INTERNACIONAIS;BRK/B US;REUTERS;BRK/B_US;;;-;;DOLAR DOS EUA;;SIM;;;;;OPC
ACOES INTERNACIONAIS;BRK/B US;REUTERS;BRK/B_US;;;-;;DOLAR DOS EUA;;SIM;;;;;COE
ACOES INTERNACIONAIS;BRK/B US;REUTERS;BRK/B_US Mínimo;;;-;;DOLAR DOS EUA;;SIM;;;;;COE
ACOES INTERNACIONAIS;BRK/B US;REUTERS;BRK/B_US Máximo;;;-;;DOLAR DOS EUA;;SIM;;;;;OPC
ACOES INTERNACIONAIS;BRK/B US;REUTERS;BRK/B_US Máximo;;;-;;DOLAR DOS EUA;;SIM;;;;;COE
ACOES INTERNACIONAIS;BUD UN;REUTERS;BUD UN;;;-;;DOLAR DOS EUA;;SIM;;;;;OPC
ACOES INTERNACIONAIS;BUD UN;REUTERS;BUD UN Mínimo;;;-;;DOLAR DOS EUA;;SIM;;;;;OPC
ACOES INTERNACIONAIS;BUD UN;REUTERS;BUD UN Mínimo;;;-;;DOLAR DOS EUA;;SIM;;;;;COE
ACOES INTERNACIONAIS;BUD UN;REUTERS;BUD UN Máximo;;;-;;DOLAR DOS EUA;;SIM;;;;;OPC
ACOES INTERNACIONAIS;BUD UN;REUTERS;BUD UN Máximo;;;-;;DOLAR DOS EUA;;SIM;;;;;COE
ACOES INTERNACIONAIS;BUD UN;REUTERS;BUD UN;;;-;;DOLAR DOS EUA;;SIM;;;;;COE
ACOES INTERNACIONAIS;BUD US;REUTERS;BUD US Mínimo;;;-;;DOLAR DOS EUA;;SIM;;;;;OPC
ACOES INTERNACIONAIS;BUD US;REUTERS;BUD US Mínimo;;;-;;DOLAR DOS EUA;;SIM;;;;;COE
ACOES INTERNACIONAIS;BUD US;REUTERS;BUD US Máximo;;;-;;DOLAR DOS EUA;;SIM;;;;;OPC
ACOES INTERNACIONAIS;BUD US;REUTERS;BUD US Máximo;;;-;;DOLAR DOS EUA;;SIM;;;;;COE
ACOES INTERNACIONAIS;BUD US;REUTERS;BUD US;;;-;;DOLAR DOS EUA;;SIM;;;;;OPC
ACOES INTERNACIONAIS;BUD US;REUTERS;BUD US;;;-;;DOLAR DOS EUA;;SIM;;;;;COE
ACOES INTERNACIONAIS;BZUN UN;REUTERS;BZUN UN;;;-;;DOLAR DOS EUA;;SIM;;;;;OPC
ACOES INTERNACIONAIS;BZUN UN;REUTERS;BZUN UN;;;-;;DOLAR DOS EUA;;SIM;;;;;COE
ACOES INTERNACIONAIS;BZUN UN;REUTERS;BZUN UN Mínimo;;;-;;DOLAR DOS EUA;;SIM;;;;;COE
ACOES INTERNACIONAIS;BZUN UN;REUTERS;BZUN UN Máximo;;;-;;DOLAR DOS EUA;;SIM;;;;;COE
ACOES INTERNACIONAIS;BZUN UN;REUTERS;BZUN UN Mínimo;;;-;;DOLAR DOS EUA;;SIM;;;;;OPC
ACOES INTERNACIONAIS;BZUN UN;REUTERS;BZUN UN Máximo;;;-;;DOLAR DOS EUA;;SIM;;;;;OPC
ACOES INTERNACIONAIS;C UN;REUTERS;C UN Máximo;;;-;;DOLAR DOS EUA;;SIM;;;;;COE
ACOES INTERNACIONAIS;C UN;REUTERS;C UN Mínimo;;;-;;DOLAR DOS EUA;;SIM;;;;;COE
ACOES INTERNACIONAIS;C UN;REUTERS;C UN;;;-;;DOLAR DOS EUA;;SIM;;;;;COE
ACOES INTERNACIONAIS;C UN;REUTERS;C UN;;;-;;DOLAR DOS EUA;;SIM;;;;;OPC
ACOES INTERNACIONAIS;C UN;REUTERS;C UN Máximo;;;-;;DOLAR DOS EUA;;SIM;;;;;OPC
ACOES INTERNACIONAIS;C UN;REUTERS;C UN Mínimo;;;-;;DOLAR DOS EUA;;SIM;;;;;OPC
ACOES INTERNACIONAIS;CA FP;REUTERS;CA FP;;;-;;EURO/COM.EUROPEIA;;SIM;;;;;COE
ACOES INTERNACIONAIS;CA FP;REUTERS;CA FP Máximo;;;-;;EURO/COM.EUROPEIA;;SIM;;;;;COE
ACOES INTERNACIONAIS;CA FP;REUTERS;CA FP Máximo;;;-;;EURO/COM.EUROPEIA;;SIM;;;;;OPC
ACOES INTERNACIONAIS;CA FP;REUTERS;CA FP;;;-;;EURO/COM.EUROPEIA;;SIM;;;;;OPC
ACOES INTERNACIONAIS;CA FP;REUTERS;CA FP Mínimo;;;-;;EURO/COM.EUROPEIA;;SIM;;;;;COE
ACOES INTERNACIONAIS;CA FP;REUTERS;CA FP Mínimo;;;-;;EURO/COM.EUROPEIA;;SIM;;;;;OPC
ACOES INTERNACIONAIS;CAR US;REUTERS;CAR US Máximo;;;-;;DOLAR DOS EUA;;SIM;;;;;COE
ACOES INTERNACIONAIS;CAR US;REUTERS;CAR US Mínimo;;;-;;DOLAR DOS EUA;;SIM;;;;;OPC
ACOES INTERNACIONAIS;CAR US;REUTERS;CAR US Mínimo;;;-;;DOLAR DOS EUA;;SIM;;;;;COE
ACOES INTERNACIONAIS;CAR US;REUTERS;CAR US Máximo;;;-;;DOLAR DOS EUA;;SIM;;;;;OPC
ACOES INTERNACIONAIS;CAR US;REUTERS;CAR US;;;-;;DOLAR DOS EUA;;SIM;;;;;OPC
ACOES INTERNACIONAIS;CAR US;REUTERS;CAR US;;;-;;DOLAR DOS EUA;;SIM;;;;;COE
ACOES INTERNACIONAIS;CAR UW;REUTERS;CAR UW Mínimo;;;-;;DOLAR DOS EUA;;NÃO;;;;;OPC
ACOES INTERNACIONAIS;CAR UW;REUTERS;CAR UW Mínimo;;;-;;DOLAR DOS EUA;;NÃO;;;;;COE
ACOES INTERNACIONAIS;CAR UW;REUTERS;CAR UW Máximo;;;-;;DOLAR DOS EUA;;NÃO;;;;;OPC
ACOES INTERNACIONAIS;CAR UW;REUTERS;CAR UW;;;-;;DOLAR DOS EUA;;NÃO;;;;;OPC
ACOES INTERNACIONAIS;CAR UW;REUTERS;CAR UW Máximo;;;-;;DOLAR DOS EUA;;NÃO;;;;;COE
ACOES INTERNACIONAIS;CAR UW;REUTERS;CAR UW;;;-;;DOLAR DOS EUA;;NÃO;;;;;COE
ACOES INTERNACIONAIS;CAT US;REUTERS;CAT US Mínimo;;;-;;DOLAR DOS EUA;;SIM;;;;;COE
ACOES INTERNACIONAIS;CAT US;REUTERS;CAT US Mínimo;;;-;;DOLAR DOS EUA;;SIM;;;;;OPC
ACOES INTERNACIONAIS;CAT US;REUTERS;CAT US Máximo;;;-;;DOLAR DOS EUA;;SIM;;;;;OPC
ACOES INTERNACIONAIS;CAT US;REUTERS;CAT US Máximo;;;-;;DOLAR DOS EUA;;SIM;;;;;COE
ACOES INTERNACIONAIS;CAT US;REUTERS;CAT US;;;-;;DOLAR DOS EUA;;SIM;;;;;COE
ACOES INTERNACIONAIS;CAT US;REUTERS;CAT US;;;-;;DOLAR DOS EUA;;SIM;;;;;OPC
ACOES INTERNACIONAIS;CCJ US;REUTERS;CCJ US;;;-;;DOLAR DOS EUA;;SIM;;;;;OPC
ACOES INTERNACIONAIS;CCJ US;REUTERS;CCJ US Máximo;;;-;;DOLAR DOS EUA;;SIM;;;;;OPC
ACOES INTERNACIONAIS;CCJ US;REUTERS;CCJ US Mínimo;;;-;;DOLAR DOS EUA;;SIM;;;;;COE
ACOES INTERNACIONAIS;CCJ US;REUTERS;CCJ US Mínimo;;;-;;DOLAR DOS EUA;;SIM;;;;;OPC
ACOES INTERNACIONAIS;CCJ US;REUTERS;CCJ US Máximo;;;-;;DOLAR DOS EUA;;SIM;;;;;COE
ACOES INTERNACIONAIS;CCJ US;REUTERS;CCJ US;;;-;;DOLAR DOS EUA;;SIM;;;;;COE
ACOES INTERNACIONAIS;CCL US;REUTERS;CCL US;;;-;;DOLAR DOS EUA;;SIM;;;;;OPC
ACOES INTERNACIONAIS;CCL US;REUTERS;CCL US Máximo;;;-;;DOLAR DOS EUA;;SIM;;;;;COE
ACOES INTERNACIONAIS;CCL US;REUTERS;CCL US;;;-;;DOLAR DOS EUA;;SIM;;;;;COE
ACOES INTERNACIONAIS;CCL US;REUTERS;CCL US Mínimo;;;-;;DOLAR DOS EUA;;SIM;;;;;OPC
ACOES INTERNACIONAIS;CCL US;REUTERS;CCL US Mínimo;;;-;;DOLAR DOS EUA;;SIM;;;;;COE
ACOES INTERNACIONAIS;CCL US;REUTERS;CCL US Máximo;;;-;;DOLAR DOS EUA;;SIM;;;;;OPC
ACOES INTERNACIONAIS;CFR SE;BLOOMBERG;CFR SE Mínimo;;;-;;EURO/COM.EUROPEIA;;SIM;;;;;COE
ACOES INTERNACIONAIS;CFR SE;BLOOMBERG;CFR SE;;;-;;EURO/COM.EUROPEIA;;SIM;;;;;COE
ACOES INTERNACIONAIS;CFR SE;BLOOMBERG;CFR SE Máximo;;;-;;EURO/COM.EUROPEIA;;SIM;;;;;COE
ACOES INTERNACIONAIS;CI UN;REUTERS;CI UN;;;-;;DOLAR DOS EUA;;SIM;;;;;COE
ACOES INTERNACIONAIS;CI UN;REUTERS;CI UN;;;-;;DOLAR DOS EUA;;SIM;;;;;OPC
ACOES INTERNACIONAIS;CI UN;REUTERS;CI UN Mínimo;;;-;;DOLAR DOS EUA;;SIM;;;;;OPC
ACOES INTERNACIONAIS;CI UN;REUTERS;CI UN Máximo;;;-;;DOLAR DOS EUA;;SIM;;;;;OPC
ACOES INTERNACIONAIS;CI UN;REUTERS;CI UN Mínimo;;;-;;DOLAR DOS EUA;;SIM;;;;;COE
ACOES INTERNACIONAIS;CI UN;REUTERS;CI UN Máximo;;;-;;DOLAR DOS EUA;;SIM;;;;;COE
ACOES INTERNACIONAIS;CL UN;REUTERS;CL UN Mínimo;;;-;;DOLAR DOS EUA;;SIM;;;;;COE
ACOES INTERNACIONAIS;CL UN;REUTERS;CL UN Mínimo;;;-;;DOLAR DOS EUA;;SIM;;;;;OPC
ACOES INTERNACIONAIS;CL UN;REUTERS;CL UN Máximo;;;-;;DOLAR DOS EUA;;SIM;;;;;OPC
ACOES INTERNACIONAIS;CL UN;REUTERS;CL UN;;;-;;DOLAR DOS EUA;;SIM;;;;;OPC
ACOES INTERNACIONAIS;CL UN;REUTERS;CL UN Máximo;;;-;;DOLAR DOS EUA;;SIM;;;;;COE
ACOES INTERNACIONAIS;CL UN;REUTERS;CL UN;;;-;;DOLAR DOS EUA;;SIM;;;;;COE
ACOES INTERNACIONAIS;CMCSA UN;REUTERS;CMCSA UN;;;-;;DOLAR DOS EUA;;SIM;;;;;COE
ACOES INTERNACIONAIS;CMCSA UN;REUTERS;CMCSA UN;;;-;;DOLAR DOS EUA;;SIM;;;;;OPC
ACOES INTERNACIONAIS;CMCSA UN;REUTERS;CMCSA UN Máximo;;;-;;DOLAR DOS EUA;;SIM;;;;;COE
ACOES INTERNACIONAIS;CMCSA UN;REUTERS;CMCSA UN Máximo;;;-;;DOLAR DOS EUA;;SIM;;;;;OPC
ACOES INTERNACIONAIS;CMCSA UN;REUTERS;CMCSA UN Mínimo;;;-;;DOLAR DOS EUA;;SIM;;;;;COE
ACOES INTERNACIONAIS;CMCSA UN;REUTERS;CMCSA UN Mínimo;;;-;;DOLAR DOS EUA;;SIM;;;;;OPC
ACOES INTERNACIONAIS;CMCSA US;REUTERS;CMCSA US Mínimo;;;-;;DOLAR DOS EUA;;SIM;;;;;OPC
ACOES INTERNACIONAIS;CMCSA US;REUTERS;CMCSA US Mínimo;;;-;;DOLAR DOS EUA;;SIM;;;;;COE
ACOES INTERNACIONAIS;CMCSA US;REUTERS;CMCSA US Máximo;;;-;;DOLAR DOS EUA;;SIM;;;;;COE
ACOES INTERNACIONAIS;CMCSA US;REUTERS;CMCSA US;;;-;;DOLAR DOS EUA;;SIM;;;;;OPC
ACOES INTERNACIONAIS;CMCSA US;REUTERS;CMCSA US;;;-;;DOLAR DOS EUA;;SIM;;;;;COE
ACOES INTERNACIONAIS;CMCSA US;REUTERS;CMCSA US Máximo;;;-;;DOLAR DOS EUA;;SIM;;;;;OPC
ACOES INTERNACIONAIS;CMCSA UW;REUTERS;CMCSA UW Mínimo;;;-;;DOLAR DOS EUA;;SIM;;;;;COE
ACOES INTERNACIONAIS;CMCSA UW;REUTERS;CMCSA UW Máximo;;;-;;DOLAR DOS EUA;;SIM;;;;;COE
ACOES INTERNACIONAIS;CMCSA UW;REUTERS;CMCSA UW;;;-;;DOLAR DOS EUA;;SIM;;;;;COE
ACOES INTERNACIONAIS;CNK US;REUTERS;CNK US;;;-;;DOLAR DOS EUA;;SIM;;;;;OPC
ACOES INTERNACIONAIS;CNK US;REUTERS;CNK US;;;-;;DOLAR DOS EUA;;SIM;;;;;COE
ACOES INTERNACIONAIS;CNK US;REUTERS;CNK US Mínimo;;;-;;DOLAR DOS EUA;;SIM;;;;;COE
ACOES INTERNACIONAIS;CNK US;REUTERS;CNK US Máximo;;;-;;DOLAR DOS EUA;;SIM;;;;;COE
ACOES INTERNACIONAIS;CNK US;REUTERS;CNK US Mínimo;;;-;;DOLAR DOS EUA;;SIM;;;;;OPC
ACOES INTERNACIONAIS;CNK US;REUTERS;CNK US Máximo;;;-;;DOLAR DOS EUA;;SIM;;;;;OPC
ACOES INTERNACIONAIS;COIN US;REUTERS;COIN US Mínimo;;;-;;DOLAR DOS EUA;;NÃO;;;;;COE
ACOES INTERNACIONAIS;COIN US;REUTERS;COIN US Máximo;;;-;;DOLAR DOS EUA;;NÃO;;;;;OPC
ACOES INTERNACIONAIS;COIN US;REUTERS;COIN US Mínimo;;;-;;DOLAR DOS EUA;;NÃO;;;;;OPC
ACOES INTERNACIONAIS;COIN US;REUTERS;COIN US Máximo;;;-;;DOLAR DOS EUA;;NÃO;;;;;COE
ACOES INTERNACIONAIS;COIN US;REUTERS;COIN US;;;-;;DOLAR DOS EUA;;NÃO;;;;;OPC
ACOES INTERNACIONAIS;COIN US;REUTERS;COIN US;;;-;;DOLAR DOS EUA;;NÃO;;;;;COE
ACOES INTERNACIONAIS;COIN UW;REUTERS;COIN UW;;;-;;DOLAR DOS EUA;;NÃO;;;;;COE
ACOES INTERNACIONAIS;COIN UW;REUTERS;COIN UW;;;-;;DOLAR DOS EUA;;NÃO;;;;;OPC
ACOES INTERNACIONAIS;COIN UW;REUTERS;COIN UW Mínimo;;;-;;DOLAR DOS EUA;;NÃO;;;;;COE
ACOES INTERNACIONAIS;COIN UW;REUTERS;COIN UW Mínimo;;;-;;DOLAR DOS EUA;;NÃO;;;;;OPC
ACOES INTERNACIONAIS;COIN UW;REUTERS;COIN UW Máximo;;;-;;DOLAR DOS EUA;;NÃO;;;;;OPC
ACOES INTERNACIONAIS;COIN UW;REUTERS;COIN UW Máximo;;;-;;DOLAR DOS EUA;;NÃO;;;;;COE
ACOES INTERNACIONAIS;COP UN;REUTERS;COP UN;;;-;;DOLAR DOS EUA;;SIM;;;;;COE
ACOES INTERNACIONAIS;COP UN;REUTERS;COP UN Mínimo;;;-;;DOLAR DOS EUA;;SIM;;;;;COE
ACOES INTERNACIONAIS;COP UN;REUTERS;COP UN Mínimo;;;-;;DOLAR DOS EUA;;SIM;;;;;OPC
ACOES INTERNACIONAIS;COP UN;REUTERS;COP UN;;;-;;DOLAR DOS EUA;;SIM;;;;;OPC
ACOES INTERNACIONAIS;COP UN;REUTERS;COP UN Máximo;;;-;;DOLAR DOS EUA;;SIM;;;;;COE
ACOES INTERNACIONAIS;COP UN;REUTERS;COP UN Máximo;;;-;;DOLAR DOS EUA;;SIM;;;;;OPC
ACOES INTERNACIONAIS;COPA LN;BLOOMBERG;COPA LN;;;-;;IUAN RENMIMBI/CHI;;SIM;;;;;COE
ACOES INTERNACIONAIS;COPA LN;BLOOMBERG;COPA LN Máximo;;;-;;IUAN RENMIMBI/CHI;;SIM;;;;;COE
ACOES INTERNACIONAIS;COPA LN;BLOOMBERG;COPA LN Mínimo;;;-;;IUAN RENMIMBI/CHI;;SIM;;;;;COE
ACOES INTERNACIONAIS;CPRI US;REUTERS;CPRI US;;;-;;DOLAR DOS EUA;;SIM;;;;;COE
ACOES INTERNACIONAIS;CPRI US;REUTERS;CPRI US;;;-;;DOLAR DOS EUA;;SIM;;;;;OPC
ACOES INTERNACIONAIS;CPRI US;REUTERS;CPRI US Mínimo;;;-;;DOLAR DOS EUA;;SIM;;;;;OPC
ACOES INTERNACIONAIS;CPRI US;REUTERS;CPRI US Máximo;;;-;;DOLAR DOS EUA;;SIM;;;;;OPC
ACOES INTERNACIONAIS;CPRI US;REUTERS;CPRI US Mínimo;;;-;;DOLAR DOS EUA;;SIM;;;;;COE
ACOES INTERNACIONAIS;CPRI US;REUTERS;CPRI US Máximo;;;-;;DOLAR DOS EUA;;SIM;;;;;COE
ACOES INTERNACIONAIS;CRM UN;REUTERS;CRM UN Minimo;;;-;;DOLAR DOS EUA;;SIM;;;;;COE
ACOES INTERNACIONAIS;CRM UN;REUTERS;CRM UN Maximo;;;-;;DOLAR DOS EUA;;SIM;;;;;OPC
ACOES INTERNACIONAIS;CRM UN;REUTERS;CRM UN Maximo;;;-;;DOLAR DOS EUA;;SIM;;;;;COE
ACOES INTERNACIONAIS;CRM UN;REUTERS;CRM UN;;;-;;DOLAR DOS EUA;;SIM;;;;;OPC
ACOES INTERNACIONAIS;CRM UN;REUTERS;CRM UN;;;-;;DOLAR DOS EUA;;SIM;;;;;COE
ACOES INTERNACIONAIS;CRM UN;REUTERS;CRM UN Minimo;;;-;;DOLAR DOS EUA;;SIM;;;;;OPC
ACOES INTERNACIONAIS;CRM US;REUTERS;CRM US Mínimo;;;-;;DOLAR DOS EUA;;SIM;;;;;COE
ACOES INTERNACIONAIS;CRM US;REUTERS;CRM US Máximo;;;-;;DOLAR DOS EUA;;SIM;;;;;OPC
ACOES INTERNACIONAIS;CRM US;REUTERS;CRM US Máximo;;;-;;DOLAR DOS EUA;;SIM;;;;;COE
ACOES INTERNACIONAIS;CRM US;REUTERS;CRM US;;;-;;DOLAR DOS EUA;;SIM;;;;;OPC
ACOES INTERNACIONAIS;CRM US;REUTERS;CRM US;;;-;;DOLAR DOS EUA;;SIM;;;;;COE
ACOES INTERNACIONAIS;CRM US;REUTERS;CRM US Mínimo;;;-;;DOLAR DOS EUA;;SIM;;;;;OPC
ACOES INTERNACIONAIS;CRUD LN;REUTERS;CRUD LN Mínimo;;;-;;DOLAR DOS EUA;;SIM;;;;;OPC
ACOES INTERNACIONAIS;CRUD LN;REUTERS;CRUD LN Máximo;;;-;;DOLAR DOS EUA;;SIM;;;;;COE
ACOES INTERNACIONAIS;CRUD LN;REUTERS;CRUD LN Máximo;;;-;;DOLAR DOS EUA;;SIM;;;;;OPC
ACOES INTERNACIONAIS;CRUD LN;REUTERS;CRUD LN;;;-;;DOLAR DOS EUA;;SIM;;;;;COE
ACOES INTERNACIONAIS;CRUD LN;REUTERS;CRUD LN;;;-;;DOLAR DOS EUA;;SIM;;;;;OPC
ACOES INTERNACIONAIS;CRUD LN;REUTERS;CRUD LN Mínimo;;;-;;DOLAR DOS EUA;;SIM;;;;;COE
ACOES INTERNACIONAIS;CRWD US;REUTERS;CRWD US;;;-;;DOLAR DOS EUA;;SIM;;;;;COE
ACOES INTERNACIONAIS;CRWD US;REUTERS;CRWD US Mínimo;;;-;;DOLAR DOS EUA;;SIM;;;;;OPC
ACOES INTERNACIONAIS;CRWD US;REUTERS;CRWD US Mínimo;;;-;;DOLAR DOS EUA;;SIM;;;;;COE
ACOES INTERNACIONAIS;CRWD US;REUTERS;CRWD US Máximo;;;-;;DOLAR DOS EUA;;SIM;;;;;OPC
ACOES INTERNACIONAIS;CRWD US;REUTERS;CRWD US Máximo;;;-;;DOLAR DOS EUA;;SIM;;;;;COE
ACOES INTERNACIONAIS;CRWD US;REUTERS;CRWD US;;;-;;DOLAR DOS EUA;;SIM;;;;;OPC
ACOES INTERNACIONAIS;CSCO UW;REUTERS;CSCO UW Mínimo;;;-;;DOLAR DOS EUA;;SIM;;;;;COE
ACOES INTERNACIONAIS;CSCO UW;REUTERS;CSCO UW Máximo;;;-;;DOLAR DOS EUA;;SIM;;;;;OPC
ACOES INTERNACIONAIS;CSCO UW;REUTERS;CSCO UW;;;-;;DOLAR DOS EUA;;SIM;;;;;COE
ACOES INTERNACIONAIS;CSCO UW;REUTERS;CSCO UW;;;-;;DOLAR DOS EUA;;SIM;;;;;OPC
ACOES INTERNACIONAIS;CSCO UW;REUTERS;CSCO UW Mínimo;;;-;;DOLAR DOS EUA;;SIM;;;;;OPC
ACOES INTERNACIONAIS;CSCO UW;REUTERS;CSCO UW Máximo;;;-;;DOLAR DOS EUA;;SIM;;;;;COE
ACOES INTERNACIONAIS;CSCO UW_43;REUTERS;CSCO UW_43;;;-;;DOLAR DOS EUA;;NÃO;;;;;OPC
ACOES INTERNACIONAIS;CSCO UW_43;REUTERS;CSCO UW_43;;;-;;DOLAR DOS EUA;;NÃO;;;;;COE
ACOES INTERNACIONAIS;CSEAEMTRWP;REUTERS;CSEAEMTR_WP;;;-;;EURO/COM.EUROPEIA;;NÃO;;;;;COE
ACOES INTERNACIONAIS;CSEAEMTRWP;REUTERS;CSEAEMTR_WP;;;-;;EURO/COM.EUROPEIA;;NÃO;;;;;OPC
ACOES INTERNACIONAIS;CSGP US;REUTERS;CSGP US Mínimo;;;-;;DOLAR DOS EUA;;SIM;;;;;COE
ACOES INTERNACIONAIS;CSGP US;REUTERS;CSGP US Máximo;;;-;;DOLAR DOS EUA;;SIM;;;;;OPC
ACOES INTERNACIONAIS;CSGP US;REUTERS;CSGP US Máximo;;;-;;DOLAR DOS EUA;;SIM;;;;;COE
ACOES INTERNACIONAIS;CSGP US;REUTERS;CSGP US;;;-;;DOLAR DOS EUA;;SIM;;;;;OPC
ACOES INTERNACIONAIS;CSGP US;REUTERS;CSGP US;;;-;;DOLAR DOS EUA;;SIM;;;;;COE
ACOES INTERNACIONAIS;CSGP US;REUTERS;CSGP US Mínimo;;;-;;DOLAR DOS EUA;;SIM;;;;;OPC
ACOES INTERNACIONAIS;CVS UN;REUTERS;CVS UN;;;-;;DOLAR DOS EUA;;SIM;;;;;OPC
ACOES INTERNACIONAIS;CVS UN;REUTERS;CVS UN Máximo;;;-;;DOLAR DOS EUA;;SIM;;;;;COE
ACOES INTERNACIONAIS;CVS UN;REUTERS;CVS UN Máximo;;;-;;DOLAR DOS EUA;;SIM;;;;;OPC
ACOES INTERNACIONAIS;CVS UN;REUTERS;CVS UN;;;-;;DOLAR DOS EUA;;SIM;;;;;COE
ACOES INTERNACIONAIS;CVS UN;REUTERS;CVS UN Mínimo;;;-;;DOLAR DOS EUA;;SIM;;;;;OPC
ACOES INTERNACIONAIS;CVS UN;REUTERS;CVS UN Mínimo;;;-;;DOLAR DOS EUA;;SIM;;;;;COE
ACOES INTERNACIONAIS;CVS US;REUTERS;CVS US Mínimo;;;-;;DOLAR DOS EUA;;SIM;;;;;COE
ACOES INTERNACIONAIS;CVS US;REUTERS;CVS US Mínimo;;;-;;DOLAR DOS EUA;;SIM;;;;;OPC
ACOES INTERNACIONAIS;CVS US;REUTERS;CVS US;;;-;;DOLAR DOS EUA;;SIM;;;;;OPC
ACOES INTERNACIONAIS;CVS US;REUTERS;CVS US Máximo;;;-;;DOLAR DOS EUA;;SIM;;;;;OPC
ACOES INTERNACIONAIS;CVS US;REUTERS;CVS US;;;-;;DOLAR DOS EUA;;SIM;;;;;COE
ACOES INTERNACIONAIS;CVS US;REUTERS;CVS US Máximo;;;-;;DOLAR DOS EUA;;SIM;;;;;COE
ACOES INTERNACIONAIS;CVX UN;REUTERS;CVX UN Máximo;;;-;;DOLAR DOS EUA;;SIM;;;;;OPC
ACOES INTERNACIONAIS;CVX UN;REUTERS;CVX UN Máximo;;;-;;DOLAR DOS EUA;;SIM;;;;;COE
ACOES INTERNACIONAIS;CVX UN;REUTERS;CVX UN;;;-;;DOLAR DOS EUA;;SIM;;;;;OPC
ACOES INTERNACIONAIS;CVX UN;REUTERS;CVX UN;;;-;;DOLAR DOS EUA;;SIM;;;;;COE
ACOES INTERNACIONAIS;CVX UN;REUTERS;CVX UN Mínimo;;;-;;DOLAR DOS EUA;;SIM;;;;;COE
ACOES INTERNACIONAIS;CVX UN;REUTERS;CVX UN Mínimo;;;-;;DOLAR DOS EUA;;SIM;;;;;OPC
ACOES INTERNACIONAIS;CVX US;REUTERS;CVX US Minimo;;;-;;DOLAR DOS EUA;;SIM;;;;;COE
ACOES INTERNACIONAIS;CVX US;REUTERS;CVX US Minimo;;;-;;DOLAR DOS EUA;;SIM;;;;;OPC
ACOES INTERNACIONAIS;CVX US;REUTERS;CVX US;;;-;;DOLAR DOS EUA;;SIM;;;;;COE
ACOES INTERNACIONAIS;CVX US;REUTERS;CVX US;;;-;;DOLAR DOS EUA;;SIM;;;;;OPC
ACOES INTERNACIONAIS;CVX US;REUTERS;CVX US Maximo;;;-;;DOLAR DOS EUA;;SIM;;;;;OPC
ACOES INTERNACIONAIS;CVX US;REUTERS;CVX US Maximo;;;-;;DOLAR DOS EUA;;SIM;;;;;COE
ACOES INTERNACIONAIS;DASH UN;REUTERS;DASH UN Mínimo;;;-;;DOLAR DOS EUA;;SIM;;;;;OPC
ACOES INTERNACIONAIS;DASH UN;REUTERS;DASH UN;;;-;;DOLAR DOS EUA;;SIM;;;;;COE
ACOES INTERNACIONAIS;DASH UN;REUTERS;DASH UN;;;-;;DOLAR DOS EUA;;SIM;;;;;OPC
ACOES INTERNACIONAIS;DASH UN;REUTERS;DASH UN Mínimo;;;-;;DOLAR DOS EUA;;SIM;;;;;COE
ACOES INTERNACIONAIS;DASH UN;REUTERS;DASH UN Máximo;;;-;;DOLAR DOS EUA;;SIM;;;;;OPC
ACOES INTERNACIONAIS;DASH UN;REUTERS;DASH UN Máximo;;;-;;DOLAR DOS EUA;;SIM;;;;;COE
ACOES INTERNACIONAIS;DDOG US;REUTERS;DDOG US Máximo;;;-;;DOLAR DOS EUA;;SIM;;;;;COE
ACOES INTERNACIONAIS;DDOG US;REUTERS;DDOG US Máximo;;;-;;DOLAR DOS EUA;;SIM;;;;;OPC
ACOES INTERNACIONAIS;DDOG US;REUTERS;DDOG US Mínimo;;;-;;DOLAR DOS EUA;;SIM;;;;;COE
ACOES INTERNACIONAIS;DDOG US;REUTERS;DDOG US Mínimo;;;-;;DOLAR DOS EUA;;SIM;;;;;OPC
ACOES INTERNACIONAIS;DDOG US;REUTERS;DDOG US;;;-;;DOLAR DOS EUA;;SIM;;;;;COE
ACOES INTERNACIONAIS;DDOG US;REUTERS;DDOG US;;;-;;DOLAR DOS EUA;;SIM;;;;;OPC
ACOES INTERNACIONAIS;DE UN;REUTERS;DE UN Mínimo;;;-;;DOLAR DOS EUA;;SIM;;;;;COE
ACOES INTERNACIONAIS;DE UN;REUTERS;DE UN Máximo;;;-;;DOLAR DOS EUA;;SIM;;;;;COE
ACOES INTERNACIONAIS;DE UN;REUTERS;DE UN;;;-;;DOLAR DOS EUA;;SIM;;;;;COE
ACOES INTERNACIONAIS;DESP UN;REUTERS;DESP UN;;;-;;DOLAR DOS EUA;;SIM;;;;;COE
ACOES INTERNACIONAIS;DESP UN;REUTERS;DESP UN Máximo;;;-;;DOLAR DOS EUA;;SIM;;;;;OPC
ACOES INTERNACIONAIS;DESP UN;REUTERS;DESP UN Mínimo;;;-;;DOLAR DOS EUA;;SIM;;;;;COE
ACOES INTERNACIONAIS;DESP UN;REUTERS;DESP UN Mínimo;;;-;;DOLAR DOS EUA;;SIM;;;;;OPC
ACOES INTERNACIONAIS;DESP UN;REUTERS;DESP UN Máximo;;;-;;DOLAR DOS EUA;;SIM;;;;;COE
ACOES INTERNACIONAIS;DESP UN;REUTERS;DESP UN;;;-;;DOLAR DOS EUA;;SIM;;;;;OPC
ACOES INTERNACIONAIS;DGE LN;REUTERS;DGE LN;;;-;;LIBRA ESTERLINA;;SIM;;;;;COE
ACOES INTERNACIONAIS;DGE LN;REUTERS;DGE LN Mínimo;;;-;;LIBRA ESTERLINA;;SIM;;;;;COE
ACOES INTERNACIONAIS;DGE LN;REUTERS;DGE LN Mínimo;;;-;;LIBRA ESTERLINA;;SIM;;;;;OPC
ACOES INTERNACIONAIS;DGE LN;REUTERS;DGE LN Máximo;;;-;;LIBRA ESTERLINA;;SIM;;;;;OPC
ACOES INTERNACIONAIS;DGE LN;REUTERS;DGE LN Máximo;;;-;;LIBRA ESTERLINA;;SIM;;;;;COE
ACOES INTERNACIONAIS;DGE LN;REUTERS;DGE LN;;;-;;LIBRA ESTERLINA;;SIM;;;;;OPC
ACOES INTERNACIONAIS;DHR US;REUTERS;DHR US Mínimo;;;-;;DOLAR DOS EUA;;SIM;;;;;OPC
ACOES INTERNACIONAIS;DHR US;REUTERS;DHR US;;;-;;DOLAR DOS EUA;;SIM;;;;;COE
ACOES INTERNACIONAIS;DHR US;REUTERS;DHR US;;;-;;DOLAR DOS EUA;;SIM;;;;;OPC
ACOES INTERNACIONAIS;DHR US;REUTERS;DHR US Mínimo;;;-;;DOLAR DOS EUA;;SIM;;;;;COE
ACOES INTERNACIONAIS;DHR US;REUTERS;DHR US Máximo;;;-;;DOLAR DOS EUA;;SIM;;;;;OPC
ACOES INTERNACIONAIS;DHR US;REUTERS;DHR US Máximo;;;-;;DOLAR DOS EUA;;SIM;;;;;COE
ACOES INTERNACIONAIS;DIS UN;REUTERS;DIS UN;;;-;;DOLAR DOS EUA;;SIM;;;;;COE
ACOES INTERNACIONAIS;DIS UN;REUTERS;DIS UN;;;-;;DOLAR DOS EUA;;SIM;;;;;OPC
ACOES INTERNACIONAIS;DIS UN;REUTERS;DIS UN Máximo;;;-;;DOLAR DOS EUA;;SIM;;;;;COE
ACOES INTERNACIONAIS;DIS UN;REUTERS;DIS UN Mínimo;;;-;;DOLAR DOS EUA;;SIM;;;;;OPC
ACOES INTERNACIONAIS;DIS UN;REUTERS;DIS UN Mínimo;;;-;;DOLAR DOS EUA;;SIM;;;;;COE
ACOES INTERNACIONAIS;DIS UN;REUTERS;DIS UN Máximo;;;-;;DOLAR DOS EUA;;SIM;;;;;OPC
ACOES INTERNACIONAIS;DIS UN _43;REUTERS;DIS UN _43;;;-;;DOLAR DOS EUA;;NÃO;;;;;COE
ACOES INTERNACIONAIS;DIS UN _43;REUTERS;DIS UN _43;;;-;;DOLAR DOS EUA;;NÃO;;;;;OPC
ACOES INTERNACIONAIS;DIS UP;REUTERS;DIS UP Mínimo;;;-;;DOLAR DOS EUA;;SIM;;;;;COE
ACOES INTERNACIONAIS;DIS UP;REUTERS;DIS UP Mínimo;;;-;;DOLAR DOS EUA;;SIM;;;;;OPC
ACOES INTERNACIONAIS;DIS UP;REUTERS;DIS UP;;;-;;DOLAR DOS EUA;;SIM;;;;;OPC
ACOES INTERNACIONAIS;DIS UP;REUTERS;DIS UP;;;-;;DOLAR DOS EUA;;SIM;;;;;COE
ACOES INTERNACIONAIS;DIS UP;REUTERS;DIS UP Máximo;;;-;;DOLAR DOS EUA;;SIM;;;;;OPC
ACOES INTERNACIONAIS;DIS UP;REUTERS;DIS UP Máximo;;;-;;DOLAR DOS EUA;;SIM;;;;;COE
ACOES INTERNACIONAIS;DIS US;REUTERS;DIS US Máximo;;;-;;DOLAR DOS EUA;;SIM;;;;;COE
ACOES INTERNACIONAIS;DIS US;REUTERS;DIS US Máximo;;;-;;DOLAR DOS EUA;;SIM;;;;;OPC
ACOES INTERNACIONAIS;DIS US;REUTERS;DIS US Mínimo;;;-;;DOLAR DOS EUA;;SIM;;;;;COE
ACOES INTERNACIONAIS;DIS US;REUTERS;DIS US Mínimo;;;-;;DOLAR DOS EUA;;SIM;;;;;OPC
ACOES INTERNACIONAIS;DIS US;REUTERS;DIS US;;;-;;DOLAR DOS EUA;;SIM;;;;;COE
ACOES INTERNACIONAIS;DIS US;REUTERS;DIS US;;;-;;DOLAR DOS EUA;;SIM;;;;;OPC
ACOES INTERNACIONAIS;DLO US;BLOOMBERG;DLO US Mínimo;;;-;;DOLAR DOS EUA;;SIM;;;;;COE
ACOES INTERNACIONAIS;DLO US;BLOOMBERG;DLO US;;;-;;DOLAR DOS EUA;;SIM;;;;;COE
ACOES INTERNACIONAIS;DLO US;BLOOMBERG;DLO US Máximo;;;-;;DOLAR DOS EUA;;SIM;;;;;COE
ACOES INTERNACIONAIS;DTE GY;REUTERS;DTE GY;;;-;;EURO/COM.EUROPEIA;;SIM;;;;;COE
ACOES INTERNACIONAIS;DTE GY;REUTERS;DTE GY;;;-;;EURO/COM.EUROPEIA;;SIM;;;;;OPC
ACOES INTERNACIONAIS;DTE GY;REUTERS;DTE GY Máximo;;;-;;EURO/COM.EUROPEIA;;SIM;;;;;COE
ACOES INTERNACIONAIS;DTE GY;REUTERS;DTE GY Máximo;;;-;;EURO/COM.EUROPEIA;;SIM;;;;;OPC
ACOES INTERNACIONAIS;DTE GY;REUTERS;DTE GY Mínimo;;;-;;EURO/COM.EUROPEIA;;SIM;;;;;COE
ACOES INTERNACIONAIS;DTE GY;REUTERS;DTE GY Mínimo;;;-;;EURO/COM.EUROPEIA;;SIM;;;;;OPC
ACOES INTERNACIONAIS;DXCM UW;REUTERS;DXCM UW;;;-;;DOLAR DOS EUA;;SIM;;;;;COE
ACOES INTERNACIONAIS;DXCM UW;REUTERS;DXCM UW;;;-;;DOLAR DOS EUA;;SIM;;;;;OPC
ACOES INTERNACIONAIS;DXCM UW;REUTERS;DXCM UW Máximo;;;-;;DOLAR DOS EUA;;SIM;;;;;COE
ACOES INTERNACIONAIS;DXCM UW;REUTERS;DXCM UW Máximo;;;-;;DOLAR DOS EUA;;SIM;;;;;OPC
ACOES INTERNACIONAIS;DXCM UW;REUTERS;DXCM UW Mínimo;;;-;;DOLAR DOS EUA;;SIM;;;;;COE
ACOES INTERNACIONAIS;DXCM UW;REUTERS;DXCM UW Mínimo;;;-;;DOLAR DOS EUA;;SIM;;;;;OPC
ACOES INTERNACIONAIS;EA US;REUTERS;EA US Máximo;;;-;;DOLAR DOS EUA;;SIM;;;;;OPC
ACOES INTERNACIONAIS;EA US;REUTERS;EA US Máximo;;;-;;DOLAR DOS EUA;;SIM;;;;;COE
ACOES INTERNACIONAIS;EA US;REUTERS;EA US Mínimo;;;-;;DOLAR DOS EUA;;SIM;;;;;COE
ACOES INTERNACIONAIS;EA US;REUTERS;EA US Mínimo;;;-;;DOLAR DOS EUA;;SIM;;;;;OPC
ACOES INTERNACIONAIS;EA US;REUTERS;EA US;;;-;;DOLAR DOS EUA;;SIM;;;;;COE
ACOES INTERNACIONAIS;EA US;REUTERS;EA US;;;-;;DOLAR DOS EUA;;SIM;;;;;OPC
ACOES INTERNACIONAIS;EA UW;REUTERS;EA UW;;;-;;DOLAR DOS EUA;;SIM;;;;;OPC
ACOES INTERNACIONAIS;EA UW;REUTERS;EA UW Mínimo;;;-;;DOLAR DOS EUA;;SIM;;;;;OPC
ACOES INTERNACIONAIS;EA UW;REUTERS;EA UW Máximo;;;-;;DOLAR DOS EUA;;SIM;;;;;COE
ACOES INTERNACIONAIS;EA UW;REUTERS;EA UW Máximo;;;-;;DOLAR DOS EUA;;SIM;;;;;OPC
ACOES INTERNACIONAIS;EA UW;REUTERS;EA UW Mínimo;;;-;;DOLAR DOS EUA;;SIM;;;;;COE
ACOES INTERNACIONAIS;EA UW;REUTERS;EA UW;;;-;;DOLAR DOS EUA;;SIM;;;;;COE
ACOES INTERNACIONAIS;EA UW_43;REUTERS;EA UW_43;;;-;;DOLAR DOS EUA;;NÃO;;;;;COE
ACOES INTERNACIONAIS;EA UW_43;REUTERS;EA UW_43;;;-;;DOLAR DOS EUA;;NÃO;;;;;OPC
ACOES INTERNACIONAIS;EBAY US;REUTERS;EBAY US Minimo;;;-;;DOLAR DOS EUA;;SIM;;;;;COE
ACOES INTERNACIONAIS;EBAY US;REUTERS;EBAY US Minimo;;;-;;DOLAR DOS EUA;;SIM;;;;;OPC
ACOES INTERNACIONAIS;EBAY US;REUTERS;EBAY US;;;-;;DOLAR DOS EUA;;SIM;;;;;COE
ACOES INTERNACIONAIS;EBAY US;REUTERS;EBAY US;;;-;;DOLAR DOS EUA;;SIM;;;;;OPC
ACOES INTERNACIONAIS;EBAY US;REUTERS;EBAY US Maximo;;;-;;DOLAR DOS EUA;;SIM;;;;;COE
ACOES INTERNACIONAIS;EBAY US;REUTERS;EBAY US Maximo;;;-;;DOLAR DOS EUA;;SIM;;;;;OPC
ACOES INTERNACIONAIS;EBR UN;REUTERS;EBR UN;;;-;;DOLAR DOS EUA;;SIM;;;;;COE
ACOES INTERNACIONAIS;EBR UN;REUTERS;EBR UN;;;-;;DOLAR DOS EUA;;SIM;;;;;OPC
ACOES INTERNACIONAIS;EBR UN;REUTERS;EBR UN Mínimo;;;-;;DOLAR DOS EUA;;SIM;;;;;OPC
ACOES INTERNACIONAIS;EBR UN;REUTERS;EBR UN Máximo;;;-;;DOLAR DOS EUA;;SIM;;;;;COE
ACOES INTERNACIONAIS;EBR UN;REUTERS;EBR UN Máximo;;;-;;DOLAR DOS EUA;;SIM;;;;;OPC
ACOES INTERNACIONAIS;EBR UN;REUTERS;EBR UN Mínimo;;;-;;DOLAR DOS EUA;;SIM;;;;;COE
ACOES INTERNACIONAIS;EEM_US;REUTERS;EEM_US;;;OUTROS;;DOLAR DOS EUA;;SIM;;;;;COE
ACOES INTERNACIONAIS;EEM_US;REUTERS;EEM_US;;;OUTROS;;DOLAR DOS EUA;;SIM;;;;;OPC
ACOES INTERNACIONAIS;EEM_US;REUTERS;EEM_US MINIMO;;;OUTROS;;DOLAR DOS EUA;;SIM;;;;;COE
ACOES INTERNACIONAIS;EEM_US;REUTERS;EEM_US MINIMO;;;OUTROS;;DOLAR DOS EUA;;SIM;;;;;OPC
ACOES INTERNACIONAIS;EEM_US;REUTERS;EEM_US MAXIMO;;;OUTROS;;DOLAR DOS EUA;;SIM;;;;;COE
ACOES INTERNACIONAIS;EEM_US;REUTERS;EEM_US MAXIMO;;;OUTROS;;DOLAR DOS EUA;;SIM;;;;;OPC
ACOES INTERNACIONAIS;EL US;REUTERS;EL US;;;-;;DOLAR DOS EUA;;SIM;;;;;COE
ACOES INTERNACIONAIS;EL US;REUTERS;EL US Máximo;;;-;;DOLAR DOS EUA;;SIM;;;;;COE
ACOES INTERNACIONAIS;EL US;REUTERS;EL US Mínimo;;;-;;DOLAR DOS EUA;;SIM;;;;;COE
ACOES INTERNACIONAIS;ENI IM;REUTERS;ENI IM Máximo;;;-;;EURO/COM.EUROPEIA;;SIM;;;;;OPC
ACOES INTERNACIONAIS;ENI IM;REUTERS;ENI IM Mínimo;;;-;;EURO/COM.EUROPEIA;;SIM;;;;;COE
ACOES INTERNACIONAIS;ENI IM;REUTERS;ENI IM Mínimo;;;-;;EURO/COM.EUROPEIA;;SIM;;;;;OPC
ACOES INTERNACIONAIS;ENI IM;REUTERS;ENI IM Máximo;;;-;;EURO/COM.EUROPEIA;;SIM;;;;;COE
ACOES INTERNACIONAIS;ENI IM;REUTERS;ENI IM;;;-;;EURO/COM.EUROPEIA;;SIM;;;;;OPC
ACOES INTERNACIONAIS;ENI IM;REUTERS;ENI IM;;;-;;EURO/COM.EUROPEIA;;SIM;;;;;COE
ACOES INTERNACIONAIS;ENPH UQ;REUTERS;ENPH UQ;;;-;;DOLAR DOS EUA;;SIM;;;;;OPC
ACOES INTERNACIONAIS;ENPH UQ;REUTERS;ENPH UQ Mínimo;;;-;;DOLAR DOS EUA;;SIM;;;;;COE
ACOES INTERNACIONAIS;ENPH UQ;REUTERS;ENPH UQ Mínimo;;;-;;DOLAR DOS EUA;;SIM;;;;;OPC
ACOES INTERNACIONAIS;ENPH UQ;REUTERS;ENPH UQ Máximo;;;-;;DOLAR DOS EUA;;SIM;;;;;COE
ACOES INTERNACIONAIS;ENPH UQ;REUTERS;ENPH UQ Máximo;;;-;;DOLAR DOS EUA;;SIM;;;;;OPC
ACOES INTERNACIONAIS;ENPH UQ;REUTERS;ENPH UQ;;;-;;DOLAR DOS EUA;;SIM;;;;;COE
ACOES INTERNACIONAIS;ENPH US;REUTERS;ENPH US Máximo;;;-;;DOLAR DOS EUA;;SIM;;;;;COE
ACOES INTERNACIONAIS;ENPH US;REUTERS;ENPH US;;;-;;DOLAR DOS EUA;;SIM;;;;;COE
ACOES INTERNACIONAIS;ENPH US;REUTERS;ENPH US Mínimo;;;-;;DOLAR DOS EUA;;SIM;;;;;COE
ACOES INTERNACIONAIS;EQNR NO;REUTERS;EQNR NO Mínimo;;;-;;COROA NORUE/NORUE;;SIM;;;;;OPC
ACOES INTERNACIONAIS;EQNR NO;REUTERS;EQNR NO Mínimo;;;-;;COROA NORUE/NORUE;;SIM;;;;;COE
ACOES INTERNACIONAIS;EQNR NO;REUTERS;EQNR NO Máximo;;;-;;COROA NORUE/NORUE;;SIM;;;;;OPC
ACOES INTERNACIONAIS;EQNR NO;REUTERS;EQNR NO Máximo;;;-;;COROA NORUE/NORUE;;SIM;;;;;COE
ACOES INTERNACIONAIS;EQNR NO;REUTERS;EQNR NO;;;-;;COROA NORUE/NORUE;;SIM;;;;;OPC
ACOES INTERNACIONAIS;EQNR NO;REUTERS;EQNR NO;;;-;;COROA NORUE/NORUE;;SIM;;;;;COE
ACOES INTERNACIONAIS;ESGU_UQ;BLOOMBERG;ESGU_UQ;;;-;;DOLAR DOS EUA;;SIM;;;;;COE
ACOES INTERNACIONAIS;EWJ US;REUTERS;EWJ US Máximo;;;-;;DOLAR DOS EUA;;SIM;;;;;OPC
ACOES INTERNACIONAIS;EWJ US;REUTERS;EWJ US Mínimo;;;-;;DOLAR DOS EUA;;SIM;;;;;OPC
ACOES INTERNACIONAIS;EWJ US;REUTERS;EWJ US Mínimo;;;-;;DOLAR DOS EUA;;SIM;;;;;COE
ACOES INTERNACIONAIS;EWJ US;REUTERS;EWJ US;;;-;;DOLAR DOS EUA;;SIM;;;;;COE
ACOES INTERNACIONAIS;EWJ US;REUTERS;EWJ US;;;-;;DOLAR DOS EUA;;SIM;;;;;OPC
ACOES INTERNACIONAIS;EWJ US;REUTERS;EWJ US Máximo;;;-;;DOLAR DOS EUA;;SIM;;;;;COE
ACOES INTERNACIONAIS;EWZ_UP;BLOOMBERG;EWZ_UP Mínimo;;;-;;DOLAR DOS EUA;;SIM;;;;;COE
ACOES INTERNACIONAIS;EWZ_UP;BLOOMBERG;EWZ_UP;;;-;;DOLAR DOS EUA;;SIM;;;;;COE
ACOES INTERNACIONAIS;EWZ_UP;BLOOMBERG;EWZ_UP Máximo;;;-;;DOLAR DOS EUA;;SIM;;;;;COE
ACOES INTERNACIONAIS;EXPE US;REUTERS;EXPE US;;;-;;DOLAR DOS EUA;;SIM;;;;;OPC
ACOES INTERNACIONAIS;EXPE US;REUTERS;EXPE US Máximo;;;-;;DOLAR DOS EUA;;SIM;;;;;COE
ACOES INTERNACIONAIS;EXPE US;REUTERS;EXPE US Máximo;;;-;;DOLAR DOS EUA;;SIM;;;;;OPC
ACOES INTERNACIONAIS;EXPE US;REUTERS;EXPE US Mínimo;;;-;;DOLAR DOS EUA;;SIM;;;;;COE
ACOES INTERNACIONAIS;EXPE US;REUTERS;EXPE US Mínimo;;;-;;DOLAR DOS EUA;;SIM;;;;;OPC
ACOES INTERNACIONAIS;EXPE US;REUTERS;EXPE US;;;-;;DOLAR DOS EUA;;SIM;;;;;COE
ACOES INTERNACIONAIS;EXPE UW;REUTERS;EXPE UW;;;-;;DOLAR DOS EUA;;SIM;;;;;COE
ACOES INTERNACIONAIS;EXPE UW;REUTERS;EXPE UW;;;-;;DOLAR DOS EUA;;SIM;;;;;OPC
ACOES INTERNACIONAIS;EXPE UW;REUTERS;EXPE UW Máximo;;;-;;DOLAR DOS EUA;;SIM;;;;;COE
ACOES INTERNACIONAIS;EXPE UW;REUTERS;EXPE UW Máximo;;;-;;DOLAR DOS EUA;;SIM;;;;;OPC
ACOES INTERNACIONAIS;EXPE UW;REUTERS;EXPE UW Mínimo;;;-;;DOLAR DOS EUA;;SIM;;;;;OPC
ACOES INTERNACIONAIS;EXPE UW;REUTERS;EXPE UW Mínimo;;;-;;DOLAR DOS EUA;;SIM;;;;;COE
ACOES INTERNACIONAIS;F UN;REUTERS;F UN;;;-;;DOLAR DOS EUA;;SIM;;;;;OPC
ACOES INTERNACIONAIS;F UN;REUTERS;F UN Máximo;;;-;;DOLAR DOS EUA;;SIM;;;;;COE
ACOES INTERNACIONAIS;F UN;REUTERS;F UN;;;-;;DOLAR DOS EUA;;SIM;;;;;COE
ACOES INTERNACIONAIS;F UN;REUTERS;F UN Mínimo;;;-;;DOLAR DOS EUA;;SIM;;;;;OPC
ACOES INTERNACIONAIS;F UN;REUTERS;F UN Máximo;;;-;;DOLAR DOS EUA;;SIM;;;;;OPC
ACOES INTERNACIONAIS;F UN;REUTERS;F UN Mínimo;;;-;;DOLAR DOS EUA;;SIM;;;;;COE
ACOES INTERNACIONAIS;FCX UN;REUTERS;FCX UN;;;-;;DOLAR DOS EUA;;SIM;;;;;COE
ACOES INTERNACIONAIS;FCX UN;REUTERS;FCX UN;;;-;;DOLAR DOS EUA;;SIM;;;;;OPC
ACOES INTERNACIONAIS;FCX UN;REUTERS;FCX UN Minimo;;;-;;DOLAR DOS EUA;;SIM;;;;;OPC
ACOES INTERNACIONAIS;FCX UN;REUTERS;FCX UN Minimo;;;-;;DOLAR DOS EUA;;SIM;;;;;COE
ACOES INTERNACIONAIS;FCX UN;REUTERS;FCX UN Maximo;;;-;;DOLAR DOS EUA;;SIM;;;;;OPC
ACOES INTERNACIONAIS;FCX UN;REUTERS;FCX UN Maximo;;;-;;DOLAR DOS EUA;;SIM;;;;;COE
ACOES INTERNACIONAIS;FME GY;REUTERS;FME GY Mínimo;;;-;;EURO/COM.EUROPEIA;;SIM;;;;;OPC
ACOES INTERNACIONAIS;FME GY;REUTERS;FME GY Mínimo;;;-;;EURO/COM.EUROPEIA;;SIM;;;;;COE
ACOES INTERNACIONAIS;FME GY;REUTERS;FME GY Máximo;;;-;;EURO/COM.EUROPEIA;;SIM;;;;;OPC
ACOES INTERNACIONAIS;FME GY;REUTERS;FME GY Máximo;;;-;;EURO/COM.EUROPEIA;;SIM;;;;;COE
ACOES INTERNACIONAIS;FME GY;REUTERS;FME GY;;;-;;EURO/COM.EUROPEIA;;SIM;;;;;OPC
ACOES INTERNACIONAIS;FME GY;REUTERS;FME GY;;;-;;EURO/COM.EUROPEIA;;SIM;;;;;COE
ACOES INTERNACIONAIS;FOX UW;REUTERS;FOX UW;;;-;;DOLAR DOS EUA;;SIM;;;;;OPC
ACOES INTERNACIONAIS;FOX UW;REUTERS;FOX UW Mínimo;;;-;;DOLAR DOS EUA;;SIM;;;;;OPC
ACOES INTERNACIONAIS;FOX UW;REUTERS;FOX UW Mínimo;;;-;;DOLAR DOS EUA;;SIM;;;;;COE
ACOES INTERNACIONAIS;FOX UW;REUTERS;FOX UW;;;-;;DOLAR DOS EUA;;SIM;;;;;COE
ACOES INTERNACIONAIS;FOX UW;REUTERS;FOX UW Máximo;;;-;;DOLAR DOS EUA;;SIM;;;;;COE
ACOES INTERNACIONAIS;FOX UW;REUTERS;FOX UW Máximo;;;-;;DOLAR DOS EUA;;SIM;;;;;OPC
ACOES INTERNACIONAIS;FOXA UW;REUTERS;FOXA UW;;;-;;DOLAR DOS EUA;;SIM;;;;;OPC
ACOES INTERNACIONAIS;FOXA UW;REUTERS;FOXA UW;;;-;;DOLAR DOS EUA;;SIM;;;;;COE
ACOES INTERNACIONAIS;FOXA UW;REUTERS;FOXA UW Máximo;;;-;;DOLAR DOS EUA;;SIM;;;;;OPC
ACOES INTERNACIONAIS;FOXA UW;REUTERS;FOXA UW Máximo;;;-;;DOLAR DOS EUA;;SIM;;;;;COE
ACOES INTERNACIONAIS;FOXA UW;REUTERS;FOXA UW Mínimo;;;-;;DOLAR DOS EUA;;SIM;;;;;OPC
ACOES INTERNACIONAIS;FOXA UW;REUTERS;FOXA UW Mínimo;;;-;;DOLAR DOS EUA;;SIM;;;;;COE
ACOES INTERNACIONAIS;FSLR US;REUTERS;FSLR US;;;-;;DOLAR DOS EUA;;SIM;;;;;COE
ACOES INTERNACIONAIS;FSLR US;REUTERS;FSLR US;;;-;;DOLAR DOS EUA;;SIM;;;;;OPC
ACOES INTERNACIONAIS;FSLR US;REUTERS;FSLR US Máximo;;;-;;DOLAR DOS EUA;;SIM;;;;;COE
ACOES INTERNACIONAIS;FSLR US;REUTERS;FSLR US Máximo;;;-;;DOLAR DOS EUA;;SIM;;;;;OPC
ACOES INTERNACIONAIS;FSLR US;REUTERS;FSLR US Mínimo;;;-;;DOLAR DOS EUA;;SIM;;;;;COE
ACOES INTERNACIONAIS;FSLR US;REUTERS;FSLR US Mínimo;;;-;;DOLAR DOS EUA;;SIM;;;;;OPC
ACOES INTERNACIONAIS;GD UN;REUTERS;GD UN Minimo;;;-;;DOLAR DOS EUA;;SIM;;;;;OPC
ACOES INTERNACIONAIS;GD UN;REUTERS;GD UN Minimo;;;-;;DOLAR DOS EUA;;SIM;;;;;COE
ACOES INTERNACIONAIS;GD UN;REUTERS;GD UN;;;-;;DOLAR DOS EUA;;SIM;;;;;OPC
ACOES INTERNACIONAIS;GD UN;REUTERS;GD UN;;;-;;DOLAR DOS EUA;;SIM;;;;;COE
ACOES INTERNACIONAIS;GD UN;REUTERS;GD UN Maximo;;;-;;DOLAR DOS EUA;;SIM;;;;;OPC
ACOES INTERNACIONAIS;GD UN;REUTERS;GD UN Maximo;;;-;;DOLAR DOS EUA;;SIM;;;;;COE
ACOES INTERNACIONAIS;GE UN;REUTERS;GE UN Mínimo;;;-;;DOLAR DOS EUA;;SIM;;;;;OPC
ACOES INTERNACIONAIS;GE UN;REUTERS;GE UN Máximo;;;-;;DOLAR DOS EUA;;SIM;;;;;COE
ACOES INTERNACIONAIS;GE UN;REUTERS;GE UN Máximo;;;-;;DOLAR DOS EUA;;SIM;;;;;OPC
ACOES INTERNACIONAIS;GE UN;REUTERS;GE UN;;;-;;DOLAR DOS EUA;;SIM;;;;;COE
ACOES INTERNACIONAIS;GE UN;REUTERS;GE UN;;;-;;DOLAR DOS EUA;;SIM;;;;;OPC
ACOES INTERNACIONAIS;GE UN;REUTERS;GE UN Mínimo;;;-;;DOLAR DOS EUA;;SIM;;;;;COE
ACOES INTERNACIONAIS;GE US;REUTERS;GE US Mínimo;;;-;;DOLAR DOS EUA;;SIM;;;;;COE
ACOES INTERNACIONAIS;GE US;REUTERS;GE US Máximo;;;-;;DOLAR DOS EUA;;SIM;;;;;OPC
ACOES INTERNACIONAIS;GE US;REUTERS;GE US Máximo;;;-;;DOLAR DOS EUA;;SIM;;;;;COE
ACOES INTERNACIONAIS;GE US;REUTERS;GE US;;;-;;DOLAR DOS EUA;;SIM;;;;;OPC
ACOES INTERNACIONAIS;GE US;REUTERS;GE US;;;-;;DOLAR DOS EUA;;SIM;;;;;COE
ACOES INTERNACIONAIS;GE US;REUTERS;GE US Mínimo;;;-;;DOLAR DOS EUA;;SIM;;;;;OPC
ACOES INTERNACIONAIS;GILD US;REUTERS;GILD US Mínimo;;;-;;DOLAR DOS EUA;;SIM;;;;;COE
ACOES INTERNACIONAIS;GILD US;REUTERS;GILD US Mínimo;;;-;;DOLAR DOS EUA;;SIM;;;;;OPC
ACOES INTERNACIONAIS;GILD US;REUTERS;GILD US;;;-;;DOLAR DOS EUA;;SIM;;;;;COE
ACOES INTERNACIONAIS;GILD US;REUTERS;GILD US;;;-;;DOLAR DOS EUA;;SIM;;;;;OPC
ACOES INTERNACIONAIS;GILD US;REUTERS;GILD US Máximo;;;-;;DOLAR DOS EUA;;SIM;;;;;COE
ACOES INTERNACIONAIS;GILD US;REUTERS;GILD US Máximo;;;-;;DOLAR DOS EUA;;SIM;;;;;OPC
ACOES INTERNACIONAIS;GILD UW;REUTERS;GILD UW Mínimo;;;-;;DOLAR DOS EUA;;SIM;;;;;COE
ACOES INTERNACIONAIS;GILD UW;REUTERS;GILD UW Mínimo;;;-;;DOLAR DOS EUA;;SIM;;;;;OPC
ACOES INTERNACIONAIS;GILD UW;REUTERS;GILD UW Máximo;;;-;;DOLAR DOS EUA;;SIM;;;;;OPC
ACOES INTERNACIONAIS;GILD UW;REUTERS;GILD UW Máximo;;;-;;DOLAR DOS EUA;;SIM;;;;;COE
ACOES INTERNACIONAIS;GILD UW;REUTERS;GILD UW;;;-;;DOLAR DOS EUA;;SIM;;;;;OPC
ACOES INTERNACIONAIS;GILD UW;REUTERS;GILD UW;;;-;;DOLAR DOS EUA;;SIM;;;;;COE
ACOES INTERNACIONAIS;GIS UN;REUTERS;GIS UN Mínimo;;;-;;DOLAR DOS EUA;;SIM;;;;;OPC
ACOES INTERNACIONAIS;GIS UN;REUTERS;GIS UN Mínimo;;;-;;DOLAR DOS EUA;;SIM;;;;;COE
ACOES INTERNACIONAIS;GIS UN;REUTERS;GIS UN Máximo;;;-;;DOLAR DOS EUA;;SIM;;;;;OPC
ACOES INTERNACIONAIS;GIS UN;REUTERS;GIS UN Máximo;;;-;;DOLAR DOS EUA;;SIM;;;;;COE
ACOES INTERNACIONAIS;GIS UN;REUTERS;GIS UN;;;-;;DOLAR DOS EUA;;SIM;;;;;OPC
ACOES INTERNACIONAIS;GIS UN;REUTERS;GIS UN;;;-;;DOLAR DOS EUA;;SIM;;;;;COE
ACOES INTERNACIONAIS;GLD_UP;BLOOMBERG;GLD_UP Máximo;;;-;;DOLAR DOS EUA;;SIM;;;;;COE
ACOES INTERNACIONAIS;GLD_UP;BLOOMBERG;GLD_UP;;;-;;DOLAR DOS EUA;;SIM;;;;;COE
ACOES INTERNACIONAIS;GLD_UP;BLOOMBERG;GLD_UP Mínimo;;;-;;DOLAR DOS EUA;;SIM;;;;;COE
ACOES INTERNACIONAIS;GLE FP;REUTERS;GLE FP Mínimo;;;-;;EURO/COM.EUROPEIA;;SIM;;;;;OPC
ACOES INTERNACIONAIS;GLE FP;REUTERS;GLE FP;;;-;;EURO/COM.EUROPEIA;;SIM;;;;;COE
ACOES INTERNACIONAIS;GLE FP;REUTERS;GLE FP Mínimo;;;-;;EURO/COM.EUROPEIA;;SIM;;;;;COE
ACOES INTERNACIONAIS;GLE FP;REUTERS;GLE FP;;;-;;EURO/COM.EUROPEIA;;SIM;;;;;OPC
ACOES INTERNACIONAIS;GLE FP;REUTERS;GLE FP Máximo;;;-;;EURO/COM.EUROPEIA;;SIM;;;;;COE
ACOES INTERNACIONAIS;GLE FP;REUTERS;GLE FP Máximo;;;-;;EURO/COM.EUROPEIA;;SIM;;;;;OPC
ACOES INTERNACIONAIS;GM UN;REUTERS;GM UN;;;-;;DOLAR DOS EUA;;SIM;;;;;COE
ACOES INTERNACIONAIS;GM UN;REUTERS;GM UN;;;-;;DOLAR DOS EUA;;SIM;;;;;OPC
ACOES INTERNACIONAIS;GM UN;REUTERS;GM UN Mínimo;;;-;;DOLAR DOS EUA;;SIM;;;;;OPC
ACOES INTERNACIONAIS;GM UN;REUTERS;GM UN Máximo;;;-;;DOLAR DOS EUA;;SIM;;;;;OPC
ACOES INTERNACIONAIS;GM UN;REUTERS;GM UN Mínimo;;;-;;DOLAR DOS EUA;;SIM;;;;;COE
ACOES INTERNACIONAIS;GM UN;REUTERS;GM UN Máximo;;;-;;DOLAR DOS EUA;;SIM;;;;;COE
ACOES INTERNACIONAIS;GOLD UN;REUTERS;GOLD UN;;;-;;DOLAR DOS EUA;;SIM;;;;;COE
ACOES INTERNACIONAIS;GOLD UN;REUTERS;GOLD UN;;;-;;DOLAR DOS EUA;;SIM;;;;;OPC
ACOES INTERNACIONAIS;GOLD UN;REUTERS;GOLD UN Máximo;;;-;;DOLAR DOS EUA;;SIM;;;;;COE
ACOES INTERNACIONAIS;GOLD UN;REUTERS;GOLD UN Máximo;;;-;;DOLAR DOS EUA;;SIM;;;;;OPC
ACOES INTERNACIONAIS;GOLD UN;REUTERS;GOLD UN Mínimo;;;-;;DOLAR DOS EUA;;SIM;;;;;COE
ACOES INTERNACIONAIS;GOLD UN;REUTERS;GOLD UN Mínimo;;;-;;DOLAR DOS EUA;;SIM;;;;;OPC
ACOES INTERNACIONAIS;GOOG UQ;REUTERS;GOOG UQ Mínimo;;;-;;DOLAR DOS EUA;;SIM;;;;;OPC
ACOES INTERNACIONAIS;GOOG UQ;REUTERS;GOOG UQ Mínimo;;;-;;DOLAR DOS EUA;;SIM;;;;;COE
ACOES INTERNACIONAIS;GOOG UQ;REUTERS;GOOG UQ Máximo;;;-;;DOLAR DOS EUA;;SIM;;;;;OPC
ACOES INTERNACIONAIS;GOOG UQ;REUTERS;GOOG UQ Máximo;;;-;;DOLAR DOS EUA;;SIM;;;;;COE
ACOES INTERNACIONAIS;GOOG UQ;REUTERS;GOOG UQ;;;-;;DOLAR DOS EUA;;SIM;;;;;OPC
ACOES INTERNACIONAIS;GOOG UQ;REUTERS;GOOG UQ;;;-;;DOLAR DOS EUA;;SIM;;;;;COE
ACOES INTERNACIONAIS;GOOG US;REUTERS;GOOG US Mínimo;;;-;;DOLAR DOS EUA;;SIM;;;;;COE
ACOES INTERNACIONAIS;GOOG US;REUTERS;GOOG US Mínimo;;;-;;DOLAR DOS EUA;;SIM;;;;;OPC
ACOES INTERNACIONAIS;GOOG US;REUTERS;GOOG US Máximo;;;-;;DOLAR DOS EUA;;SIM;;;;;OPC
ACOES INTERNACIONAIS;GOOG US;REUTERS;GOOG US Máximo;;;-;;DOLAR DOS EUA;;SIM;;;;;COE
ACOES INTERNACIONAIS;GOOG US;REUTERS;GOOG US;;;-;;DOLAR DOS EUA;;SIM;;;;;OPC
ACOES INTERNACIONAIS;GOOG US;REUTERS;GOOG US;;;-;;DOLAR DOS EUA;;SIM;;;;;COE
ACOES INTERNACIONAIS;GOOG UW;REUTERS;GOOG UW;;;OUTROS;;DOLAR DOS EUA;;SIM;;;;;OPC
ACOES INTERNACIONAIS;GOOG UW;REUTERS;GOOG UW Máximo;;;OUTROS;;DOLAR DOS EUA;;SIM;;;;;COE
ACOES INTERNACIONAIS;GOOG UW;REUTERS;GOOG UW Mínimo;;;OUTROS;;DOLAR DOS EUA;;SIM;;;;;COE
ACOES INTERNACIONAIS;GOOG UW;REUTERS;GOOG UW Mínimo;;;OUTROS;;DOLAR DOS EUA;;SIM;;;;;OPC
ACOES INTERNACIONAIS;GOOG UW;REUTERS;GOOG UW Máximo;;;OUTROS;;DOLAR DOS EUA;;SIM;;;;;OPC
ACOES INTERNACIONAIS;GOOG UW;REUTERS;GOOG UW;;;OUTROS;;DOLAR DOS EUA;;SIM;;;;;COE
ACOES INTERNACIONAIS;GOOGL UQ;BLOOMBERG;GOOGL UQ;;;-;;DOLAR DOS EUA;;SIM;;;;;COE
ACOES INTERNACIONAIS;GOOGL UQ;BLOOMBERG;GOOGL UQ Máximo;;;-;;DOLAR DOS EUA;;SIM;;;;;COE
ACOES INTERNACIONAIS;GOOGL UQ;BLOOMBERG;GOOGL UQ Mínimo;;;-;;DOLAR DOS EUA;;SIM;;;;;COE
ACOES INTERNACIONAIS;GOOGL US;REUTERS;GOOGL US Mínimo;;;-;;DOLAR DOS EUA;;SIM;;;;;OPC
ACOES INTERNACIONAIS;GOOGL US;REUTERS;GOOGL US Mínimo;;;-;;DOLAR DOS EUA;;SIM;;;;;COE
ACOES INTERNACIONAIS;GOOGL US;REUTERS;GOOGL US;;;-;;DOLAR DOS EUA;;SIM;;;;;OPC
ACOES INTERNACIONAIS;GOOGL US;REUTERS;GOOGL US;;;-;;DOLAR DOS EUA;;SIM;;;;;COE
ACOES INTERNACIONAIS;GOOGL US;REUTERS;GOOGL US Máximo;;;-;;DOLAR DOS EUA;;SIM;;;;;OPC
ACOES INTERNACIONAIS;GOOGL US;REUTERS;GOOGL US Máximo;;;-;;DOLAR DOS EUA;;SIM;;;;;COE
ACOES INTERNACIONAIS;GOOGL UW;NASDAQ GS;GOOGL UW Máximo;;;-;;DOLAR DOS EUA;;SIM;;;;;OPC
ACOES INTERNACIONAIS;GOOGL UW;NASDAQ GS;GOOGL UW Máximo;;;-;;DOLAR DOS EUA;;SIM;;;;;COE
ACOES INTERNACIONAIS;GOOGL UW;NASDAQ GS;GOOGL UW Mínimo;;;-;;DOLAR DOS EUA;;SIM;;;;;COE
ACOES INTERNACIONAIS;GOOGL UW;NASDAQ GS;GOOGL UW;;;-;;DOLAR DOS EUA;;SIM;;;;;COE
ACOES INTERNACIONAIS;GOOGL UW;NASDAQ GS;GOOGL UW Mínimo;;;-;;DOLAR DOS EUA;;SIM;;;;;OPC
ACOES INTERNACIONAIS;GOOGL UW;NASDAQ GS;GOOGL UW;;;-;;DOLAR DOS EUA;;SIM;;;;;OPC
ACOES INTERNACIONAIS;GPRO US;REUTERS;GPRO US Maximo;;;-;;DOLAR DOS EUA;;SIM;;;;;COE
ACOES INTERNACIONAIS;GPRO US;REUTERS;GPRO US Maximo;;;-;;DOLAR DOS EUA;;SIM;;;;;OPC
ACOES INTERNACIONAIS;GPRO US;REUTERS;GPRO US Minimo;;;-;;DOLAR DOS EUA;;SIM;;;;;OPC
ACOES INTERNACIONAIS;GPRO US;REUTERS;GPRO US Minimo;;;-;;DOLAR DOS EUA;;SIM;;;;;COE
ACOES INTERNACIONAIS;GPRO US;REUTERS;GPRO US;;;-;;DOLAR DOS EUA;;SIM;;;;;OPC
ACOES INTERNACIONAIS;GPRO US;REUTERS;GPRO US;;;-;;DOLAR DOS EUA;;SIM;;;;;COE
ACOES INTERNACIONAIS;GPRO UW;REUTERS;GPRO UW;;;-;;DOLAR DOS EUA;;SIM;;;;;COE
ACOES INTERNACIONAIS;GPRO UW;REUTERS;GPRO UW Mínimo;;;-;;DOLAR DOS EUA;;SIM;;;;;OPC
ACOES INTERNACIONAIS;GPRO UW;REUTERS;GPRO UW Mínimo;;;-;;DOLAR DOS EUA;;SIM;;;;;COE
ACOES INTERNACIONAIS;GPRO UW;REUTERS;GPRO UW Máximo;;;-;;DOLAR DOS EUA;;SIM;;;;;OPC
ACOES INTERNACIONAIS;GPRO UW;REUTERS;GPRO UW Máximo;;;-;;DOLAR DOS EUA;;SIM;;;;;COE
ACOES INTERNACIONAIS;GPRO UW;REUTERS;GPRO UW;;;-;;DOLAR DOS EUA;;SIM;;;;;OPC
ACOES INTERNACIONAIS;GPS UN;REUTERS;GPS UN;;;-;;DOLAR DOS EUA;;SIM;;;;;COE
ACOES INTERNACIONAIS;GPS UN;REUTERS;GPS UN Máximo;;;-;;DOLAR DOS EUA;;SIM;;;;;COE
ACOES INTERNACIONAIS;GPS UN;REUTERS;GPS UN Máximo;;;-;;DOLAR DOS EUA;;SIM;;;;;OPC
ACOES INTERNACIONAIS;GPS UN;REUTERS;GPS UN Mínimo;;;-;;DOLAR DOS EUA;;SIM;;;;;COE
ACOES INTERNACIONAIS;GPS UN;REUTERS;GPS UN;;;-;;DOLAR DOS EUA;;SIM;;;;;OPC
ACOES INTERNACIONAIS;GPS UN;REUTERS;GPS UN Mínimo;;;-;;DOLAR DOS EUA;;SIM;;;;;OPC
ACOES INTERNACIONAIS;GRID US;BLOOMBERG;GRID US Máximo;;;-;;DOLAR DOS EUA;;SIM;;;;;COE
ACOES INTERNACIONAIS;GRID US;BLOOMBERG;GRID US;;;-;;DOLAR DOS EUA;;SIM;;;;;COE
ACOES INTERNACIONAIS;GRID US;BLOOMBERG;GRID US Mínimo;;;-;;DOLAR DOS EUA;;SIM;;;;;COE
ACOES INTERNACIONAIS;GRMN US;REUTERS;GRMN US Maximo;;;-;;DOLAR DOS EUA;;SIM;;;;;COE
ACOES INTERNACIONAIS;GRMN US;REUTERS;GRMN US;;;-;;DOLAR DOS EUA;;SIM;;;;;COE
ACOES INTERNACIONAIS;GRMN US;REUTERS;GRMN US Maximo;;;-;;DOLAR DOS EUA;;SIM;;;;;OPC
ACOES INTERNACIONAIS;GRMN US;REUTERS;GRMN US Minimo;;;-;;DOLAR DOS EUA;;SIM;;;;;COE
ACOES INTERNACIONAIS;GRMN US;REUTERS;GRMN US Minimo;;;-;;DOLAR DOS EUA;;SIM;;;;;OPC
ACOES INTERNACIONAIS;GRMN US;REUTERS;GRMN US;;;-;;DOLAR DOS EUA;;SIM;;;;;OPC
ACOES INTERNACIONAIS;GRPN UW;REUTERS;GRPN UW;;;-;;DOLAR DOS EUA;;SIM;;;;;COE
ACOES INTERNACIONAIS;GRPN UW;REUTERS;GRPN UW;;;-;;DOLAR DOS EUA;;SIM;;;;;OPC
ACOES INTERNACIONAIS;GRPN UW;REUTERS;GRPN UW Máximo;;;-;;DOLAR DOS EUA;;SIM;;;;;COE
ACOES INTERNACIONAIS;GRPN UW;REUTERS;GRPN UW Máximo;;;-;;DOLAR DOS EUA;;SIM;;;;;OPC
ACOES INTERNACIONAIS;GRPN UW;REUTERS;GRPN UW Mínimo;;;-;;DOLAR DOS EUA;;SIM;;;;;COE
ACOES INTERNACIONAIS;GRPN UW;REUTERS;GRPN UW Mínimo;;;-;;DOLAR DOS EUA;;SIM;;;;;OPC
ACOES INTERNACIONAIS;GS UN;REUTERS;GS UN Máximo;;;-;;DOLAR DOS EUA;;SIM;;;;;OPC
ACOES INTERNACIONAIS;GS UN;REUTERS;GS UN Mínimo;;;-;;DOLAR DOS EUA;;SIM;;;;;COE
ACOES INTERNACIONAIS;GS UN;REUTERS;GS UN Mínimo;;;-;;DOLAR DOS EUA;;SIM;;;;;OPC
ACOES INTERNACIONAIS;GS UN;REUTERS;GS UN;;;-;;DOLAR DOS EUA;;SIM;;;;;COE
ACOES INTERNACIONAIS;GS UN;REUTERS;GS UN;;;-;;DOLAR DOS EUA;;SIM;;;;;OPC
ACOES INTERNACIONAIS;GS UN;REUTERS;GS UN Máximo;;;-;;DOLAR DOS EUA;;SIM;;;;;COE
ACOES INTERNACIONAIS;GSK LN;REUTERS;GSK LN Maximo;;;-;;LIBRA ESTERLINA;;SIM;;;;;COE
ACOES INTERNACIONAIS;GSK LN;REUTERS;GSK LN Maximo;;;-;;LIBRA ESTERLINA;;SIM;;;;;OPC
ACOES INTERNACIONAIS;GSK LN;REUTERS;GSK LN;;;-;;LIBRA ESTERLINA;;SIM;;;;;OPC
ACOES INTERNACIONAIS;GSK LN;REUTERS;GSK LN;;;-;;LIBRA ESTERLINA;;SIM;;;;;COE
ACOES INTERNACIONAIS;GSK LN;REUTERS;GSK LN Minimo;;;-;;LIBRA ESTERLINA;;SIM;;;;;OPC
ACOES INTERNACIONAIS;GSK LN;REUTERS;GSK LN Minimo;;;-;;LIBRA ESTERLINA;;SIM;;;;;COE
ACOES INTERNACIONAIS;GT US;REUTERS;GT US Mínimo;;;-;;DOLAR DOS EUA;;SIM;;;;;COE
ACOES INTERNACIONAIS;GT US;REUTERS;GT US Mínimo;;;-;;DOLAR DOS EUA;;SIM;;;;;OPC
ACOES INTERNACIONAIS;GT US;REUTERS;GT US Máximo;;;-;;DOLAR DOS EUA;;SIM;;;;;OPC
ACOES INTERNACIONAIS;GT US;REUTERS;GT US;;;-;;DOLAR DOS EUA;;SIM;;;;;OPC
ACOES INTERNACIONAIS;GT US;REUTERS;GT US;;;-;;DOLAR DOS EUA;;SIM;;;;;COE
ACOES INTERNACIONAIS;GT US;REUTERS;GT US Máximo;;;-;;DOLAR DOS EUA;;SIM;;;;;COE
ACOES INTERNACIONAIS;GT UW;REUTERS;GT UW;;;-;;DOLAR DOS EUA;;SIM;;;;;OPC
ACOES INTERNACIONAIS;GT UW;REUTERS;GT UW Mínimo;;;-;;DOLAR DOS EUA;;SIM;;;;;COE
ACOES INTERNACIONAIS;GT UW;REUTERS;GT UW Mínimo;;;-;;DOLAR DOS EUA;;SIM;;;;;OPC
ACOES INTERNACIONAIS;GT UW;REUTERS;GT UW;;;-;;DOLAR DOS EUA;;SIM;;;;;COE
ACOES INTERNACIONAIS;GT UW;REUTERS;GT UW Máximo;;;-;;DOLAR DOS EUA;;SIM;;;;;OPC
ACOES INTERNACIONAIS;GT UW;REUTERS;GT UW Máximo;;;-;;DOLAR DOS EUA;;SIM;;;;;COE
ACOES INTERNACIONAIS;HD UN;REUTERS;HD UN Mínimo;;;-;;DOLAR DOS EUA;;SIM;;;;;COE
ACOES INTERNACIONAIS;HD UN;REUTERS;HD UN;;;-;;DOLAR DOS EUA;;SIM;;;;;COE
ACOES INTERNACIONAIS;HD UN;REUTERS;HD UN Máximo;;;-;;DOLAR DOS EUA;;SIM;;;;;COE
ACOES INTERNACIONAIS;HEIA NA;REUTERS;HEIA NA Mínimo;;;-;;EURO/COM.EUROPEIA;;SIM;;;;;COE
ACOES INTERNACIONAIS;HEIA NA;REUTERS;HEIA NA Mínimo;;;-;;EURO/COM.EUROPEIA;;SIM;;;;;OPC
ACOES INTERNACIONAIS;HEIA NA;REUTERS;HEIA NA Máximo;;;-;;EURO/COM.EUROPEIA;;SIM;;;;;OPC
ACOES INTERNACIONAIS;HEIA NA;REUTERS;HEIA NA Máximo;;;-;;EURO/COM.EUROPEIA;;SIM;;;;;COE
ACOES INTERNACIONAIS;HEIA NA;REUTERS;HEIA NA;;;-;;EURO/COM.EUROPEIA;;SIM;;;;;OPC
ACOES INTERNACIONAIS;HEIA NA;REUTERS;HEIA NA;;;-;;EURO/COM.EUROPEIA;;SIM;;;;;COE
ACOES INTERNACIONAIS;HOG UN;REUTERS;HOG UN Máximo;;;-;;DOLAR DOS EUA;;SIM;;;;;COE
ACOES INTERNACIONAIS;HOG UN;REUTERS;HOG UN Mínimo;;;-;;DOLAR DOS EUA;;SIM;;;;;COE
ACOES INTERNACIONAIS;HOG UN;REUTERS;HOG UN;;;-;;DOLAR DOS EUA;;SIM;;;;;OPC
ACOES INTERNACIONAIS;HOG UN;REUTERS;HOG UN;;;-;;DOLAR DOS EUA;;SIM;;;;;COE
ACOES INTERNACIONAIS;HOG UN;REUTERS;HOG UN Máximo;;;-;;DOLAR DOS EUA;;SIM;;;;;OPC
ACOES INTERNACIONAIS;HOG UN;REUTERS;HOG UN Mínimo;;;-;;DOLAR DOS EUA;;SIM;;;;;OPC
ACOES INTERNACIONAIS;HOG US;REUTERS;HOG US Maximo;;;-;;DOLAR DOS EUA;;SIM;;;;;COE
ACOES INTERNACIONAIS;HOG US;REUTERS;HOG US Maximo;;;-;;DOLAR DOS EUA;;SIM;;;;;OPC
ACOES INTERNACIONAIS;HOG US;REUTERS;HOG US;;;-;;DOLAR DOS EUA;;SIM;;;;;COE
ACOES INTERNACIONAIS;HOG US;REUTERS;HOG US;;;-;;DOLAR DOS EUA;;SIM;;;;;OPC
ACOES INTERNACIONAIS;HOG US;REUTERS;HOG US Minimo;;;-;;DOLAR DOS EUA;;SIM;;;;;COE
ACOES INTERNACIONAIS;HOG US;REUTERS;HOG US Minimo;;;-;;DOLAR DOS EUA;;SIM;;;;;OPC
ACOES INTERNACIONAIS;HSBA LN;REUTERS;HSBA LN Máximo;;;-;;LIBRA ESTERLINA;;SIM;;;;;COE
ACOES INTERNACIONAIS;HSBA LN;REUTERS;HSBA LN Máximo;;;-;;LIBRA ESTERLINA;;SIM;;;;;OPC
ACOES INTERNACIONAIS;HSBA LN;REUTERS;HSBA LN Mínimo;;;-;;LIBRA ESTERLINA;;SIM;;;;;OPC
ACOES INTERNACIONAIS;HSBA LN;REUTERS;HSBA LN;;;-;;LIBRA ESTERLINA;;SIM;;;;;OPC
ACOES INTERNACIONAIS;HSBA LN;REUTERS;HSBA LN Mínimo;;;-;;LIBRA ESTERLINA;;SIM;;;;;COE
ACOES INTERNACIONAIS;HSBA LN;REUTERS;HSBA LN;;;-;;LIBRA ESTERLINA;;SIM;;;;;COE
ACOES INTERNACIONAIS;IBB UP;REUTERS;IBB UP;;;-;;DOLAR DOS EUA;;SIM;;;;;COE
ACOES INTERNACIONAIS;IBB UP;REUTERS;IBB UP;;;-;;DOLAR DOS EUA;;SIM;;;;;OPC
ACOES INTERNACIONAIS;IBE SM;REUTERS;IBE SM Mínimo;;;-;;EURO/COM.EUROPEIA;;SIM;;;;;OPC
ACOES INTERNACIONAIS;IBE SM;REUTERS;IBE SM Mínimo;;;-;;EURO/COM.EUROPEIA;;SIM;;;;;COE
ACOES INTERNACIONAIS;IBE SM;REUTERS;IBE SM Máximo;;;-;;EURO/COM.EUROPEIA;;SIM;;;;;COE
ACOES INTERNACIONAIS;IBE SM;REUTERS;IBE SM Máximo;;;-;;EURO/COM.EUROPEIA;;SIM;;;;;OPC
ACOES INTERNACIONAIS;IBE SM;REUTERS;IBE SM;;;-;;EURO/COM.EUROPEIA;;SIM;;;;;OPC
ACOES INTERNACIONAIS;IBE SM;REUTERS;IBE SM;;;-;;EURO/COM.EUROPEIA;;SIM;;;;;COE
ACOES INTERNACIONAIS;IBE SQ;REUTERS;IBE SQ;;;-;;EURO/COM.EUROPEIA;;SIM;;;;;COE
ACOES INTERNACIONAIS;IBE SQ;REUTERS;IBE SQ;;;-;;EURO/COM.EUROPEIA;;SIM;;;;;OPC
ACOES INTERNACIONAIS;IBE SQ;REUTERS;IBE SQ Máximo;;;-;;EURO/COM.EUROPEIA;;SIM;;;;;COE
ACOES INTERNACIONAIS;IBE SQ;REUTERS;IBE SQ Máximo;;;-;;EURO/COM.EUROPEIA;;SIM;;;;;OPC
ACOES INTERNACIONAIS;IBE SQ;REUTERS;IBE SQ Mínimo;;;-;;EURO/COM.EUROPEIA;;SIM;;;;;COE
ACOES INTERNACIONAIS;IBE SQ;REUTERS;IBE SQ Mínimo;;;-;;EURO/COM.EUROPEIA;;SIM;;;;;OPC
ACOES INTERNACIONAIS;IBM UN;REUTERS;IBM UN Mínimo;;;-;;DOLAR DOS EUA;;SIM;;;;;OPC
ACOES INTERNACIONAIS;IBM UN;REUTERS;IBM UN;;;-;;DOLAR DOS EUA;;SIM;;;;;COE
ACOES INTERNACIONAIS;IBM UN;REUTERS;IBM UN;;;-;;DOLAR DOS EUA;;SIM;;;;;OPC
ACOES INTERNACIONAIS;IBM UN;REUTERS;IBM UN Máximo;;;-;;DOLAR DOS EUA;;SIM;;;;;COE
ACOES INTERNACIONAIS;IBM UN;REUTERS;IBM UN Máximo;;;-;;DOLAR DOS EUA;;SIM;;;;;OPC
ACOES INTERNACIONAIS;IBM UN;REUTERS;IBM UN Mínimo;;;-;;DOLAR DOS EUA;;SIM;;;;;COE
ACOES INTERNACIONAIS;IBM US;REUTERS;IBM US Mínimo;;;-;;DOLAR DOS EUA;;SIM;;;;;OPC
ACOES INTERNACIONAIS;IBM US;REUTERS;IBM US Mínimo;;;-;;DOLAR DOS EUA;;SIM;;;;;COE
ACOES INTERNACIONAIS;IBM US;REUTERS;IBM US Máximo;;;-;;DOLAR DOS EUA;;SIM;;;;;OPC
ACOES INTERNACIONAIS;IBM US;REUTERS;IBM US Máximo;;;-;;DOLAR DOS EUA;;SIM;;;;;COE
ACOES INTERNACIONAIS;IBM US;REUTERS;IBM US;;;-;;DOLAR DOS EUA;;SIM;;;;;OPC
ACOES INTERNACIONAIS;IBM US;REUTERS;IBM US;;;-;;DOLAR DOS EUA;;SIM;;;;;COE
ACOES INTERNACIONAIS;IHYA LN;BLOOMBERG;IHYA LN Máximo;;;-;;DOLAR DOS EUA;;SIM;;;;;COE
ACOES INTERNACIONAIS;IHYA LN;BLOOMBERG;IHYA LN Máximo;;;-;;DOLAR DOS EUA;;SIM;;;;;OPC
ACOES INTERNACIONAIS;IHYA LN;BLOOMBERG;IHYA LN;;;-;;DOLAR DOS EUA;;SIM;;;;;OPC
ACOES INTERNACIONAIS;IHYA LN;BLOOMBERG;IHYA LN;;;-;;DOLAR DOS EUA;;SIM;;;;;COE
ACOES INTERNACIONAIS;IHYA LN;BLOOMBERG;IHYA LN Mínimo;;;-;;DOLAR DOS EUA;;SIM;;;;;OPC
ACOES INTERNACIONAIS;IHYA LN;BLOOMBERG;IHYA LN Mínimo;;;-;;DOLAR DOS EUA;;SIM;;;;;COE
ACOES INTERNACIONAIS;IMB LN;REUTERS;IMB LN Mínimo;;;-;;LIBRA ESTERLINA;;SIM;;;;;COE
ACOES INTERNACIONAIS;IMB LN;REUTERS;IMB LN Mínimo;;;-;;LIBRA ESTERLINA;;SIM;;;;;OPC
ACOES INTERNACIONAIS;IMB LN;REUTERS;IMB LN;;;-;;LIBRA ESTERLINA;;SIM;;;;;COE
ACOES INTERNACIONAIS;IMB LN;REUTERS;IMB LN;;;-;;LIBRA ESTERLINA;;SIM;;;;;OPC
ACOES INTERNACIONAIS;IMB LN;REUTERS;IMB LN Máximo;;;-;;LIBRA ESTERLINA;;SIM;;;;;COE
ACOES INTERNACIONAIS;IMB LN;REUTERS;IMB LN Máximo;;;-;;LIBRA ESTERLINA;;SIM;;;;;OPC
ACOES INTERNACIONAIS;INDA US;NYSE;INDA US;;;-;;DOLAR DOS EUA;;SIM;;;;;OPC
ACOES INTERNACIONAIS;INDA US;NYSE;INDA US;;;-;;DOLAR DOS EUA;;SIM;;;;;COE
ACOES INTERNACIONAIS;INDA US;NYSE;INDA US Máximo;;;-;;DOLAR DOS EUA;;SIM;;;;;COE
ACOES INTERNACIONAIS;INDA US;NYSE;INDA US Mínimo;;;-;;DOLAR DOS EUA;;SIM;;;;;OPC
ACOES INTERNACIONAIS;INDA US;NYSE;INDA US Mínimo;;;-;;DOLAR DOS EUA;;SIM;;;;;COE
ACOES INTERNACIONAIS;INDA US;NYSE;INDA US Máximo;;;-;;DOLAR DOS EUA;;SIM;;;;;OPC
ACOES INTERNACIONAIS;INFY US;BLOOMBERG;INFY US;;;-;;DOLAR DOS EUA;;SIM;;;;;OPC
ACOES INTERNACIONAIS;INFY US;BLOOMBERG;INFY US;;;-;;DOLAR DOS EUA;;SIM;;;;;COE
ACOES INTERNACIONAIS;INFY US;BLOOMBERG;INFY US Mínimo;;;-;;DOLAR DOS EUA;;SIM;;;;;OPC
ACOES INTERNACIONAIS;INFY US;BLOOMBERG;INFY US Mínimo;;;-;;DOLAR DOS EUA;;SIM;;;;;COE
ACOES INTERNACIONAIS;INFY US;BLOOMBERG;INFY US Máximo;;;-;;DOLAR DOS EUA;;SIM;;;;;OPC
ACOES INTERNACIONAIS;INFY US;BLOOMBERG;INFY US Máximo;;;-;;DOLAR DOS EUA;;SIM;;;;;COE
ACOES INTERNACIONAIS;INTC US;REUTERS;INTC US Mínimo;;;-;;DOLAR DOS EUA;;SIM;;;;;OPC
ACOES INTERNACIONAIS;INTC US;REUTERS;INTC US Mínimo;;;-;;DOLAR DOS EUA;;SIM;;;;;COE
ACOES INTERNACIONAIS;INTC US;REUTERS;INTC US Máximo;;;-;;DOLAR DOS EUA;;SIM;;;;;OPC
ACOES INTERNACIONAIS;INTC US;REUTERS;INTC US Máximo;;;-;;DOLAR DOS EUA;;SIM;;;;;COE
ACOES INTERNACIONAIS;INTC US;REUTERS;INTC US;;;-;;DOLAR DOS EUA;;SIM;;;;;OPC
ACOES INTERNACIONAIS;INTC US;REUTERS;INTC US;;;-;;DOLAR DOS EUA;;SIM;;;;;COE
ACOES INTERNACIONAIS;INTC UW;REUTERS;INTC UW Máximo;;;-;;DOLAR DOS EUA;;SIM;;;;;COE
ACOES INTERNACIONAIS;INTC UW;REUTERS;INTC UW;;;-;;DOLAR DOS EUA;;SIM;;;;;OPC
ACOES INTERNACIONAIS;INTC UW;REUTERS;INTC UW Mínimo;;;-;;DOLAR DOS EUA;;SIM;;;;;COE
ACOES INTERNACIONAIS;INTC UW;REUTERS;INTC UW Mínimo;;;-;;DOLAR DOS EUA;;SIM;;;;;OPC
ACOES INTERNACIONAIS;INTC UW;REUTERS;INTC UW;;;-;;DOLAR DOS EUA;;SIM;;;;;COE
ACOES INTERNACIONAIS;INTC UW;REUTERS;INTC UW Máximo;;;-;;DOLAR DOS EUA;;SIM;;;;;OPC
ACOES INTERNACIONAIS;ISP IM;REUTERS;ISP IM Máximo;;;-;;EURO/COM.EUROPEIA;;SIM;;;;;OPC
ACOES INTERNACIONAIS;ISP IM;REUTERS;ISP IM Máximo;;;-;;EURO/COM.EUROPEIA;;SIM;;;;;COE
ACOES INTERNACIONAIS;ISP IM;REUTERS;ISP IM;;;-;;EURO/COM.EUROPEIA;;SIM;;;;;OPC
ACOES INTERNACIONAIS;ISP IM;REUTERS;ISP IM;;;-;;EURO/COM.EUROPEIA;;SIM;;;;;COE
ACOES INTERNACIONAIS;ISP IM;REUTERS;ISP IM Mínimo;;;-;;EURO/COM.EUROPEIA;;SIM;;;;;COE
ACOES INTERNACIONAIS;ISP IM;REUTERS;ISP IM Mínimo;;;-;;EURO/COM.EUROPEIA;;SIM;;;;;OPC
ACOES INTERNACIONAIS;ITUB UN;REUTERS;ITUB UN Mínimo;;;-;;DOLAR DOS EUA;;SIM;;;;;OPC
ACOES INTERNACIONAIS;ITUB UN;REUTERS;ITUB UN Máximo;;;-;;DOLAR DOS EUA;;SIM;;;;;OPC
ACOES INTERNACIONAIS;ITUB UN;REUTERS;ITUB UN Máximo;;;-;;DOLAR DOS EUA;;SIM;;;;;COE
ACOES INTERNACIONAIS;ITUB UN;REUTERS;ITUB UN;;;-;;DOLAR DOS EUA;;SIM;;;;;OPC
ACOES INTERNACIONAIS;ITUB UN;REUTERS;ITUB UN;;;-;;DOLAR DOS EUA;;SIM;;;;;COE
ACOES INTERNACIONAIS;ITUB UN;REUTERS;ITUB UN Mínimo;;;-;;DOLAR DOS EUA;;SIM;;;;;COE
ACOES INTERNACIONAIS;IWM_UP;REUTERS;IWM_UP Máximo;;;-;;DOLAR DOS EUA;;SIM;;;;;COE
ACOES INTERNACIONAIS;IWM_UP;REUTERS;IWM_UP Mínimo;;;-;;DOLAR DOS EUA;;SIM;;;;;COE
ACOES INTERNACIONAIS;IWM_UP;REUTERS;IWM_UP;;;-;;DOLAR DOS EUA;;SIM;;;;;COE
ACOES INTERNACIONAIS;JNJ UN;REUTERS;JNJ UN;;;-;;DOLAR DOS EUA;;SIM;;;;;OPC
ACOES INTERNACIONAIS;JNJ UN;REUTERS;JNJ UN;;;-;;DOLAR DOS EUA;;SIM;;;;;COE
ACOES INTERNACIONAIS;JNJ UN;REUTERS;JNJ UN Máximo;;;-;;DOLAR DOS EUA;;SIM;;;;;OPC
ACOES INTERNACIONAIS;JNJ UN;REUTERS;JNJ UN Máximo;;;-;;DOLAR DOS EUA;;SIM;;;;;COE
ACOES INTERNACIONAIS;JNJ UN;REUTERS;JNJ UN Mínimo;;;-;;DOLAR DOS EUA;;SIM;;;;;OPC
ACOES INTERNACIONAIS;JNJ UN;REUTERS;JNJ UN Mínimo;;;-;;DOLAR DOS EUA;;SIM;;;;;COE
ACOES INTERNACIONAIS;JPM UN;REUTERS;JPM UN Mínimo;;;-;;DOLAR DOS EUA;;SIM;;;;;OPC
ACOES INTERNACIONAIS;JPM UN;REUTERS;JPM UN Mínimo;;;-;;DOLAR DOS EUA;;SIM;;;;;COE
ACOES INTERNACIONAIS;JPM UN;REUTERS;JPM UN;;;-;;DOLAR DOS EUA;;SIM;;;;;COE
ACOES INTERNACIONAIS;JPM UN;REUTERS;JPM UN;;;-;;DOLAR DOS EUA;;SIM;;;;;OPC
ACOES INTERNACIONAIS;JPM UN;REUTERS;JPM UN Máximo;;;-;;DOLAR DOS EUA;;SIM;;;;;COE
ACOES INTERNACIONAIS;JPM UN;REUTERS;JPM UN Máximo;;;-;;DOLAR DOS EUA;;SIM;;;;;OPC
ACOES INTERNACIONAIS;KER FP;REUTERS;KER FP;;;-;;EURO/COM.EUROPEIA;;SIM;;;;;COE
ACOES INTERNACIONAIS;KER FP;REUTERS;KER FP;;;-;;EURO/COM.EUROPEIA;;SIM;;;;;OPC
ACOES INTERNACIONAIS;KER FP;REUTERS;KER FP Minimo;;;-;;EURO/COM.EUROPEIA;;SIM;;;;;COE
ACOES INTERNACIONAIS;KER FP;REUTERS;KER FP Maximo;;;-;;EURO/COM.EUROPEIA;;SIM;;;;;COE
ACOES INTERNACIONAIS;KER FP;REUTERS;KER FP Maximo;;;-;;EURO/COM.EUROPEIA;;SIM;;;;;OPC
ACOES INTERNACIONAIS;KER FP;REUTERS;KER FP Minimo;;;-;;EURO/COM.EUROPEIA;;SIM;;;;;OPC
ACOES INTERNACIONAIS;KHC UW;REUTERS;KHC UW;;;-;;DOLAR DOS EUA;;SIM;;;;;COE
ACOES INTERNACIONAIS;KHC UW;REUTERS;KHC UW;;;-;;DOLAR DOS EUA;;SIM;;;;;OPC
ACOES INTERNACIONAIS;KHC UW;REUTERS;KHC UW Máximo;;;-;;DOLAR DOS EUA;;SIM;;;;;OPC
ACOES INTERNACIONAIS;KHC UW;REUTERS;KHC UW Máximo;;;-;;DOLAR DOS EUA;;SIM;;;;;COE
ACOES INTERNACIONAIS;KHC UW;REUTERS;KHC UW Mínimo;;;-;;DOLAR DOS EUA;;SIM;;;;;COE
ACOES INTERNACIONAIS;KHC UW;REUTERS;KHC UW Mínimo;;;-;;DOLAR DOS EUA;;SIM;;;;;OPC
ACOES INTERNACIONAIS;KO UN;REUTERS;KO UN;;;-;;DOLAR DOS EUA;;SIM;;;;;COE
ACOES INTERNACIONAIS;KO UN;REUTERS;KO UN Mínimo;;;-;;DOLAR DOS EUA;;SIM;;;;;COE
ACOES INTERNACIONAIS;KO UN;REUTERS;KO UN Mínimo;;;-;;DOLAR DOS EUA;;SIM;;;;;OPC
ACOES INTERNACIONAIS;KO UN;REUTERS;KO UN;;;-;;DOLAR DOS EUA;;SIM;;;;;OPC
ACOES INTERNACIONAIS;KO UN;REUTERS;KO UN Máximo;;;-;;DOLAR DOS EUA;;SIM;;;;;COE
ACOES INTERNACIONAIS;KO UN;REUTERS;KO UN Máximo;;;-;;DOLAR DOS EUA;;SIM;;;;;OPC
ACOES INTERNACIONAIS;KO US;REUTERS;KO US;;;-;;DOLAR DOS EUA;;SIM;;;;;OPC
ACOES INTERNACIONAIS;KO US;REUTERS;KO US;;;-;;DOLAR DOS EUA;;SIM;;;;;COE
ACOES INTERNACIONAIS;KO US;REUTERS;KO US Mínimo;;;-;;DOLAR DOS EUA;;SIM;;;;;OPC
ACOES INTERNACIONAIS;KO US;REUTERS;KO US Mínimo;;;-;;DOLAR DOS EUA;;SIM;;;;;COE
ACOES INTERNACIONAIS;KO US;REUTERS;KO US Máximo;;;-;;DOLAR DOS EUA;;SIM;;;;;OPC
ACOES INTERNACIONAIS;KO US;REUTERS;KO US Máximo;;;-;;DOLAR DOS EUA;;SIM;;;;;COE
ACOES INTERNACIONAIS;KORS US;REUTERS;KORS US Mínimo;;;-;;DOLAR DOS EUA;;SIM;;;;;COE
ACOES INTERNACIONAIS;KORS US;REUTERS;KORS US Máximo;;;-;;DOLAR DOS EUA;;SIM;;;;;OPC
ACOES INTERNACIONAIS;KORS US;REUTERS;KORS US Máximo;;;-;;DOLAR DOS EUA;;SIM;;;;;COE
ACOES INTERNACIONAIS;KORS US;REUTERS;KORS US;;;-;;DOLAR DOS EUA;;SIM;;;;;OPC
ACOES INTERNACIONAIS;KORS US;REUTERS;KORS US;;;-;;DOLAR DOS EUA;;SIM;;;;;COE
ACOES INTERNACIONAIS;KORS US;REUTERS;KORS US Mínimo;;;-;;DOLAR DOS EUA;;SIM;;;;;OPC
ACOES INTERNACIONAIS;KR US;REUTERS;KR US Mínimo;;;-;;DOLAR DOS EUA;;SIM;;;;;COE
ACOES INTERNACIONAIS;KR US;REUTERS;KR US Mínimo;;;-;;DOLAR DOS EUA;;SIM;;;;;OPC
ACOES INTERNACIONAIS;KR US;REUTERS;KR US;;;-;;DOLAR DOS EUA;;SIM;;;;;COE
ACOES INTERNACIONAIS;KR US;REUTERS;KR US;;;-;;DOLAR DOS EUA;;SIM;;;;;OPC
ACOES INTERNACIONAIS;KR US;REUTERS;KR US Máximo;;;-;;DOLAR DOS EUA;;SIM;;;;;COE
ACOES INTERNACIONAIS;KR US;REUTERS;KR US Máximo;;;-;;DOLAR DOS EUA;;SIM;;;;;OPC
ACOES INTERNACIONAIS;LIN UN;REUTERS;LIN UN Mínimo;;;-;;DOLAR DOS EUA;;SIM;;;;;OPC
ACOES INTERNACIONAIS;LIN UN;REUTERS;LIN UN;;;-;;DOLAR DOS EUA;;SIM;;;;;OPC
ACOES INTERNACIONAIS;LIN UN;REUTERS;LIN UN;;;-;;DOLAR DOS EUA;;SIM;;;;;COE
ACOES INTERNACIONAIS;LIN UN;REUTERS;LIN UN Máximo;;;-;;DOLAR DOS EUA;;SIM;;;;;OPC
ACOES INTERNACIONAIS;LIN UN;REUTERS;LIN UN Máximo;;;-;;DOLAR DOS EUA;;SIM;;;;;COE
ACOES INTERNACIONAIS;LIN UN;REUTERS;LIN UN Mínimo;;;-;;DOLAR DOS EUA;;SIM;;;;;COE
ACOES INTERNACIONAIS;LIN US;BLOOMBERG;LIN US;;;-;;DOLAR DOS EUA;;SIM;;;;;OPC
ACOES INTERNACIONAIS;LIN US;BLOOMBERG;LIN US Máximo;;;-;;DOLAR DOS EUA;;SIM;;;;;OPC
ACOES INTERNACIONAIS;LIN US;BLOOMBERG;LIN US Mínimo;;;-;;DOLAR DOS EUA;;SIM;;;;;COE
ACOES INTERNACIONAIS;LIN US;BLOOMBERG;LIN US;;;-;;DOLAR DOS EUA;;SIM;;;;;COE
ACOES INTERNACIONAIS;LIN US;BLOOMBERG;LIN US Máximo;;;-;;DOLAR DOS EUA;;SIM;;;;;COE
ACOES INTERNACIONAIS;LIN US;BLOOMBERG;LIN US Mínimo;;;-;;DOLAR DOS EUA;;SIM;;;;;OPC
ACOES INTERNACIONAIS;LLY UN;BLOOMBERG;LLY UN Mínimo;;;-;;DOLAR DOS EUA;;SIM;;;;;COE
ACOES INTERNACIONAIS;LLY UN;BLOOMBERG;LLY UN Máximo;;;-;;DOLAR DOS EUA;;SIM;;;;;COE
ACOES INTERNACIONAIS;LLY UN;BLOOMBERG;LLY UN;;;-;;DOLAR DOS EUA;;SIM;;;;;COE
ACOES INTERNACIONAIS;LLY US;BLOOMBERG;LLY US;;;-;;DOLAR DOS EUA;;SIM;;;;;COE
ACOES INTERNACIONAIS;LLY US;BLOOMBERG;LLY US Máximo;;;-;;DOLAR DOS EUA;;SIM;;;;;COE
ACOES INTERNACIONAIS;LLY US;BLOOMBERG;LLY US Mínimo;;;-;;DOLAR DOS EUA;;SIM;;;;;COE
ACOES INTERNACIONAIS;LRCX UW;REUTERS;LRCX UW Máximo;;;-;;DOLAR DOS EUA;;SIM;;;;;COE
ACOES INTERNACIONAIS;LRCX UW;REUTERS;LRCX UW Mínimo;;;-;;DOLAR DOS EUA;;SIM;;;;;COE
ACOES INTERNACIONAIS;LRCX UW;REUTERS;LRCX UW;;;-;;DOLAR DOS EUA;;SIM;;;;;COE
ACOES INTERNACIONAIS;LULU UW;REUTERS;LULU UW Mínimo;;;-;;DOLAR DOS EUA;;SIM;;;;;COE
ACOES INTERNACIONAIS;LULU UW;REUTERS;LULU UW;;;-;;DOLAR DOS EUA;;SIM;;;;;COE
ACOES INTERNACIONAIS;LULU UW;REUTERS;LULU UW Máximo;;;-;;DOLAR DOS EUA;;SIM;;;;;COE
ACOES INTERNACIONAIS;M US;REUTERS;M US Máximo;;;-;;DOLAR DOS EUA;;SIM;;;;;OPC
ACOES INTERNACIONAIS;M US;REUTERS;M US Máximo;;;-;;DOLAR DOS EUA;;SIM;;;;;COE
ACOES INTERNACIONAIS;M US;REUTERS;M US;;;-;;DOLAR DOS EUA;;SIM;;;;;OPC
ACOES INTERNACIONAIS;M US;REUTERS;M US;;;-;;DOLAR DOS EUA;;SIM;;;;;COE
ACOES INTERNACIONAIS;M US;REUTERS;M US Mínimo;;;-;;DOLAR DOS EUA;;SIM;;;;;OPC
ACOES INTERNACIONAIS;M US;REUTERS;M US Mínimo;;;-;;DOLAR DOS EUA;;SIM;;;;;COE
ACOES INTERNACIONAIS;MA UN;REUTERS;MA UN Mínimo;;;-;;DOLAR DOS EUA;;SIM;;;;;COE
ACOES INTERNACIONAIS;MA UN;REUTERS;MA UN;;;-;;DOLAR DOS EUA;;SIM;;;;;COE
ACOES INTERNACIONAIS;MA UN;REUTERS;MA UN;;;-;;DOLAR DOS EUA;;SIM;;;;;OPC
ACOES INTERNACIONAIS;MA UN;REUTERS;MA UN Máximo;;;-;;DOLAR DOS EUA;;SIM;;;;;COE
ACOES INTERNACIONAIS;MA UN;REUTERS;MA UN Máximo;;;-;;DOLAR DOS EUA;;SIM;;;;;OPC
ACOES INTERNACIONAIS;MA UN;REUTERS;MA UN Mínimo;;;-;;DOLAR DOS EUA;;SIM;;;;;OPC
ACOES INTERNACIONAIS;MC FP;REUTERS;MC FP Mínimo;;;-;;EURO/COM.EUROPEIA;;SIM;;;;;OPC
ACOES INTERNACIONAIS;MC FP;REUTERS;MC FP Mínimo;;;-;;EURO/COM.EUROPEIA;;SIM;;;;;COE
ACOES INTERNACIONAIS;MC FP;REUTERS;MC FP;;;-;;EURO/COM.EUROPEIA;;SIM;;;;;OPC
ACOES INTERNACIONAIS;MC FP;REUTERS;MC FP;;;-;;EURO/COM.EUROPEIA;;SIM;;;;;COE
ACOES INTERNACIONAIS;MC FP;REUTERS;MC FP Máximo;;;-;;EURO/COM.EUROPEIA;;SIM;;;;;COE
ACOES INTERNACIONAIS;MC FP;REUTERS;MC FP Máximo;;;-;;EURO/COM.EUROPEIA;;SIM;;;;;OPC
ACOES INTERNACIONAIS;MC FP_PA;REUTERS;MC FP_PA;;;-;;EURO/COM.EUROPEIA;;NÃO;;;;;OPC
ACOES INTERNACIONAIS;MC FP_PA;REUTERS;MC FP_PA;;;-;;EURO/COM.EUROPEIA;;NÃO;;;;;COE
ACOES INTERNACIONAIS;MCD UN;REUTERS;MCD UN Minimo;;;-;;DOLAR DOS EUA;;SIM;;;;;COE
ACOES INTERNACIONAIS;MCD UN;REUTERS;MCD UN Maximo;;;-;;DOLAR DOS EUA;;SIM;;;;;OPC
ACOES INTERNACIONAIS;MCD UN;REUTERS;MCD UN Maximo;;;-;;DOLAR DOS EUA;;SIM;;;;;COE
ACOES INTERNACIONAIS;MCD UN;REUTERS;MCD UN;;;-;;DOLAR DOS EUA;;SIM;;;;;OPC
ACOES INTERNACIONAIS;MCD UN;REUTERS;MCD UN;;;-;;DOLAR DOS EUA;;SIM;;;;;COE
ACOES INTERNACIONAIS;MCD UN;REUTERS;MCD UN Minimo;;;-;;DOLAR DOS EUA;;SIM;;;;;OPC
ACOES INTERNACIONAIS;MCD US;REUTERS;MCD US Mínimo;;;-;;DOLAR DOS EUA;;SIM;;;;;OPC
ACOES INTERNACIONAIS;MCD US;REUTERS;MCD US Máximo;;;-;;DOLAR DOS EUA;;SIM;;;;;OPC
ACOES INTERNACIONAIS;MCD US;REUTERS;MCD US Mínimo;;;-;;DOLAR DOS EUA;;SIM;;;;;COE
ACOES INTERNACIONAIS;MCD US;REUTERS;MCD US Máximo;;;-;;DOLAR DOS EUA;;SIM;;;;;COE
ACOES INTERNACIONAIS;MCD US;REUTERS;MCD US;;;-;;DOLAR DOS EUA;;SIM;;;;;OPC
ACOES INTERNACIONAIS;MCD US;REUTERS;MCD US;;;-;;DOLAR DOS EUA;;SIM;;;;;COE
ACOES INTERNACIONAIS;MDLZ UW;REUTERS;MDLZ UW Mínimo;;;-;;DOLAR DOS EUA;;SIM;;;;;COE
ACOES INTERNACIONAIS;MDLZ UW;REUTERS;MDLZ UW Máximo;;;-;;DOLAR DOS EUA;;SIM;;;;;COE
ACOES INTERNACIONAIS;MDLZ UW;REUTERS;MDLZ UW;;;-;;DOLAR DOS EUA;;SIM;;;;;COE
ACOES INTERNACIONAIS;MDT UN;REUTERS;MDT UN Máximo;;;-;;DOLAR DOS EUA;;SIM;;;;;COE
ACOES INTERNACIONAIS;MDT UN;REUTERS;MDT UN Máximo;;;-;;DOLAR DOS EUA;;SIM;;;;;OPC
ACOES INTERNACIONAIS;MDT UN;REUTERS;MDT UN;;;-;;DOLAR DOS EUA;;SIM;;;;;COE
ACOES INTERNACIONAIS;MDT UN;REUTERS;MDT UN Mínimo;;;-;;DOLAR DOS EUA;;SIM;;;;;COE
ACOES INTERNACIONAIS;MDT UN;REUTERS;MDT UN;;;-;;DOLAR DOS EUA;;SIM;;;;;OPC
ACOES INTERNACIONAIS;MDT UN;REUTERS;MDT UN Mínimo;;;-;;DOLAR DOS EUA;;SIM;;;;;OPC
ACOES INTERNACIONAIS;MELI UP;REUTERS;MELI UP;;;-;;DOLAR DOS EUA;;SIM;;;;;COE
ACOES INTERNACIONAIS;MELI UP;REUTERS;MELI UP;;;-;;DOLAR DOS EUA;;SIM;;;;;OPC
ACOES INTERNACIONAIS;MELI UP;REUTERS;MELI UP Máximo;;;-;;DOLAR DOS EUA;;SIM;;;;;COE
ACOES INTERNACIONAIS;MELI UP;REUTERS;MELI UP Mínimo;;;-;;DOLAR DOS EUA;;SIM;;;;;OPC
ACOES INTERNACIONAIS;MELI UP;REUTERS;MELI UP Máximo;;;-;;DOLAR DOS EUA;;SIM;;;;;OPC
ACOES INTERNACIONAIS;MELI UP;REUTERS;MELI UP Mínimo;;;-;;DOLAR DOS EUA;;SIM;;;;;COE
ACOES INTERNACIONAIS;MELI US;REUTERS;MELI US Máximo;;;-;;DOLAR DOS EUA;;SIM;;;;;COE
ACOES INTERNACIONAIS;MELI US;REUTERS;MELI US Máximo;;;-;;DOLAR DOS EUA;;SIM;;;;;OPC
ACOES INTERNACIONAIS;MELI US;REUTERS;MELI US Mínimo;;;-;;DOLAR DOS EUA;;SIM;;;;;COE
ACOES INTERNACIONAIS;MELI US;REUTERS;MELI US;;;-;;DOLAR DOS EUA;;SIM;;;;;OPC
ACOES INTERNACIONAIS;MELI US;REUTERS;MELI US Mínimo;;;-;;DOLAR DOS EUA;;SIM;;;;;OPC
ACOES INTERNACIONAIS;MELI US;REUTERS;MELI US;;;-;;DOLAR DOS EUA;;SIM;;;;;COE
ACOES INTERNACIONAIS;MELI UW;REUTERS;MELI UW;;;-;;DOLAR DOS EUA;;SIM;;;;;COE
ACOES INTERNACIONAIS;MELI UW;REUTERS;MELI UW;;;-;;DOLAR DOS EUA;;SIM;;;;;OPC
ACOES INTERNACIONAIS;MELI UW;REUTERS;MELI UW Máximo;;;-;;DOLAR DOS EUA;;SIM;;;;;COE
ACOES INTERNACIONAIS;MELI UW;REUTERS;MELI UW Máximo;;;-;;DOLAR DOS EUA;;SIM;;;;;OPC
ACOES INTERNACIONAIS;MELI UW;REUTERS;MELI UW Mínimo;;;-;;DOLAR DOS EUA;;SIM;;;;;COE
ACOES INTERNACIONAIS;MELI UW;REUTERS;MELI UW Mínimo;;;-;;DOLAR DOS EUA;;SIM;;;;;OPC
ACOES INTERNACIONAIS;META UQ;BLOOMBERG;META UQ;;;-;;DOLAR DOS EUA;;SIM;;;;;COE
ACOES INTERNACIONAIS;META US;REUTERS;META US;;;-;;DOLAR DOS EUA;;SIM;;;;;COE
ACOES INTERNACIONAIS;META US;REUTERS;META US Mínimo;;;-;;DOLAR DOS EUA;;SIM;;;;;COE
ACOES INTERNACIONAIS;META US;REUTERS;META US Máximo;;;-;;DOLAR DOS EUA;;SIM;;;;;COE
ACOES INTERNACIONAIS;META UW;REUTERS;META UW;;;-;;DOLAR DOS EUA;;SIM;;;;;COE
ACOES INTERNACIONAIS;META UW;REUTERS;META UW Máximo;;;-;;DOLAR DOS EUA;;SIM;;;;;COE
ACOES INTERNACIONAIS;META UW;REUTERS;META UW Mínimo;;;-;;DOLAR DOS EUA;;SIM;;;;;COE
ACOES INTERNACIONAIS;MGM UN;REUTERS;MGM UN Máximo;;;-;;DOLAR DOS EUA;;SIM;;;;;COE
ACOES INTERNACIONAIS;MGM UN;REUTERS;MGM UN Máximo;;;-;;DOLAR DOS EUA;;SIM;;;;;OPC
ACOES INTERNACIONAIS;MGM UN;REUTERS;MGM UN;;;-;;DOLAR DOS EUA;;SIM;;;;;OPC
ACOES INTERNACIONAIS;MGM UN;REUTERS;MGM UN Mínimo;;;-;;DOLAR DOS EUA;;SIM;;;;;OPC
ACOES INTERNACIONAIS;MGM UN;REUTERS;MGM UN;;;-;;DOLAR DOS EUA;;SIM;;;;;COE
ACOES INTERNACIONAIS;MGM UN;REUTERS;MGM UN Mínimo;;;-;;DOLAR DOS EUA;;SIM;;;;;COE
ACOES INTERNACIONAIS;MIGWMFA;BLOOMBERG;MIGWMFA;;;-;;DOLAR DOS EUA;;SIM;;;;;COE
ACOES INTERNACIONAIS;MKTX UW;REUTERS;MKTX UW Mínimo;;;-;;DOLAR DOS EUA;;SIM;;;;;COE
ACOES INTERNACIONAIS;MKTX UW;REUTERS;MKTX UW Mínimo;;;-;;DOLAR DOS EUA;;SIM;;;;;OPC
ACOES INTERNACIONAIS;MKTX UW;REUTERS;MKTX UW Máximo;;;-;;DOLAR DOS EUA;;SIM;;;;;OPC
ACOES INTERNACIONAIS;MKTX UW;REUTERS;MKTX UW;;;-;;DOLAR DOS EUA;;SIM;;;;;OPC
ACOES INTERNACIONAIS;MKTX UW;REUTERS;MKTX UW Máximo;;;-;;DOLAR DOS EUA;;SIM;;;;;COE
ACOES INTERNACIONAIS;MKTX UW;REUTERS;MKTX UW;;;-;;DOLAR DOS EUA;;SIM;;;;;COE
ACOES INTERNACIONAIS;MONC IM;REUTERS;MONC IM;;;-;;EURO/COM.EUROPEIA;;SIM;;;;;COE
ACOES INTERNACIONAIS;MONC IM;REUTERS;MONC IM;;;-;;EURO/COM.EUROPEIA;;SIM;;;;;OPC
ACOES INTERNACIONAIS;MONC IM;REUTERS;MONC IM Máximo;;;-;;EURO/COM.EUROPEIA;;SIM;;;;;COE
ACOES INTERNACIONAIS;MONC IM;REUTERS;MONC IM Máximo;;;-;;EURO/COM.EUROPEIA;;SIM;;;;;OPC
ACOES INTERNACIONAIS;MONC IM;REUTERS;MONC IM Mínimo;;;-;;EURO/COM.EUROPEIA;;SIM;;;;;COE
ACOES INTERNACIONAIS;MONC IM;REUTERS;MONC IM Mínimo;;;-;;EURO/COM.EUROPEIA;;SIM;;;;;OPC
ACOES INTERNACIONAIS;MRK UN;BLOOMBERG;MRK UN Mínimo;;;-;;DOLAR DOS EUA;;SIM;;;;;COE
ACOES INTERNACIONAIS;MRK UN;BLOOMBERG;MRK UN;;;-;;DOLAR DOS EUA;;SIM;;;;;COE
ACOES INTERNACIONAIS;MRK UN;BLOOMBERG;MRK UN Máximo;;;-;;DOLAR DOS EUA;;SIM;;;;;COE
ACOES INTERNACIONAIS;MRNA UQ;REUTERS;MRNA UQ Máximo;;;-;;DOLAR DOS EUA;;SIM;;;;;OPC
ACOES INTERNACIONAIS;MRNA UQ;REUTERS;MRNA UQ Mínimo;;;-;;DOLAR DOS EUA;;SIM;;;;;OPC
ACOES INTERNACIONAIS;MRNA UQ;REUTERS;MRNA UQ Mínimo;;;-;;DOLAR DOS EUA;;SIM;;;;;COE
ACOES INTERNACIONAIS;MRNA UQ;REUTERS;MRNA UQ Máximo;;;-;;DOLAR DOS EUA;;SIM;;;;;COE
ACOES INTERNACIONAIS;MRNA UQ;REUTERS;MRNA UQ;;;-;;DOLAR DOS EUA;;SIM;;;;;OPC
ACOES INTERNACIONAIS;MRNA UQ;REUTERS;MRNA UQ;;;-;;DOLAR DOS EUA;;SIM;;;;;COE
ACOES INTERNACIONAIS;MRNA UW;REUTERS;MRNA UW Máximo;;;-;;DOLAR DOS EUA;;SIM;;;;;COE
ACOES INTERNACIONAIS;MRNA UW;REUTERS;MRNA UW Mínimo;;;-;;DOLAR DOS EUA;;SIM;;;;;COE
ACOES INTERNACIONAIS;MRNA UW;REUTERS;MRNA UW;;;-;;DOLAR DOS EUA;;SIM;;;;;OPC
ACOES INTERNACIONAIS;MRNA UW;REUTERS;MRNA UW;;;-;;DOLAR DOS EUA;;SIM;;;;;COE
ACOES INTERNACIONAIS;MRNA UW;REUTERS;MRNA UW Máximo;;;-;;DOLAR DOS EUA;;SIM;;;;;OPC
ACOES INTERNACIONAIS;MRNA UW;REUTERS;MRNA UW Mínimo;;;-;;DOLAR DOS EUA;;SIM;;;;;OPC
ACOES INTERNACIONAIS;MSFT UQ;REUTERS;MSFT UQ Mínimo;;;-;;DOLAR DOS EUA;;SIM;;;;;OPC
ACOES INTERNACIONAIS;MSFT UQ;REUTERS;MSFT UQ Mínimo;;;-;;DOLAR DOS EUA;;SIM;;;;;COE
ACOES INTERNACIONAIS;MSFT UQ;REUTERS;MSFT UQ Máximo;;;-;;DOLAR DOS EUA;;SIM;;;;;OPC
ACOES INTERNACIONAIS;MSFT UQ;REUTERS;MSFT UQ Máximo;;;-;;DOLAR DOS EUA;;SIM;;;;;COE
ACOES INTERNACIONAIS;MSFT UQ;REUTERS;MSFT UQ;;;-;;DOLAR DOS EUA;;SIM;;;;;OPC
ACOES INTERNACIONAIS;MSFT UQ;REUTERS;MSFT UQ;;;-;;DOLAR DOS EUA;;SIM;;;;;COE
ACOES INTERNACIONAIS;MSFT US;REUTERS;MSFT US Mínimo;;;-;;DOLAR DOS EUA;;SIM;;;;;COE
ACOES INTERNACIONAIS;MSFT US;REUTERS;MSFT US Mínimo;;;-;;DOLAR DOS EUA;;SIM;;;;;OPC
ACOES INTERNACIONAIS;MSFT US;REUTERS;MSFT US Máximo;;;-;;DOLAR DOS EUA;;SIM;;;;;OPC
ACOES INTERNACIONAIS;MSFT US;REUTERS;MSFT US Máximo;;;-;;DOLAR DOS EUA;;SIM;;;;;COE
ACOES INTERNACIONAIS;MSFT US;REUTERS;MSFT US;;;-;;DOLAR DOS EUA;;SIM;;;;;OPC
ACOES INTERNACIONAIS;MSFT US;REUTERS;MSFT US;;;-;;DOLAR DOS EUA;;SIM;;;;;COE
ACOES INTERNACIONAIS;MSFT UW;REUTERS;MSFT UW;;;-;;DOLAR DOS EUA;;SIM;;;;;OPC
ACOES INTERNACIONAIS;MSFT UW;REUTERS;MSFT UW;;;-;;DOLAR DOS EUA;;SIM;;;;;COE
ACOES INTERNACIONAIS;MSFT UW;REUTERS;MSFT UW Máximo;;;-;;DOLAR DOS EUA;;SIM;;;;;OPC
ACOES INTERNACIONAIS;MSFT UW;REUTERS;MSFT UW Máximo;;;-;;DOLAR DOS EUA;;SIM;;;;;COE
ACOES INTERNACIONAIS;MSFT UW;REUTERS;MSFT UW Mínimo;;;-;;DOLAR DOS EUA;;SIM;;;;;OPC
ACOES INTERNACIONAIS;MSFT UW;REUTERS;MSFT UW Mínimo;;;-;;DOLAR DOS EUA;;SIM;;;;;COE
ACOES INTERNACIONAIS;MT NA;REUTERS;MT NA Mínimo;;;-;;EURO/COM.EUROPEIA;;SIM;;;;;COE
ACOES INTERNACIONAIS;MT NA;REUTERS;MT NA Mínimo;;;-;;EURO/COM.EUROPEIA;;SIM;;;;;OPC
ACOES INTERNACIONAIS;MT NA;REUTERS;MT NA Máximo;;;-;;EURO/COM.EUROPEIA;;SIM;;;;;OPC
ACOES INTERNACIONAIS;MT NA;REUTERS;MT NA Máximo;;;-;;EURO/COM.EUROPEIA;;SIM;;;;;COE
ACOES INTERNACIONAIS;MT NA;REUTERS;MT NA;;;-;;EURO/COM.EUROPEIA;;SIM;;;;;OPC
ACOES INTERNACIONAIS;MT NA;REUTERS;MT NA;;;-;;EURO/COM.EUROPEIA;;SIM;;;;;COE
ACOES INTERNACIONAIS;MT NA_PA;REUTERS;MT NA_PA;;;-;;EURO/COM.EUROPEIA;;NÃO;;;;;OPC
ACOES INTERNACIONAIS;MT NA_PA;REUTERS;MT NA_PA;;;-;;EURO/COM.EUROPEIA;;NÃO;;;;;COE
ACOES INTERNACIONAIS;MTTR US;REUTERS;MTTR US Mínimo;;;-;;DOLAR DOS EUA;;SIM;;;;;COE
ACOES INTERNACIONAIS;MTTR US;REUTERS;MTTR US Mínimo;;;-;;DOLAR DOS EUA;;SIM;;;;;OPC
ACOES INTERNACIONAIS;MTTR US;REUTERS;MTTR US Máximo;;;-;;DOLAR DOS EUA;;SIM;;;;;COE
ACOES INTERNACIONAIS;MTTR US;REUTERS;MTTR US Máximo;;;-;;DOLAR DOS EUA;;SIM;;;;;OPC
ACOES INTERNACIONAIS;MTTR US;REUTERS;MTTR US;;;-;;DOLAR DOS EUA;;SIM;;;;;COE
ACOES INTERNACIONAIS;MTTR US;REUTERS;MTTR US;;;-;;DOLAR DOS EUA;;SIM;;;;;OPC
ACOES INTERNACIONAIS;MU UQ;REUTERS;MU UQ;;;-;;DOLAR DOS EUA;;SIM;;;;;OPC
ACOES INTERNACIONAIS;MU UQ;REUTERS;MU UQ;;;-;;DOLAR DOS EUA;;SIM;;;;;COE
ACOES INTERNACIONAIS;MU UQ;REUTERS;MU UQ Máximo;;;-;;DOLAR DOS EUA;;SIM;;;;;COE
ACOES INTERNACIONAIS;MU UQ;REUTERS;MU UQ Máximo;;;-;;DOLAR DOS EUA;;SIM;;;;;OPC
ACOES INTERNACIONAIS;MU UQ;REUTERS;MU UQ Mínimo;;;-;;DOLAR DOS EUA;;SIM;;;;;COE
ACOES INTERNACIONAIS;MU UQ;REUTERS;MU UQ Mínimo;;;-;;DOLAR DOS EUA;;SIM;;;;;OPC
ACOES INTERNACIONAIS;MU US;REUTERS;MU US Maximo;;;OUTROS;;DOLAR DOS EUA;;SIM;;;;;OPC
ACOES INTERNACIONAIS;MU US;REUTERS;MU US Maximo;;;OUTROS;;DOLAR DOS EUA;;SIM;;;;;COE
ACOES INTERNACIONAIS;MU US;REUTERS;MU US Minimo;;;OUTROS;;DOLAR DOS EUA;;SIM;;;;;OPC
ACOES INTERNACIONAIS;MU US;REUTERS;MU US Minimo;;;OUTROS;;DOLAR DOS EUA;;SIM;;;;;COE
ACOES INTERNACIONAIS;MU US;REUTERS;MU US;;;OUTROS;;DOLAR DOS EUA;;SIM;;;;;COE
ACOES INTERNACIONAIS;MU US;REUTERS;MU US;;;OUTROS;;DOLAR DOS EUA;;SIM;;;;;OPC
ACOES INTERNACIONAIS;MU UW;BLOOMBERG;MU UW Máximo;;;-;;DOLAR DOS EUA;;SIM;;;;;COE
ACOES INTERNACIONAIS;MU UW;BLOOMBERG;MU UW;;;-;;DOLAR DOS EUA;;SIM;;;;;COE
ACOES INTERNACIONAIS;MU UW;BLOOMBERG;MU UW Mínimo;;;-;;DOLAR DOS EUA;;SIM;;;;;COE
ACOES INTERNACIONAIS;NANC US;BLOOMBERG;NANC US;;;-;;DOLAR DOS EUA;;SIM;;;;;COE
ACOES INTERNACIONAIS;NANC US;BLOOMBERG;NANC US Mínimo;;;-;;DOLAR DOS EUA;;SIM;;;;;COE
ACOES INTERNACIONAIS;NANC US;BLOOMBERG;NANC US Mínimo;;;-;;DOLAR DOS EUA;;SIM;;;;;OPC
ACOES INTERNACIONAIS;NANC US;BLOOMBERG;NANC US;;;-;;DOLAR DOS EUA;;SIM;;;;;OPC
ACOES INTERNACIONAIS;NANC US;BLOOMBERG;NANC US Máximo;;;-;;DOLAR DOS EUA;;SIM;;;;;OPC
ACOES INTERNACIONAIS;NANC US;BLOOMBERG;NANC US Máximo;;;-;;DOLAR DOS EUA;;SIM;;;;;COE
ACOES INTERNACIONAIS;NCLH US;REUTERS;NCLH US;;;-;;DOLAR DOS EUA;;SIM;;;;;COE
ACOES INTERNACIONAIS;NCLH US;REUTERS;NCLH US;;;-;;DOLAR DOS EUA;;SIM;;;;;OPC
ACOES INTERNACIONAIS;NCLH US;REUTERS;NCLH US Máximo;;;-;;DOLAR DOS EUA;;SIM;;;;;OPC
ACOES INTERNACIONAIS;NCLH US;REUTERS;NCLH US Mínimo;;;-;;DOLAR DOS EUA;;SIM;;;;;COE
ACOES INTERNACIONAIS;NCLH US;REUTERS;NCLH US Mínimo;;;-;;DOLAR DOS EUA;;SIM;;;;;OPC
ACOES INTERNACIONAIS;NCLH US;REUTERS;NCLH US Máximo;;;-;;DOLAR DOS EUA;;SIM;;;;;COE
ACOES INTERNACIONAIS;NDAQ UW;REUTERS;NDAQ UW Mínimo;;;-;;DOLAR DOS EUA;;SIM;;;;;OPC
ACOES INTERNACIONAIS;NDAQ UW;REUTERS;NDAQ UW;;;-;;DOLAR DOS EUA;;SIM;;;;;COE
ACOES INTERNACIONAIS;NDAQ UW;REUTERS;NDAQ UW;;;-;;DOLAR DOS EUA;;SIM;;;;;OPC
ACOES INTERNACIONAIS;NDAQ UW;REUTERS;NDAQ UW Máximo;;;-;;DOLAR DOS EUA;;SIM;;;;;OPC
ACOES INTERNACIONAIS;NDAQ UW;REUTERS;NDAQ UW Mínimo;;;-;;DOLAR DOS EUA;;SIM;;;;;COE
ACOES INTERNACIONAIS;NDAQ UW;REUTERS;NDAQ UW Máximo;;;-;;DOLAR DOS EUA;;SIM;;;;;COE
ACOES INTERNACIONAIS;NEE US;REUTERS;NEE US Mínimo;;;-;;DOLAR DOS EUA;;SIM;;;;;COE
ACOES INTERNACIONAIS;NEE US;REUTERS;NEE US Máximo;;;-;;DOLAR DOS EUA;;SIM;;;;;OPC
ACOES INTERNACIONAIS;NEE US;REUTERS;NEE US Máximo;;;-;;DOLAR DOS EUA;;SIM;;;;;COE
ACOES INTERNACIONAIS;NEE US;REUTERS;NEE US Mínimo;;;-;;DOLAR DOS EUA;;SIM;;;;;OPC
ACOES INTERNACIONAIS;NEE US;REUTERS;NEE US;;;-;;DOLAR DOS EUA;;SIM;;;;;COE
ACOES INTERNACIONAIS;NEE US;REUTERS;NEE US;;;-;;DOLAR DOS EUA;;SIM;;;;;OPC
ACOES INTERNACIONAIS;NEM UN;REUTERS;NEM UN Mínimo;;;-;;DOLAR DOS EUA;;SIM;;;;;COE
ACOES INTERNACIONAIS;NEM UN;REUTERS;NEM UN Máximo;;;-;;DOLAR DOS EUA;;SIM;;;;;OPC
ACOES INTERNACIONAIS;NEM UN;REUTERS;NEM UN Máximo;;;-;;DOLAR DOS EUA;;SIM;;;;;COE
ACOES INTERNACIONAIS;NEM UN;REUTERS;NEM UN;;;-;;DOLAR DOS EUA;;SIM;;;;;OPC
ACOES INTERNACIONAIS;NEM UN;REUTERS;NEM UN;;;-;;DOLAR DOS EUA;;SIM;;;;;COE
ACOES INTERNACIONAIS;NEM UN;REUTERS;NEM UN Mínimo;;;-;;DOLAR DOS EUA;;SIM;;;;;OPC
ACOES INTERNACIONAIS;NEM US;REUTERS;NEM US Máximo;;;-;;DOLAR DOS EUA;;SIM;;;;;COE
ACOES INTERNACIONAIS;NEM US;REUTERS;NEM US Máximo;;;-;;DOLAR DOS EUA;;SIM;;;;;OPC
ACOES INTERNACIONAIS;NEM US;REUTERS;NEM US;;;-;;DOLAR DOS EUA;;SIM;;;;;COE
ACOES INTERNACIONAIS;NEM US;REUTERS;NEM US;;;-;;DOLAR DOS EUA;;SIM;;;;;OPC
ACOES INTERNACIONAIS;NEM US;REUTERS;NEM US Mínimo;;;-;;DOLAR DOS EUA;;SIM;;;;;COE
ACOES INTERNACIONAIS;NEM US;REUTERS;NEM US Mínimo;;;-;;DOLAR DOS EUA;;SIM;;;;;OPC
ACOES INTERNACIONAIS;NESN SE;REUTERS;NESN SE Mínimo;;;-;;FRANCO SUICO;;SIM;;;;;OPC
ACOES INTERNACIONAIS;NESN SE;REUTERS;NESN SE;;;-;;FRANCO SUICO;;SIM;;;;;OPC
ACOES INTERNACIONAIS;NESN SE;REUTERS;NESN SE Máximo;;;-;;FRANCO SUICO;;SIM;;;;;COE
ACOES INTERNACIONAIS;NESN SE;REUTERS;NESN SE Máximo;;;-;;FRANCO SUICO;;SIM;;;;;OPC
ACOES INTERNACIONAIS;NESN SE;REUTERS;NESN SE Mínimo;;;-;;FRANCO SUICO;;SIM;;;;;COE
ACOES INTERNACIONAIS;NESN SE;REUTERS;NESN SE;;;-;;FRANCO SUICO;;SIM;;;;;COE
ACOES INTERNACIONAIS;NESN VX;REUTERS;NESN VX Máximo;;;-;;FRANCO SUICO;;SIM;;;;;COE
ACOES INTERNACIONAIS;NESN VX;REUTERS;NESN VX Máximo;;;-;;FRANCO SUICO;;SIM;;;;;OPC
ACOES INTERNACIONAIS;NESN VX;REUTERS;NESN VX Mínimo;;;-;;FRANCO SUICO;;SIM;;;;;COE
ACOES INTERNACIONAIS;NESN VX;REUTERS;NESN VX Mínimo;;;-;;FRANCO SUICO;;SIM;;;;;OPC
ACOES INTERNACIONAIS;NESN VX;REUTERS;NESN VX;;;-;;FRANCO SUICO;;SIM;;;;;COE
ACOES INTERNACIONAIS;NESN VX;REUTERS;NESN VX;;;-;;FRANCO SUICO;;SIM;;;;;OPC
ACOES INTERNACIONAIS;NFLX UQ;REUTERS;NFLX UQ Mínimo;;;-;;DOLAR DOS EUA;;SIM;;;;;COE
ACOES INTERNACIONAIS;NFLX UQ;REUTERS;NFLX UQ;;;-;;DOLAR DOS EUA;;SIM;;;;;OPC
ACOES INTERNACIONAIS;NFLX UQ;REUTERS;NFLX UQ;;;-;;DOLAR DOS EUA;;SIM;;;;;COE
ACOES INTERNACIONAIS;NFLX UQ;REUTERS;NFLX UQ Mínimo;;;-;;DOLAR DOS EUA;;SIM;;;;;OPC
ACOES INTERNACIONAIS;NFLX UQ;REUTERS;NFLX UQ Máximo;;;-;;DOLAR DOS EUA;;SIM;;;;;COE
ACOES INTERNACIONAIS;NFLX UQ;REUTERS;NFLX UQ Máximo;;;-;;DOLAR DOS EUA;;SIM;;;;;OPC
ACOES INTERNACIONAIS;NFLX US;REUTERS;NFLX US Mínimo;;;-;;DOLAR DOS EUA;;SIM;;;;;OPC
ACOES INTERNACIONAIS;NFLX US;REUTERS;NFLX US Mínimo;;;-;;DOLAR DOS EUA;;SIM;;;;;COE
ACOES INTERNACIONAIS;NFLX US;REUTERS;NFLX US Máximo;;;-;;DOLAR DOS EUA;;SIM;;;;;OPC
ACOES INTERNACIONAIS;NFLX US;REUTERS;NFLX US Máximo;;;-;;DOLAR DOS EUA;;SIM;;;;;COE
ACOES INTERNACIONAIS;NFLX US;REUTERS;NFLX US;;;-;;DOLAR DOS EUA;;SIM;;;;;COE
ACOES INTERNACIONAIS;NFLX US;REUTERS;NFLX US;;;-;;DOLAR DOS EUA;;SIM;;;;;OPC
ACOES INTERNACIONAIS;NFLX UW;REUTERS;NFLX UW Mínimo;;;-;;DOLAR DOS EUA;;SIM;;;;;OPC
ACOES INTERNACIONAIS;NFLX UW;REUTERS;NFLX UW;;;-;;DOLAR DOS EUA;;SIM;;;;;COE
ACOES INTERNACIONAIS;NFLX UW;REUTERS;NFLX UW;;;-;;DOLAR DOS EUA;;SIM;;;;;OPC
ACOES INTERNACIONAIS;NFLX UW;REUTERS;NFLX UW Máximo;;;-;;DOLAR DOS EUA;;SIM;;;;;COE
ACOES INTERNACIONAIS;NFLX UW;REUTERS;NFLX UW Máximo;;;-;;DOLAR DOS EUA;;SIM;;;;;OPC
ACOES INTERNACIONAIS;NFLX UW;REUTERS;NFLX UW Mínimo;;;-;;DOLAR DOS EUA;;SIM;;;;;COE
ACOES INTERNACIONAIS;NFLX UW_43;REUTERS;NFLX UW_43;;;-;;DOLAR DOS EUA;;NÃO;;;;;OPC
ACOES INTERNACIONAIS;NFLX UW_43;REUTERS;NFLX UW_43;;;-;;DOLAR DOS EUA;;NÃO;;;;;COE
ACOES INTERNACIONAIS;NIO UN;REUTERS;NIO UN Máximo;;;-;;DOLAR DOS EUA;;SIM;;;;;COE
ACOES INTERNACIONAIS;NIO UN;REUTERS;NIO UN Máximo;;;-;;DOLAR DOS EUA;;SIM;;;;;OPC
ACOES INTERNACIONAIS;NIO UN;REUTERS;NIO UN Mínimo;;;-;;DOLAR DOS EUA;;SIM;;;;;OPC
ACOES INTERNACIONAIS;NIO UN;REUTERS;NIO UN;;;-;;DOLAR DOS EUA;;SIM;;;;;OPC
ACOES INTERNACIONAIS;NIO UN;REUTERS;NIO UN Mínimo;;;-;;DOLAR DOS EUA;;SIM;;;;;COE
ACOES INTERNACIONAIS;NIO UN;REUTERS;NIO UN;;;-;;DOLAR DOS EUA;;SIM;;;;;COE
ACOES INTERNACIONAIS;NKE UN;REUTERS;NKE UN Mínimo;;;-;;DOLAR DOS EUA;;SIM;;;;;OPC
ACOES INTERNACIONAIS;NKE UN;REUTERS;NKE UN Mínimo;;;-;;DOLAR DOS EUA;;SIM;;;;;COE
ACOES INTERNACIONAIS;NKE UN;REUTERS;NKE UN Máximo;;;-;;DOLAR DOS EUA;;SIM;;;;;OPC
ACOES INTERNACIONAIS;NKE UN;REUTERS;NKE UN Máximo;;;-;;DOLAR DOS EUA;;SIM;;;;;COE
ACOES INTERNACIONAIS;NKE UN;REUTERS;NKE UN;;;-;;DOLAR DOS EUA;;SIM;;;;;OPC
ACOES INTERNACIONAIS;NKE UN;REUTERS;NKE UN;;;-;;DOLAR DOS EUA;;SIM;;;;;COE
ACOES INTERNACIONAIS;NKE UN_43;REUTERS;NKE UN_43;;;-;;DOLAR DOS EUA;;NÃO;;;;;COE
ACOES INTERNACIONAIS;NKE UN_43;REUTERS;NKE UN_43;;;-;;DOLAR DOS EUA;;NÃO;;;;;OPC
ACOES INTERNACIONAIS;NKE US;REUTERS;NKE US Minimo;;;-;;DOLAR DOS EUA;;SIM;;;;;COE
ACOES INTERNACIONAIS;NKE US;REUTERS;NKE US Maximo;;;-;;DOLAR DOS EUA;;SIM;;;;;OPC
ACOES INTERNACIONAIS;NKE US;REUTERS;NKE US Maximo;;;-;;DOLAR DOS EUA;;SIM;;;;;COE
ACOES INTERNACIONAIS;NKE US;REUTERS;NKE US;;;-;;DOLAR DOS EUA;;SIM;;;;;OPC
ACOES INTERNACIONAIS;NKE US;REUTERS;NKE US;;;-;;DOLAR DOS EUA;;SIM;;;;;COE
ACOES INTERNACIONAIS;NKE US;REUTERS;NKE US Minimo;;;-;;DOLAR DOS EUA;;SIM;;;;;OPC
ACOES INTERNACIONAIS;NOVN VX;REUTERS;NOVN VX;;;-;;FRANCO SUICO;;SIM;;;;;COE
ACOES INTERNACIONAIS;NOVN VX;REUTERS;NOVN VX;;;-;;FRANCO SUICO;;SIM;;;;;OPC
ACOES INTERNACIONAIS;NOVN VX;REUTERS;NOVN VX Máximo;;;-;;FRANCO SUICO;;SIM;;;;;COE
ACOES INTERNACIONAIS;NOVN VX;REUTERS;NOVN VX Máximo;;;-;;FRANCO SUICO;;SIM;;;;;OPC
ACOES INTERNACIONAIS;NOVN VX;REUTERS;NOVN VX Mínimo;;;-;;FRANCO SUICO;;SIM;;;;;COE
ACOES INTERNACIONAIS;NOVN VX;REUTERS;NOVN VX Mínimo;;;-;;FRANCO SUICO;;SIM;;;;;OPC
ACOES INTERNACIONAIS;NOVOB DC;BLOOMBERG;NOVOB DC Mínimo;;;-;;COROA DINAM/DINAM;;SIM;;;;;COE
ACOES INTERNACIONAIS;NOVOB DC;BLOOMBERG;NOVOB DC Máximo;;;-;;COROA DINAM/DINAM;;SIM;;;;;COE
ACOES INTERNACIONAIS;NOVOB DC;BLOOMBERG;NOVOB DC;;;-;;COROA DINAM/DINAM;;SIM;;;;;COE
ACOES INTERNACIONAIS;NPN SJ;REUTERS;NPN SJ Mínimo;;;-;;RANDE/AFRICA SUL;;SIM;;;;;COE
ACOES INTERNACIONAIS;NPN SJ;REUTERS;NPN SJ Mínimo;;;-;;RANDE/AFRICA SUL;;SIM;;;;;OPC
ACOES INTERNACIONAIS;NPN SJ;REUTERS;NPN SJ;;;-;;RANDE/AFRICA SUL;;SIM;;;;;COE
ACOES INTERNACIONAIS;NPN SJ;REUTERS;NPN SJ;;;-;;RANDE/AFRICA SUL;;SIM;;;;;OPC
ACOES INTERNACIONAIS;NPN SJ;REUTERS;NPN SJ Máximo;;;-;;RANDE/AFRICA SUL;;SIM;;;;;OPC
ACOES INTERNACIONAIS;NPN SJ;REUTERS;NPN SJ Máximo;;;-;;RANDE/AFRICA SUL;;SIM;;;;;COE
ACOES INTERNACIONAIS;NPN_PRX_SJ;REUTERS;NPN_PRX_SJ;;;-;;RANDE/AFRICA SUL;;NÃO;;;;;COE
ACOES INTERNACIONAIS;NPN_PRX_SJ;REUTERS;NPN_PRX_SJ;;;-;;RANDE/AFRICA SUL;;NÃO;;;;;OPC
ACOES INTERNACIONAIS;NU US;REUTERS;NU US;;;-;;DOLAR DOS EUA;;SIM;;;;;COE
ACOES INTERNACIONAIS;NU US;REUTERS;NU US;;;-;;DOLAR DOS EUA;;SIM;;;;;OPC
ACOES INTERNACIONAIS;NU US;REUTERS;NU US Mínimo;;;-;;DOLAR DOS EUA;;SIM;;;;;OPC
ACOES INTERNACIONAIS;NU US;REUTERS;NU US Máximo;;;-;;DOLAR DOS EUA;;SIM;;;;;OPC
ACOES INTERNACIONAIS;NU US;REUTERS;NU US Mínimo;;;-;;DOLAR DOS EUA;;SIM;;;;;COE
ACOES INTERNACIONAIS;NU US;REUTERS;NU US Máximo;;;-;;DOLAR DOS EUA;;SIM;;;;;COE
ACOES INTERNACIONAIS;NVDA UQ;BLOOMBERG;NVDA UQ Mínimo;;;-;;DOLAR DOS EUA;;SIM;;;;;COE
ACOES INTERNACIONAIS;NVDA UQ;BLOOMBERG;NVDA UQ;;;-;;DOLAR DOS EUA;;SIM;;;;;COE
ACOES INTERNACIONAIS;NVDA UQ;BLOOMBERG;NVDA UQ Máximo;;;-;;DOLAR DOS EUA;;SIM;;;;;COE
ACOES INTERNACIONAIS;NVDA US;REUTERS;NVDA US Mínimo;;;-;;DOLAR DOS EUA;;SIM;;;;;COE
ACOES INTERNACIONAIS;NVDA US;REUTERS;NVDA US Mínimo;;;-;;DOLAR DOS EUA;;SIM;;;;;OPC
ACOES INTERNACIONAIS;NVDA US;REUTERS;NVDA US Máximo;;;-;;DOLAR DOS EUA;;SIM;;;;;OPC
ACOES INTERNACIONAIS;NVDA US;REUTERS;NVDA US;;;-;;DOLAR DOS EUA;;SIM;;;;;OPC
ACOES INTERNACIONAIS;NVDA US;REUTERS;NVDA US Máximo;;;-;;DOLAR DOS EUA;;SIM;;;;;COE
ACOES INTERNACIONAIS;NVDA US;REUTERS;NVDA US;;;-;;DOLAR DOS EUA;;SIM;;;;;COE
ACOES INTERNACIONAIS;NVDA UW;REUTERS;NVDA UW Mínimo;;;-;;DOLAR DOS EUA;;SIM;;;;;OPC
ACOES INTERNACIONAIS;NVDA UW;REUTERS;NVDA UW Mínimo;;;-;;DOLAR DOS EUA;;SIM;;;;;COE
ACOES INTERNACIONAIS;NVDA UW;REUTERS;NVDA UW Máximo;;;-;;DOLAR DOS EUA;;SIM;;;;;OPC
ACOES INTERNACIONAIS;NVDA UW;REUTERS;NVDA UW Máximo;;;-;;DOLAR DOS EUA;;SIM;;;;;COE
ACOES INTERNACIONAIS;NVDA UW;REUTERS;NVDA UW;;;-;;DOLAR DOS EUA;;SIM;;;;;COE
ACOES INTERNACIONAIS;NVDA UW;REUTERS;NVDA UW;;;-;;DOLAR DOS EUA;;SIM;;;;;OPC
ACOES INTERNACIONAIS;NVO UN;BLOOMBERG;NVO UN;;;-;;DOLAR DOS EUA;;SIM;;;;;COE
ACOES INTERNACIONAIS;NVO UN;BLOOMBERG;NVO UN Máximo;;;-;;DOLAR DOS EUA;;SIM;;;;;COE
ACOES INTERNACIONAIS;NVO UN;BLOOMBERG;NVO UN Mínimo;;;-;;DOLAR DOS EUA;;SIM;;;;;COE
ACOES INTERNACIONAIS;NVO US;BLOOMBERG;NVO US;;;-;;DOLAR DOS EUA;;SIM;;;;;COE
ACOES INTERNACIONAIS;NVO US;BLOOMBERG;NVO US Máximo;;;-;;DOLAR DOS EUA;;SIM;;;;;COE
ACOES INTERNACIONAIS;NVO US;BLOOMBERG;NVO US Mínimo;;;-;;DOLAR DOS EUA;;SIM;;;;;COE
ACOES INTERNACIONAIS;NYT UN;REUTERS;NYT UN;;;-;;DOLAR DOS EUA;;SIM;;;;;OPC
ACOES INTERNACIONAIS;NYT UN;REUTERS;NYT UN;;;-;;DOLAR DOS EUA;;SIM;;;;;COE
ACOES INTERNACIONAIS;NYT UN;REUTERS;NYT UN Mínimo;;;-;;DOLAR DOS EUA;;SIM;;;;;COE
ACOES INTERNACIONAIS;NYT UN;REUTERS;NYT UN Máximo;;;-;;DOLAR DOS EUA;;SIM;;;;;COE
ACOES INTERNACIONAIS;NYT UN;REUTERS;NYT UN Mínimo;;;-;;DOLAR DOS EUA;;SIM;;;;;OPC
ACOES INTERNACIONAIS;NYT UN;REUTERS;NYT UN Máximo;;;-;;DOLAR DOS EUA;;SIM;;;;;OPC
ACOES INTERNACIONAIS;OR FP;REUTERS;OR FP;;;-;;EURO/COM.EUROPEIA;;SIM;;;;;COE
ACOES INTERNACIONAIS;OR FP;REUTERS;OR FP Mínimo;;;-;;EURO/COM.EUROPEIA;;SIM;;;;;OPC
ACOES INTERNACIONAIS;OR FP;REUTERS;OR FP Máximo;;;-;;EURO/COM.EUROPEIA;;SIM;;;;;COE
ACOES INTERNACIONAIS;OR FP;REUTERS;OR FP;;;-;;EURO/COM.EUROPEIA;;SIM;;;;;OPC
ACOES INTERNACIONAIS;OR FP;REUTERS;OR FP Mínimo;;;-;;EURO/COM.EUROPEIA;;SIM;;;;;COE
ACOES INTERNACIONAIS;OR FP;REUTERS;OR FP Máximo;;;-;;EURO/COM.EUROPEIA;;SIM;;;;;OPC
ACOES INTERNACIONAIS;ORCL US;BLOOMBERG;ORCL US Mínimo;;;-;;DOLAR DOS EUA;;SIM;;;;;COE
ACOES INTERNACIONAIS;ORCL US;BLOOMBERG;ORCL US Máximo;;;-;;DOLAR DOS EUA;;SIM;;;;;COE
ACOES INTERNACIONAIS;ORCL US;BLOOMBERG;ORCL US;;;-;;DOLAR DOS EUA;;SIM;;;;;COE
ACOES INTERNACIONAIS;PAGS US;REUTERS;PAGS US Mínimo;;;-;;DOLAR DOS EUA;;SIM;;;;;COE
ACOES INTERNACIONAIS;PAGS US;REUTERS;PAGS US Máximo;;;-;;DOLAR DOS EUA;;SIM;;;;;COE
ACOES INTERNACIONAIS;PAGS US;REUTERS;PAGS US;;;-;;DOLAR DOS EUA;;SIM;;;;;OPC
ACOES INTERNACIONAIS;PAGS US;REUTERS;PAGS US Mínimo;;;-;;DOLAR DOS EUA;;SIM;;;;;OPC
ACOES INTERNACIONAIS;PAGS US;REUTERS;PAGS US;;;-;;DOLAR DOS EUA;;SIM;;;;;COE
ACOES INTERNACIONAIS;PAGS US;REUTERS;PAGS US Máximo;;;-;;DOLAR DOS EUA;;SIM;;;;;OPC
ACOES INTERNACIONAIS;PAH3 GR;REUTERS;PAH3 GR MAXIMO;;;-;;EURO/COM.EUROPEIA;;SIM;;;;;COE
ACOES INTERNACIONAIS;PAH3 GR;REUTERS;PAH3 GR MINIMO;;;-;;EURO/COM.EUROPEIA;;SIM;;;;;COE
ACOES INTERNACIONAIS;PAH3 GR;REUTERS;PAH3 GR FECHAMENTO;;;-;;EURO/COM.EUROPEIA;;SIM;;;;;COE
ACOES INTERNACIONAIS;PAH3 GY;BLOOMBERG;PAH3 GY Mínimo;;;-;;EURO/COM.EUROPEIA;;SIM;;;;;COE
ACOES INTERNACIONAIS;PAH3 GY;BLOOMBERG;PAH3 GY Máximo;;;-;;EURO/COM.EUROPEIA;;SIM;;;;;COE
ACOES INTERNACIONAIS;PAH3 GY;BLOOMBERG;PAH3 GY;;;-;;EURO/COM.EUROPEIA;;SIM;;;;;COE
ACOES INTERNACIONAIS;PANW UW;BLOOMBERG;PANW UW Máximo;;;-;;DOLAR DOS EUA;;SIM;;;;;COE
ACOES INTERNACIONAIS;PANW UW;BLOOMBERG;PANW UW;;;-;;DOLAR DOS EUA;;SIM;;;;;COE
ACOES INTERNACIONAIS;PANW UW;BLOOMBERG;PANW UW Mínimo;;;-;;DOLAR DOS EUA;;SIM;;;;;COE
ACOES INTERNACIONAIS;PAX US;REUTERS;PAX US;;;-;;DOLAR DOS EUA;;SIM;;;;;COE
ACOES INTERNACIONAIS;PAX US;REUTERS;PAX US Mínimo;;;-;;DOLAR DOS EUA;;SIM;;;;;OPC
ACOES INTERNACIONAIS;PAX US;REUTERS;PAX US Mínimo;;;-;;DOLAR DOS EUA;;SIM;;;;;COE
ACOES INTERNACIONAIS;PAX US;REUTERS;PAX US Máximo;;;-;;DOLAR DOS EUA;;SIM;;;;;OPC
ACOES INTERNACIONAIS;PAX US;REUTERS;PAX US Máximo;;;-;;DOLAR DOS EUA;;SIM;;;;;COE
ACOES INTERNACIONAIS;PAX US;REUTERS;PAX US;;;-;;DOLAR DOS EUA;;SIM;;;;;OPC
ACOES INTERNACIONAIS;PBR UN;REUTERS;PBR UN Máximo;;;-;;DOLAR DOS EUA;;SIM;;;;;OPC
ACOES INTERNACIONAIS;PBR UN;REUTERS;PBR UN;;;-;;DOLAR DOS EUA;;SIM;;;;;COE
ACOES INTERNACIONAIS;PBR UN;REUTERS;PBR UN;;;-;;DOLAR DOS EUA;;SIM;;;;;OPC
ACOES INTERNACIONAIS;PBR UN;REUTERS;PBR UN Mínimo;;;-;;DOLAR DOS EUA;;SIM;;;;;COE
ACOES INTERNACIONAIS;PBR UN;REUTERS;PBR UN Mínimo;;;-;;DOLAR DOS EUA;;SIM;;;;;OPC
ACOES INTERNACIONAIS;PBR UN;REUTERS;PBR UN Máximo;;;-;;DOLAR DOS EUA;;SIM;;;;;COE
ACOES INTERNACIONAIS;PEG US;REUTERS;PEG US Máximo;;;-;;DOLAR DOS EUA;;SIM;;;;;COE
ACOES INTERNACIONAIS;PEG US;REUTERS;PEG US;;;-;;DOLAR DOS EUA;;SIM;;;;;COE
ACOES INTERNACIONAIS;PEG US;REUTERS;PEG US;;;-;;DOLAR DOS EUA;;SIM;;;;;OPC
ACOES INTERNACIONAIS;PEG US;REUTERS;PEG US Máximo;;;-;;DOLAR DOS EUA;;SIM;;;;;OPC
ACOES INTERNACIONAIS;PEG US;REUTERS;PEG US Mínimo;;;-;;DOLAR DOS EUA;;SIM;;;;;OPC
ACOES INTERNACIONAIS;PEG US;REUTERS;PEG US Mínimo;;;-;;DOLAR DOS EUA;;SIM;;;;;COE
ACOES INTERNACIONAIS;PEP US;REUTERS;PEP US Mínimo;;;-;;DOLAR DOS EUA;;SIM;;;;;COE
ACOES INTERNACIONAIS;PEP US;REUTERS;PEP US;;;-;;DOLAR DOS EUA;;SIM;;;;;COE
ACOES INTERNACIONAIS;PEP US;REUTERS;PEP US Mínimo;;;-;;DOLAR DOS EUA;;SIM;;;;;OPC
ACOES INTERNACIONAIS;PEP US;REUTERS;PEP US;;;-;;DOLAR DOS EUA;;SIM;;;;;OPC
ACOES INTERNACIONAIS;PEP US;REUTERS;PEP US Máximo;;;-;;DOLAR DOS EUA;;SIM;;;;;COE
ACOES INTERNACIONAIS;PEP US;REUTERS;PEP US Máximo;;;-;;DOLAR DOS EUA;;SIM;;;;;OPC
ACOES INTERNACIONAIS;PEP UW;BLOOMBERG;PEP UW Máximo;;;-;;DOLAR DOS EUA;;SIM;;;;;COE
ACOES INTERNACIONAIS;PEP UW;BLOOMBERG;PEP UW Mínimo;;;-;;DOLAR DOS EUA;;SIM;;;;;COE
ACOES INTERNACIONAIS;PEP UW;BLOOMBERG;PEP UW;;;-;;DOLAR DOS EUA;;SIM;;;;;COE
ACOES INTERNACIONAIS;PFE UM;REUTERS;PFE UM Mínimo;;;-;;DOLAR DOS EUA;;SIM;;;;;COE
ACOES INTERNACIONAIS;PFE UM;REUTERS;PFE UM Máximo;;;-;;DOLAR DOS EUA;;SIM;;;;;COE
ACOES INTERNACIONAIS;PFE UM;REUTERS;PFE UM Máximo;;;-;;DOLAR DOS EUA;;SIM;;;;;OPC
ACOES INTERNACIONAIS;PFE UM;REUTERS;PFE UM;;;-;;DOLAR DOS EUA;;SIM;;;;;COE
ACOES INTERNACIONAIS;PFE UM;REUTERS;PFE UM;;;-;;DOLAR DOS EUA;;SIM;;;;;OPC
ACOES INTERNACIONAIS;PFE UM;REUTERS;PFE UM Mínimo;;;-;;DOLAR DOS EUA;;SIM;;;;;OPC
ACOES INTERNACIONAIS;PFE UN;REUTERS;PFE UN;;;-;;DOLAR DOS EUA;;SIM;;;;;COE
ACOES INTERNACIONAIS;PFE UN;REUTERS;PFE UN;;;-;;DOLAR DOS EUA;;SIM;;;;;OPC
ACOES INTERNACIONAIS;PFE UN;REUTERS;PFE UN Mínimo;;;-;;DOLAR DOS EUA;;SIM;;;;;COE
ACOES INTERNACIONAIS;PFE UN;REUTERS;PFE UN Mínimo;;;-;;DOLAR DOS EUA;;SIM;;;;;OPC
ACOES INTERNACIONAIS;PFE UN;REUTERS;PFE UN Máximo;;;-;;DOLAR DOS EUA;;SIM;;;;;COE
ACOES INTERNACIONAIS;PFE UN;REUTERS;PFE UN Máximo;;;-;;DOLAR DOS EUA;;SIM;;;;;OPC
ACOES INTERNACIONAIS;PFE US;REUTERS;PFE US;;;-;;DOLAR DOS EUA;;SIM;;;;;OPC
ACOES INTERNACIONAIS;PFE US;REUTERS;PFE US;;;-;;DOLAR DOS EUA;;SIM;;;;;COE
ACOES INTERNACIONAIS;PFE US;REUTERS;PFE US Mínimo;;;-;;DOLAR DOS EUA;;SIM;;;;;COE
ACOES INTERNACIONAIS;PFE US;REUTERS;PFE US Máximo;;;-;;DOLAR DOS EUA;;SIM;;;;;COE
ACOES INTERNACIONAIS;PFE US;REUTERS;PFE US Mínimo;;;-;;DOLAR DOS EUA;;SIM;;;;;OPC
ACOES INTERNACIONAIS;PFE US;REUTERS;PFE US Máximo;;;-;;DOLAR DOS EUA;;SIM;;;;;OPC
ACOES INTERNACIONAIS;PG UN;REUTERS;PG UN;;;-;;DOLAR DOS EUA;;SIM;;;;;COE
ACOES INTERNACIONAIS;PG UN;REUTERS;PG UN Máximo;;;-;;DOLAR DOS EUA;;SIM;;;;;COE
ACOES INTERNACIONAIS;PG UN;REUTERS;PG UN Mínimo;;;-;;DOLAR DOS EUA;;SIM;;;;;COE
ACOES INTERNACIONAIS;PG US;REUTERS;PG US Máximo;;;-;;DOLAR DOS EUA;;SIM;;;;;OPC
ACOES INTERNACIONAIS;PG US;REUTERS;PG US Mínimo;;;-;;DOLAR DOS EUA;;SIM;;;;;COE
ACOES INTERNACIONAIS;PG US;REUTERS;PG US Máximo;;;-;;DOLAR DOS EUA;;SIM;;;;;COE
ACOES INTERNACIONAIS;PG US;REUTERS;PG US;;;-;;DOLAR DOS EUA;;SIM;;;;;OPC
ACOES INTERNACIONAIS;PG US;REUTERS;PG US;;;-;;DOLAR DOS EUA;;SIM;;;;;COE
ACOES INTERNACIONAIS;PG US;REUTERS;PG US Mínimo;;;-;;DOLAR DOS EUA;;SIM;;;;;OPC
ACOES INTERNACIONAIS;PGHN SE;BLOOMBERG;PGHN SE Máximo;;;-;;FRANCO SUICO;;SIM;;;;;COE
ACOES INTERNACIONAIS;PGHN SE;BLOOMBERG;PGHN SE;;;-;;FRANCO SUICO;;SIM;;;;;COE
ACOES INTERNACIONAIS;PGHN SE;BLOOMBERG;PGHN SE Mínimo;;;-;;FRANCO SUICO;;SIM;;;;;COE
ACOES INTERNACIONAIS;PHAG LN;REUTERS;PHAG LN;;;-;;DOLAR DOS EUA;;SIM;;;;;OPC
ACOES INTERNACIONAIS;PHAG LN;REUTERS;PHAG LN;;;-;;DOLAR DOS EUA;;SIM;;;;;COE
ACOES INTERNACIONAIS;PHAG LN;REUTERS;PHAG LN Máximo;;;-;;DOLAR DOS EUA;;SIM;;;;;OPC
ACOES INTERNACIONAIS;PHAG LN;REUTERS;PHAG LN Máximo;;;-;;DOLAR DOS EUA;;SIM;;;;;COE
ACOES INTERNACIONAIS;PHAG LN;REUTERS;PHAG LN Mínimo;;;-;;DOLAR DOS EUA;;SIM;;;;;OPC
ACOES INTERNACIONAIS;PHAG LN;REUTERS;PHAG LN Mínimo;;;-;;DOLAR DOS EUA;;SIM;;;;;COE
ACOES INTERNACIONAIS;PHAU LN;BLOOMBERG;PHAU LN;;;-;;DOLAR DOS EUA;;SIM;;;;;COE
ACOES INTERNACIONAIS;PHAU LN;BLOOMBERG;PHAU LN Máximo;;;-;;DOLAR DOS EUA;;SIM;;;;;COE
ACOES INTERNACIONAIS;PHAU LN;BLOOMBERG;PHAU LN Mínimo;;;-;;DOLAR DOS EUA;;SIM;;;;;COE
ACOES INTERNACIONAIS;PNDORA DC;REUTERS;PNDORA DC;;;-;;COROA DINAM/DINAM;;SIM;;;;;COE
ACOES INTERNACIONAIS;PNDORA DC;REUTERS;PNDORA DC;;;-;;COROA DINAM/DINAM;;SIM;;;;;OPC
ACOES INTERNACIONAIS;PNDORA DC;REUTERS;PNDORA DC Minimo;;;-;;COROA DINAM/DINAM;;SIM;;;;;OPC
ACOES INTERNACIONAIS;PNDORA DC;REUTERS;PNDORA DC Maximo;;;-;;COROA DINAM/DINAM;;SIM;;;;;OPC
ACOES INTERNACIONAIS;PNDORA DC;REUTERS;PNDORA DC Minimo;;;-;;COROA DINAM/DINAM;;SIM;;;;;COE
ACOES INTERNACIONAIS;PNDORA DC;REUTERS;PNDORA DC Maximo;;;-;;COROA DINAM/DINAM;;SIM;;;;;COE
ACOES INTERNACIONAIS;PRU LN;REUTERS;PRU LN;;;-;;LIBRA ESTERLINA;;SIM;;;;;OPC
ACOES INTERNACIONAIS;PRU LN;REUTERS;PRU LN;;;-;;LIBRA ESTERLINA;;SIM;;;;;COE
ACOES INTERNACIONAIS;PRU LN;REUTERS;PRU LN Máximo;;;-;;LIBRA ESTERLINA;;SIM;;;;;OPC
ACOES INTERNACIONAIS;PRU LN;REUTERS;PRU LN Máximo;;;-;;LIBRA ESTERLINA;;SIM;;;;;COE
ACOES INTERNACIONAIS;PRU LN;REUTERS;PRU LN Mínimo;;;-;;LIBRA ESTERLINA;;SIM;;;;;COE
ACOES INTERNACIONAIS;PRU LN;REUTERS;PRU LN Mínimo;;;-;;LIBRA ESTERLINA;;SIM;;;;;OPC
ACOES INTERNACIONAIS;PRU_MNG_LN;REUTERS;PRULN_MNGLN;;;-;;LIBRA ESTERLINA;;NÃO;;;;;COE
ACOES INTERNACIONAIS;PRU_MNG_LN;REUTERS;PRULN_MNGLN;;;-;;LIBRA ESTERLINA;;NÃO;;;;;OPC
ACOES INTERNACIONAIS;PTON UW;REUTERS;PTON UW;;;-;;DOLAR DOS EUA;;SIM;;;;;COE
ACOES INTERNACIONAIS;PTON UW;REUTERS;PTON UW;;;-;;DOLAR DOS EUA;;SIM;;;;;OPC
ACOES INTERNACIONAIS;PTON UW;REUTERS;PTON UW Mínimo;;;-;;DOLAR DOS EUA;;SIM;;;;;OPC
ACOES INTERNACIONAIS;PTON UW;REUTERS;PTON UW Máximo;;;-;;DOLAR DOS EUA;;SIM;;;;;OPC
ACOES INTERNACIONAIS;PTON UW;REUTERS;PTON UW Mínimo;;;-;;DOLAR DOS EUA;;SIM;;;;;COE
ACOES INTERNACIONAIS;PTON UW;REUTERS;PTON UW Máximo;;;-;;DOLAR DOS EUA;;SIM;;;;;COE
ACOES INTERNACIONAIS;PXD UN;REUTERS;PXD UN Minimo;;;-;;DOLAR DOS EUA;;SIM;;;;;COE
ACOES INTERNACIONAIS;PXD UN;REUTERS;PXD UN Maximo;;;-;;DOLAR DOS EUA;;SIM;;;;;OPC
ACOES INTERNACIONAIS;PXD UN;REUTERS;PXD UN Maximo;;;-;;DOLAR DOS EUA;;SIM;;;;;COE
ACOES INTERNACIONAIS;PXD UN;REUTERS;PXD UN;;;-;;DOLAR DOS EUA;;SIM;;;;;OPC
ACOES INTERNACIONAIS;PXD UN;REUTERS;PXD UN;;;-;;DOLAR DOS EUA;;SIM;;;;;COE
ACOES INTERNACIONAIS;PXD UN;REUTERS;PXD UN Minimo;;;-;;DOLAR DOS EUA;;SIM;;;;;OPC
ACOES INTERNACIONAIS;PXD US;REUTERS;PXD US Minimo;;;-;;DOLAR DOS EUA;;SIM;;;;;OPC
ACOES INTERNACIONAIS;PXD US;REUTERS;PXD US Maximo;;;-;;DOLAR DOS EUA;;SIM;;;;;COE
ACOES INTERNACIONAIS;PXD US;REUTERS;PXD US Maximo;;;-;;DOLAR DOS EUA;;SIM;;;;;OPC
ACOES INTERNACIONAIS;PXD US;REUTERS;PXD US;;;-;;DOLAR DOS EUA;;SIM;;;;;COE
ACOES INTERNACIONAIS;PXD US;REUTERS;PXD US;;;-;;DOLAR DOS EUA;;SIM;;;;;OPC
ACOES INTERNACIONAIS;PXD US;REUTERS;PXD US Minimo;;;-;;DOLAR DOS EUA;;SIM;;;;;COE
ACOES INTERNACIONAIS;PYPL US;REUTERS;PYPL US Mínimo;;;-;;DOLAR DOS EUA;;SIM;;;;;COE
ACOES INTERNACIONAIS;PYPL US;REUTERS;PYPL US Máximo;;;-;;DOLAR DOS EUA;;SIM;;;;;OPC
ACOES INTERNACIONAIS;PYPL US;REUTERS;PYPL US Máximo;;;-;;DOLAR DOS EUA;;SIM;;;;;COE
ACOES INTERNACIONAIS;PYPL US;REUTERS;PYPL US;;;-;;DOLAR DOS EUA;;SIM;;;;;OPC
ACOES INTERNACIONAIS;PYPL US;REUTERS;PYPL US;;;-;;DOLAR DOS EUA;;SIM;;;;;COE
ACOES INTERNACIONAIS;PYPL US;REUTERS;PYPL US Mínimo;;;-;;DOLAR DOS EUA;;SIM;;;;;OPC
ACOES INTERNACIONAIS;PYPL UW;REUTERS;PYPL UW Máximo;;;-;;DOLAR DOS EUA;;SIM;;;;;OPC
ACOES INTERNACIONAIS;PYPL UW;REUTERS;PYPL UW Máximo;;;-;;DOLAR DOS EUA;;SIM;;;;;COE
ACOES INTERNACIONAIS;PYPL UW;REUTERS;PYPL UW;;;-;;DOLAR DOS EUA;;SIM;;;;;OPC
ACOES INTERNACIONAIS;PYPL UW;REUTERS;PYPL UW;;;-;;DOLAR DOS EUA;;SIM;;;;;COE
ACOES INTERNACIONAIS;PYPL UW;REUTERS;PYPL UW Mínimo;;;-;;DOLAR DOS EUA;;SIM;;;;;OPC
ACOES INTERNACIONAIS;PYPL UW;REUTERS;PYPL UW Mínimo;;;-;;DOLAR DOS EUA;;SIM;;;;;COE
ACOES INTERNACIONAIS;P911 GY;BLOOMBERG;P911 GY;;;-;;EURO/COM.EUROPEIA;;SIM;;;;;COE
ACOES INTERNACIONAIS;P911 GY;BLOOMBERG;P911 GY Mínimo;;;-;;EURO/COM.EUROPEIA;;SIM;;;;;COE
ACOES INTERNACIONAIS;P911 GY;BLOOMBERG;P911 GY Máximo;;;-;;EURO/COM.EUROPEIA;;SIM;;;;;COE
ACOES INTERNACIONAIS;QCOM UQ;REUTERS;QCOM UQ;;;-;;DOLAR DOS EUA;;SIM;;;;;OPC
ACOES INTERNACIONAIS;QCOM UQ;REUTERS;QCOM UQ;;;-;;DOLAR DOS EUA;;SIM;;;;;COE
ACOES INTERNACIONAIS;QCOM UQ;REUTERS;QCOM UQ Máximo;;;-;;DOLAR DOS EUA;;SIM;;;;;COE
ACOES INTERNACIONAIS;QCOM UQ;REUTERS;QCOM UQ Máximo;;;-;;DOLAR DOS EUA;;SIM;;;;;OPC
ACOES INTERNACIONAIS;QCOM UQ;REUTERS;QCOM UQ Mínimo;;;-;;DOLAR DOS EUA;;SIM;;;;;OPC
ACOES INTERNACIONAIS;QCOM UQ;REUTERS;QCOM UQ Mínimo;;;-;;DOLAR DOS EUA;;SIM;;;;;COE
ACOES INTERNACIONAIS;QCOM UW;REUTERS;QCOM UW Mínimo;;;-;;DOLAR DOS EUA;;SIM;;;;;COE
ACOES INTERNACIONAIS;QCOM UW;REUTERS;QCOM UW Mínimo;;;-;;DOLAR DOS EUA;;SIM;;;;;OPC
ACOES INTERNACIONAIS;QCOM UW;REUTERS;QCOM UW Máximo;;;-;;DOLAR DOS EUA;;SIM;;;;;COE
ACOES INTERNACIONAIS;QCOM UW;REUTERS;QCOM UW;;;-;;DOLAR DOS EUA;;SIM;;;;;COE
ACOES INTERNACIONAIS;QCOM UW;REUTERS;QCOM UW;;;-;;DOLAR DOS EUA;;SIM;;;;;OPC
ACOES INTERNACIONAIS;QCOM UW;REUTERS;QCOM UW Máximo;;;-;;DOLAR DOS EUA;;SIM;;;;;OPC
ACOES INTERNACIONAIS;QQQ UQ;REUTERS;QQQ UQ Máximo;;;-;;DOLAR DOS EUA;;SIM;;;;;OPC
ACOES INTERNACIONAIS;QQQ UQ;REUTERS;QQQ UQ Máximo;;;-;;DOLAR DOS EUA;;SIM;;;;;COE
ACOES INTERNACIONAIS;QQQ UQ;REUTERS;QQQ UQ;;;-;;DOLAR DOS EUA;;SIM;;;;;COE
ACOES INTERNACIONAIS;QQQ UQ;REUTERS;QQQ UQ Mínimo;;;-;;DOLAR DOS EUA;;SIM;;;;;OPC
ACOES INTERNACIONAIS;QQQ UQ;REUTERS;QQQ UQ Mínimo;;;-;;DOLAR DOS EUA;;SIM;;;;;COE
ACOES INTERNACIONAIS;QQQ UQ;REUTERS;QQQ UQ;;;-;;DOLAR DOS EUA;;SIM;;;;;OPC
ACOES INTERNACIONAIS;QQQ_UP;BLOOMBERG;QQQ_UP;;;-;;DOLAR DOS EUA;;SIM;;;;;COE
ACOES INTERNACIONAIS;QQQ_UP;BLOOMBERG;QQQ_UP Máximo;;;-;;DOLAR DOS EUA;;SIM;;;;;COE
ACOES INTERNACIONAIS;QQQ_UP;BLOOMBERG;QQQ_UP Mínimo;;;-;;DOLAR DOS EUA;;SIM;;;;;COE
ACOES INTERNACIONAIS;RACE IM;REUTERS;RACE IM Máximo;;;-;;EURO/COM.EUROPEIA;;SIM;;;;;OPC
ACOES INTERNACIONAIS;RACE IM;REUTERS;RACE IM Mínimo;;;-;;EURO/COM.EUROPEIA;;SIM;;;;;OPC
ACOES INTERNACIONAIS;RACE IM;REUTERS;RACE IM;;;-;;EURO/COM.EUROPEIA;;SIM;;;;;OPC
ACOES INTERNACIONAIS;RACE IM;REUTERS;RACE IM Máximo;;;-;;EURO/COM.EUROPEIA;;SIM;;;;;COE
ACOES INTERNACIONAIS;RACE IM;REUTERS;RACE IM Mínimo;;;-;;EURO/COM.EUROPEIA;;SIM;;;;;COE
ACOES INTERNACIONAIS;RACE IM;REUTERS;RACE IM;;;-;;EURO/COM.EUROPEIA;;SIM;;;;;COE
ACOES INTERNACIONAIS;RACE US;REUTERS;RACE US;;;-;;DOLAR DOS EUA;;SIM;;;;;OPC
ACOES INTERNACIONAIS;RACE US;REUTERS;RACE US Mínimo;;;-;;DOLAR DOS EUA;;SIM;;;;;COE
ACOES INTERNACIONAIS;RACE US;REUTERS;RACE US;;;-;;DOLAR DOS EUA;;SIM;;;;;COE
ACOES INTERNACIONAIS;RACE US;REUTERS;RACE US Máximo;;;-;;DOLAR DOS EUA;;SIM;;;;;OPC
ACOES INTERNACIONAIS;RACE US;REUTERS;RACE US Mínimo;;;-;;DOLAR DOS EUA;;SIM;;;;;OPC
ACOES INTERNACIONAIS;RACE US;REUTERS;RACE US Máximo;;;-;;DOLAR DOS EUA;;SIM;;;;;COE
ACOES INTERNACIONAIS;RBLX UN;REUTERS;RBLX UN Máximo;;;-;;DOLAR DOS EUA;;SIM;;;;;OPC
ACOES INTERNACIONAIS;RBLX UN;REUTERS;RBLX UN Mínimo;;;-;;DOLAR DOS EUA;;SIM;;;;;COE
ACOES INTERNACIONAIS;RBLX UN;REUTERS;RBLX UN Mínimo;;;-;;DOLAR DOS EUA;;SIM;;;;;OPC
ACOES INTERNACIONAIS;RBLX UN;REUTERS;RBLX UN Máximo;;;-;;DOLAR DOS EUA;;SIM;;;;;COE
ACOES INTERNACIONAIS;RBLX UN;REUTERS;RBLX UN;;;-;;DOLAR DOS EUA;;SIM;;;;;OPC
ACOES INTERNACIONAIS;RBLX UN;REUTERS;RBLX UN;;;-;;DOLAR DOS EUA;;SIM;;;;;COE
ACOES INTERNACIONAIS;RBLX US;REUTERS;RBLX US;;;-;;DOLAR DOS EUA;;SIM;;;;;OPC
ACOES INTERNACIONAIS;RBLX US;REUTERS;RBLX US;;;-;;DOLAR DOS EUA;;SIM;;;;;COE
ACOES INTERNACIONAIS;RBLX US;REUTERS;RBLX US Máximo;;;-;;DOLAR DOS EUA;;SIM;;;;;COE
ACOES INTERNACIONAIS;RBLX US;REUTERS;RBLX US Mínimo;;;-;;DOLAR DOS EUA;;SIM;;;;;OPC
ACOES INTERNACIONAIS;RBLX US;REUTERS;RBLX US Mínimo;;;-;;DOLAR DOS EUA;;SIM;;;;;COE
ACOES INTERNACIONAIS;RBLX US;REUTERS;RBLX US Máximo;;;-;;DOLAR DOS EUA;;SIM;;;;;OPC
ACOES INTERNACIONAIS;RCI/B CT;BLOOMBERG;RCI/B CT Mínimo;;;-;;DOLAR CANADENSE;;SIM;;;;;COE
ACOES INTERNACIONAIS;RCI/B CT;BLOOMBERG;RCI/B CT;;;-;;DOLAR CANADENSE;;SIM;;;;;COE
ACOES INTERNACIONAIS;RCI/B CT;BLOOMBERG;RCI/B CT Máximo;;;-;;DOLAR CANADENSE;;SIM;;;;;COE
ACOES INTERNACIONAIS;RCL UN;REUTERS;RCL UN;;;-;;DOLAR DOS EUA;;SIM;;;;;OPC
ACOES INTERNACIONAIS;RCL UN;REUTERS;RCL UN;;;-;;DOLAR DOS EUA;;SIM;;;;;COE
ACOES INTERNACIONAIS;RCL UN;REUTERS;RCL UN Máximo;;;-;;DOLAR DOS EUA;;SIM;;;;;COE
ACOES INTERNACIONAIS;RCL UN;REUTERS;RCL UN Mínimo;;;-;;DOLAR DOS EUA;;SIM;;;;;OPC
ACOES INTERNACIONAIS;RCL UN;REUTERS;RCL UN Mínimo;;;-;;DOLAR DOS EUA;;SIM;;;;;COE
ACOES INTERNACIONAIS;RCL UN;REUTERS;RCL UN Máximo;;;-;;DOLAR DOS EUA;;SIM;;;;;OPC
ACOES INTERNACIONAIS;RI FP;REUTERS;RI FP;;;-;;EURO/COM.EUROPEIA;;SIM;;;;;COE
ACOES INTERNACIONAIS;RI FP;REUTERS;RI FP;;;-;;EURO/COM.EUROPEIA;;SIM;;;;;OPC
ACOES INTERNACIONAIS;RI FP;REUTERS;RI FP Máximo;;;-;;EURO/COM.EUROPEIA;;SIM;;;;;COE
ACOES INTERNACIONAIS;RI FP;REUTERS;RI FP Máximo;;;-;;EURO/COM.EUROPEIA;;SIM;;;;;OPC
ACOES INTERNACIONAIS;RI FP;REUTERS;RI FP Mínimo;;;-;;EURO/COM.EUROPEIA;;SIM;;;;;COE
ACOES INTERNACIONAIS;RI FP;REUTERS;RI FP Mínimo;;;-;;EURO/COM.EUROPEIA;;SIM;;;;;OPC
ACOES INTERNACIONAIS;ROG SW;REUTERS;ROG SW;;;-;;FRANCO SUICO;;SIM;;;;;OPC
ACOES INTERNACIONAIS;ROG SW;REUTERS;ROG SW;;;-;;FRANCO SUICO;;SIM;;;;;COE
ACOES INTERNACIONAIS;ROG SW;REUTERS;ROG SW Maximo;;;-;;FRANCO SUICO;;SIM;;;;;COE
ACOES INTERNACIONAIS;ROG SW;REUTERS;ROG SW Minimo;;;-;;FRANCO SUICO;;SIM;;;;;OPC
ACOES INTERNACIONAIS;ROG SW;REUTERS;ROG SW Minimo;;;-;;FRANCO SUICO;;SIM;;;;;COE
ACOES INTERNACIONAIS;ROG SW;REUTERS;ROG SW Maximo;;;-;;FRANCO SUICO;;SIM;;;;;OPC
ACOES INTERNACIONAIS;RUN US;REUTERS;RUN US Mínimo;;;-;;DOLAR DOS EUA;;SIM;;;;;COE
ACOES INTERNACIONAIS;RUN US;REUTERS;RUN US Máximo;;;-;;DOLAR DOS EUA;;SIM;;;;;OPC
ACOES INTERNACIONAIS;RUN US;REUTERS;RUN US;;;-;;DOLAR DOS EUA;;SIM;;;;;COE
ACOES INTERNACIONAIS;RUN US;REUTERS;RUN US;;;-;;DOLAR DOS EUA;;SIM;;;;;OPC
ACOES INTERNACIONAIS;RUN US;REUTERS;RUN US Máximo;;;-;;DOLAR DOS EUA;;SIM;;;;;COE
ACOES INTERNACIONAIS;RUN US;REUTERS;RUN US Mínimo;;;-;;DOLAR DOS EUA;;SIM;;;;;OPC
ACOES INTERNACIONAIS;SAGE US;REUTERS;SAGE US Máximo;;;-;;DOLAR DOS EUA;;SIM;;;;;OPC
ACOES INTERNACIONAIS;SAGE US;REUTERS;SAGE US;;;-;;DOLAR DOS EUA;;SIM;;;;;COE
ACOES INTERNACIONAIS;SAGE US;REUTERS;SAGE US;;;-;;DOLAR DOS EUA;;SIM;;;;;OPC
ACOES INTERNACIONAIS;SAGE US;REUTERS;SAGE US Máximo;;;-;;DOLAR DOS EUA;;SIM;;;;;COE
ACOES INTERNACIONAIS;SAGE US;REUTERS;SAGE US Mínimo;;;-;;DOLAR DOS EUA;;SIM;;;;;COE
ACOES INTERNACIONAIS;SAGE US;REUTERS;SAGE US Mínimo;;;-;;DOLAR DOS EUA;;SIM;;;;;OPC
ACOES INTERNACIONAIS;SAN SQ;REUTERS;SAN SQ;;;-;;EURO/COM.EUROPEIA;;SIM;;;;;OPC
ACOES INTERNACIONAIS;SAN SQ;REUTERS;SAN SQ Maximo;;;-;;EURO/COM.EUROPEIA;;SIM;;;;;COE
ACOES INTERNACIONAIS;SAN SQ;REUTERS;SAN SQ;;;-;;EURO/COM.EUROPEIA;;SIM;;;;;COE
ACOES INTERNACIONAIS;SAN SQ;REUTERS;SAN SQ Maximo;;;-;;EURO/COM.EUROPEIA;;SIM;;;;;OPC
ACOES INTERNACIONAIS;SAN SQ;REUTERS;SAN SQ Minimo;;;-;;EURO/COM.EUROPEIA;;SIM;;;;;COE
ACOES INTERNACIONAIS;SAN SQ;REUTERS;SAN SQ Minimo;;;-;;EURO/COM.EUROPEIA;;SIM;;;;;OPC
ACOES INTERNACIONAIS;SAP GY;REUTERS;SAP GY Máximo;;;-;;EURO/COM.EUROPEIA;;SIM;;;;;OPC
ACOES INTERNACIONAIS;SAP GY;REUTERS;SAP GY;;;-;;EURO/COM.EUROPEIA;;SIM;;;;;COE
ACOES INTERNACIONAIS;SAP GY;REUTERS;SAP GY;;;-;;EURO/COM.EUROPEIA;;SIM;;;;;OPC
ACOES INTERNACIONAIS;SAP GY;REUTERS;SAP GY Máximo;;;-;;EURO/COM.EUROPEIA;;SIM;;;;;COE
ACOES INTERNACIONAIS;SAP GY;REUTERS;SAP GY Mínimo;;;-;;EURO/COM.EUROPEIA;;SIM;;;;;OPC
ACOES INTERNACIONAIS;SAP GY;REUTERS;SAP GY Mínimo;;;-;;EURO/COM.EUROPEIA;;SIM;;;;;COE
ACOES INTERNACIONAIS;SBUX UW;REUTERS;SBUX UW;;;-;;DOLAR DOS EUA;;SIM;;;;;COE
ACOES INTERNACIONAIS;SBUX UW;REUTERS;SBUX UW;;;-;;DOLAR DOS EUA;;SIM;;;;;OPC
ACOES INTERNACIONAIS;SBUX UW;REUTERS;SBUX UW Minimo;;;-;;DOLAR DOS EUA;;SIM;;;;;OPC
ACOES INTERNACIONAIS;SBUX UW;REUTERS;SBUX UW Maximo;;;-;;DOLAR DOS EUA;;SIM;;;;;OPC
ACOES INTERNACIONAIS;SBUX UW;REUTERS;SBUX UW Minimo;;;-;;DOLAR DOS EUA;;SIM;;;;;COE
ACOES INTERNACIONAIS;SBUX UW;REUTERS;SBUX UW Maximo;;;-;;DOLAR DOS EUA;;SIM;;;;;COE
ACOES INTERNACIONAIS;SE US;BLOOMBERG;SE US;;;-;;DOLAR DOS EUA;;SIM;;;;;OPC
ACOES INTERNACIONAIS;SE US;BLOOMBERG;SE US;;;-;;DOLAR DOS EUA;;SIM;;;;;COE
ACOES INTERNACIONAIS;SE US;BLOOMBERG;SE US Mínimo;;;-;;DOLAR DOS EUA;;SIM;;;;;COE
ACOES INTERNACIONAIS;SE US;REUTERS;SE US Máximo;;;-;;DOLAR DOS EUA;;SIM;;;;;COE
ACOES INTERNACIONAIS;SE US;BLOOMBERG;SE US Mínimo;;;-;;DOLAR DOS EUA;;SIM;;;;;OPC
ACOES INTERNACIONAIS;SE US;REUTERS;SE US Máximo;;;-;;DOLAR DOS EUA;;SIM;;;;;OPC
ACOES INTERNACIONAIS;SFER IM;REUTERS;SFER IM;;;-;;EURO/COM.EUROPEIA;;SIM;;;;;COE
ACOES INTERNACIONAIS;SFER IM;REUTERS;SFER IM;;;-;;EURO/COM.EUROPEIA;;SIM;;;;;OPC
ACOES INTERNACIONAIS;SFER IM;REUTERS;SFER IM Mínimo;;;-;;EURO/COM.EUROPEIA;;SIM;;;;;OPC
ACOES INTERNACIONAIS;SFER IM;REUTERS;SFER IM Máximo;;;-;;EURO/COM.EUROPEIA;;SIM;;;;;OPC
ACOES INTERNACIONAIS;SFER IM;REUTERS;SFER IM Mínimo;;;-;;EURO/COM.EUROPEIA;;SIM;;;;;COE
ACOES INTERNACIONAIS;SFER IM;REUTERS;SFER IM Máximo;;;-;;EURO/COM.EUROPEIA;;SIM;;;;;COE
ACOES INTERNACIONAIS;SHOP UN;REUTERS;SHOP UN Mínimo;;;-;;DOLAR DOS EUA;;SIM;;;;;OPC
ACOES INTERNACIONAIS;SHOP UN;REUTERS;SHOP UN Mínimo;;;-;;DOLAR DOS EUA;;SIM;;;;;COE
ACOES INTERNACIONAIS;SHOP UN;REUTERS;SHOP UN Máximo;;;-;;DOLAR DOS EUA;;SIM;;;;;COE
ACOES INTERNACIONAIS;SHOP UN;REUTERS;SHOP UN;;;-;;DOLAR DOS EUA;;SIM;;;;;COE
ACOES INTERNACIONAIS;SHOP UN;REUTERS;SHOP UN Máximo;;;-;;DOLAR DOS EUA;;SIM;;;;;OPC
ACOES INTERNACIONAIS;SHOP UN;REUTERS;SHOP UN;;;-;;DOLAR DOS EUA;;SIM;;;;;OPC
ACOES INTERNACIONAIS;SID UN;REUTERS;SID UN Mínimo;;;-;;DOLAR DOS EUA;;SIM;;;;;OPC
ACOES INTERNACIONAIS;SID UN;REUTERS;SID UN Máximo;;;-;;DOLAR DOS EUA;;SIM;;;;;COE
ACOES INTERNACIONAIS;SID UN;REUTERS;SID UN Máximo;;;-;;DOLAR DOS EUA;;SIM;;;;;OPC
ACOES INTERNACIONAIS;SID UN;REUTERS;SID UN;;;-;;DOLAR DOS EUA;;SIM;;;;;COE
ACOES INTERNACIONAIS;SID UN;REUTERS;SID UN;;;-;;DOLAR DOS EUA;;SIM;;;;;OPC
ACOES INTERNACIONAIS;SID UN;REUTERS;SID UN Mínimo;;;-;;DOLAR DOS EUA;;SIM;;;;;COE
ACOES INTERNACIONAIS;SIE GY;REUTERS;SIE GY Mínimo;;;-;;EURO/COM.EUROPEIA;;SIM;;;;;COE
ACOES INTERNACIONAIS;SIE GY;REUTERS;SIE GY Máximo;;;-;;EURO/COM.EUROPEIA;;SIM;;;;;OPC
ACOES INTERNACIONAIS;SIE GY;REUTERS;SIE GY Máximo;;;-;;EURO/COM.EUROPEIA;;SIM;;;;;COE
ACOES INTERNACIONAIS;SIE GY;REUTERS;SIE GY;;;-;;EURO/COM.EUROPEIA;;SIM;;;;;OPC
ACOES INTERNACIONAIS;SIE GY;REUTERS;SIE GY;;;-;;EURO/COM.EUROPEIA;;SIM;;;;;COE
ACOES INTERNACIONAIS;SIE GY;REUTERS;SIE GY Mínimo;;;-;;EURO/COM.EUROPEIA;;SIM;;;;;OPC
ACOES INTERNACIONAIS;SNAP UN;REUTERS;SNAP UN Mínimo;;;-;;DOLAR DOS EUA;;SIM;;;;;COE
ACOES INTERNACIONAIS;SNAP UN;REUTERS;SNAP UN Máximo;;;-;;DOLAR DOS EUA;;SIM;;;;;OPC
ACOES INTERNACIONAIS;SNAP UN;REUTERS;SNAP UN Máximo;;;-;;DOLAR DOS EUA;;SIM;;;;;COE
ACOES INTERNACIONAIS;SNAP UN;REUTERS;SNAP UN;;;-;;DOLAR DOS EUA;;SIM;;;;;OPC
ACOES INTERNACIONAIS;SNAP UN;REUTERS;SNAP UN;;;-;;DOLAR DOS EUA;;SIM;;;;;COE
ACOES INTERNACIONAIS;SNAP UN;REUTERS;SNAP UN Mínimo;;;-;;DOLAR DOS EUA;;SIM;;;;;OPC
ACOES INTERNACIONAIS;SNDK US;BLOOMBERG;SNDK US Máximo;;;-;;DOLAR DOS EUA;;SIM;;;;;COE
ACOES INTERNACIONAIS;SNDK US;BLOOMBERG;SNDK US Mínimo;;;-;;DOLAR DOS EUA;;SIM;;;;;OPC
ACOES INTERNACIONAIS;SNDK US;BLOOMBERG;SNDK US Mínimo;;;-;;DOLAR DOS EUA;;SIM;;;;;COE
ACOES INTERNACIONAIS;SNDK US;BLOOMBERG;SNDK US Máximo;;;-;;DOLAR DOS EUA;;SIM;;;;;OPC
ACOES INTERNACIONAIS;SNDK US;BLOOMBERG;SNDK US;;;-;;DOLAR DOS EUA;;SIM;;;;;OPC
ACOES INTERNACIONAIS;SNDK US;BLOOMBERG;SNDK US;;;-;;DOLAR DOS EUA;;SIM;;;;;COE
ACOES INTERNACIONAIS;SNOW US;REUTERS;SNOW US Máximo;;;-;;DOLAR DOS EUA;;SIM;;;;;COE
ACOES INTERNACIONAIS;SNOW US;REUTERS;SNOW US;;;-;;DOLAR DOS EUA;;SIM;;;;;COE
ACOES INTERNACIONAIS;SNOW US;REUTERS;SNOW US Mínimo;;;-;;DOLAR DOS EUA;;SIM;;;;;COE
ACOES INTERNACIONAIS;SONY UN;REUTERS;SONY UN Máximo;;;-;;DOLAR DOS EUA;;SIM;;;;;COE
ACOES INTERNACIONAIS;SONY UN;REUTERS;SONY UN Máximo;;;-;;DOLAR DOS EUA;;SIM;;;;;OPC
ACOES INTERNACIONAIS;SONY UN;REUTERS;SONY UN;;;-;;DOLAR DOS EUA;;SIM;;;;;OPC
ACOES INTERNACIONAIS;SONY UN;REUTERS;SONY UN Mínimo;;;-;;DOLAR DOS EUA;;SIM;;;;;OPC
ACOES INTERNACIONAIS;SONY UN;REUTERS;SONY UN;;;-;;DOLAR DOS EUA;;SIM;;;;;COE
ACOES INTERNACIONAIS;SONY UN;REUTERS;SONY UN Mínimo;;;-;;DOLAR DOS EUA;;SIM;;;;;COE
ACOES INTERNACIONAIS;SONY US;BLOOMBERG;SONY US;;;-;;DOLAR DOS EUA;;SIM;;;;;OPC
ACOES INTERNACIONAIS;SONY US;BLOOMBERG;SONY US Máximo;;;-;;DOLAR DOS EUA;;SIM;;;;;COE
ACOES INTERNACIONAIS;SONY US;BLOOMBERG;SONY US Máximo;;;-;;DOLAR DOS EUA;;SIM;;;;;OPC
ACOES INTERNACIONAIS;SONY US;BLOOMBERG;SONY US Mínimo;;;-;;DOLAR DOS EUA;;SIM;;;;;COE
ACOES INTERNACIONAIS;SONY US;BLOOMBERG;SONY US Mínimo;;;-;;DOLAR DOS EUA;;SIM;;;;;OPC
ACOES INTERNACIONAIS;SONY US;BLOOMBERG;SONY US;;;-;;DOLAR DOS EUA;;SIM;;;;;COE
ACOES INTERNACIONAIS;SOXX US;REUTERS;SOXX US Mínimo;;;-;;DOLAR DOS EUA;;SIM;;;;;COE
ACOES INTERNACIONAIS;SOXX US;REUTERS;SOXX US Máximo;;;-;;DOLAR DOS EUA;;SIM;;;;;OPC
ACOES INTERNACIONAIS;SOXX US;REUTERS;SOXX US Máximo;;;-;;DOLAR DOS EUA;;SIM;;;;;COE
ACOES INTERNACIONAIS;SOXX US;REUTERS;SOXX US;;;-;;DOLAR DOS EUA;;SIM;;;;;OPC
ACOES INTERNACIONAIS;SOXX US;REUTERS;SOXX US;;;-;;DOLAR DOS EUA;;SIM;;;;;COE
ACOES INTERNACIONAIS;SOXX US;REUTERS;SOXX US Mínimo;;;-;;DOLAR DOS EUA;;SIM;;;;;OPC
ACOES INTERNACIONAIS;SOYB LN;REUTERS;SOYB LN Mínimo;;;-;;DOLAR DOS EUA;;SIM;;;;;OPC
ACOES INTERNACIONAIS;SOYB LN;REUTERS;SOYB LN Máximo;;;-;;DOLAR DOS EUA;;SIM;;;;;COE
ACOES INTERNACIONAIS;SOYB LN;REUTERS;SOYB LN Máximo;;;-;;DOLAR DOS EUA;;SIM;;;;;OPC
ACOES INTERNACIONAIS;SOYB LN;REUTERS;SOYB LN;;;-;;DOLAR DOS EUA;;SIM;;;;;COE
ACOES INTERNACIONAIS;SOYB LN;REUTERS;SOYB LN;;;-;;DOLAR DOS EUA;;SIM;;;;;OPC
ACOES INTERNACIONAIS;SOYB LN;REUTERS;SOYB LN Mínimo;;;-;;DOLAR DOS EUA;;SIM;;;;;COE
ACOES INTERNACIONAIS;SPCX US;BLOOMBERG;SPCX US Máximo;;;-;;DOLAR DOS EUA;;SIM;;;;;OPC
ACOES INTERNACIONAIS;SPCX US;BLOOMBERG;SPCX US Mínimo;;;-;;DOLAR DOS EUA;;SIM;;;;;OPC
ACOES INTERNACIONAIS;SPCX US;BLOOMBERG;SPCX US Mínimo;;;-;;DOLAR DOS EUA;;SIM;;;;;COE
ACOES INTERNACIONAIS;SPCX US;BLOOMBERG;SPCX US;;;-;;DOLAR DOS EUA;;SIM;;;;;COE
ACOES INTERNACIONAIS;SPCX US;BLOOMBERG;SPCX US;;;-;;DOLAR DOS EUA;;SIM;;;;;OPC
ACOES INTERNACIONAIS;SPCX US;BLOOMBERG;SPCX US Máximo;;;-;;DOLAR DOS EUA;;SIM;;;;;COE
ACOES INTERNACIONAIS;SPCX UW;BLOOMBERG;SPCX UW;;;-;;DOLAR DOS EUA;;SIM;;;;;COE
ACOES INTERNACIONAIS;SPCX UW;BLOOMBERG;SPCX UW Máximo;;;-;;DOLAR DOS EUA;;SIM;;;;;COE
ACOES INTERNACIONAIS;SPCX UW;BLOOMBERG;SPCX UW Mínimo;;;-;;DOLAR DOS EUA;;SIM;;;;;COE
ACOES INTERNACIONAIS;SPOT UN;REUTERS;SPOT UN;;;-;;DOLAR DOS EUA;;SIM;;;;;COE
ACOES INTERNACIONAIS;SPOT UN;REUTERS;SPOT UN Mínimo;;;-;;DOLAR DOS EUA;;SIM;;;;;OPC
ACOES INTERNACIONAIS;SPOT UN;REUTERS;SPOT UN Mínimo;;;-;;DOLAR DOS EUA;;SIM;;;;;COE
ACOES INTERNACIONAIS;SPOT UN;REUTERS;SPOT UN Máximo;;;-;;DOLAR DOS EUA;;SIM;;;;;OPC
ACOES INTERNACIONAIS;SPOT UN;REUTERS;SPOT UN;;;-;;DOLAR DOS EUA;;SIM;;;;;OPC
ACOES INTERNACIONAIS;SPOT UN;REUTERS;SPOT UN Máximo;;;-;;DOLAR DOS EUA;;SIM;;;;;COE
ACOES INTERNACIONAIS;SPOT UN_43;REUTERS;SPOT UN_43;;;-;;DOLAR DOS EUA;;NÃO;;;;;OPC
ACOES INTERNACIONAIS;SPOT UN_43;REUTERS;SPOT UN_43;;;-;;DOLAR DOS EUA;;NÃO;;;;;COE
ACOES INTERNACIONAIS;SPOT US;REUTERS;SPOT US Mínimo;;;-;;DOLAR DOS EUA;;SIM;;;;;OPC
ACOES INTERNACIONAIS;SPOT US;REUTERS;SPOT US Máximo;;;-;;DOLAR DOS EUA;;SIM;;;;;COE
ACOES INTERNACIONAIS;SPOT US;REUTERS;SPOT US Máximo;;;-;;DOLAR DOS EUA;;SIM;;;;;OPC
ACOES INTERNACIONAIS;SPOT US;REUTERS;SPOT US;;;-;;DOLAR DOS EUA;;SIM;;;;;COE
ACOES INTERNACIONAIS;SPOT US;REUTERS;SPOT US;;;-;;DOLAR DOS EUA;;SIM;;;;;OPC
ACOES INTERNACIONAIS;SPOT US;REUTERS;SPOT US Mínimo;;;-;;DOLAR DOS EUA;;SIM;;;;;COE
ACOES INTERNACIONAIS;SQ UN;REUTERS;SQ UN Mínimo;;;-;;DOLAR DOS EUA;;SIM;;;;;OPC
ACOES INTERNACIONAIS;SQ UN;REUTERS;SQ UN Mínimo;;;-;;DOLAR DOS EUA;;SIM;;;;;COE
ACOES INTERNACIONAIS;SQ UN;REUTERS;SQ UN Máximo;;;-;;DOLAR DOS EUA;;SIM;;;;;COE
ACOES INTERNACIONAIS;SQ UN;REUTERS;SQ UN;;;-;;DOLAR DOS EUA;;SIM;;;;;COE
ACOES INTERNACIONAIS;SQ UN;REUTERS;SQ UN Máximo;;;-;;DOLAR DOS EUA;;SIM;;;;;OPC
ACOES INTERNACIONAIS;SQ UN;REUTERS;SQ UN;;;-;;DOLAR DOS EUA;;SIM;;;;;OPC
ACOES INTERNACIONAIS;STNE US;REUTERS;STNE US;;;-;;DOLAR DOS EUA;;SIM;;;;;COE
ACOES INTERNACIONAIS;STNE US;REUTERS;STNE US Máximo;;;-;;DOLAR DOS EUA;;SIM;;;;;COE
ACOES INTERNACIONAIS;STNE US;REUTERS;STNE US Mínimo;;;-;;DOLAR DOS EUA;;SIM;;;;;COE
ACOES INTERNACIONAIS;STNE UW;REUTERS;STNE UW Máximo;;;-;;DOLAR DOS EUA;;SIM;;;;;OPC
ACOES INTERNACIONAIS;STNE UW;REUTERS;STNE UW Mínimo;;;-;;DOLAR DOS EUA;;SIM;;;;;COE
ACOES INTERNACIONAIS;STNE UW;REUTERS;STNE UW Mínimo;;;-;;DOLAR DOS EUA;;SIM;;;;;OPC
ACOES INTERNACIONAIS;STNE UW;REUTERS;STNE UW Máximo;;;-;;DOLAR DOS EUA;;SIM;;;;;COE
ACOES INTERNACIONAIS;STNE UW;REUTERS;STNE UW;;;-;;DOLAR DOS EUA;;SIM;;;;;OPC
ACOES INTERNACIONAIS;STNE UW;REUTERS;STNE UW;;;-;;DOLAR DOS EUA;;SIM;;;;;COE
ACOES INTERNACIONAIS;SU FP;REUTERS;SU FP Mínimo;;;-;;EURO/COM.EUROPEIA;;SIM;;;;;COE
ACOES INTERNACIONAIS;SU FP;REUTERS;SU FP;;;-;;EURO/COM.EUROPEIA;;SIM;;;;;OPC
ACOES INTERNACIONAIS;SU FP;REUTERS;SU FP Mínimo;;;-;;EURO/COM.EUROPEIA;;SIM;;;;;OPC
ACOES INTERNACIONAIS;SU FP;REUTERS;SU FP;;;-;;EURO/COM.EUROPEIA;;SIM;;;;;COE
ACOES INTERNACIONAIS;SU FP;REUTERS;SU FP Máximo;;;-;;EURO/COM.EUROPEIA;;SIM;;;;;OPC
ACOES INTERNACIONAIS;SU FP;REUTERS;SU FP Máximo;;;-;;EURO/COM.EUROPEIA;;SIM;;;;;COE
ACOES INTERNACIONAIS;SYNN VX;REUTERS;SYNN VX Mínimo;;;-;;FRANCO SUICO;;SIM;;;;;COE
ACOES INTERNACIONAIS;SYNN VX;REUTERS;SYNN VX Mínimo;;;-;;FRANCO SUICO;;SIM;;;;;OPC
ACOES INTERNACIONAIS;SYNN VX;REUTERS;SYNN VX MÁXIMO;;;-;;FRANCO SUICO;;SIM;;;;;OPC
ACOES INTERNACIONAIS;SYNN VX;REUTERS;SYNN VX;;;-;;FRANCO SUICO;;SIM;;;;;OPC
ACOES INTERNACIONAIS;SYNN VX;REUTERS;SYNN VX MÁXIMO;;;-;;FRANCO SUICO;;SIM;;;;;COE
ACOES INTERNACIONAIS;SYNN VX;REUTERS;SYNN VX;;;-;;FRANCO SUICO;;SIM;;;;;COE
ACOES INTERNACIONAIS;T UN;REUTERS;T UN;;;-;;DOLAR DOS EUA;;SIM;;;;;COE
ACOES INTERNACIONAIS;T UN;REUTERS;T UN;;;-;;DOLAR DOS EUA;;SIM;;;;;OPC
ACOES INTERNACIONAIS;T UN;REUTERS;T UN Mínimo;;;-;;DOLAR DOS EUA;;SIM;;;;;OPC
ACOES INTERNACIONAIS;T UN;REUTERS;T UN Máximo;;;-;;DOLAR DOS EUA;;SIM;;;;;OPC
ACOES INTERNACIONAIS;T UN;REUTERS;T UN Mínimo;;;-;;DOLAR DOS EUA;;SIM;;;;;COE
ACOES INTERNACIONAIS;T UN;REUTERS;T UN Máximo;;;-;;DOLAR DOS EUA;;SIM;;;;;COE
ACOES INTERNACIONAIS;TECK US;REUTERS;TECK US Máximo;;;-;;DOLAR DOS EUA;;SIM;;;;;COE
ACOES INTERNACIONAIS;TECK US;REUTERS;TECK US;;;-;;DOLAR DOS EUA;;SIM;;;;;COE
ACOES INTERNACIONAIS;TECK US;REUTERS;TECK US Mínimo;;;-;;DOLAR DOS EUA;;SIM;;;;;COE
ACOES INTERNACIONAIS;TEF SQ;REUTERS;TEF SQ;;;-;;EURO/COM.EUROPEIA;;SIM;;;;;OPC
ACOES INTERNACIONAIS;TEF SQ;REUTERS;TEF SQ Máximo;;;-;;EURO/COM.EUROPEIA;;SIM;;;;;COE
ACOES INTERNACIONAIS;TEF SQ;REUTERS;TEF SQ;;;-;;EURO/COM.EUROPEIA;;SIM;;;;;COE
ACOES INTERNACIONAIS;TEF SQ;REUTERS;TEF SQ Máximo;;;-;;EURO/COM.EUROPEIA;;SIM;;;;;OPC
ACOES INTERNACIONAIS;TEF SQ;REUTERS;TEF SQ Mínimo;;;-;;EURO/COM.EUROPEIA;;SIM;;;;;COE
ACOES INTERNACIONAIS;TEF SQ;REUTERS;TEF SQ Mínimo;;;-;;EURO/COM.EUROPEIA;;SIM;;;;;OPC
ACOES INTERNACIONAIS;TIP US NCL;BLOOMBERG;TIP US NCL FECHAMENTO;;;-;;DOLAR DOS EUA;;NÃO;;;;;COE
ACOES INTERNACIONAIS;TIP US NCL;BLOOMBERG;TIP US NCL MAXIMO;;;-;;DOLAR DOS EUA;;NÃO;;;;;COE
ACOES INTERNACIONAIS;TIP US NCL;BLOOMBERG;TIP US NCL MINIMO;;;-;;DOLAR DOS EUA;;NÃO;;;;;COE
ACOES INTERNACIONAIS;TKA GY;REUTERS;TKA GY;;;-;;EURO/COM.EUROPEIA;;SIM;;;;;COE
ACOES INTERNACIONAIS;TKA GY;REUTERS;TKA GY;;;-;;EURO/COM.EUROPEIA;;SIM;;;;;OPC
ACOES INTERNACIONAIS;TKA GY;REUTERS;TKA GY Mínimo;;;-;;EURO/COM.EUROPEIA;;SIM;;;;;OPC
ACOES INTERNACIONAIS;TKA GY;REUTERS;TKA GY Máximo;;;-;;EURO/COM.EUROPEIA;;SIM;;;;;OPC
ACOES INTERNACIONAIS;TKA GY;REUTERS;TKA GY Mínimo;;;-;;EURO/COM.EUROPEIA;;SIM;;;;;COE
ACOES INTERNACIONAIS;TKA GY;REUTERS;TKA GY Máximo;;;-;;EURO/COM.EUROPEIA;;SIM;;;;;COE
ACOES INTERNACIONAIS;TME UN;REUTERS;TME UN Mínimo;;;-;;DOLAR DOS EUA;;SIM;;;;;OPC
ACOES INTERNACIONAIS;TME UN;REUTERS;TME UN Máximo;;;-;;DOLAR DOS EUA;;SIM;;;;;COE
ACOES INTERNACIONAIS;TME UN;REUTERS;TME UN Mínimo;;;-;;DOLAR DOS EUA;;SIM;;;;;COE
ACOES INTERNACIONAIS;TME UN;REUTERS;TME UN;;;-;;DOLAR DOS EUA;;SIM;;;;;OPC
ACOES INTERNACIONAIS;TME UN;REUTERS;TME UN;;;-;;DOLAR DOS EUA;;SIM;;;;;COE
ACOES INTERNACIONAIS;TME UN;REUTERS;TME UN Máximo;;;-;;DOLAR DOS EUA;;SIM;;;;;OPC
ACOES INTERNACIONAIS;TMO UN;BLOOMBERG;TMO UN Mínimo;;;-;;DOLAR DOS EUA;;SIM;;;;;COE
ACOES INTERNACIONAIS;TMO UN;BLOOMBERG;TMO UN;;;-;;DOLAR DOS EUA;;SIM;;;;;COE
ACOES INTERNACIONAIS;TMO UN;BLOOMBERG;TMO UN Máximo;;;-;;DOLAR DOS EUA;;SIM;;;;;COE
ACOES INTERNACIONAIS;TMUS US;REUTERS;TMUS US Mínimo;;;-;;DOLAR DOS EUA;;SIM;;;;;OPC
ACOES INTERNACIONAIS;TMUS US;REUTERS;TMUS US Mínimo;;;-;;DOLAR DOS EUA;;SIM;;;;;COE
ACOES INTERNACIONAIS;TMUS US;REUTERS;TMUS US;;;-;;DOLAR DOS EUA;;SIM;;;;;OPC
ACOES INTERNACIONAIS;TMUS US;REUTERS;TMUS US;;;-;;DOLAR DOS EUA;;SIM;;;;;COE
ACOES INTERNACIONAIS;TMUS US;REUTERS;TMUS US Máximo;;;-;;DOLAR DOS EUA;;SIM;;;;;OPC
ACOES INTERNACIONAIS;TMUS US;REUTERS;TMUS US Máximo;;;-;;DOLAR DOS EUA;;SIM;;;;;COE
ACOES INTERNACIONAIS;TPX;REUTERS;TPX US;;;-;;DOLAR DOS EUA;;SIM;;;;;COE
ACOES INTERNACIONAIS;TPX;REUTERS;TPX US;;;-;;DOLAR DOS EUA;;SIM;;;;;OPC
ACOES INTERNACIONAIS;TPX;REUTERS;TPX US Minimo;;;-;;DOLAR DOS EUA;;SIM;;;;;OPC
ACOES INTERNACIONAIS;TPX;REUTERS;TPX US Maximo;;;-;;DOLAR DOS EUA;;SIM;;;;;OPC
ACOES INTERNACIONAIS;TPX;REUTERS;TPX US Minimo;;;-;;DOLAR DOS EUA;;SIM;;;;;COE
ACOES INTERNACIONAIS;TPX;REUTERS;TPX US Maximo;;;-;;DOLAR DOS EUA;;SIM;;;;;COE
ACOES INTERNACIONAIS;TRIP US;REUTERS;TRIP US;;;-;;DOLAR DOS EUA;;SIM;;;;;COE
ACOES INTERNACIONAIS;TRIP US;REUTERS;TRIP US;;;-;;DOLAR DOS EUA;;SIM;;;;;OPC
ACOES INTERNACIONAIS;TRIP US;REUTERS;TRIP US Máximo;;;-;;DOLAR DOS EUA;;SIM;;;;;COE
ACOES INTERNACIONAIS;TRIP US;REUTERS;TRIP US Máximo;;;-;;DOLAR DOS EUA;;SIM;;;;;OPC
ACOES INTERNACIONAIS;TRIP US;REUTERS;TRIP US Mínimo;;;-;;DOLAR DOS EUA;;SIM;;;;;COE
ACOES INTERNACIONAIS;TRIP US;REUTERS;TRIP US Mínimo;;;-;;DOLAR DOS EUA;;SIM;;;;;OPC
ACOES INTERNACIONAIS;TRIP UW;REUTERS;TRIP UW;;;-;;DOLAR DOS EUA;;SIM;;;;;COE
ACOES INTERNACIONAIS;TRIP UW;REUTERS;TRIP UW;;;-;;DOLAR DOS EUA;;SIM;;;;;OPC
ACOES INTERNACIONAIS;TRIP UW;REUTERS;TRIP UW Máximo;;;-;;DOLAR DOS EUA;;SIM;;;;;COE
ACOES INTERNACIONAIS;TRIP UW;REUTERS;TRIP UW Máximo;;;-;;DOLAR DOS EUA;;SIM;;;;;OPC
ACOES INTERNACIONAIS;TRIP UW;REUTERS;TRIP UW Mínimo;;;-;;DOLAR DOS EUA;;SIM;;;;;COE
ACOES INTERNACIONAIS;TRIP UW;REUTERS;TRIP UW Mínimo;;;-;;DOLAR DOS EUA;;SIM;;;;;OPC
ACOES INTERNACIONAIS;TSLA US;REUTERS;TSLA US Mínimo;;;-;;DOLAR DOS EUA;;SIM;;;;;COE
ACOES INTERNACIONAIS;TSLA US;REUTERS;TSLA US Máximo;;;-;;DOLAR DOS EUA;;SIM;;;;;OPC
ACOES INTERNACIONAIS;TSLA US;REUTERS;TSLA US;;;-;;DOLAR DOS EUA;;SIM;;;;;COE
ACOES INTERNACIONAIS;TSLA US;REUTERS;TSLA US;;;-;;DOLAR DOS EUA;;SIM;;;;;OPC
ACOES INTERNACIONAIS;TSLA US;REUTERS;TSLA US Máximo;;;-;;DOLAR DOS EUA;;SIM;;;;;COE
ACOES INTERNACIONAIS;TSLA US;REUTERS;TSLA US Mínimo;;;-;;DOLAR DOS EUA;;SIM;;;;;OPC
ACOES INTERNACIONAIS;TSLA UW;REUTERS;TSLA UW;;;-;;DOLAR DOS EUA;;SIM;;;;;OPC
ACOES INTERNACIONAIS;TSLA UW;REUTERS;TSLA UW Máximo;;;-;;DOLAR DOS EUA;;SIM;;;;;COE
ACOES INTERNACIONAIS;TSLA UW;REUTERS;TSLA UW Máximo;;;-;;DOLAR DOS EUA;;SIM;;;;;OPC
ACOES INTERNACIONAIS;TSLA UW;REUTERS;TSLA UW Mínimo;;;-;;DOLAR DOS EUA;;SIM;;;;;COE
ACOES INTERNACIONAIS;TSLA UW;REUTERS;TSLA UW Mínimo;;;-;;DOLAR DOS EUA;;SIM;;;;;OPC
ACOES INTERNACIONAIS;TSLA UW;REUTERS;TSLA UW;;;-;;DOLAR DOS EUA;;SIM;;;;;COE
ACOES INTERNACIONAIS;TSM UN;BLOOMBERG;TSM UN Máximo;;;-;;DOLAR DOS EUA;;SIM;;;;;COE
ACOES INTERNACIONAIS;TSM UN;BLOOMBERG;TSM UN;;;-;;DOLAR DOS EUA;;SIM;;;;;COE
ACOES INTERNACIONAIS;TSM UN;BLOOMBERG;TSM UN Mínimo;;;-;;DOLAR DOS EUA;;SIM;;;;;COE
ACOES INTERNACIONAIS;TSM US;BLOOMBERG;TSM US Mínimo;;;-;;DOLAR DOS EUA;;SIM;;;;;OPC
ACOES INTERNACIONAIS;TSM US;BLOOMBERG;TSM US;;;-;;DOLAR DOS EUA;;SIM;;;;;OPC
ACOES INTERNACIONAIS;TSM US;BLOOMBERG;TSM US Máximo;;;-;;DOLAR DOS EUA;;SIM;;;;;OPC
ACOES INTERNACIONAIS;TSM US;BLOOMBERG;TSM US Mínimo;;;-;;DOLAR DOS EUA;;SIM;;;;;COE
ACOES INTERNACIONAIS;TSM US;BLOOMBERG;TSM US Máximo;;;-;;DOLAR DOS EUA;;SIM;;;;;COE
ACOES INTERNACIONAIS;TSM US;BLOOMBERG;TSM US;;;-;;DOLAR DOS EUA;;SIM;;;;;COE
ACOES INTERNACIONAIS;TTWO UW;BLOOMBERG;TTWO UW;;;-;;DOLAR DOS EUA;;SIM;;;;;COE
ACOES INTERNACIONAIS;TTWO UW;BLOOMBERG;TTWO UW Máximo;;;-;;DOLAR DOS EUA;;SIM;;;;;COE
ACOES INTERNACIONAIS;TTWO UW;BLOOMBERG;TTWO UW Mínimo;;;-;;DOLAR DOS EUA;;SIM;;;;;COE
ACOES INTERNACIONAIS;TTWO UW_43;REUTERS;TTWO UW_43;;;-;;DOLAR DOS EUA;;NÃO;;;;;COE
ACOES INTERNACIONAIS;TTWO UW_43;REUTERS;TTWO UW_43;;;-;;DOLAR DOS EUA;;NÃO;;;;;OPC
ACOES INTERNACIONAIS;TWTR UN;REUTERS;TWTR UN Mínimo;;;-;;DOLAR DOS EUA;;SIM;;;;;OPC
ACOES INTERNACIONAIS;TWTR UN;REUTERS;TWTR UN Máximo;;;-;;DOLAR DOS EUA;;SIM;;;;;COE
ACOES INTERNACIONAIS;TWTR UN;REUTERS;TWTR UN Máximo;;;-;;DOLAR DOS EUA;;SIM;;;;;OPC
ACOES INTERNACIONAIS;TWTR UN;REUTERS;TWTR UN;;;-;;DOLAR DOS EUA;;SIM;;;;;COE
ACOES INTERNACIONAIS;TWTR UN;REUTERS;TWTR UN;;;-;;DOLAR DOS EUA;;SIM;;;;;OPC
ACOES INTERNACIONAIS;TWTR UN;REUTERS;TWTR UN Mínimo;;;-;;DOLAR DOS EUA;;SIM;;;;;COE
ACOES INTERNACIONAIS;U UP;REUTERS;U UP Mínimo;;;-;;DOLAR DOS EUA;;SIM;;;;;COE
ACOES INTERNACIONAIS;U UP;REUTERS;U UP Máximo;;;-;;DOLAR DOS EUA;;SIM;;;;;OPC
ACOES INTERNACIONAIS;U UP;REUTERS;U UP Máximo;;;-;;DOLAR DOS EUA;;SIM;;;;;COE
ACOES INTERNACIONAIS;U UP;REUTERS;U UP;;;-;;DOLAR DOS EUA;;SIM;;;;;OPC
ACOES INTERNACIONAIS;U UP;REUTERS;U UP;;;-;;DOLAR DOS EUA;;SIM;;;;;COE
ACOES INTERNACIONAIS;U UP;REUTERS;U UP Mínimo;;;-;;DOLAR DOS EUA;;SIM;;;;;OPC
ACOES INTERNACIONAIS;UA UN;REUTERS;UA UN;;;-;;DOLAR DOS EUA;;SIM;;;;;OPC
ACOES INTERNACIONAIS;UA UN;REUTERS;UA UN Máximo;;;-;;DOLAR DOS EUA;;SIM;;;;;COE
ACOES INTERNACIONAIS;UA UN;REUTERS;UA UN Máximo;;;-;;DOLAR DOS EUA;;SIM;;;;;OPC
ACOES INTERNACIONAIS;UA UN;REUTERS;UA UN Mínimo;;;-;;DOLAR DOS EUA;;SIM;;;;;COE
ACOES INTERNACIONAIS;UA UN;REUTERS;UA UN;;;-;;DOLAR DOS EUA;;SIM;;;;;COE
ACOES INTERNACIONAIS;UA UN;REUTERS;UA UN Mínimo;;;-;;DOLAR DOS EUA;;SIM;;;;;OPC
ACOES INTERNACIONAIS;UAA UN;REUTERS;UAA UN Mínimo;;;-;;DOLAR DOS EUA;;SIM;;;;;OPC
ACOES INTERNACIONAIS;UAA UN;REUTERS;UAA UN Máximo;;;-;;DOLAR DOS EUA;;SIM;;;;;COE
ACOES INTERNACIONAIS;UAA UN;REUTERS;UAA UN Máximo;;;-;;DOLAR DOS EUA;;SIM;;;;;OPC
ACOES INTERNACIONAIS;UAA UN;REUTERS;UAA UN Mínimo;;;-;;DOLAR DOS EUA;;SIM;;;;;COE
ACOES INTERNACIONAIS;UAA UN;REUTERS;UAA UN;;;-;;DOLAR DOS EUA;;SIM;;;;;OPC
ACOES INTERNACIONAIS;UAA UN;REUTERS;UAA UN;;;-;;DOLAR DOS EUA;;SIM;;;;;COE
ACOES INTERNACIONAIS;UAA US;REUTERS;UAA US Mínimo;;;-;;DOLAR DOS EUA;;SIM;;;;;OPC
ACOES INTERNACIONAIS;UAA US;REUTERS;UAA US;;;-;;DOLAR DOS EUA;;SIM;;;;;COE
ACOES INTERNACIONAIS;UAA US;REUTERS;UAA US;;;-;;DOLAR DOS EUA;;SIM;;;;;OPC
ACOES INTERNACIONAIS;UAA US;REUTERS;UAA US Máximo;;;-;;DOLAR DOS EUA;;SIM;;;;;COE
ACOES INTERNACIONAIS;UAA US;REUTERS;UAA US Máximo;;;-;;DOLAR DOS EUA;;SIM;;;;;OPC
ACOES INTERNACIONAIS;UAA US;REUTERS;UAA US Mínimo;;;-;;DOLAR DOS EUA;;SIM;;;;;COE
ACOES INTERNACIONAIS;UBER UN;REUTERS;UBER UN Mínimo;;;-;;DOLAR DOS EUA;;SIM;;;;;OPC
ACOES INTERNACIONAIS;UBER UN;REUTERS;UBER UN Mínimo;;;-;;DOLAR DOS EUA;;SIM;;;;;COE
ACOES INTERNACIONAIS;UBER UN;REUTERS;UBER UN Máximo;;;-;;DOLAR DOS EUA;;SIM;;;;;OPC
ACOES INTERNACIONAIS;UBER UN;REUTERS;UBER UN Máximo;;;-;;DOLAR DOS EUA;;SIM;;;;;COE
ACOES INTERNACIONAIS;UBER UN;REUTERS;UBER UN;;;-;;DOLAR DOS EUA;;SIM;;;;;COE
ACOES INTERNACIONAIS;UBER UN;REUTERS;UBER UN;;;-;;DOLAR DOS EUA;;SIM;;;;;OPC
ACOES INTERNACIONAIS;UBI FP;REUTERS;UBI FP Mínimo;;;-;;EURO/COM.EUROPEIA;;SIM;;;;;OPC
ACOES INTERNACIONAIS;UBI FP;REUTERS;UBI FP;;;-;;EURO/COM.EUROPEIA;;SIM;;;;;COE
ACOES INTERNACIONAIS;UBI FP;REUTERS;UBI FP;;;-;;EURO/COM.EUROPEIA;;SIM;;;;;OPC
ACOES INTERNACIONAIS;UBI FP;REUTERS;UBI FP Máximo;;;-;;EURO/COM.EUROPEIA;;SIM;;;;;COE
ACOES INTERNACIONAIS;UBI FP;REUTERS;UBI FP Máximo;;;-;;EURO/COM.EUROPEIA;;SIM;;;;;OPC
ACOES INTERNACIONAIS;UBI FP;REUTERS;UBI FP Mínimo;;;-;;EURO/COM.EUROPEIA;;SIM;;;;;COE
ACOES INTERNACIONAIS;UBSG SE;REUTERS;UBSG SE Maximo;;;-;;FRANCO SUICO;;SIM;;;;;OPC
ACOES INTERNACIONAIS;UBSG SE;REUTERS;UBSG SE;;;-;;FRANCO SUICO;;SIM;;;;;COE
ACOES INTERNACIONAIS;UBSG SE;REUTERS;UBSG SE;;;-;;FRANCO SUICO;;SIM;;;;;OPC
ACOES INTERNACIONAIS;UBSG SE;REUTERS;UBSG SE Maximo;;;-;;FRANCO SUICO;;SIM;;;;;COE
ACOES INTERNACIONAIS;UBSG SE;REUTERS;UBSG SE Minimo;;;-;;FRANCO SUICO;;SIM;;;;;OPC
ACOES INTERNACIONAIS;UBSG SE;REUTERS;UBSG SE Minimo;;;-;;FRANCO SUICO;;SIM;;;;;COE
ACOES INTERNACIONAIS;UL UN;REUTERS;UL UN Mínimo;;;-;;DOLAR DOS EUA;;SIM;;;;;OPC
ACOES INTERNACIONAIS;UL UN;REUTERS;UL UN;;;-;;DOLAR DOS EUA;;SIM;;;;;COE
ACOES INTERNACIONAIS;UL UN;REUTERS;UL UN;;;-;;DOLAR DOS EUA;;SIM;;;;;OPC
ACOES INTERNACIONAIS;UL UN;REUTERS;UL UN Máximo;;;-;;DOLAR DOS EUA;;SIM;;;;;COE
ACOES INTERNACIONAIS;UL UN;REUTERS;UL UN Máximo;;;-;;DOLAR DOS EUA;;SIM;;;;;OPC
ACOES INTERNACIONAIS;UL UN;REUTERS;UL UN Mínimo;;;-;;DOLAR DOS EUA;;SIM;;;;;COE
ACOES INTERNACIONAIS;UL US;REUTERS;UL US Mínimo;;;-;;DOLAR DOS EUA;;SIM;;;;;COE
ACOES INTERNACIONAIS;UL US;REUTERS;UL US Máximo;;;-;;DOLAR DOS EUA;;SIM;;;;;OPC
ACOES INTERNACIONAIS;UL US;REUTERS;UL US Mínimo;;;-;;DOLAR DOS EUA;;SIM;;;;;OPC
ACOES INTERNACIONAIS;UL US;REUTERS;UL US;;;-;;DOLAR DOS EUA;;SIM;;;;;OPC
ACOES INTERNACIONAIS;UL US;REUTERS;UL US;;;-;;DOLAR DOS EUA;;SIM;;;;;COE
ACOES INTERNACIONAIS;UL US;REUTERS;UL US Máximo;;;-;;DOLAR DOS EUA;;SIM;;;;;COE
ACOES INTERNACIONAIS;UMG NA;BLOOMBERG;UMG NA Mínimo;;;-;;EURO/COM.EUROPEIA;;SIM;;;;;COE
ACOES INTERNACIONAIS;UMG NA;BLOOMBERG;UMG NA Máximo;;;-;;EURO/COM.EUROPEIA;;SIM;;;;;COE
ACOES INTERNACIONAIS;UMG NA;BLOOMBERG;UMG NA;;;-;;EURO/COM.EUROPEIA;;SIM;;;;;COE
ACOES INTERNACIONAIS;UNA NA;REUTERS;UNA NA Máximo;;;-;;EURO/COM.EUROPEIA;;SIM;;;;;OPC
ACOES INTERNACIONAIS;UNA NA;REUTERS;UNA NA Máximo;;;-;;EURO/COM.EUROPEIA;;SIM;;;;;COE
ACOES INTERNACIONAIS;UNA NA;REUTERS;UNA NA Mínimo;;;-;;EURO/COM.EUROPEIA;;SIM;;;;;OPC
ACOES INTERNACIONAIS;UNA NA;REUTERS;UNA NA Mínimo;;;-;;EURO/COM.EUROPEIA;;SIM;;;;;COE
ACOES INTERNACIONAIS;UNA NA;REUTERS;UNA NA;;;-;;EURO/COM.EUROPEIA;;SIM;;;;;COE
ACOES INTERNACIONAIS;UNA NA;REUTERS;UNA NA;;;-;;EURO/COM.EUROPEIA;;SIM;;;;;OPC
ACOES INTERNACIONAIS;V UN;REUTERS;V UN;;;-;;DOLAR DOS EUA;;SIM;;;;;COE
ACOES INTERNACIONAIS;V UN;REUTERS;V UN Minimo;;;-;;DOLAR DOS EUA;;SIM;;;;;OPC
ACOES INTERNACIONAIS;V UN;REUTERS;V UN Minimo;;;-;;DOLAR DOS EUA;;SIM;;;;;COE
ACOES INTERNACIONAIS;V UN;REUTERS;V UN;;;-;;DOLAR DOS EUA;;SIM;;;;;OPC
ACOES INTERNACIONAIS;V UN;REUTERS;V UN Maximo;;;-;;DOLAR DOS EUA;;SIM;;;;;COE
ACOES INTERNACIONAIS;V UN;REUTERS;V UN Maximo;;;-;;DOLAR DOS EUA;;SIM;;;;;OPC
ACOES INTERNACIONAIS;V US;REUTERS;V US Mínimo;;;-;;DOLAR DOS EUA;;SIM;;;;;COE
ACOES INTERNACIONAIS;V US;REUTERS;V US Máximo;;;-;;DOLAR DOS EUA;;SIM;;;;;OPC
ACOES INTERNACIONAIS;V US;REUTERS;V US Máximo;;;-;;DOLAR DOS EUA;;SIM;;;;;COE
ACOES INTERNACIONAIS;V US;REUTERS;V US Mínimo;;;-;;DOLAR DOS EUA;;SIM;;;;;OPC
ACOES INTERNACIONAIS;V US;REUTERS;V US;;;-;;DOLAR DOS EUA;;SIM;;;;;COE
ACOES INTERNACIONAIS;V US;REUTERS;V US;;;-;;DOLAR DOS EUA;;SIM;;;;;OPC
ACOES INTERNACIONAIS;VALE UN;REUTERS;VALE UN Mínimo;;;-;;DOLAR DOS EUA;;SIM;;;;;OPC
ACOES INTERNACIONAIS;VALE UN;REUTERS;VALE UN Máximo;;;-;;DOLAR DOS EUA;;SIM;;;;;COE
ACOES INTERNACIONAIS;VALE UN;REUTERS;VALE UN Máximo;;;-;;DOLAR DOS EUA;;SIM;;;;;OPC
ACOES INTERNACIONAIS;VALE UN;REUTERS;VALE UN Mínimo;;;-;;DOLAR DOS EUA;;SIM;;;;;COE
ACOES INTERNACIONAIS;VALE UN;REUTERS;VALE UN;;;-;;DOLAR DOS EUA;;SIM;;;;;OPC
ACOES INTERNACIONAIS;VALE UN;REUTERS;VALE UN;;;-;;DOLAR DOS EUA;;SIM;;;;;COE
ACOES INTERNACIONAIS;VALE US;REUTERS;VALE US;;;-;;DOLAR DOS EUA;;SIM;;;;;COE
ACOES INTERNACIONAIS;VALE US;REUTERS;VALE US;;;-;;DOLAR DOS EUA;;SIM;;;;;OPC
ACOES INTERNACIONAIS;VALE US;REUTERS;VALE US Máximo;;;-;;DOLAR DOS EUA;;SIM;;;;;COE
ACOES INTERNACIONAIS;VALE US;REUTERS;VALE US Máximo;;;-;;DOLAR DOS EUA;;SIM;;;;;OPC
ACOES INTERNACIONAIS;VALE US;REUTERS;VALE US Mínimo;;;-;;DOLAR DOS EUA;;SIM;;;;;COE
ACOES INTERNACIONAIS;VALE US;REUTERS;VALE US Mínimo;;;-;;DOLAR DOS EUA;;SIM;;;;;OPC
ACOES INTERNACIONAIS;VIV FP;REUTERS;VIV FP;;;-;;EURO/COM.EUROPEIA;;SIM;;;;;COE
ACOES INTERNACIONAIS;VIV FP;REUTERS;VIV FP;;;-;;EURO/COM.EUROPEIA;;SIM;;;;;OPC
ACOES INTERNACIONAIS;VIV FP;REUTERS;VIV FP Máximo;;;-;;EURO/COM.EUROPEIA;;SIM;;;;;COE
ACOES INTERNACIONAIS;VIV FP;REUTERS;VIV FP Mínimo;;;-;;EURO/COM.EUROPEIA;;SIM;;;;;COE
ACOES INTERNACIONAIS;VIV FP;REUTERS;VIV FP Mínimo;;;-;;EURO/COM.EUROPEIA;;SIM;;;;;OPC
ACOES INTERNACIONAIS;VIV FP;REUTERS;VIV FP Máximo;;;-;;EURO/COM.EUROPEIA;;SIM;;;;;OPC
ACOES INTERNACIONAIS;VIV FP_PA;REUTERS;VIV FP_PA;;;-;;EURO/COM.EUROPEIA;;NÃO;;;;;COE
ACOES INTERNACIONAIS;VIV FP_PA;REUTERS;VIV FP_PA;;;-;;EURO/COM.EUROPEIA;;NÃO;;;;;OPC
ACOES INTERNACIONAIS;VLO US;REUTERS;VLO US Mínimo;;;-;;DOLAR DOS EUA;;SIM;;;;;COE
ACOES INTERNACIONAIS;VLO US;REUTERS;VLO US Mínimo;;;-;;DOLAR DOS EUA;;SIM;;;;;OPC
ACOES INTERNACIONAIS;VLO US;REUTERS;VLO US Máximo;;;-;;DOLAR DOS EUA;;SIM;;;;;OPC
ACOES INTERNACIONAIS;VLO US;REUTERS;VLO US Máximo;;;-;;DOLAR DOS EUA;;SIM;;;;;COE
ACOES INTERNACIONAIS;VLO US;REUTERS;VLO US;;;-;;DOLAR DOS EUA;;SIM;;;;;OPC
ACOES INTERNACIONAIS;VLO US;REUTERS;VLO US;;;-;;DOLAR DOS EUA;;SIM;;;;;COE
ACOES INTERNACIONAIS;VOD UN;REUTERS;VOD UN Mínimo;;;-;;DOLAR DOS EUA;;SIM;;;;;OPC
ACOES INTERNACIONAIS;VOD UN;REUTERS;VOD UN Mínimo;;;-;;DOLAR DOS EUA;;SIM;;;;;COE
ACOES INTERNACIONAIS;VOD UN;REUTERS;VOD UN Máximo;;;-;;DOLAR DOS EUA;;SIM;;;;;OPC
ACOES INTERNACIONAIS;VOD UN;REUTERS;VOD UN Máximo;;;-;;DOLAR DOS EUA;;SIM;;;;;COE
ACOES INTERNACIONAIS;VOD UN;REUTERS;VOD UN;;;-;;DOLAR DOS EUA;;SIM;;;;;OPC
ACOES INTERNACIONAIS;VOD UN;REUTERS;VOD UN;;;-;;DOLAR DOS EUA;;SIM;;;;;COE
ACOES INTERNACIONAIS;VOW3 GY;REUTERS;VOW3 GY Mínimo;;;-;;EURO/COM.EUROPEIA;;SIM;;;;;COE
ACOES INTERNACIONAIS;VOW3 GY;REUTERS;VOW3 GY Mínimo;;;-;;EURO/COM.EUROPEIA;;SIM;;;;;OPC
ACOES INTERNACIONAIS;VOW3 GY;REUTERS;VOW3 GY Máximo;;;-;;EURO/COM.EUROPEIA;;SIM;;;;;OPC
ACOES INTERNACIONAIS;VOW3 GY;REUTERS;VOW3 GY Máximo;;;-;;EURO/COM.EUROPEIA;;SIM;;;;;COE
ACOES INTERNACIONAIS;VOW3 GY;REUTERS;VOW3 GY;;;-;;EURO/COM.EUROPEIA;;SIM;;;;;OPC
ACOES INTERNACIONAIS;VOW3 GY;REUTERS;VOW3 GY;;;-;;EURO/COM.EUROPEIA;;SIM;;;;;COE
ACOES INTERNACIONAIS;VRTX US;REUTERS;VRTX US Mínimo;;;-;;DOLAR DOS EUA;;SIM;;;;;OPC
ACOES INTERNACIONAIS;VRTX US;REUTERS;VRTX US Máximo;;;-;;DOLAR DOS EUA;;SIM;;;;;OPC
ACOES INTERNACIONAIS;VRTX US;REUTERS;VRTX US Máximo;;;-;;DOLAR DOS EUA;;SIM;;;;;COE
ACOES INTERNACIONAIS;VRTX US;REUTERS;VRTX US;;;-;;DOLAR DOS EUA;;SIM;;;;;OPC
ACOES INTERNACIONAIS;VRTX US;REUTERS;VRTX US;;;-;;DOLAR DOS EUA;;SIM;;;;;COE
ACOES INTERNACIONAIS;VRTX US;REUTERS;VRTX US Mínimo;;;-;;DOLAR DOS EUA;;SIM;;;;;COE
ACOES INTERNACIONAIS;VRTX UW;REUTERS;VRTX UW;;;-;;DOLAR DOS EUA;;SIM;;;;;OPC
ACOES INTERNACIONAIS;VRTX UW;REUTERS;VRTX UW Máximo;;;-;;DOLAR DOS EUA;;SIM;;;;;COE
ACOES INTERNACIONAIS;VRTX UW;REUTERS;VRTX UW Máximo;;;-;;DOLAR DOS EUA;;SIM;;;;;OPC
ACOES INTERNACIONAIS;VRTX UW;REUTERS;VRTX UW Mínimo;;;-;;DOLAR DOS EUA;;SIM;;;;;OPC
ACOES INTERNACIONAIS;VRTX UW;REUTERS;VRTX UW Mínimo;;;-;;DOLAR DOS EUA;;SIM;;;;;COE
ACOES INTERNACIONAIS;VRTX UW;REUTERS;VRTX UW;;;-;;DOLAR DOS EUA;;SIM;;;;;COE
ACOES INTERNACIONAIS;WFC UP;REUTERS;WFC UP;;;-;;DOLAR DOS EUA;;SIM;;;;;OPC
ACOES INTERNACIONAIS;WFC UP;REUTERS;WFC UP Mínimo;;;-;;DOLAR DOS EUA;;SIM;;;;;COE
ACOES INTERNACIONAIS;WFC UP;REUTERS;WFC UP Máximo;;;-;;DOLAR DOS EUA;;SIM;;;;;OPC
ACOES INTERNACIONAIS;WFC UP;REUTERS;WFC UP;;;-;;DOLAR DOS EUA;;SIM;;;;;COE
ACOES INTERNACIONAIS;WFC UP;REUTERS;WFC UP Mínimo;;;-;;DOLAR DOS EUA;;SIM;;;;;OPC
ACOES INTERNACIONAIS;WFC UP;REUTERS;WFC UP Máximo;;;-;;DOLAR DOS EUA;;SIM;;;;;COE
ACOES INTERNACIONAIS;WFC US;NYSE;WFC US Máximo;;;-;;DOLAR DOS EUA;;SIM;;;;;COE
ACOES INTERNACIONAIS;WFC US;NYSE;WFC US;;;-;;DOLAR DOS EUA;;SIM;;;;;COE
ACOES INTERNACIONAIS;WFC US;NYSE;WFC US Mínimo;;;-;;DOLAR DOS EUA;;SIM;;;;;COE
ACOES INTERNACIONAIS;WMT UN;REUTERS;WMT UN Máximo;;;-;;DOLAR DOS EUA;;SIM;;;;;OPC
ACOES INTERNACIONAIS;WMT UN;REUTERS;WMT UN Máximo;;;-;;DOLAR DOS EUA;;SIM;;;;;COE
ACOES INTERNACIONAIS;WMT UN;REUTERS;WMT UN Mínimo;;;-;;DOLAR DOS EUA;;SIM;;;;;COE
ACOES INTERNACIONAIS;WMT UN;REUTERS;WMT UN;;;-;;DOLAR DOS EUA;;SIM;;;;;COE
ACOES INTERNACIONAIS;WMT UN;REUTERS;WMT UN;;;-;;DOLAR DOS EUA;;SIM;;;;;OPC
ACOES INTERNACIONAIS;WMT UN;REUTERS;WMT UN Mínimo;;;-;;DOLAR DOS EUA;;SIM;;;;;OPC
ACOES INTERNACIONAIS;WMT US;REUTERS;WMT US Mínimo;;;-;;DOLAR DOS EUA;;SIM;;;;;OPC
ACOES INTERNACIONAIS;WMT US;REUTERS;WMT US Máximo;;;-;;DOLAR DOS EUA;;SIM;;;;;OPC
ACOES INTERNACIONAIS;WMT US;REUTERS;WMT US Mínimo;;;-;;DOLAR DOS EUA;;SIM;;;;;COE
ACOES INTERNACIONAIS;WMT US;REUTERS;WMT US Máximo;;;-;;DOLAR DOS EUA;;SIM;;;;;COE
ACOES INTERNACIONAIS;WMT US;REUTERS;WMT US;;;-;;DOLAR DOS EUA;;SIM;;;;;OPC
ACOES INTERNACIONAIS;WMT US;REUTERS;WMT US;;;-;;DOLAR DOS EUA;;SIM;;;;;COE
ACOES INTERNACIONAIS;X UN;REUTERS;X UN;;;-;;DOLAR DOS EUA;;NÃO;;;;;COE
ACOES INTERNACIONAIS;X UN;REUTERS;X UN Mínimo;;;-;;DOLAR DOS EUA;;NÃO;;;;;COE
ACOES INTERNACIONAIS;X UN;REUTERS;X UN Máximo;;;-;;DOLAR DOS EUA;;NÃO;;;;;COE
ACOES INTERNACIONAIS;X UN;REUTERS;X UN Máximo;;;-;;DOLAR DOS EUA;;NÃO;;;;;OPC
ACOES INTERNACIONAIS;X UN;REUTERS;X UN;;;-;;DOLAR DOS EUA;;NÃO;;;;;OPC
ACOES INTERNACIONAIS;X UN;REUTERS;X UN Mínimo;;;-;;DOLAR DOS EUA;;NÃO;;;;;OPC
ACOES INTERNACIONAIS;XLK UP;REUTERS;XLK UP;;;-;;DOLAR DOS EUA;;SIM;;;;;OPC
ACOES INTERNACIONAIS;XLK UP;REUTERS;XLK UP;;;-;;DOLAR DOS EUA;;SIM;;;;;COE
ACOES INTERNACIONAIS;XLK UP;REUTERS;XLK UP Mínimo;;;-;;DOLAR DOS EUA;;SIM;;;;;COE
ACOES INTERNACIONAIS;XLK UP;REUTERS;XLK UP Mínimo;;;-;;DOLAR DOS EUA;;SIM;;;;;OPC
ACOES INTERNACIONAIS;XLK UP;REUTERS;XLK UP Máximo;;;-;;DOLAR DOS EUA;;SIM;;;;;COE
ACOES INTERNACIONAIS;XLK UP;REUTERS;XLK UP Máximo;;;-;;DOLAR DOS EUA;;SIM;;;;;OPC
ACOES INTERNACIONAIS;XLP UP;REUTERS;XLP UP;;;-;;DOLAR DOS EUA;;SIM;;;;;OPC
ACOES INTERNACIONAIS;XLP UP;REUTERS;XLP UP Máximo;;;-;;DOLAR DOS EUA;;SIM;;;;;OPC
ACOES INTERNACIONAIS;XLP UP;REUTERS;XLP UP Máximo;;;-;;DOLAR DOS EUA;;SIM;;;;;COE
ACOES INTERNACIONAIS;XLP UP;REUTERS;XLP UP Mínimo;;;-;;DOLAR DOS EUA;;SIM;;;;;OPC
ACOES INTERNACIONAIS;XLP UP;REUTERS;XLP UP Mínimo;;;-;;DOLAR DOS EUA;;SIM;;;;;COE
ACOES INTERNACIONAIS;XLP UP;REUTERS;XLP UP;;;-;;DOLAR DOS EUA;;SIM;;;;;COE
ACOES INTERNACIONAIS;XOM UN;REUTERS;XOM UN Máximo;;;-;;DOLAR DOS EUA;;SIM;;;;;COE
ACOES INTERNACIONAIS;XOM UN;REUTERS;XOM UN Mínimo;;;-;;DOLAR DOS EUA;;SIM;;;;;OPC
ACOES INTERNACIONAIS;XOM UN;REUTERS;XOM UN Mínimo;;;-;;DOLAR DOS EUA;;SIM;;;;;COE
ACOES INTERNACIONAIS;XOM UN;REUTERS;XOM UN;;;-;;DOLAR DOS EUA;;SIM;;;;;COE
ACOES INTERNACIONAIS;XOM UN;REUTERS;XOM UN;;;-;;DOLAR DOS EUA;;SIM;;;;;OPC
ACOES INTERNACIONAIS;XOM UN;REUTERS;XOM UN Máximo;;;-;;DOLAR DOS EUA;;SIM;;;;;OPC
ACOES INTERNACIONAIS;XOP UP;NYSE ARCA;XOP UP Mínimo;;;-;;DOLAR DOS EUA;;SIM;;;;;OPC
ACOES INTERNACIONAIS;XOP UP;NYSE ARCA;XOP UP Máximo;;;-;;DOLAR DOS EUA;;SIM;;;;;OPC
ACOES INTERNACIONAIS;XOP UP;NYSE ARCA;XOP UP Máximo;;;-;;DOLAR DOS EUA;;SIM;;;;;COE
ACOES INTERNACIONAIS;XOP UP;NYSE ARCA;XOP UP;;;-;;DOLAR DOS EUA;;SIM;;;;;OPC
ACOES INTERNACIONAIS;XOP UP;NYSE ARCA;XOP UP;;;-;;DOLAR DOS EUA;;SIM;;;;;COE
ACOES INTERNACIONAIS;XOP UP;NYSE ARCA;XOP UP Mínimo;;;-;;DOLAR DOS EUA;;SIM;;;;;COE
ACOES INTERNACIONAIS;XOP US;BLOOMBERG;XOP US Mínimo;;;-;;DOLAR DOS EUA;;SIM;;;;;OPC
ACOES INTERNACIONAIS;XOP US;BLOOMBERG;XOP US Mínimo;;;-;;DOLAR DOS EUA;;SIM;;;;;COE
ACOES INTERNACIONAIS;XOP US;BLOOMBERG;XOP US Máximo;;;-;;DOLAR DOS EUA;;SIM;;;;;OPC
ACOES INTERNACIONAIS;XOP US;BLOOMBERG;XOP US Máximo;;;-;;DOLAR DOS EUA;;SIM;;;;;COE
ACOES INTERNACIONAIS;XOP US;BLOOMBERG;XOP US;;;-;;DOLAR DOS EUA;;SIM;;;;;OPC
ACOES INTERNACIONAIS;XOP US;BLOOMBERG;XOP US;;;-;;DOLAR DOS EUA;;SIM;;;;;COE
ACOES INTERNACIONAIS;XP US;REUTERS;XP US Mínimo;;;-;;DOLAR DOS EUA;;SIM;;;;;COE
ACOES INTERNACIONAIS;XP US;REUTERS;XP US;;;-;;DOLAR DOS EUA;;SIM;;;;;COE
ACOES INTERNACIONAIS;XP US;REUTERS;XP US Mínimo;;;-;;DOLAR DOS EUA;;SIM;;;;;OPC
ACOES INTERNACIONAIS;XP US;REUTERS;XP US Máximo;;;-;;DOLAR DOS EUA;;SIM;;;;;COE
ACOES INTERNACIONAIS;XP US;REUTERS;XP US Máximo;;;-;;DOLAR DOS EUA;;SIM;;;;;OPC
ACOES INTERNACIONAIS;XP US;REUTERS;XP US;;;-;;DOLAR DOS EUA;;SIM;;;;;OPC
ACOES INTERNACIONAIS;XP UW;REUTERS;XP UW Mínimo;;;-;;DOLAR DOS EUA;;SIM;;;;;OPC
ACOES INTERNACIONAIS;XP UW;REUTERS;XP UW Mínimo;;;-;;DOLAR DOS EUA;;SIM;;;;;COE
ACOES INTERNACIONAIS;XP UW;REUTERS;XP UW Máximo;;;-;;DOLAR DOS EUA;;SIM;;;;;COE
ACOES INTERNACIONAIS;XP UW;REUTERS;XP UW;;;-;;DOLAR DOS EUA;;SIM;;;;;OPC
ACOES INTERNACIONAIS;XP UW;REUTERS;XP UW;;;-;;DOLAR DOS EUA;;SIM;;;;;COE
ACOES INTERNACIONAIS;XP UW;REUTERS;XP UW Máximo;;;-;;DOLAR DOS EUA;;SIM;;;;;OPC
ACOES INTERNACIONAIS;XRX US;REUTERS;XRX US;;;-;;DOLAR DOS EUA;;SIM;;;;;OPC
ACOES INTERNACIONAIS;XRX US;REUTERS;XRX US Mínimo;;;-;;DOLAR DOS EUA;;SIM;;;;;COE
ACOES INTERNACIONAIS;XRX US;REUTERS;XRX US Máximo;;;-;;DOLAR DOS EUA;;SIM;;;;;OPC
ACOES INTERNACIONAIS;XRX US;REUTERS;XRX US;;;-;;DOLAR DOS EUA;;SIM;;;;;COE
ACOES INTERNACIONAIS;XRX US;REUTERS;XRX US Mínimo;;;-;;DOLAR DOS EUA;;SIM;;;;;OPC
ACOES INTERNACIONAIS;XRX US;REUTERS;XRX US Máximo;;;-;;DOLAR DOS EUA;;SIM;;;;;COE
ACOES INTERNACIONAIS;XYZ UN;BLOOMBERG;XYZ UN;;;-;;DOLAR DOS EUA;;SIM;;;;;COE
ACOES INTERNACIONAIS;XYZ UN;BLOOMBERG;XYZ UN Máximo;;;-;;DOLAR DOS EUA;;SIM;;;;;COE
ACOES INTERNACIONAIS;XYZ UN;BLOOMBERG;XYZ UN Mínimo;;;-;;DOLAR DOS EUA;;SIM;;;;;COE
ACOES INTERNACIONAIS;YUMC UN;REUTERS;YUMC UN;;;-;;DOLAR DOS EUA;;SIM;;;;;OPC
ACOES INTERNACIONAIS;YUMC UN;REUTERS;YUMC UN;;;-;;DOLAR DOS EUA;;SIM;;;;;COE
ACOES INTERNACIONAIS;YUMC UN;REUTERS;YUMC UN Mínimo;;;-;;DOLAR DOS EUA;;SIM;;;;;COE
ACOES INTERNACIONAIS;YUMC UN;REUTERS;YUMC UN Máximo;;;-;;DOLAR DOS EUA;;SIM;;;;;COE
ACOES INTERNACIONAIS;YUMC UN;REUTERS;YUMC UN Mínimo;;;-;;DOLAR DOS EUA;;SIM;;;;;OPC
ACOES INTERNACIONAIS;YUMC UN;REUTERS;YUMC UN Máximo;;;-;;DOLAR DOS EUA;;SIM;;;;;OPC
ACOES INTERNACIONAIS;ZM US;REUTERS;ZM US;;;-;;DOLAR DOS EUA;;SIM;;;;;OPC
ACOES INTERNACIONAIS;ZM US;REUTERS;ZM US Máximo;;;-;;DOLAR DOS EUA;;SIM;;;;;COE
ACOES INTERNACIONAIS;ZM US;REUTERS;ZM US Máximo;;;-;;DOLAR DOS EUA;;SIM;;;;;OPC
ACOES INTERNACIONAIS;ZM US;REUTERS;ZM US Mínimo;;;-;;DOLAR DOS EUA;;SIM;;;;;COE
ACOES INTERNACIONAIS;ZM US;REUTERS;ZM US Mínimo;;;-;;DOLAR DOS EUA;;SIM;;;;;OPC
ACOES INTERNACIONAIS;ZM US;REUTERS;ZM US;;;-;;DOLAR DOS EUA;;SIM;;;;;COE
ACOES INTERNACIONAIS;ZM UW;REUTERS;ZM UW;;;-;;DOLAR DOS EUA;;SIM;;;;;COE
ACOES INTERNACIONAIS;ZM UW;REUTERS;ZM UW;;;-;;DOLAR DOS EUA;;SIM;;;;;OPC
ACOES INTERNACIONAIS;ZM UW;REUTERS;ZM UW Máximo;;;-;;DOLAR DOS EUA;;SIM;;;;;COE
ACOES INTERNACIONAIS;ZM UW;REUTERS;ZM UW Máximo;;;-;;DOLAR DOS EUA;;SIM;;;;;OPC
ACOES INTERNACIONAIS;ZM UW;REUTERS;ZM UW Mínimo;;;-;;DOLAR DOS EUA;;SIM;;;;;COE
ACOES INTERNACIONAIS;ZM UW;REUTERS;ZM UW Mínimo;;;-;;DOLAR DOS EUA;;SIM;;;;;OPC
ACOES INTERNACIONAIS;002050 C2;BLOOMBERG;002050 C2 Máximo;;;-;;IUAN RENMIMBI/CHI;;SIM;;;;;COE
ACOES INTERNACIONAIS;002050 C2;BLOOMBERG;002050 C2 Mínimo;;;-;;IUAN RENMIMBI/CHI;;SIM;;;;;COE
ACOES INTERNACIONAIS;002050 C2;BLOOMBERG;002050 C2;;;-;;IUAN RENMIMBI/CHI;;SIM;;;;;COE
ACOES INTERNACIONAIS;002472 C2;BLOOMBERG;002472 C2;;;-;;IUAN RENMIMBI/CHI;;SIM;;;;;COE
ACOES INTERNACIONAIS;002472 C2;BLOOMBERG;002472 C2 Mínimo;;;-;;IUAN RENMIMBI/CHI;;SIM;;;;;COE
ACOES INTERNACIONAIS;002472 C2;BLOOMBERG;002472 C2 Máximo;;;-;;IUAN RENMIMBI/CHI;;SIM;;;;;COE
ACOES INTERNACIONAIS;002600 C2;BLOOMBERG;002600 C2 Máximo;;;-;;IUAN RENMIMBI/CHI;;SIM;;;;;COE
ACOES INTERNACIONAIS;002600 C2;BLOOMBERG;002600 C2 Mínimo;;;-;;IUAN RENMIMBI/CHI;;SIM;;;;;COE
ACOES INTERNACIONAIS;002600 C2;BLOOMBERG;002600 C2;;;-;;IUAN RENMIMBI/CHI;;SIM;;;;;COE
ACOES INTERNACIONAIS;002698 C2;BLOOMBERG;002698 C2 Mínimo;;;-;;IUAN RENMIMBI/CHI;;SIM;;;;;COE
ACOES INTERNACIONAIS;002698 C2;BLOOMBERG;002698 C2 Máximo;;;-;;IUAN RENMIMBI/CHI;;SIM;;;;;COE
ACOES INTERNACIONAIS;002698 C2;BLOOMBERG;002698 C2;;;-;;IUAN RENMIMBI/CHI;;SIM;;;;;COE
ACOES INTERNACIONAIS;002747 C2;BLOOMBERG;002747 C2 Máximo;;;-;;IUAN RENMIMBI/CHI;;SIM;;;;;COE
ACOES INTERNACIONAIS;002747 C2;BLOOMBERG;002747 C2;;;-;;IUAN RENMIMBI/CHI;;SIM;;;;;COE
ACOES INTERNACIONAIS;002747 C2;BLOOMBERG;002747 C2 Mínimo;;;-;;IUAN RENMIMBI/CHI;;SIM;;;;;COE
ACOES INTERNACIONAIS;002896 C2;BLOOMBERG;002896 C2;;;-;;IUAN RENMIMBI/CHI;;SIM;;;;;COE
ACOES INTERNACIONAIS;002896 C2;BLOOMBERG;002896 C2 Máximo;;;-;;IUAN RENMIMBI/CHI;;SIM;;;;;COE
ACOES INTERNACIONAIS;002896 C2;BLOOMBERG;002896 C2 Mínimo;;;-;;IUAN RENMIMBI/CHI;;SIM;;;;;COE
ACOES INTERNACIONAIS;002979 C2;BLOOMBERG;002979 C2 Máximo;;;-;;IUAN RENMIMBI/CHI;;SIM;;;;;COE
ACOES INTERNACIONAIS;002979 C2;BLOOMBERG;002979 C2;;;-;;IUAN RENMIMBI/CHI;;SIM;;;;;COE
ACOES INTERNACIONAIS;002979 C2;BLOOMBERG;002979 C2 Mínimo;;;-;;IUAN RENMIMBI/CHI;;SIM;;;;;COE
ACOES INTERNACIONAIS;003021 C2;BLOOMBERG;003021 C2;;;-;;IUAN RENMIMBI/CHI;;SIM;;;;;COE
ACOES INTERNACIONAIS;003021 C2;BLOOMBERG;003021 C2 Máximo;;;-;;IUAN RENMIMBI/CHI;;SIM;;;;;COE
ACOES INTERNACIONAIS;003021 C2;BLOOMBERG;003021 C2 Mínimo;;;-;;IUAN RENMIMBI/CHI;;SIM;;;;;COE
ACOES INTERNACIONAIS;005380 KS;REUTERS;005380 KS;;;-;;WON/COREIA SUL;;SIM;;;;;COE
ACOES INTERNACIONAIS;005380 KS;REUTERS;005380 KS;;;-;;WON/COREIA SUL;;SIM;;;;;OPC
ACOES INTERNACIONAIS;005380 KS;REUTERS;005380 KS Máximo;;;-;;WON/COREIA SUL;;SIM;;;;;COE
ACOES INTERNACIONAIS;005380 KS;REUTERS;005380 KS Máximo;;;-;;WON/COREIA SUL;;SIM;;;;;OPC
ACOES INTERNACIONAIS;005380 KS;REUTERS;005380 KS Mínimo;;;-;;WON/COREIA SUL;;SIM;;;;;COE
ACOES INTERNACIONAIS;005380 KS;REUTERS;005380 KS Mínimo;;;-;;WON/COREIA SUL;;SIM;;;;;OPC
ACOES INTERNACIONAIS;005930 KP;REUTERS;005930 KP Mínimo;;;-;;WON/COREIA SUL;;SIM;;;;;OPC
ACOES INTERNACIONAIS;005930 KP;REUTERS;005930 KP Mínimo;;;-;;WON/COREIA SUL;;SIM;;;;;COE
ACOES INTERNACIONAIS;005930 KP;REUTERS;005930 KP Máximo;;;-;;WON/COREIA SUL;;SIM;;;;;OPC
ACOES INTERNACIONAIS;005930 KP;REUTERS;005930 KP Máximo;;;-;;WON/COREIA SUL;;SIM;;;;;COE
ACOES INTERNACIONAIS;005930 KP;REUTERS;005930 KP;;;-;;WON/COREIA SUL;;SIM;;;;;COE
ACOES INTERNACIONAIS;005930 KP;REUTERS;005930 KP;;;-;;WON/COREIA SUL;;SIM;;;;;OPC
ACOES INTERNACIONAIS;005930 KS;REUTERS;005930 KS Mínimo;;;-;;WON/COREIA SUL;;SIM;;;;;COE
ACOES INTERNACIONAIS;005930 KS;REUTERS;005930 KS Máximo;;;-;;WON/COREIA SUL;;SIM;;;;;OPC
ACOES INTERNACIONAIS;005930 KS;REUTERS;005930 KS Máximo;;;-;;WON/COREIA SUL;;SIM;;;;;COE
ACOES INTERNACIONAIS;005930 KS;REUTERS;005930 KS;;;-;;WON/COREIA SUL;;SIM;;;;;COE
ACOES INTERNACIONAIS;005930 KS;REUTERS;005930 KS;;;-;;WON/COREIA SUL;;SIM;;;;;OPC
ACOES INTERNACIONAIS;005930 KS;REUTERS;005930 KS Mínimo;;;-;;WON/COREIA SUL;;SIM;;;;;OPC
ACOES INTERNACIONAIS;1 HK;REUTERS;1 HK Máximo;;;-;;DOLAR/HONG-KONG;;SIM;;;;;COE
ACOES INTERNACIONAIS;1 HK;REUTERS;1 HK Mínimo;;;-;;DOLAR/HONG-KONG;;SIM;;;;;OPC
ACOES INTERNACIONAIS;1 HK;REUTERS;1 HK Mínimo;;;-;;DOLAR/HONG-KONG;;SIM;;;;;COE
ACOES INTERNACIONAIS;1 HK;REUTERS;1 HK;;;-;;DOLAR/HONG-KONG;;SIM;;;;;OPC
ACOES INTERNACIONAIS;1 HK;REUTERS;1 HK;;;-;;DOLAR/HONG-KONG;;SIM;;;;;COE
ACOES INTERNACIONAIS;1 HK;REUTERS;1 HK Máximo;;;-;;DOLAR/HONG-KONG;;SIM;;;;;OPC
ACOES INTERNACIONAIS;1211 HK;BLOOMBERG;1211 HK Mínimo;;;-;;DOLAR/HONG-KONG;;SIM;;;;;COE
ACOES INTERNACIONAIS;1211 HK;BLOOMBERG;1211 HK Máximo;;;-;;DOLAR/HONG-KONG;;SIM;;;;;COE
ACOES INTERNACIONAIS;1211 HK;BLOOMBERG;1211 HK;;;-;;DOLAR/HONG-KONG;;SIM;;;;;COE
ACOES INTERNACIONAIS;2318 HK;REUTERS;2318 HK;;;-;;DOLAR/HONG-KONG;;SIM;;;;;OPC
ACOES INTERNACIONAIS;2318 HK;REUTERS;2318 HK Mínimo;;;-;;DOLAR/HONG-KONG;;SIM;;;;;COE
ACOES INTERNACIONAIS;2318 HK;REUTERS;2318 HK Máximo;;;-;;DOLAR/HONG-KONG;;SIM;;;;;OPC
ACOES INTERNACIONAIS;2318 HK;REUTERS;2318 HK;;;-;;DOLAR/HONG-KONG;;SIM;;;;;COE
ACOES INTERNACIONAIS;2318 HK;REUTERS;2318 HK Mínimo;;;-;;DOLAR/HONG-KONG;;SIM;;;;;OPC
ACOES INTERNACIONAIS;2318 HK;REUTERS;2318 HK Máximo;;;-;;DOLAR/HONG-KONG;;SIM;;;;;COE
ACOES INTERNACIONAIS;2330 TT;BLOOMBERG;2330 TT;;;-;;NOVO DOLAR/TAIWAN;;SIM;;;;;COE
ACOES INTERNACIONAIS;2330 TT;BLOOMBERG;2330 TT Mínimo;;;-;;NOVO DOLAR/TAIWAN;;SIM;;;;;COE
ACOES INTERNACIONAIS;2330 TT;BLOOMBERG;2330 TT Máximo;;;-;;NOVO DOLAR/TAIWAN;;SIM;;;;;COE
ACOES INTERNACIONAIS;300007 C2;BLOOMBERG;300007 C2 Máximo;;;-;;IUAN RENMIMBI/CHI;;SIM;;;;;COE
ACOES INTERNACIONAIS;300007 C2;BLOOMBERG;300007 C2 Mínimo;;;-;;IUAN RENMIMBI/CHI;;SIM;;;;;COE
ACOES INTERNACIONAIS;300007 C2;BLOOMBERG;300007 C2;;;-;;IUAN RENMIMBI/CHI;;SIM;;;;;COE
ACOES INTERNACIONAIS;300580 C2;BLOOMBERG;300580 C2;;;-;;IUAN RENMIMBI/CHI;;SIM;;;;;COE
ACOES INTERNACIONAIS;300580 C2;BLOOMBERG;300580 C2 Máximo;;;-;;IUAN RENMIMBI/CHI;;SIM;;;;;COE
ACOES INTERNACIONAIS;300580 C2;BLOOMBERG;300580 C2 Mínimo;;;-;;IUAN RENMIMBI/CHI;;SIM;;;;;COE
ACOES INTERNACIONAIS;300607 C2;BLOOMBERG;300607 C2 Máximo;;;-;;IUAN RENMIMBI/CHI;;SIM;;;;;COE
ACOES INTERNACIONAIS;300607 C2;BLOOMBERG;300607 C2;;;-;;IUAN RENMIMBI/CHI;;SIM;;;;;COE
ACOES INTERNACIONAIS;300607 C2;BLOOMBERG;300607 C2 Mínimo;;;-;;IUAN RENMIMBI/CHI;;SIM;;;;;COE
ACOES INTERNACIONAIS;300718 C2;BLOOMBERG;300718 C2 Máximo;;;-;;IUAN RENMIMBI/CHI;;SIM;;;;;COE
ACOES INTERNACIONAIS;300718 C2;BLOOMBERG;300718 C2 Mínimo;;;-;;IUAN RENMIMBI/CHI;;SIM;;;;;COE
ACOES INTERNACIONAIS;300718 C2;BLOOMBERG;300718 C2;;;-;;IUAN RENMIMBI/CHI;;SIM;;;;;COE
ACOES INTERNACIONAIS;300748 C2;BLOOMBERG;300748 C2;;;-;;IUAN RENMIMBI/CHI;;SIM;;;;;COE
ACOES INTERNACIONAIS;300748 C2;BLOOMBERG;300748 C2 Máximo;;;-;;IUAN RENMIMBI/CHI;;SIM;;;;;COE
ACOES INTERNACIONAIS;300748 C2;BLOOMBERG;300748 C2 Mínimo;;;-;;IUAN RENMIMBI/CHI;;SIM;;;;;COE
ACOES INTERNACIONAIS;600580 C1;BLOOMBERG;600580 C1 Mínimo;;;-;;IUAN RENMIMBI/CHI;;SIM;;;;;COE
ACOES INTERNACIONAIS;600580 C1;BLOOMBERG;600580 C1;;;-;;IUAN RENMIMBI/CHI;;SIM;;;;;COE
ACOES INTERNACIONAIS;600580 C1;BLOOMBERG;600580 C1 Máximo;;;-;;IUAN RENMIMBI/CHI;;SIM;;;;;COE
ACOES INTERNACIONAIS;601100 C1;BLOOMBERG;601100 C1 Máximo;;;-;;IUAN RENMIMBI/CHI;;SIM;;;;;COE
ACOES INTERNACIONAIS;601100 C1;BLOOMBERG;601100 C1 Mínimo;;;-;;IUAN RENMIMBI/CHI;;SIM;;;;;COE
ACOES INTERNACIONAIS;601100 C1;BLOOMBERG;601100 C1;;;-;;IUAN RENMIMBI/CHI;;SIM;;;;;COE
ACOES INTERNACIONAIS;601689 C1;BLOOMBERG;601689 C1;;;-;;IUAN RENMIMBI/CHI;;SIM;;;;;COE
ACOES INTERNACIONAIS;601689 C1;BLOOMBERG;601689 C1 Mínimo;;;-;;IUAN RENMIMBI/CHI;;SIM;;;;;COE
ACOES INTERNACIONAIS;601689 C1;BLOOMBERG;601689 C1 Máximo;;;-;;IUAN RENMIMBI/CHI;;SIM;;;;;COE
ACOES INTERNACIONAIS;603009 C1;BLOOMBERG;603009 C1 Máximo;;;-;;IUAN RENMIMBI/CHI;;SIM;;;;;COE
ACOES INTERNACIONAIS;603009 C1;BLOOMBERG;603009 C1 Mínimo;;;-;;IUAN RENMIMBI/CHI;;SIM;;;;;COE
ACOES INTERNACIONAIS;603009 C1;BLOOMBERG;603009 C1;;;-;;IUAN RENMIMBI/CHI;;SIM;;;;;COE
ACOES INTERNACIONAIS;603416 C1;BLOOMBERG;603416 C1;;;-;;IUAN RENMIMBI/CHI;;SIM;;;;;COE
ACOES INTERNACIONAIS;603416 C1;BLOOMBERG;603416 C1 Máximo;;;-;;IUAN RENMIMBI/CHI;;SIM;;;;;COE
ACOES INTERNACIONAIS;603416 C1;BLOOMBERG;603416 C1 Mínimo;;;-;;IUAN RENMIMBI/CHI;;SIM;;;;;COE
ACOES INTERNACIONAIS;603662 C1;BLOOMBERG;603662 C1 Mínimo;;;-;;IUAN RENMIMBI/CHI;;SIM;;;;;COE
ACOES INTERNACIONAIS;603662 C1;BLOOMBERG;603662 C1;;;-;;IUAN RENMIMBI/CHI;;SIM;;;;;COE
ACOES INTERNACIONAIS;603662 C1;BLOOMBERG;603662 C1 Máximo;;;-;;IUAN RENMIMBI/CHI;;SIM;;;;;COE
ACOES INTERNACIONAIS;603667 C1;BLOOMBERG;603667 C1 Mínimo;;;-;;IUAN RENMIMBI/CHI;;SIM;;;;;COE
ACOES INTERNACIONAIS;603667 C1;BLOOMBERG;603667 C1 Máximo;;;-;;IUAN RENMIMBI/CHI;;SIM;;;;;COE
ACOES INTERNACIONAIS;603667 C1;BLOOMBERG;603667 C1;;;-;;IUAN RENMIMBI/CHI;;SIM;;;;;COE
ACOES INTERNACIONAIS;603728 C1;BLOOMBERG;603728 C1 Mínimo;;;-;;IUAN RENMIMBI/CHI;;SIM;;;;;COE
ACOES INTERNACIONAIS;603728 C1;BLOOMBERG;603728 C1 Máximo;;;-;;IUAN RENMIMBI/CHI;;SIM;;;;;COE
ACOES INTERNACIONAIS;603728 C1;BLOOMBERG;603728 C1;;;-;;IUAN RENMIMBI/CHI;;SIM;;;;;COE
ACOES INTERNACIONAIS;603915 C1;BLOOMBERG;603915 C1 Mínimo;;;-;;IUAN RENMIMBI/CHI;;SIM;;;;;COE
ACOES INTERNACIONAIS;603915 C1;BLOOMBERG;603915 C1;;;-;;IUAN RENMIMBI/CHI;;SIM;;;;;COE
ACOES INTERNACIONAIS;603915 C1;BLOOMBERG;603915 C1 Máximo;;;-;;IUAN RENMIMBI/CHI;;SIM;;;;;COE
ACOES INTERNACIONAIS;6201 JP;REUTERS;6201 JP;;;-;;IENE;;SIM;;;;;COE
ACOES INTERNACIONAIS;6201 JP;REUTERS;6201 JP;;;-;;IENE;;SIM;;;;;OPC
ACOES INTERNACIONAIS;6201 JP;REUTERS;6201 JP Mínimo;;;-;;IENE;;SIM;;;;;OPC
ACOES INTERNACIONAIS;6201 JP;REUTERS;6201 JP Máximo;;;-;;IENE;;SIM;;;;;OPC
ACOES INTERNACIONAIS;6201 JP;REUTERS;6201 JP Mínimo;;;-;;IENE;;SIM;;;;;COE
ACOES INTERNACIONAIS;6201 JP;REUTERS;6201 JP Máximo;;;-;;IENE;;SIM;;;;;COE
ACOES INTERNACIONAIS;6503 JP;REUTERS;6503 JP Máximo;;;-;;IENE;;SIM;;;;;COE
ACOES INTERNACIONAIS;6503 JP;REUTERS;6503 JP;;;-;;IENE;;SIM;;;;;OPC
ACOES INTERNACIONAIS;6503 JP;REUTERS;6503 JP;;;-;;IENE;;SIM;;;;;COE
ACOES INTERNACIONAIS;6503 JP;REUTERS;6503 JP Mínimo;;;-;;IENE;;SIM;;;;;OPC
ACOES INTERNACIONAIS;6503 JP;REUTERS;6503 JP Mínimo;;;-;;IENE;;SIM;;;;;COE
ACOES INTERNACIONAIS;6503 JP;REUTERS;6503 JP Máximo;;;-;;IENE;;SIM;;;;;OPC
ACOES INTERNACIONAIS;6702 JT;REUTERS;6702 JT Mínimo;;;-;;IENE;;SIM;;;;;OPC
ACOES INTERNACIONAIS;6702 JT;REUTERS;6702 JT Mínimo;;;-;;IENE;;SIM;;;;;COE
ACOES INTERNACIONAIS;6702 JT;REUTERS;6702 JT Máximo;;;-;;IENE;;SIM;;;;;OPC
ACOES INTERNACIONAIS;6702 JT;REUTERS;6702 JT Máximo;;;-;;IENE;;SIM;;;;;COE
ACOES INTERNACIONAIS;6702 JT;REUTERS;6702 JT;;;-;;IENE;;SIM;;;;;COE
ACOES INTERNACIONAIS;6702 JT;REUTERS;6702 JT;;;-;;IENE;;SIM;;;;;OPC
ACOES INTERNACIONAIS;6752 JP;REUTERS;6752 JP Mínimo;;;-;;IENE;;SIM;;;;;COE
ACOES INTERNACIONAIS;6752 JP;REUTERS;6752 JP Máximo;;;-;;IENE;;SIM;;;;;OPC
ACOES INTERNACIONAIS;6752 JP;REUTERS;6752 JP Máximo;;;-;;IENE;;SIM;;;;;COE
ACOES INTERNACIONAIS;6752 JP;REUTERS;6752 JP;;;-;;IENE;;SIM;;;;;OPC
ACOES INTERNACIONAIS;6752 JP;REUTERS;6752 JP;;;-;;IENE;;SIM;;;;;COE
ACOES INTERNACIONAIS;6752 JP;REUTERS;6752 JP Mínimo;;;-;;IENE;;SIM;;;;;OPC
ACOES INTERNACIONAIS;6758 JP;REUTERS;6758 JP Máximo;;;-;;IENE;;SIM;;;;;COE
ACOES INTERNACIONAIS;6758 JP;REUTERS;6758 JP Máximo;;;-;;IENE;;SIM;;;;;OPC
ACOES INTERNACIONAIS;6758 JP;REUTERS;6758 JP Mínimo;;;-;;IENE;;SIM;;;;;COE
ACOES INTERNACIONAIS;6758 JP;REUTERS;6758 JP Mínimo;;;-;;IENE;;SIM;;;;;OPC
ACOES INTERNACIONAIS;6758 JP;REUTERS;6758 JP;;;-;;IENE;;SIM;;;;;COE
ACOES INTERNACIONAIS;6758 JP;REUTERS;6758 JP;;;-;;IENE;;SIM;;;;;OPC
ACOES INTERNACIONAIS;6758 JT;REUTERS;6758 JT Maximo;;;-;;IENE;;SIM;;;;;OPC
ACOES INTERNACIONAIS;6758 JT;REUTERS;6758 JT Minimo;;;-;;IENE;;SIM;;;;;COE
ACOES INTERNACIONAIS;6758 JT;REUTERS;6758 JT Minimo;;;-;;IENE;;SIM;;;;;OPC
ACOES INTERNACIONAIS;6758 JT;REUTERS;6758 JT;;;-;;IENE;;SIM;;;;;COE
ACOES INTERNACIONAIS;6758 JT;REUTERS;6758 JT;;;-;;IENE;;SIM;;;;;OPC
ACOES INTERNACIONAIS;6758 JT;REUTERS;6758 JT Maximo;;;-;;IENE;;SIM;;;;;COE
ACOES INTERNACIONAIS;6758 JT_43;REUTERS;6758 JT_43;;;-;;IENE;;NÃO;;;;;OPC
ACOES INTERNACIONAIS;6758 JT_43;REUTERS;6758 JT_43;;;-;;IENE;;NÃO;;;;;COE
ACOES INTERNACIONAIS;688017 C1;BLOOMBERG;688017 C1 Mínimo;;;-;;IUAN RENMIMBI/CHI;;SIM;;;;;COE
ACOES INTERNACIONAIS;688017 C1;BLOOMBERG;688017 C1 Máximo;;;-;;IUAN RENMIMBI/CHI;;SIM;;;;;COE
ACOES INTERNACIONAIS;688017 C1;BLOOMBERG;688017 C1;;;-;;IUAN RENMIMBI/CHI;;SIM;;;;;COE
ACOES INTERNACIONAIS;688165 C1;BLOOMBERG;688165 C1;;;-;;IUAN RENMIMBI/CHI;;SIM;;;;;COE
ACOES INTERNACIONAIS;688165 C1;BLOOMBERG;688165 C1 Mínimo;;;-;;IUAN RENMIMBI/CHI;;SIM;;;;;COE
ACOES INTERNACIONAIS;688165 C1;BLOOMBERG;688165 C1 Máximo;;;-;;IUAN RENMIMBI/CHI;;SIM;;;;;COE
ACOES INTERNACIONAIS;688698 C1;BLOOMBERG;688698 C1;;;-;;IUAN RENMIMBI/CHI;;SIM;;;;;COE
ACOES INTERNACIONAIS;688698 C1;BLOOMBERG;688698 C1 Máximo;;;-;;IUAN RENMIMBI/CHI;;SIM;;;;;COE
ACOES INTERNACIONAIS;688698 C1;BLOOMBERG;688698 C1 Mínimo;;;-;;IUAN RENMIMBI/CHI;;SIM;;;;;COE
ACOES INTERNACIONAIS;6954 JP;REUTERS;6954 JP Mínimo;;;-;;IENE;;SIM;;;;;COE
ACOES INTERNACIONAIS;6954 JP;REUTERS;6954 JP Máximo;;;-;;IENE;;SIM;;;;;OPC
ACOES INTERNACIONAIS;6954 JP;REUTERS;6954 JP;;;-;;IENE;;SIM;;;;;OPC
ACOES INTERNACIONAIS;6954 JP;REUTERS;6954 JP Máximo;;;-;;IENE;;SIM;;;;;COE
ACOES INTERNACIONAIS;6954 JP;REUTERS;6954 JP Mínimo;;;-;;IENE;;SIM;;;;;OPC
ACOES INTERNACIONAIS;6954 JP;REUTERS;6954 JP;;;-;;IENE;;SIM;;;;;COE
ACOES INTERNACIONAIS;700 HK;REUTERS;700 HK;;;-;;DOLAR/HONG-KONG;;SIM;;;;;COE
ACOES INTERNACIONAIS;700 HK;REUTERS;700 HK;;;-;;DOLAR/HONG-KONG;;SIM;;;;;OPC
ACOES INTERNACIONAIS;700 HK;REUTERS;700 HK Máximo;;;-;;DOLAR/HONG-KONG;;SIM;;;;;OPC
ACOES INTERNACIONAIS;700 HK;REUTERS;700 HK Mínimo;;;-;;DOLAR/HONG-KONG;;SIM;;;;;COE
ACOES INTERNACIONAIS;700 HK;REUTERS;700 HK Mínimo;;;-;;DOLAR/HONG-KONG;;SIM;;;;;OPC
ACOES INTERNACIONAIS;700 HK;REUTERS;700 HK Máximo;;;-;;DOLAR/HONG-KONG;;SIM;;;;;COE
ACOES INTERNACIONAIS;7203 JP;REUTERS;7203 JP Minimo;;;-;;IENE;;SIM;;;;;COE
ACOES INTERNACIONAIS;7203 JP;REUTERS;7203 JP;;;-;;IENE;;SIM;;;;;COE
ACOES INTERNACIONAIS;7203 JP;REUTERS;7203 JP;;;-;;IENE;;SIM;;;;;OPC
ACOES INTERNACIONAIS;7203 JP;REUTERS;7203 JP Maximo;;;-;;IENE;;SIM;;;;;OPC
ACOES INTERNACIONAIS;7203 JP;REUTERS;7203 JP Maximo;;;-;;IENE;;SIM;;;;;COE
ACOES INTERNACIONAIS;7203 JP;REUTERS;7203 JP Minimo;;;-;;IENE;;SIM;;;;;OPC
ACOES INTERNACIONAIS;7267 JT;REUTERS;7267 JT Máximo;;;-;;IENE;;SIM;;;;;OPC
ACOES INTERNACIONAIS;7267 JT;REUTERS;7267 JT Máximo;;;-;;IENE;;SIM;;;;;COE
ACOES INTERNACIONAIS;7267 JT;REUTERS;7267 JT;;;-;;IENE;;SIM;;;;;COE
ACOES INTERNACIONAIS;7267 JT;REUTERS;7267 JT Mínimo;;;-;;IENE;;SIM;;;;;OPC
ACOES INTERNACIONAIS;7267 JT;REUTERS;7267 JT Mínimo;;;-;;IENE;;SIM;;;;;COE
ACOES INTERNACIONAIS;7267 JT;REUTERS;7267 JT;;;-;;IENE;;SIM;;;;;OPC
ACOES INTERNACIONAIS;7269 JT;REUTERS;7269 JT Mínimo;;;-;;IENE;;SIM;;;;;COE
ACOES INTERNACIONAIS;7269 JT;REUTERS;7269 JT Máximo;;;-;;IENE;;SIM;;;;;OPC
ACOES INTERNACIONAIS;7269 JT;REUTERS;7269 JT Máximo;;;-;;IENE;;SIM;;;;;COE
ACOES INTERNACIONAIS;7269 JT;REUTERS;7269 JT;;;-;;IENE;;SIM;;;;;OPC
ACOES INTERNACIONAIS;7269 JT;REUTERS;7269 JT;;;-;;IENE;;SIM;;;;;COE
ACOES INTERNACIONAIS;7269 JT;REUTERS;7269 JT Mínimo;;;-;;IENE;;SIM;;;;;OPC
ACOES INTERNACIONAIS;7272 JT;REUTERS;7272 JT Máximo;;;-;;IENE;;SIM;;;;;COE
ACOES INTERNACIONAIS;7272 JT;REUTERS;7272 JT Mínimo;;;-;;IENE;;SIM;;;;;OPC
ACOES INTERNACIONAIS;7272 JT;REUTERS;7272 JT;;;-;;IENE;;SIM;;;;;COE
ACOES INTERNACIONAIS;7272 JT;REUTERS;7272 JT Máximo;;;-;;IENE;;SIM;;;;;OPC
ACOES INTERNACIONAIS;7272 JT;REUTERS;7272 JT Mínimo;;;-;;IENE;;SIM;;;;;COE
ACOES INTERNACIONAIS;7272 JT;REUTERS;7272 JT;;;-;;IENE;;SIM;;;;;OPC
ACOES INTERNACIONAIS;7974 JP;REUTERS;7974 JP Mínimo;;;-;;IENE;;SIM;;;;;OPC
ACOES INTERNACIONAIS;7974 JP;REUTERS;7974 JP Máximo;;;-;;IENE;;SIM;;;;;COE
ACOES INTERNACIONAIS;7974 JP;REUTERS;7974 JP;;;RBOB;;IENE;;SIM;;;;;OPC
ACOES INTERNACIONAIS;7974 JP;REUTERS;7974 JP;;;RBOB;;IENE;;SIM;;;;;COE
ACOES INTERNACIONAIS;7974 JP;REUTERS;7974 JP Máximo;;;-;;IENE;;SIM;;;;;OPC
ACOES INTERNACIONAIS;7974 JP;REUTERS;7974 JP Mínimo;;;-;;IENE;;SIM;;;;;COE
ACOES INTERNACIONAIS;7974 JT;REUTERS;7974 JT Mínimo;;;-;;IENE;;SIM;;;;;COE
ACOES INTERNACIONAIS;7974 JT;REUTERS;7974 JT;;;-;;IENE;;SIM;;;;;OPC
ACOES INTERNACIONAIS;7974 JT;REUTERS;7974 JT;;;-;;IENE;;SIM;;;;;COE
ACOES INTERNACIONAIS;7974 JT;REUTERS;7974 JT Máximo;;;-;;IENE;;SIM;;;;;OPC
ACOES INTERNACIONAIS;7974 JT;REUTERS;7974 JT Máximo;;;-;;IENE;;SIM;;;;;COE
ACOES INTERNACIONAIS;7974 JT;REUTERS;7974 JT Mínimo;;;-;;IENE;;SIM;;;;;OPC
ACOES INTERNACIONAIS;7974 JT_43;REUTERS;7974 JT_43;;;-;;IENE;;NÃO;;;;;COE
ACOES INTERNACIONAIS;7974 JT_43;REUTERS;7974 JT_43;;;-;;IENE;;NÃO;;;;;OPC
ACOES INTERNACIONAIS;9432 JT;REUTERS;9432 JT Mínimo;;;-;;IENE;;SIM;;;;;COE
ACOES INTERNACIONAIS;9432 JT;REUTERS;9432 JT Máximo;;;-;;IENE;;SIM;;;;;OPC
ACOES INTERNACIONAIS;9432 JT;REUTERS;9432 JT Máximo;;;-;;IENE;;SIM;;;;;COE
ACOES INTERNACIONAIS;9432 JT;REUTERS;9432 JT;;;-;;IENE;;SIM;;;;;COE
ACOES INTERNACIONAIS;9432 JT;REUTERS;9432 JT;;;-;;IENE;;SIM;;;;;OPC
ACOES INTERNACIONAIS;9432 JT;REUTERS;9432 JT Mínimo;;;-;;IENE;;SIM;;;;;OPC
ACOES INTERNACIONAIS;9618 HK;REUTERS;9618 HK Mínimo;;;-;;DOLAR/HONG-KONG;;SIM;;;;;OPC
ACOES INTERNACIONAIS;9618 HK;REUTERS;9618 HK Mínimo;;;-;;DOLAR/HONG-KONG;;SIM;;;;;COE
ACOES INTERNACIONAIS;9618 HK;REUTERS;9618 HK Máximo;;;-;;DOLAR/HONG-KONG;;SIM;;;;;COE
ACOES INTERNACIONAIS;9618 HK;REUTERS;9618 HK;;;-;;DOLAR/HONG-KONG;;SIM;;;;;OPC
ACOES INTERNACIONAIS;9618 HK;REUTERS;9618 HK;;;-;;DOLAR/HONG-KONG;;SIM;;;;;COE
ACOES INTERNACIONAIS;9618 HK;REUTERS;9618 HK Máximo;;;-;;DOLAR/HONG-KONG;;SIM;;;;;OPC
COMMODITIES;AGD1;ISF - ICE;AGD1 AJUSTE;00000000000012;00000000002202;DATED BRENT FUT;TONELADA METRICA;DOLAR DOS EUA;22020802;SIM;OLEO COMBUSTIVEL;0000000001,0000000000;AJUSTE;AGD1;TER
COMMODITIES;AGD1;ISF - ICE;AGD1 AJUSTE;00000000000012;00000000002202;DATED BRENT FUT;TONELADA METRICA;DOLAR DOS EUA;22020802;SIM;OLEO COMBUSTIVEL;0000000001,0000000000;AJUSTE;AGD1;OPC
COMMODITIES;ALA1;CMX;ALA1 Ajuste;00000000000012;00000000002201;ALUMINA FOB AUSTRALIA;TONELADA METRICA;DOLAR DOS EUA;22010107;SIM;ALUMINIO;0000000001,0000000000;AJUSTE;ALA1;OPC
COMMODITIES;ALA1;CMX;ALA1 Ajuste;00000000000012;00000000002201;ALUMINA FOB AUSTRALIA;TONELADA METRICA;DOLAR DOS EUA;22010107;SIM;ALUMINIO;0000000001,0000000000;AJUSTE;ALA1;TER
COMMODITIES;ATWMX8;ICE (NYBOT);ATWMX8 Fechamento;00000000000011;00000000002018;API 2 ARA ARGUS;TONELADA METRICA;DOLAR DOS EUA;20181207;SIM;CARVAO;0000000001,0000000000;FECHAMENTO;XAX8;COE
COMMODITIES;ATWMZ7;ICE (NYBOT);ATWMZ7 Fechamento;00000000000012;00000000002017;API 2 ARA ARGUS;TONELADA METRICA;DOLAR DOS EUA;20180105;SIM;CARVAO;0000000001,0000000000;FECHAMENTO;XAZ7;COE
COMMODITIES;ATWMZ7;ICE (NYBOT);ATWMZ7 Máximo;00000000000012;00000000002017;API 2 ARA ARGUS;TONELADA METRICA;DOLAR DOS EUA;20180105;SIM;CARVAO;0000000001,0000000000;MAXIMO;XAZ7;COE
COMMODITIES;ATWMZ7;ICE (NYBOT);ATWMZ7 Mínimo;00000000000012;00000000002017;API 2 ARA ARGUS;TONELADA METRICA;DOLAR DOS EUA;20180105;SIM;CARVAO;0000000001,0000000000;MINIMO;XAZ7;COE
COMMODITIES;ATWMZ7;ICE (NYBOT);ATWMZ7 Ajuste;00000000000012;00000000002017;API 2 ARA ARGUS;TONELADA METRICA;DOLAR DOS EUA;20180105;SIM;CARVAO;0000000001,0000000000;AJUSTE;XAZ7;COE
COMMODITIES;ATWMZ8;ICE (NYBOT);ATWMZ8 Fechamento;00000000000012;00000000002018;API 2 ARA ARGUS;TONELADA METRICA;DOLAR DOS EUA;20190104;SIM;CARVAO;0000000001,0000000000;FECHAMENTO;XAZ8;COE
COMMODITIES;AUD - IFUS;IFUS;AUD - IFUS;00000000000012;00000000002200;-;ONCA TROY;DOLAR DOS EUA;22000109;SIM;OURO;0000000001,0000000000;FECHAMENTO;AUD - IFUS;COE
COMMODITIES;AUD - IFUS;IFUS;AUD - IFUS;00000000000012;00000000002200;-;ONCA TROY;DOLAR DOS EUA;22000109;SIM;OURO;0000000001,0000000000;FECHAMENTO;AUD - IFUS;OPC
COMMODITIES;AUD - IFUS;IFUS;AUD - IFUS;00000000000012;00000000002200;-;ONCA TROY;DOLAR DOS EUA;22000109;SIM;OURO;0000000001,0000000000;FECHAMENTO;AUD - IFUS;TER
COMMODITIES;AULF27;ISF - ICE;AULF27 AJUSTE;00000000000001;00000000002027;BRENT 1ST LINE FUTURE;BARRIL;DOLAR DOS EUA;20270205;SIM;FUTUROS;0000000001,0000000000;AJUSTE;AULF27;OPC
COMMODITIES;AULF27;ISF - ICE;AULF27 AJUSTE;00000000000001;00000000002027;BRENT 1ST LINE FUTURE;BARRIL;DOLAR DOS EUA;20270205;SIM;FUTUROS;0000000001,0000000000;AJUSTE;AULF27;TER
COMMODITIES;AULF28;ISF - ICE;AULF28 AJUSTE;00000000000001;00000000002028;BRENT 1ST LINE FUTURE;BARRIL;DOLAR DOS EUA;20280207;SIM;FUTUROS;0000000001,0000000000;AJUSTE;AULF28;TER
COMMODITIES;AULF28;ISF - ICE;AULF28 AJUSTE;00000000000001;00000000002028;BRENT 1ST LINE FUTURE;BARRIL;DOLAR DOS EUA;20280207;SIM;FUTUROS;0000000001,0000000000;AJUSTE;AULF28;OPC
COMMODITIES;AULF29;ISF - ICE;AULF29 AJUSTE;00000000000001;00000000002029;BRENT 1ST LINE FUTURE;BARRIL;DOLAR DOS EUA;20290207;SIM;FUTUROS;0000000001,0000000000;AJUSTE;AULF29;OPC
COMMODITIES;AULF29;ISF - ICE;AULF29 AJUSTE;00000000000001;00000000002029;BRENT 1ST LINE FUTURE;BARRIL;DOLAR DOS EUA;20290207;SIM;FUTUROS;0000000001,0000000000;AJUSTE;AULF29;TER
COMMODITIES;AULG27;ISF - ICE;AULG27 AJUSTE;00000000000002;00000000002027;BRENT 1ST LINE FUTURE;BARRIL;DOLAR DOS EUA;20270305;SIM;FUTUROS;0000000001,0000000000;AJUSTE;AULG27;TER
COMMODITIES;AULG27;ISF - ICE;AULG27 AJUSTE;00000000000002;00000000002027;BRENT 1ST LINE FUTURE;BARRIL;DOLAR DOS EUA;20270305;SIM;FUTUROS;0000000001,0000000000;AJUSTE;AULG27;OPC
COMMODITIES;AULG28;ISF - ICE;AULG28 AJUSTE;00000000000002;00000000002028;BRENT 1ST LINE FUTURE;BARRIL;DOLAR DOS EUA;20280307;SIM;FUTUROS;0000000001,0000000000;AJUSTE;AULG28;OPC
COMMODITIES;AULG28;ISF - ICE;AULG28 AJUSTE;00000000000002;00000000002028;BRENT 1ST LINE FUTURE;BARRIL;DOLAR DOS EUA;20280307;SIM;FUTUROS;0000000001,0000000000;AJUSTE;AULG28;TER
COMMODITIES;AULG29;ISF - ICE;AULG29 AJUSTE;00000000000002;00000000002029;BRENT 1ST LINE FUTURE;BARRIL;DOLAR DOS EUA;20290307;SIM;FUTUROS;0000000001,0000000000;AJUSTE;AULG29;OPC
COMMODITIES;AULG29;ISF - ICE;AULG29 AJUSTE;00000000000002;00000000002029;BRENT 1ST LINE FUTURE;BARRIL;DOLAR DOS EUA;20290307;SIM;FUTUROS;0000000001,0000000000;AJUSTE;AULG29;TER
COMMODITIES;AULH27;ISF - ICE;AULH27 AJUSTE;00000000000003;00000000002027;BRENT 1ST LINE FUTURE;BARRIL;DOLAR DOS EUA;20270407;SIM;FUTUROS;0000000001,0000000000;AJUSTE;AULH27;OPC
COMMODITIES;AULH27;ISF - ICE;AULH27 AJUSTE;00000000000003;00000000002027;BRENT 1ST LINE FUTURE;BARRIL;DOLAR DOS EUA;20270407;SIM;FUTUROS;0000000001,0000000000;AJUSTE;AULH27;TER
COMMODITIES;AULH28;ISF - ICE;AULH28 AJUSTE;00000000000003;00000000002028;BRENT 1ST LINE FUTURE;BARRIL;DOLAR DOS EUA;20280407;SIM;FUTUROS;0000000001,0000000000;AJUSTE;AULH28;TER
COMMODITIES;AULH28;ISF - ICE;AULH28 AJUSTE;00000000000003;00000000002028;BRENT 1ST LINE FUTURE;BARRIL;DOLAR DOS EUA;20280407;SIM;FUTUROS;0000000001,0000000000;AJUSTE;AULH28;OPC
COMMODITIES;AULH29;ISF - ICE;AULH29 AJUSTE;00000000000003;00000000002029;BRENT 1ST LINE FUTURE;BARRIL;DOLAR DOS EUA;20290406;SIM;FUTUROS;0000000001,0000000000;AJUSTE;AULH29;TER
COMMODITIES;AULH29;ISF - ICE;AULH29 AJUSTE;00000000000003;00000000002029;BRENT 1ST LINE FUTURE;BARRIL;DOLAR DOS EUA;20290406;SIM;FUTUROS;0000000001,0000000000;AJUSTE;AULH29;OPC
COMMODITIES;AULJ27;ISF - ICE;AULJ27 AJUSTE;00000000000004;00000000002027;BRENT 1ST LINE FUTURE;BARRIL;DOLAR DOS EUA;20270507;SIM;FUTUROS;0000000001,0000000000;AJUSTE;AULJ27;OPC
COMMODITIES;AULJ27;ISF - ICE;AULJ27 AJUSTE;00000000000004;00000000002027;BRENT 1ST LINE FUTURE;BARRIL;DOLAR DOS EUA;20270507;SIM;FUTUROS;0000000001,0000000000;AJUSTE;AULJ27;TER
COMMODITIES;AULJ28;ISF - ICE;AULJ28 AJUSTE;00000000000004;00000000002028;BRENT 1ST LINE FUTURE;BARRIL;DOLAR DOS EUA;20280508;SIM;FUTUROS;0000000001,0000000000;AJUSTE;AULJ28;TER
COMMODITIES;AULJ28;ISF - ICE;AULJ28 AJUSTE;00000000000004;00000000002028;BRENT 1ST LINE FUTURE;BARRIL;DOLAR DOS EUA;20280508;SIM;FUTUROS;0000000001,0000000000;AJUSTE;AULJ28;OPC
COMMODITIES;AULJ29;ISF - ICE;AULJ29 AJUSTE;00000000000004;00000000002029;BRENT 1ST LINE FUTURE;BARRIL;DOLAR DOS EUA;20290508;SIM;FUTUROS;0000000001,0000000000;AJUSTE;AULJ29;OPC
COMMODITIES;AULJ29;ISF - ICE;AULJ29 AJUSTE;00000000000004;00000000002029;BRENT 1ST LINE FUTURE;BARRIL;DOLAR DOS EUA;20290508;SIM;FUTUROS;0000000001,0000000000;AJUSTE;AULJ29;TER
COMMODITIES;AULK27;ISF - ICE;AULK27 AJUSTE;00000000000005;00000000002027;BRENT 1ST LINE FUTURE;BARRIL;DOLAR DOS EUA;20270607;SIM;FUTUROS;0000000001,0000000000;AJUSTE;AULK27;OPC
COMMODITIES;AULK27;ISF - ICE;AULK27 AJUSTE;00000000000005;00000000002027;BRENT 1ST LINE FUTURE;BARRIL;DOLAR DOS EUA;20270607;SIM;FUTUROS;0000000001,0000000000;AJUSTE;AULK27;TER
COMMODITIES;AULK28;ISF - ICE;AULK28 AJUSTE;00000000000005;00000000002028;BRENT 1ST LINE FUTURE;BARRIL;DOLAR DOS EUA;20280607;SIM;FUTUROS;0000000001,0000000000;AJUSTE;AULK28;OPC
COMMODITIES;AULK28;ISF - ICE;AULK28 AJUSTE;00000000000005;00000000002028;BRENT 1ST LINE FUTURE;BARRIL;DOLAR DOS EUA;20280607;SIM;FUTUROS;0000000001,0000000000;AJUSTE;AULK28;TER
COMMODITIES;AULK29;ISF - ICE;AULK29 AJUSTE;00000000000005;00000000002029;BRENT 1ST LINE FUTURE;BARRIL;DOLAR DOS EUA;20290607;SIM;FUTUROS;0000000001,0000000000;AJUSTE;AULK29;OPC
COMMODITIES;AULK29;ISF - ICE;AULK29 AJUSTE;00000000000005;00000000002029;BRENT 1ST LINE FUTURE;BARRIL;DOLAR DOS EUA;20290607;SIM;FUTUROS;0000000001,0000000000;AJUSTE;AULK29;TER
COMMODITIES;AULM27;ISF - ICE;AULM27 AJUSTE;00000000000006;00000000002027;BRENT 1ST LINE FUTURE;BARRIL;DOLAR DOS EUA;20270707;SIM;FUTUROS;0000000001,0000000000;AJUSTE;AULM27;TER
COMMODITIES;AULM27;ISF - ICE;AULM27 AJUSTE;00000000000006;00000000002027;BRENT 1ST LINE FUTURE;BARRIL;DOLAR DOS EUA;20270707;SIM;FUTUROS;0000000001,0000000000;AJUSTE;AULM27;OPC
COMMODITIES;AULM28;ISF - ICE;AULM28 AJUSTE;00000000000006;00000000002028;BRENT 1ST LINE FUTURE;BARRIL;DOLAR DOS EUA;20280707;SIM;FUTUROS;0000000001,0000000000;AJUSTE;AULM28;OPC
COMMODITIES;AULM28;ISF - ICE;AULM28 AJUSTE;00000000000006;00000000002028;BRENT 1ST LINE FUTURE;BARRIL;DOLAR DOS EUA;20280707;SIM;FUTUROS;0000000001,0000000000;AJUSTE;AULM28;TER
COMMODITIES;AULM29;ISF - ICE;AULM29 AJUSTE;00000000000006;00000000002029;BRENT 1ST LINE FUTURE;BARRIL;DOLAR DOS EUA;20290706;SIM;FUTUROS;0000000001,0000000000;AJUSTE;AULM29;OPC
COMMODITIES;AULM29;ISF - ICE;AULM29 AJUSTE;00000000000006;00000000002029;BRENT 1ST LINE FUTURE;BARRIL;DOLAR DOS EUA;20290706;SIM;FUTUROS;0000000001,0000000000;AJUSTE;AULM29;TER
COMMODITIES;AULN27;ISF - ICE;AULN27 AJUSTE;00000000000007;00000000002027;BRENT 1ST LINE FUTURE;BARRIL;DOLAR DOS EUA;20270806;SIM;FUTUROS;0000000001,0000000000;AJUSTE;AULN27;OPC
COMMODITIES;AULN27;ISF - ICE;AULN27 AJUSTE;00000000000007;00000000002027;BRENT 1ST LINE FUTURE;BARRIL;DOLAR DOS EUA;20270806;SIM;FUTUROS;0000000001,0000000000;AJUSTE;AULN27;TER
COMMODITIES;AULN28;ISF - ICE;AULN28 AJUSTE;00000000000007;00000000002028;BRENT 1ST LINE FUTURE;BARRIL;DOLAR DOS EUA;20280807;SIM;FUTUROS;0000000001,0000000000;AJUSTE;AULN28;TER
COMMODITIES;AULN28;ISF - ICE;AULN28 AJUSTE;00000000000007;00000000002028;BRENT 1ST LINE FUTURE;BARRIL;DOLAR DOS EUA;20280807;SIM;FUTUROS;0000000001,0000000000;AJUSTE;AULN28;OPC
COMMODITIES;AULN29;ISF - ICE;AULN29 AJUSTE;00000000000007;00000000002029;BRENT 1ST LINE FUTURE;BARRIL;DOLAR DOS EUA;20290807;SIM;FUTUROS;0000000001,0000000000;AJUSTE;AULN29;OPC
COMMODITIES;AULN29;ISF - ICE;AULN29 AJUSTE;00000000000007;00000000002029;BRENT 1ST LINE FUTURE;BARRIL;DOLAR DOS EUA;20290807;SIM;FUTUROS;0000000001,0000000000;AJUSTE;AULN29;TER
COMMODITIES;AULQ26;ISF - ICE;AULQ26 AJUSTE;00000000000008;00000000002026;BRENT 1ST LINE FUTURE;BARRIL;DOLAR DOS EUA;20260908;SIM;FUTUROS;0000000001,0000000000;AJUSTE;AULQ26;OPC
COMMODITIES;AULQ26;ISF - ICE;AULQ26 AJUSTE;00000000000008;00000000002026;BRENT 1ST LINE FUTURE;BARRIL;DOLAR DOS EUA;20260908;SIM;FUTUROS;0000000001,0000000000;AJUSTE;AULQ26;TER
COMMODITIES;AULQ27;ISF - ICE;AULQ27 AJUSTE;00000000000008;00000000002027;BRENT 1ST LINE FUTURE;BARRIL;DOLAR DOS EUA;20270908;SIM;FUTUROS;0000000001,0000000000;AJUSTE;AULQ27;TER
COMMODITIES;AULQ27;ISF - ICE;AULQ27 AJUSTE;00000000000008;00000000002027;BRENT 1ST LINE FUTURE;BARRIL;DOLAR DOS EUA;20270908;SIM;FUTUROS;0000000001,0000000000;AJUSTE;AULQ27;OPC
COMMODITIES;AULQ28;ISF - ICE;AULQ28 AJUSTE;00000000000008;00000000002028;BRENT 1ST LINE FUTURE;BARRIL;DOLAR DOS EUA;20280908;SIM;FUTUROS;0000000001,0000000000;AJUSTE;AULQ28;TER
COMMODITIES;AULQ28;ISF - ICE;AULQ28 AJUSTE;00000000000008;00000000002028;BRENT 1ST LINE FUTURE;BARRIL;DOLAR DOS EUA;20280908;SIM;FUTUROS;0000000001,0000000000;AJUSTE;AULQ28;OPC
COMMODITIES;AULQ29;ISF - ICE;AULQ29 AJUSTE;00000000000008;00000000002029;BRENT 1ST LINE FUTURE;BARRIL;DOLAR DOS EUA;20290910;SIM;FUTUROS;0000000001,0000000000;AJUSTE;AULQ29;OPC
COMMODITIES;AULQ29;ISF - ICE;AULQ29 AJUSTE;00000000000008;00000000002029;BRENT 1ST LINE FUTURE;BARRIL;DOLAR DOS EUA;20290910;SIM;FUTUROS;0000000001,0000000000;AJUSTE;AULQ29;TER
COMMODITIES;AULU26;ISF - ICE;AULU26 AJUSTE;00000000000009;00000000002026;BRENT 1ST LINE FUTURE;BARRIL;DOLAR DOS EUA;20261007;SIM;FUTUROS;0000000001,0000000000;AJUSTE;AULU26;TER
COMMODITIES;AULU26;ISF - ICE;AULU26 AJUSTE;00000000000009;00000000002026;BRENT 1ST LINE FUTURE;BARRIL;DOLAR DOS EUA;20261007;SIM;FUTUROS;0000000001,0000000000;AJUSTE;AULU26;OPC
COMMODITIES;AULU27;ISF - ICE;AULU27 AJUSTE;00000000000009;00000000002027;BRENT 1ST LINE FUTURE;BARRIL;DOLAR DOS EUA;20271007;SIM;FUTUROS;0000000001,0000000000;AJUSTE;AULU27;TER
COMMODITIES;AULU27;ISF - ICE;AULU27 AJUSTE;00000000000009;00000000002027;BRENT 1ST LINE FUTURE;BARRIL;DOLAR DOS EUA;20271007;SIM;FUTUROS;0000000001,0000000000;AJUSTE;AULU27;OPC
COMMODITIES;AULU28;ISF - ICE;AULU28 AJUSTE;00000000000009;00000000002028;BRENT 1ST LINE FUTURE;BARRIL;DOLAR DOS EUA;20281006;SIM;FUTUROS;0000000001,0000000000;AJUSTE;AULU28;TER
COMMODITIES;AULU28;ISF - ICE;AULU28 AJUSTE;00000000000009;00000000002028;BRENT 1ST LINE FUTURE;BARRIL;DOLAR DOS EUA;20281006;SIM;FUTUROS;0000000001,0000000000;AJUSTE;AULU28;OPC
COMMODITIES;AULU29;ISF - ICE;AULU29 AJUSTE;00000000000009;00000000002029;BRENT 1ST LINE FUTURE;BARRIL;DOLAR DOS EUA;20291005;SIM;FUTUROS;0000000001,0000000000;AJUSTE;AULU29;OPC
COMMODITIES;AULU29;ISF - ICE;AULU29 AJUSTE;00000000000009;00000000002029;BRENT 1ST LINE FUTURE;BARRIL;DOLAR DOS EUA;20291005;SIM;FUTUROS;0000000001,0000000000;AJUSTE;AULU29;TER
COMMODITIES;AULV26;ISF - ICE;AULV26 AJUSTE;00000000000010;00000000002026;BRENT 1ST LINE FUTURE;BARRIL;DOLAR DOS EUA;20261109;SIM;FUTUROS;0000000001,0000000000;AJUSTE;AULV26;TER
COMMODITIES;AULV26;ISF - ICE;AULV26 AJUSTE;00000000000010;00000000002026;BRENT 1ST LINE FUTURE;BARRIL;DOLAR DOS EUA;20261109;SIM;FUTUROS;0000000001,0000000000;AJUSTE;AULV26;OPC
COMMODITIES;AULV27;ISF - ICE;AULV27 AJUSTE;00000000000010;00000000002027;BRENT 1ST LINE FUTURE;BARRIL;DOLAR DOS EUA;20271108;SIM;FUTUROS;0000000001,0000000000;AJUSTE;AULV27;TER
COMMODITIES;AULV27;ISF - ICE;AULV27 AJUSTE;00000000000010;00000000002027;BRENT 1ST LINE FUTURE;BARRIL;DOLAR DOS EUA;20271108;SIM;FUTUROS;0000000001,0000000000;AJUSTE;AULV27;OPC
COMMODITIES;AULV28;ISF - ICE;AULV28 AJUSTE;00000000000010;00000000002028;BRENT 1ST LINE FUTURE;BARRIL;DOLAR DOS EUA;20281108;SIM;FUTUROS;0000000001,0000000000;AJUSTE;AULV28;TER
COMMODITIES;AULV28;ISF - ICE;AULV28 AJUSTE;00000000000010;00000000002028;BRENT 1ST LINE FUTURE;BARRIL;DOLAR DOS EUA;20281108;SIM;FUTUROS;0000000001,0000000000;AJUSTE;AULV28;OPC
COMMODITIES;AULV29;ISF - ICE;AULV29 AJUSTE;00000000000010;00000000002029;BRENT 1ST LINE FUTURE;BARRIL;DOLAR DOS EUA;20291108;SIM;FUTUROS;0000000001,0000000000;AJUSTE;AULV29;TER
COMMODITIES;AULV29;ISF - ICE;AULV29 AJUSTE;00000000000010;00000000002029;BRENT 1ST LINE FUTURE;BARRIL;DOLAR DOS EUA;20291108;SIM;FUTUROS;0000000001,0000000000;AJUSTE;AULV29;OPC
COMMODITIES;AULX26;ISF - ICE;AULX26 AJUSTE;00000000000011;00000000002026;BRENT 1ST LINE FUTURE;BARRIL;DOLAR DOS EUA;20261207;SIM;FUTUROS;0000000001,0000000000;AJUSTE;AULX26;TER
COMMODITIES;AULX26;ISF - ICE;AULX26 AJUSTE;00000000000011;00000000002026;BRENT 1ST LINE FUTURE;BARRIL;DOLAR DOS EUA;20261207;SIM;FUTUROS;0000000001,0000000000;AJUSTE;AULX26;OPC
COMMODITIES;AULX27;ISF - ICE;AULX27 AJUSTE;00000000000011;00000000002027;BRENT 1ST LINE FUTURE;BARRIL;DOLAR DOS EUA;20271207;SIM;FUTUROS;0000000001,0000000000;AJUSTE;AULX27;OPC
COMMODITIES;AULX27;ISF - ICE;AULX27 AJUSTE;00000000000011;00000000002027;BRENT 1ST LINE FUTURE;BARRIL;DOLAR DOS EUA;20271207;SIM;FUTUROS;0000000001,0000000000;AJUSTE;AULX27;TER
COMMODITIES;AULX28;ISF - ICE;AULX28 AJUSTE;00000000000011;00000000002028;BRENT 1ST LINE FUTURE;BARRIL;DOLAR DOS EUA;20281207;SIM;FUTUROS;0000000001,0000000000;AJUSTE;AULX28;TER
COMMODITIES;AULX28;ISF - ICE;AULX28 AJUSTE;00000000000011;00000000002028;BRENT 1ST LINE FUTURE;BARRIL;DOLAR DOS EUA;20281207;SIM;FUTUROS;0000000001,0000000000;AJUSTE;AULX28;OPC
COMMODITIES;AULX29;ISF - ICE;AULX29 AJUSTE;00000000000011;00000000002029;BRENT 1ST LINE FUTURE;BARRIL;DOLAR DOS EUA;20291207;SIM;FUTUROS;0000000001,0000000000;AJUSTE;AULX29;TER
COMMODITIES;AULX29;ISF - ICE;AULX29 AJUSTE;00000000000011;00000000002029;BRENT 1ST LINE FUTURE;BARRIL;DOLAR DOS EUA;20291207;SIM;FUTUROS;0000000001,0000000000;AJUSTE;AULX29;OPC
COMMODITIES;AULZ26;ISF - ICE;AULZ26 AJUSTE;00000000000012;00000000002026;BRENT 1ST LINE FUTURE;BARRIL;DOLAR DOS EUA;20270108;SIM;FUTUROS;0000000001,0000000000;AJUSTE;AULZ26;TER
COMMODITIES;AULZ26;ISF - ICE;AULZ26 AJUSTE;00000000000012;00000000002026;BRENT 1ST LINE FUTURE;BARRIL;DOLAR DOS EUA;20270108;SIM;FUTUROS;0000000001,0000000000;AJUSTE;AULZ26;OPC
COMMODITIES;AULZ27;ISF - ICE;AULZ27 AJUSTE;00000000000012;00000000002027;BRENT 1ST LINE FUTURE;BARRIL;DOLAR DOS EUA;20280107;SIM;FUTUROS;0000000001,0000000000;AJUSTE;AULZ27;OPC
COMMODITIES;AULZ27;ISF - ICE;AULZ27 AJUSTE;00000000000012;00000000002027;BRENT 1ST LINE FUTURE;BARRIL;DOLAR DOS EUA;20280107;SIM;FUTUROS;0000000001,0000000000;AJUSTE;AULZ27;TER
COMMODITIES;AULZ28;ISF - ICE;AULZ28 AJUSTE;00000000000012;00000000002028;BRENT 1ST LINE FUTURE;BARRIL;DOLAR DOS EUA;20290108;SIM;FUTUROS;0000000001,0000000000;AJUSTE;AULZ28;TER
COMMODITIES;AULZ28;ISF - ICE;AULZ28 AJUSTE;00000000000012;00000000002028;BRENT 1ST LINE FUTURE;BARRIL;DOLAR DOS EUA;20290108;SIM;FUTUROS;0000000001,0000000000;AJUSTE;AULZ28;OPC
COMMODITIES;AULZ29;ISF - ICE;AULZ29 AJUSTE;00000000000012;00000000002029;BRENT 1ST LINE FUTURE;BARRIL;DOLAR DOS EUA;20300108;SIM;FUTUROS;0000000001,0000000000;AJUSTE;AULZ29;OPC
COMMODITIES;AULZ29;ISF - ICE;AULZ29 AJUSTE;00000000000012;00000000002029;BRENT 1ST LINE FUTURE;BARRIL;DOLAR DOS EUA;20300108;SIM;FUTUROS;0000000001,0000000000;AJUSTE;AULZ29;TER
COMMODITIES;AUL1;ISF - ICE;AUL1 AJUSTE;00000000000012;00000000002200;BRENT 1ST LINE FUTURE;BARRIL;DOLAR DOS EUA;22000115;SIM;FUTUROS;0000000001,0000000000;AJUSTE;AUL1;TER
COMMODITIES;AUL1;ISF - ICE;AUL1 AJUSTE;00000000000012;00000000002200;BRENT 1ST LINE FUTURE;BARRIL;DOLAR DOS EUA;22000115;SIM;FUTUROS;0000000001,0000000000;AJUSTE;AUL1;OPC
COMMODITIES;AUPF27;CME;AUPF27 AJUSTE;00000000000001;00000000002027;LIGA;TONELADA METRICA;DOLAR DOS EUA;20270205;SIM;ALUMINIO;0000000001,0000000000;AJUSTE;AUPF27;OPC
COMMODITIES;AUPF27;CME;AUPF27 AJUSTE;00000000000001;00000000002027;LIGA;TONELADA METRICA;DOLAR DOS EUA;20270205;SIM;ALUMINIO;0000000001,0000000000;AJUSTE;AUPF27;TER
COMMODITIES;AUPF28;CME;AUPF28 AJUSTE;00000000000001;00000000002028;LIGA;TONELADA METRICA;DOLAR DOS EUA;20280207;SIM;ALUMINIO;0000000001,0000000000;AJUSTE;AUPF28;OPC
COMMODITIES;AUPF28;CME;AUPF28 AJUSTE;00000000000001;00000000002028;LIGA;TONELADA METRICA;DOLAR DOS EUA;20280207;SIM;ALUMINIO;0000000001,0000000000;AJUSTE;AUPF28;TER
COMMODITIES;AUPF8;CME;AUPF8 Ajuste;00000000000001;00000000002018;LIGA;TONELADA METRICA;DOLAR DOS EUA;20180207;SIM;ALUMINIO;0000000001,0000000000;AJUSTE;AUPF8;COE
COMMODITIES;AUPG27;CME;AUPG27 AJUSTE;00000000000002;00000000002027;LIGA;TONELADA METRICA;DOLAR DOS EUA;20270305;SIM;ALUMINIO;0000000001,0000000000;AJUSTE;AUPG27;TER
COMMODITIES;AUPG27;CME;AUPG27 AJUSTE;00000000000002;00000000002027;LIGA;TONELADA METRICA;DOLAR DOS EUA;20270305;SIM;ALUMINIO;0000000001,0000000000;AJUSTE;AUPG27;OPC
COMMODITIES;AUPG28;CME;AUPG28 AJUSTE;00000000000002;00000000002028;LIGA;TONELADA METRICA;DOLAR DOS EUA;20280307;SIM;ALUMINIO;0000000001,0000000000;AJUSTE;AUPG28;TER
COMMODITIES;AUPG28;CME;AUPG28 AJUSTE;00000000000002;00000000002028;LIGA;TONELADA METRICA;DOLAR DOS EUA;20280307;SIM;ALUMINIO;0000000001,0000000000;AJUSTE;AUPG28;OPC
COMMODITIES;AUPH27;CME;AUPH27 AJUSTE;00000000000003;00000000002027;LIGA;TONELADA METRICA;DOLAR DOS EUA;20270407;SIM;ALUMINIO;0000000001,0000000000;AJUSTE;AUPH27;TER
COMMODITIES;AUPH27;CME;AUPH27 AJUSTE;00000000000003;00000000002027;LIGA;TONELADA METRICA;DOLAR DOS EUA;20270407;SIM;ALUMINIO;0000000001,0000000000;AJUSTE;AUPH27;OPC
COMMODITIES;AUPH28;CME;AUPH28 AJUSTE;00000000000003;00000000002028;LIGA;TONELADA METRICA;DOLAR DOS EUA;20280407;SIM;ALUMINIO;0000000001,0000000000;AJUSTE;AUPH28;OPC
COMMODITIES;AUPH28;CME;AUPH28 AJUSTE;00000000000003;00000000002028;LIGA;TONELADA METRICA;DOLAR DOS EUA;20280407;SIM;ALUMINIO;0000000001,0000000000;AJUSTE;AUPH28;TER
COMMODITIES;AUPJ27;CME;AUPJ27 AJUSTE;00000000000004;00000000002027;LIGA;TONELADA METRICA;DOLAR DOS EUA;20270507;SIM;ALUMINIO;0000000001,0000000000;AJUSTE;AUPJ27;OPC
COMMODITIES;AUPJ27;CME;AUPJ27 AJUSTE;00000000000004;00000000002027;LIGA;TONELADA METRICA;DOLAR DOS EUA;20270507;SIM;ALUMINIO;0000000001,0000000000;AJUSTE;AUPJ27;TER
COMMODITIES;AUPJ28;CME;AUPJ28 AJUSTE;00000000000004;00000000002028;LIGA;TONELADA METRICA;DOLAR DOS EUA;20280508;SIM;ALUMINIO;0000000001,0000000000;AJUSTE;AUPJ28;TER
COMMODITIES;AUPJ28;CME;AUPJ28 AJUSTE;00000000000004;00000000002028;LIGA;TONELADA METRICA;DOLAR DOS EUA;20280508;SIM;ALUMINIO;0000000001,0000000000;AJUSTE;AUPJ28;OPC
COMMODITIES;AUPK27;CME;AUPK27 AJUSTE;00000000000005;00000000002027;LIGA;TONELADA METRICA;DOLAR DOS EUA;20270604;SIM;ALUMINIO;0000000001,0000000000;AJUSTE;AUPK27;OPC
COMMODITIES;AUPK27;CME;AUPK27 AJUSTE;00000000000005;00000000002027;LIGA;TONELADA METRICA;DOLAR DOS EUA;20270604;SIM;ALUMINIO;0000000001,0000000000;AJUSTE;AUPK27;TER
COMMODITIES;AUPK28;CME;AUPK28 AJUSTE;00000000000005;00000000002028;LIGA;TONELADA METRICA;DOLAR DOS EUA;20280607;SIM;ALUMINIO;0000000001,0000000000;AJUSTE;AUPK28;OPC
COMMODITIES;AUPK28;CME;AUPK28 AJUSTE;00000000000005;00000000002028;LIGA;TONELADA METRICA;DOLAR DOS EUA;20280607;SIM;ALUMINIO;0000000001,0000000000;AJUSTE;AUPK28;TER
COMMODITIES;AUPM27;CME;AUPM27 AJUSTE;00000000000006;00000000002027;LIGA;TONELADA METRICA;DOLAR DOS EUA;20270707;SIM;ALUMINIO;0000000001,0000000000;AJUSTE;AUPM27;OPC
COMMODITIES;AUPM27;CME;AUPM27 AJUSTE;00000000000006;00000000002027;LIGA;TONELADA METRICA;DOLAR DOS EUA;20270707;SIM;ALUMINIO;0000000001,0000000000;AJUSTE;AUPM27;TER
COMMODITIES;AUPM28;CME;AUPM28 AJUSTE;00000000000006;00000000002028;LIGA;TONELADA METRICA;DOLAR DOS EUA;20280707;SIM;ALUMINIO;0000000001,0000000000;AJUSTE;AUPM28;TER
COMMODITIES;AUPM28;CME;AUPM28 AJUSTE;00000000000006;00000000002028;LIGA;TONELADA METRICA;DOLAR DOS EUA;20280707;SIM;ALUMINIO;0000000001,0000000000;AJUSTE;AUPM28;OPC
COMMODITIES;AUPM7;CME;AUPM7 Ajuste;00000000000006;00000000002017;LIGA;TONELADA METRICA;DOLAR DOS EUA;20170707;SIM;ALUMINIO;0000000001,0000000000;AJUSTE;AUPM7;COE
COMMODITIES;AUPN27;CME;AUPN27 AJUSTE;00000000000007;00000000002027;LIGA;TONELADA METRICA;DOLAR DOS EUA;20270806;SIM;ALUMINIO;0000000001,0000000000;AJUSTE;AUPN27;OPC
COMMODITIES;AUPN27;CME;AUPN27 AJUSTE;00000000000007;00000000002027;LIGA;TONELADA METRICA;DOLAR DOS EUA;20270806;SIM;ALUMINIO;0000000001,0000000000;AJUSTE;AUPN27;TER
COMMODITIES;AUPQ26;CME;AUPQ26 AJUSTE;00000000000008;00000000002026;LIGA;TONELADA METRICA;DOLAR DOS EUA;20260904;SIM;ALUMINIO;0000000001,0000000000;AJUSTE;AUPQ26;OPC
COMMODITIES;AUPQ26;CME;AUPQ26 AJUSTE;00000000000008;00000000002026;LIGA;TONELADA METRICA;DOLAR DOS EUA;20260904;SIM;ALUMINIO;0000000001,0000000000;AJUSTE;AUPQ26;TER
COMMODITIES;AUPQ27;CME;AUPQ27 AJUSTE;00000000000008;00000000002027;LIGA;TONELADA METRICA;DOLAR DOS EUA;20270908;SIM;ALUMINIO;0000000001,0000000000;AJUSTE;AUPQ27;OPC
COMMODITIES;AUPQ27;CME;AUPQ27 AJUSTE;00000000000008;00000000002027;LIGA;TONELADA METRICA;DOLAR DOS EUA;20270908;SIM;ALUMINIO;0000000001,0000000000;AJUSTE;AUPQ27;TER
COMMODITIES;AUPU26;CME;AUPU26 AJUSTE;00000000000009;00000000002026;LIGA;TONELADA METRICA;DOLAR DOS EUA;20261007;SIM;ALUMINIO;0000000001,0000000000;AJUSTE;AUPU26;TER
COMMODITIES;AUPU26;CME;AUPU26 AJUSTE;00000000000009;00000000002026;LIGA;TONELADA METRICA;DOLAR DOS EUA;20261007;SIM;ALUMINIO;0000000001,0000000000;AJUSTE;AUPU26;OPC
COMMODITIES;AUPU27;CME;AUPU27 AJUSTE;00000000000009;00000000002027;LIGA;TONELADA METRICA;DOLAR DOS EUA;20271007;SIM;ALUMINIO;0000000001,0000000000;AJUSTE;AUPU27;OPC
COMMODITIES;AUPU27;CME;AUPU27 AJUSTE;00000000000009;00000000002027;LIGA;TONELADA METRICA;DOLAR DOS EUA;20271007;SIM;ALUMINIO;0000000001,0000000000;AJUSTE;AUPU27;TER
COMMODITIES;AUPU29;CME;AUPU29 AJUSTE;00000000000009;00000000002029;LIGA;TONELADA METRICA;DOLAR DOS EUA;20291005;SIM;ALUMINIO;0000000001,0000000000;AJUSTE;AUPU29;TER
COMMODITIES;AUPU29;CME;AUPU29 AJUSTE;00000000000009;00000000002029;LIGA;TONELADA METRICA;DOLAR DOS EUA;20291005;SIM;ALUMINIO;0000000001,0000000000;AJUSTE;AUPU29;OPC
COMMODITIES;AUPV26;CME;AUPV26 AJUSTE;00000000000010;00000000002026;LIGA;TONELADA METRICA;DOLAR DOS EUA;20261109;SIM;ALUMINIO;0000000001,0000000000;AJUSTE;AUPV26;OPC
COMMODITIES;AUPV26;CME;AUPV26 AJUSTE;00000000000010;00000000002026;LIGA;TONELADA METRICA;DOLAR DOS EUA;20261109;SIM;ALUMINIO;0000000001,0000000000;AJUSTE;AUPV26;TER
COMMODITIES;AUPV27;CME;AUPV27 AJUSTE;00000000000010;00000000002027;LIGA;TONELADA METRICA;DOLAR DOS EUA;20271108;SIM;ALUMINIO;0000000001,0000000000;AJUSTE;AUPV27;TER
COMMODITIES;AUPV27;CME;AUPV27 AJUSTE;00000000000010;00000000002027;LIGA;TONELADA METRICA;DOLAR DOS EUA;20271108;SIM;ALUMINIO;0000000001,0000000000;AJUSTE;AUPV27;OPC
COMMODITIES;AUPV29;CME;AUPV29 AJUSTE;00000000000010;00000000002029;LIGA;TONELADA METRICA;DOLAR DOS EUA;20291108;SIM;ALUMINIO;0000000001,0000000000;AJUSTE;AUPV29;TER
COMMODITIES;AUPV29;CME;AUPV29 AJUSTE;00000000000010;00000000002029;LIGA;TONELADA METRICA;DOLAR DOS EUA;20291108;SIM;ALUMINIO;0000000001,0000000000;AJUSTE;AUPV29;OPC
COMMODITIES;AUPX26;CME;AUPX26 AJUSTE;00000000000011;00000000002026;LIGA;TONELADA METRICA;DOLAR DOS EUA;20261207;SIM;ALUMINIO;0000000001,0000000000;AJUSTE;AUPX26;TER
COMMODITIES;AUPX26;CME;AUPX26 AJUSTE;00000000000011;00000000002026;LIGA;TONELADA METRICA;DOLAR DOS EUA;20261207;SIM;ALUMINIO;0000000001,0000000000;AJUSTE;AUPX26;OPC
COMMODITIES;AUPX27;CME;AUPX27 AJUSTE;00000000000011;00000000002027;LIGA;TONELADA METRICA;DOLAR DOS EUA;20271207;SIM;ALUMINIO;0000000001,0000000000;AJUSTE;AUPX27;OPC
COMMODITIES;AUPX27;CME;AUPX27 AJUSTE;00000000000011;00000000002027;LIGA;TONELADA METRICA;DOLAR DOS EUA;20271207;SIM;ALUMINIO;0000000001,0000000000;AJUSTE;AUPX27;TER
COMMODITIES;AUPX29;CME;AUPX29 AJUSTE;00000000000011;00000000002029;LIGA;TONELADA METRICA;DOLAR DOS EUA;20291207;SIM;ALUMINIO;0000000001,0000000000;AJUSTE;AUPX29;OPC
COMMODITIES;AUPX29;CME;AUPX29 AJUSTE;00000000000011;00000000002029;LIGA;TONELADA METRICA;DOLAR DOS EUA;20291207;SIM;ALUMINIO;0000000001,0000000000;AJUSTE;AUPX29;TER
COMMODITIES;AUPZ26;CME;AUPZ26 AJUSTE;00000000000012;00000000002026;LIGA;TONELADA METRICA;DOLAR DOS EUA;20270108;SIM;ALUMINIO;0000000001,0000000000;AJUSTE;AUPZ26;TER
COMMODITIES;AUPZ26;CME;AUPZ26 AJUSTE;00000000000012;00000000002026;LIGA;TONELADA METRICA;DOLAR DOS EUA;20270108;SIM;ALUMINIO;0000000001,0000000000;AJUSTE;AUPZ26;OPC
COMMODITIES;AUPZ27;CME;AUPZ27 AJUSTE;00000000000012;00000000002027;LIGA;TONELADA METRICA;DOLAR DOS EUA;20280107;SIM;ALUMINIO;0000000001,0000000000;AJUSTE;AUPZ27;TER
COMMODITIES;AUPZ27;CME;AUPZ27 AJUSTE;00000000000012;00000000002027;LIGA;TONELADA METRICA;DOLAR DOS EUA;20280107;SIM;ALUMINIO;0000000001,0000000000;AJUSTE;AUPZ27;OPC
COMMODITIES;AUPZ29;CME;AUPZ29 AJUSTE;00000000000012;00000000002029;LIGA;TONELADA METRICA;DOLAR DOS EUA;20290108;SIM;ALUMINIO;0000000001,0000000000;AJUSTE;AUPZ29;TER
COMMODITIES;AUPZ29;CME;AUPZ29 AJUSTE;00000000000012;00000000002029;LIGA;TONELADA METRICA;DOLAR DOS EUA;20290108;SIM;ALUMINIO;0000000001,0000000000;AJUSTE;AUPZ29;OPC
COMMODITIES;AUW1;ISF - ICE;AUW1 AJUSTE;00000000000012;00000000002200;DATED BRENT FUT;BARRIL;DOLAR DOS EUA;22001208;SIM;PETROLEO;0000000001,0000000000;AJUSTE;AUW1;OPC
COMMODITIES;AUW1;ISF - ICE;AUW1 AJUSTE;00000000000012;00000000002200;DATED BRENT FUT;BARRIL;DOLAR DOS EUA;22001208;SIM;PETROLEO;0000000001,0000000000;AJUSTE;AUW1;TER
COMMODITIES;AVC1;IFE-ICE;AVC1 AJUSTE;00000000000011;00000000002200;PRIMEIRO FUTURO WTI 1ST LINE;BARRIL;DOLAR DOS EUA;22000202;SIM;PETROLEO;0000000001,0000000000;AJUSTE;AVC1;TER
COMMODITIES;AVC1;IFE-ICE;AVC1 AJUSTE;00000000000011;00000000002200;PRIMEIRO FUTURO WTI 1ST LINE;BARRIL;DOLAR DOS EUA;22000202;SIM;PETROLEO;0000000001,0000000000;AJUSTE;AVC1;OPC
COMMODITIES;AXU6;BMF;AXU6 Mínimo;00000000000009;00000000002026;ARABICO EM GRAOS- TIPO 4/5;SACA(60KG);DOLAR DOS EUA;20260929;SIM;CAFE;0000000001,0000000000;MINIMO;AXU6;TER
COMMODITIES;AXU6;BMF;AXU6 AJUSTE;00000000000009;00000000002026;ARABICO EM GRAOS- TIPO 4/5;SACA(60KG);DOLAR DOS EUA;20260929;SIM;CAFE;0000000001,0000000000;AJUSTE;AXU6;TER
COMMODITIES;AXU6;BMF;AXU6 AJUSTE;00000000000009;00000000002026;ARABICO EM GRAOS- TIPO 4/5;SACA(60KG);DOLAR DOS EUA;20260929;SIM;CAFE;0000000001,0000000000;AJUSTE;AXU6;OPC
COMMODITIES;AXU6;BMF;AXU6 Mínimo;00000000000009;00000000002026;ARABICO EM GRAOS- TIPO 4/5;SACA(60KG);DOLAR DOS EUA;20260929;SIM;CAFE;0000000001,0000000000;MINIMO;AXU6;OPC
COMMODITIES;AXU6;BMF;AXU6 Máximo;00000000000009;00000000002026;ARABICO EM GRAOS- TIPO 4/5;SACA(60KG);DOLAR DOS EUA;20260929;SIM;CAFE;0000000001,0000000000;MAXIMO;AXU6;OPC
COMMODITIES;AXU6;BMF;AXU6 Máximo;00000000000009;00000000002026;ARABICO EM GRAOS- TIPO 4/5;SACA(60KG);DOLAR DOS EUA;20260929;SIM;CAFE;0000000001,0000000000;MAXIMO;AXU6;TER
COMMODITIES;AXU7;BMF;AXU7 AJUSTE;00000000000009;00000000002027;ARABICO EM GRAOS- TIPO 4/5;SACA(60KG);DOLAR DOS EUA;20270929;SIM;CAFE;0000000001,0000000000;AJUSTE;AXU7;OPC
COMMODITIES;AXU7;BMF;AXU7 AJUSTE;00000000000009;00000000002027;ARABICO EM GRAOS- TIPO 4/5;SACA(60KG);DOLAR DOS EUA;20270929;SIM;CAFE;0000000001,0000000000;AJUSTE;AXU7;TER
COMMODITIES;AXZ6;BMF;AXZ6 AJUSTE;00000000000012;00000000002026;ARABICO EM GRAOS- TIPO 4/5;SACA(60KG);DOLAR DOS EUA;20261228;SIM;CAFE;0000000001,0000000000;AJUSTE;AXZ6;OPC
COMMODITIES;AXZ6;BMF;AXZ6 AJUSTE;00000000000012;00000000002026;ARABICO EM GRAOS- TIPO 4/5;SACA(60KG);DOLAR DOS EUA;20261228;SIM;CAFE;0000000001,0000000000;AJUSTE;AXZ6;TER
COMMODITIES;BACAINDX;BMF;BACAINDX Fechamento;00000000000012;00000000002199;GORDO - ESALQ SÃO PAULO;ARROBA LIQUIDA;REAL;22000102;SIM;BOI;0000000001,0000000000;FECHAMENTO;BACAINDX;COE
COMMODITIES;BACNCASC;CEPEA;BACNCASC Ajuste;00000000000012;00000000002199;EM GRAOS - CEPEA MEDIA CASCAVEL (PR) - ATACADO;SACA(60KG);REAL;21991230;SIM;MILHO;0000000001,0000000000;AJUSTE;BACNCASC;COE
COMMODITIES;BAGCCASC;CEPEA;BAGCCASC Ajuste;00000000000012;00000000002199;EM GRAOS - CEPEA MÉDIA CASCAVEL (PR) - PRODUTOR;SACA(60KG);REAL;21991230;SIM;MILHO;0000000001,0000000000;AJUSTE;BAGCCASC;COE
COMMODITIES;BAPG7;NYMEX;BAPG7 AJUSTE;00000000000002;00000000002027;-;GALAO;DOLAR DOS EUA;20270305;SIM;PROPANO;0000000001,0000000000;AJUSTE;BAPG7;TER
COMMODITIES;BAPG7;NYMEX;BAPG7 AJUSTE;00000000000002;00000000002027;-;GALAO;DOLAR DOS EUA;20270305;SIM;PROPANO;0000000001,0000000000;AJUSTE;BAPG7;OPC
COMMODITIES;BAPQ6;NYMEX;BAPQ6 AJUSTE;00000000000008;00000000002026;-;GALAO;DOLAR DOS EUA;20260908;SIM;PROPANO;0000000001,0000000000;AJUSTE;BAPQ6;TER
COMMODITIES;BAPQ6;NYMEX;BAPQ6 AJUSTE;00000000000008;00000000002026;-;GALAO;DOLAR DOS EUA;20260908;SIM;PROPANO;0000000001,0000000000;AJUSTE;BAPQ6;OPC
COMMODITIES;BAPU6;NYMEX;BAPU6 AJUSTE;00000000000009;00000000002026;-;GALAO;DOLAR DOS EUA;20261007;SIM;PROPANO;0000000001,0000000000;AJUSTE;BAPU6;TER
COMMODITIES;BAPU6;NYMEX;BAPU6 AJUSTE;00000000000009;00000000002026;-;GALAO;DOLAR DOS EUA;20261007;SIM;PROPANO;0000000001,0000000000;AJUSTE;BAPU6;OPC
COMMODITIES;BAPV6;NYMEX;BAPV6 AJUSTE;00000000000010;00000000002026;-;GALAO;DOLAR DOS EUA;20261109;SIM;PROPANO;0000000001,0000000000;AJUSTE;BAPV6;TER
COMMODITIES;BAPV6;NYMEX;BAPV6 AJUSTE;00000000000010;00000000002026;-;GALAO;DOLAR DOS EUA;20261109;SIM;PROPANO;0000000001,0000000000;AJUSTE;BAPV6;OPC
COMMODITIES;BAPV7;NYMEX;BAPV7 AJUSTE;00000000000010;00000000002027;-;GALAO;DOLAR DOS EUA;20271108;SIM;PROPANO;0000000001,0000000000;AJUSTE;BAPV7;OPC
COMMODITIES;BAPV7;NYMEX;BAPV7 AJUSTE;00000000000010;00000000002027;-;GALAO;DOLAR DOS EUA;20271108;SIM;PROPANO;0000000001,0000000000;AJUSTE;BAPV7;TER
COMMODITIES;BAPX6;NYMEX;BAPX6 AJUSTE;00000000000011;00000000002026;-;GALAO;DOLAR DOS EUA;20261207;SIM;PROPANO;0000000001,0000000000;AJUSTE;BAPX6;TER
COMMODITIES;BAPX6;NYMEX;BAPX6 AJUSTE;00000000000011;00000000002026;-;GALAO;DOLAR DOS EUA;20261207;SIM;PROPANO;0000000001,0000000000;AJUSTE;BAPX6;OPC
COMMODITIES;BAPX7;NYMEX;BAPX7 AJUSTE;00000000000011;00000000002027;-;GALAO;DOLAR DOS EUA;20271207;SIM;PROPANO;0000000001,0000000000;AJUSTE;BAPX7;OPC
COMMODITIES;BAPX7;NYMEX;BAPX7 AJUSTE;00000000000011;00000000002027;-;GALAO;DOLAR DOS EUA;20271207;SIM;PROPANO;0000000001,0000000000;AJUSTE;BAPX7;TER
COMMODITIES;BAPZ6;NYMEX;BAPZ6 AJUSTE;00000000000012;00000000002026;-;GALAO;DOLAR DOS EUA;20270108;SIM;PROPANO;0000000001,0000000000;AJUSTE;BAPZ6;TER
COMMODITIES;BAPZ6;NYMEX;BAPZ6 AJUSTE;00000000000012;00000000002026;-;GALAO;DOLAR DOS EUA;20270108;SIM;PROPANO;0000000001,0000000000;AJUSTE;BAPZ6;OPC
COMMODITIES;BASUINSB;CEPEA;BASUINSB;00000000000012;00000000002201;CRISTAL;SACA(60KG);REAL;22001208;SIM;ACUCAR;0000000001,0000000000;FECHAMENTO;BASUINSB;TER
COMMODITIES;BASUINSB;CEPEA;BASUINSB;00000000000012;00000000002201;CRISTAL;SACA(60KG);REAL;22001208;SIM;ACUCAR;0000000001,0000000000;FECHAMENTO;BASUINSB;OPC
COMMODITIES;BASUSASR;CEPEA;BASUSASR;00000000000012;00000000002200;CRISTAL;SACA(60KG);REAL;22001208;SIM;ACUCAR;0000000001,0000000000;FECHAMENTO;BASUSASR;OPC
COMMODITIES;BASUSASR;CEPEA;BASUSASR;00000000000012;00000000002200;CRISTAL;SACA(60KG);REAL;22001208;SIM;ACUCAR;0000000001,0000000000;FECHAMENTO;BASUSASR;TER
COMMODITIES;BGIF17;BMF;BGIF17 Ajuste;00000000000001;00000000002017;GORDO;ARROBA LIQUIDA;REAL;20170207;SIM;BOI;0000000001,0000000000;AJUSTE;;COE
COMMODITIES;BGIF18;BMF;BGIF18 Ajuste;00000000000001;00000000002018;GORDO;ARROBA LIQUIDA;REAL;20180207;SIM;BOI;0000000001,0000000000;AJUSTE;LSF8;COE
COMMODITIES;BGIG18;BMF;BGIG18 Ajuste;00000000000002;00000000002018;GORDO;ARROBA LIQUIDA;REAL;20180307;SIM;BOI;0000000001,0000000000;AJUSTE;LSG8;COE
COMMODITIES;BGIH17;BMF;BGIH17 Ajuste;00000000000003;00000000002017;GORDO;ARROBA LIQUIDA;REAL;20170407;SIM;BOI;0000000001,0000000000;AJUSTE;;COE
COMMODITIES;BGIH17;BMF;BGIH17_Fechamento;00000000000003;00000000002017;GORDO;ARROBA LIQUIDA;REAL;20170407;SIM;BOI;0000000001,0000000000;FECHAMENTO;;COE
COMMODITIES;BGIJ17;BMF;BGIJ17 Fechamento;00000000000004;00000000002017;GORDO;ARROBA LIQUIDA;REAL;20170505;SIM;BOI;0000000001,0000000000;FECHAMENTO;LSJ7;COE
COMMODITIES;BGIJ17;BMF;BGIJ17 Ajuste;00000000000004;00000000002017;GORDO;ARROBA LIQUIDA;REAL;20170505;SIM;BOI;0000000001,0000000000;AJUSTE;LSJ7;COE
COMMODITIES;BGIK17;BMF;BGIK17 Ajuste;00000000000005;00000000002017;GORDO;ARROBA LIQUIDA;REAL;20170608;SIM;BOI;0000000001,0000000000;AJUSTE;;COE
COMMODITIES;BGIK17;BMF;BGIK17 Fechamento;00000000000005;00000000002017;GORDO;ARROBA LIQUIDA;REAL;20170608;SIM;BOI;0000000001,0000000000;FECHAMENTO;;COE
COMMODITIES;BGIK18;BMF;BGIK18 Ajuste;00000000000005;00000000002018;GORDO;ARROBA LIQUIDA;REAL;20180606;SIM;BOI;0000000001,0000000000;AJUSTE;LSK8;COE
COMMODITIES;BGIM17;BMF;BGIM17 Fechamento;00000000000006;00000000002017;GORDO;ARROBA LIQUIDA;REAL;20170707;SIM;BOI;0000000001,0000000000;FECHAMENTO;LSM7;COE
COMMODITIES;BGIM17;BMF;BGIM17 Máximo;00000000000006;00000000002017;GORDO;ARROBA LIQUIDA;REAL;20170707;SIM;BOI;0000000001,0000000000;MAXIMO;LSM7;COE
COMMODITIES;BGIM17;BMF;BGIM17 Mínimo;00000000000006;00000000002017;GORDO;ARROBA LIQUIDA;REAL;20170707;SIM;BOI;0000000001,0000000000;MINIMO;LSM7;COE
COMMODITIES;BGIM17;BMF;BGIM17 Ajuste;00000000000006;00000000002017;GORDO;ARROBA LIQUIDA;REAL;20170707;SIM;BOI;0000000001,0000000000;AJUSTE;LSM7;COE
COMMODITIES;BGIM6;BMF;BGIM16 Ajuste;00000000000006;00000000002016;GORDO;ARROBA LIQUIDA;REAL;20160707;SIM;BOI;0000000001,0000000000;AJUSTE;;COE
COMMODITIES;BGIN17;BMF;BGIN17 Ajuste;00000000000007;00000000002017;GORDO;ARROBA LIQUIDA;REAL;20170807;SIM;BOI;0000000001,0000000000;AJUSTE;;COE
COMMODITIES;BGIN26;B3;BGIN26 Fechamento;00000000000007;00000000002026;-;-;REAL;20260807;SIM;BOI;0000000001,0000000000;FECHAMENTO;BGIN26;OPC
COMMODITIES;BGIN26;B3;BGIN26 Fechamento;00000000000007;00000000002026;-;-;REAL;20260807;SIM;BOI;0000000001,0000000000;FECHAMENTO;BGIN26;TER
COMMODITIES;BGIN6;BMF;BGIN16 Ajuste;00000000000007;00000000002016;GORDO;ARROBA LIQUIDA;REAL;20160805;SIM;BOI;0000000001,0000000000;AJUSTE;;COE
COMMODITIES;BGIQ26;B3;BGIQ26 Fechamento;00000000000008;00000000002026;-;-;REAL;20260908;SIM;BOI;0000000001,0000000000;FECHAMENTO;BGIQ26;OPC
COMMODITIES;BGIQ26;B3;BGIQ26 Fechamento;00000000000008;00000000002026;-;-;REAL;20260908;SIM;BOI;0000000001,0000000000;FECHAMENTO;BGIQ26;TER
COMMODITIES;BGIU17;BMF;BGIU17 Ajuste;00000000000009;00000000002017;GORDO;ARROBA LIQUIDA;REAL;20171006;SIM;BOI;0000000001,0000000000;AJUSTE;LSU7;COE
COMMODITIES;BGIU17;BMF;BGIU17 Fechamento;00000000000009;00000000002017;GORDO;ARROBA LIQUIDA;REAL;20171006;SIM;BOI;0000000001,0000000000;FECHAMENTO;LSU7;COE
COMMODITIES;BGIU17;BMF;BGIU17 Minimo;00000000000009;00000000002017;GORDO;ARROBA LIQUIDA;REAL;20171006;SIM;BOI;0000000001,0000000000;MINIMO;LSU7;COE
COMMODITIES;BGIU17;BMF;BGIU17 Maximo;00000000000009;00000000002017;GORDO;ARROBA LIQUIDA;REAL;20171006;SIM;BOI;0000000001,0000000000;MAXIMO;LSU7;COE
COMMODITIES;BGIU6;BMF;BGIU16 Ajuste;00000000000009;00000000002016;GORDO;ARROBA LIQUIDA;REAL;20161007;SIM;BOI;0000000001,0000000000;AJUSTE;;COE
COMMODITIES;BGIV17;BMF;BGIV17 Ajuste;00000000000010;00000000002017;GORDO;ARROBA LIQUIDA;REAL;20171107;SIM;BOI;0000000001,0000000000;AJUSTE;LSV7;COE
COMMODITIES;BGIV18;BMF;BGIV18 Fechamento;00000000000010;00000000002018;GORDO;ARROBA LIQUIDA;REAL;20181107;SIM;BOI;0000000001,0000000000;FECHAMENTO;LSV8;COE
COMMODITIES;BGIV18;BMF;BGIV18 Ajuste;00000000000010;00000000002018;GORDO;ARROBA LIQUIDA;REAL;20181107;SIM;BOI;0000000001,0000000000;AJUSTE;LSV8;COE
COMMODITIES;BGIV6;BMF;BGIV16 Ajuste;00000000000010;00000000002016;GORDO;ARROBA LIQUIDA;REAL;20161108;SIM;BOI;0000000001,0000000000;AJUSTE;LSV16;COE
COMMODITIES;BGIX17;BMF;BGIX17 Fechamento;00000000000011;00000000002017;GORDO;ARROBA LIQUIDA;REAL;20171207;SIM;BOI;0000000001,0000000000;FECHAMENTO;LSX7;COE
COMMODITIES;BGIX17;BMF;BGIX17 Ajuste;00000000000011;00000000002017;GORDO;ARROBA LIQUIDA;REAL;20171207;SIM;BOI;0000000001,0000000000;AJUSTE;LSX7;COE
COMMODITIES;BGIX6;BMF;BGIX16 Ajuste;00000000000011;00000000002016;GORDO;ARROBA LIQUIDA;REAL;20161207;SIM;BOI;0000000001,0000000000;AJUSTE;;COE
COMMODITIES;BGIZ17;BMF;BGIZ17 Fechamento;00000000000012;00000000002017;GORDO;ARROBA LIQUIDA;REAL;20180108;SIM;BOI;0000000001,0000000000;FECHAMENTO;;COE
COMMODITIES;BGIZ17;BMF;BGIZ17 Ajuste;00000000000012;00000000002017;GORDO;ARROBA LIQUIDA;REAL;20180108;SIM;BOI;0000000001,0000000000;AJUSTE;;COE
COMMODITIES;BGIZ6;BMF;BGIZ16 Ajuste;00000000000012;00000000002016;GORDO;ARROBA LIQUIDA;REAL;20170105;SIM;BOI;0000000001,0000000000;AJUSTE;;COE
COMMODITIES;BOF7;CBOT;BOF7 Mínimo;00000000000001;00000000002027;OLEO;POUND;DOLAR DOS EUA;20270121;SIM;SOJA;0000000000,0100000000;MINIMO;BOF7;TER
COMMODITIES;BOF7;CBOT;BOF7 Mínimo;00000000000001;00000000002027;OLEO;POUND;DOLAR DOS EUA;20270121;SIM;SOJA;0000000000,0100000000;MINIMO;BOF7;OPC
COMMODITIES;BOF7;CBOT;BOF7 Máximo;00000000000001;00000000002027;OLEO;POUND;DOLAR DOS EUA;20270121;SIM;SOJA;0000000000,0100000000;MAXIMO;BOF7;TER
COMMODITIES;BOF7;CBOT;BOF7 Máximo;00000000000001;00000000002027;OLEO;POUND;DOLAR DOS EUA;20270121;SIM;SOJA;0000000000,0100000000;MAXIMO;BOF7;OPC
COMMODITIES;BOF7;CBOT;BOF7 AJUSTE;00000000000001;00000000002027;OLEO;POUND;DOLAR DOS EUA;20270121;SIM;SOJA;0000000000,0100000000;AJUSTE;BOF7;TER
COMMODITIES;BOF7;CBOT;BOF7 AJUSTE;00000000000001;00000000002027;OLEO;POUND;DOLAR DOS EUA;20270121;SIM;SOJA;0000000000,0100000000;AJUSTE;BOF7;OPC
COMMODITIES;BOH7;CBOT;BOH7 Máximo;00000000000003;00000000002027;OLEO;POUND;DOLAR DOS EUA;20270319;SIM;SOJA;0000000000,0100000000;MAXIMO;BOH7;OPC
COMMODITIES;BOH7;CBOT;BOH7 Mínimo;00000000000003;00000000002027;OLEO;POUND;DOLAR DOS EUA;20270319;SIM;SOJA;0000000000,0100000000;MINIMO;BOH7;OPC
COMMODITIES;BOH7;CBOT;BOH7 Máximo;00000000000003;00000000002027;OLEO;POUND;DOLAR DOS EUA;20270319;SIM;SOJA;0000000000,0100000000;MAXIMO;BOH7;TER
COMMODITIES;BOH7;CBOT;BOH7 AJUSTE;00000000000003;00000000002027;OLEO;POUND;DOLAR DOS EUA;20270319;SIM;SOJA;0000000000,0100000000;AJUSTE;BOH7;OPC
COMMODITIES;BOH7;CBOT;BOH7 AJUSTE;00000000000003;00000000002027;OLEO;POUND;DOLAR DOS EUA;20270319;SIM;SOJA;0000000000,0100000000;AJUSTE;BOH7;TER
COMMODITIES;BOH7;CBOT;BOH7 Mínimo;00000000000003;00000000002027;OLEO;POUND;DOLAR DOS EUA;20270319;SIM;SOJA;0000000000,0100000000;MINIMO;BOH7;TER
COMMODITIES;BOH8;CBOT;BOH8 Ajuste;00000000000003;00000000002018;OLEO;POUND;DOLAR DOS EUA;20180321;SIM;SOJA;0000000000,0100000000;AJUSTE;BOH8;COE
COMMODITIES;BOK7;CBOT;BOK7 Máximo;00000000000005;00000000002027;OLEO;POUND;DOLAR DOS EUA;20270521;SIM;SOJA;0000000000,0100000000;MAXIMO;BOK7;TER
COMMODITIES;BOK7;CBOT;BOK7 AJUSTE;00000000000005;00000000002027;OLEO;POUND;DOLAR DOS EUA;20270521;SIM;SOJA;0000000000,0100000000;AJUSTE;BOK7;TER
COMMODITIES;BOK7;CBOT;BOK7 Máximo;00000000000005;00000000002027;OLEO;POUND;DOLAR DOS EUA;20270521;SIM;SOJA;0000000000,0100000000;MAXIMO;BOK7;OPC
COMMODITIES;BOK7;CBOT;BOK7 AJUSTE;00000000000005;00000000002027;OLEO;POUND;DOLAR DOS EUA;20270521;SIM;SOJA;0000000000,0100000000;AJUSTE;BOK7;OPC
COMMODITIES;BOK7;CBOT;BOK7 Mínimo;00000000000005;00000000002027;OLEO;POUND;DOLAR DOS EUA;20270521;SIM;SOJA;0000000000,0100000000;MINIMO;BOK7;OPC
COMMODITIES;BOK7;CBOT;BOK7 Mínimo;00000000000005;00000000002027;OLEO;POUND;DOLAR DOS EUA;20270521;SIM;SOJA;0000000000,0100000000;MINIMO;BOK7;TER
COMMODITIES;BOK8;CBOT;BOK8 Ajuste;00000000000005;00000000002018;OLEO;POUND;DOLAR DOS EUA;20180521;SIM;SOJA;0000000000,0100000000;AJUSTE;BOK8;COE
COMMODITIES;BON7;CBOT;BON7 Mínimo;00000000000007;00000000002027;OLEO;POUND;DOLAR DOS EUA;20270721;SIM;SOJA;0000000000,0100000000;MINIMO;BON7;TER
COMMODITIES;BON7;CBOT;BON7 Mínimo;00000000000007;00000000002027;OLEO;POUND;DOLAR DOS EUA;20270721;SIM;SOJA;0000000000,0100000000;MINIMO;BON7;OPC
COMMODITIES;BON7;CBOT;BON7 Máximo;00000000000007;00000000002027;OLEO;POUND;DOLAR DOS EUA;20270721;SIM;SOJA;0000000000,0100000000;MAXIMO;BON7;OPC
COMMODITIES;BON7;CBOT;BON7 Máximo;00000000000007;00000000002027;OLEO;POUND;DOLAR DOS EUA;20270721;SIM;SOJA;0000000000,0100000000;MAXIMO;BON7;TER
COMMODITIES;BON7;CBOT;BON7 AJUSTE;00000000000007;00000000002027;OLEO;POUND;DOLAR DOS EUA;20270721;SIM;SOJA;0000000000,0100000000;AJUSTE;BON7;TER
COMMODITIES;BON7;CBOT;BON7 AJUSTE;00000000000007;00000000002027;OLEO;POUND;DOLAR DOS EUA;20270721;SIM;SOJA;0000000000,0100000000;AJUSTE;BON7;OPC
COMMODITIES;BON8;CBOT;BON8 Ajuste;00000000000007;00000000002018;OLEO;POUND;DOLAR DOS EUA;20180720;SIM;SOJA;0000000000,0100000000;AJUSTE;BON8;COE
COMMODITIES;BOQ6;CBOT;BOQ6 AJUSTE;00000000000008;00000000002026;OLEO;POUND;DOLAR DOS EUA;20260821;SIM;SOJA;0000000000,0100000000;AJUSTE;BOQ6;OPC
COMMODITIES;BOQ6;CBOT;BOQ6 Minimo;00000000000008;00000000002016;OLEO;POUND;DOLAR DOS EUA;20160819;SIM;SOJA;0000000001,0000000000;MINIMO;BOQ6;TER
COMMODITIES;BOQ6;CBOT;BOQ6 Minimo;00000000000008;00000000002016;OLEO;POUND;DOLAR DOS EUA;20160819;SIM;SOJA;0000000001,0000000000;MINIMO;BOQ6;OPC
COMMODITIES;BOQ6;CBOT;BOQ6 Máximo;00000000000008;00000000002026;OLEO;POUND;DOLAR DOS EUA;20260821;SIM;SOJA;0000000000,0100000000;MAXIMO;BOQ6;TER
COMMODITIES;BOQ6;CBOT;BOQ6 Máximo;00000000000008;00000000002026;OLEO;POUND;DOLAR DOS EUA;20260821;SIM;SOJA;0000000000,0100000000;MAXIMO;BOQ6;OPC
COMMODITIES;BOQ6;CBOT;BOQ6 AJUSTE;00000000000008;00000000002026;OLEO;POUND;DOLAR DOS EUA;20260821;SIM;SOJA;0000000000,0100000000;AJUSTE;BOQ6;TER
COMMODITIES;BOQ7;CBOT;BOQ7 AJUSTE;00000000000008;00000000002027;OLEO;POUND;DOLAR DOS EUA;20270820;SIM;SOJA;0000000000,0100000000;AJUSTE;BOQ7;OPC
COMMODITIES;BOQ7;CBOT;BOQ7 AJUSTE;00000000000008;00000000002027;OLEO;POUND;DOLAR DOS EUA;20270820;SIM;SOJA;0000000000,0100000000;AJUSTE;BOQ7;TER
COMMODITIES;BOQ8;CBOT;BOQ8 Ajuste;00000000000008;00000000002018;OLEO;POUND;DOLAR DOS EUA;20180821;SIM;SOJA;0000000000,0100000000;AJUSTE;BOQ8;COE
COMMODITIES;BOU6;CBOT;BOU6 Máximo;00000000000009;00000000002026;OLEO;POUND;DOLAR DOS EUA;20260921;SIM;SOJA;0000000000,0100000000;MAXIMO;BOU6;OPC
COMMODITIES;BOU6;CBOT;BOU6 Mínimo;00000000000009;00000000002026;OLEO;POUND;DOLAR DOS EUA;20260921;SIM;SOJA;0000000000,0100000000;MINIMO;BOU6;OPC
COMMODITIES;BOU6;CBOT;BOU6 AJUSTE;00000000000009;00000000002026;OLEO;POUND;DOLAR DOS EUA;20260921;SIM;SOJA;0000000000,0100000000;AJUSTE;BOU6;TER
COMMODITIES;BOU6;CBOT;BOU6 AJUSTE;00000000000009;00000000002026;OLEO;POUND;DOLAR DOS EUA;20260921;SIM;SOJA;0000000000,0100000000;AJUSTE;BOU6;OPC
COMMODITIES;BOU6;CBOT;BOU6 Máximo;00000000000009;00000000002026;OLEO;POUND;DOLAR DOS EUA;20260921;SIM;SOJA;0000000000,0100000000;MAXIMO;BOU6;TER
COMMODITIES;BOU6;CBOT;BOU6 Mínimo;00000000000009;00000000002026;OLEO;POUND;DOLAR DOS EUA;20260921;SIM;SOJA;0000000000,0100000000;MINIMO;BOU6;TER
COMMODITIES;BOU7;CBOT;BOU7 Máximo;00000000000009;00000000002027;OLEO;POUND;DOLAR DOS EUA;20270921;SIM;SOJA;0000000000,0100000000;MAXIMO;BOU7;OPC
COMMODITIES;BOU7;CBOT;BOU7 Máximo;00000000000009;00000000002027;OLEO;POUND;DOLAR DOS EUA;20270921;SIM;SOJA;0000000000,0100000000;MAXIMO;BOU7;TER
COMMODITIES;BOU7;CBOT;BOU7 AJUSTE;00000000000009;00000000002027;OLEO;POUND;DOLAR DOS EUA;20270921;SIM;SOJA;0000000000,0100000000;AJUSTE;BOU7;TER
COMMODITIES;BOU7;CBOT;BOU7 AJUSTE;00000000000009;00000000002027;OLEO;POUND;DOLAR DOS EUA;20270921;SIM;SOJA;0000000000,0100000000;AJUSTE;BOU7;OPC
COMMODITIES;BOU7;CBOT;BOU7 Mínimo;00000000000009;00000000002027;OLEO;POUND;DOLAR DOS EUA;20270921;SIM;SOJA;0000000000,0100000000;MINIMO;BOU7;OPC
COMMODITIES;BOU7;CBOT;BOU7 Mínimo;00000000000009;00000000002027;OLEO;POUND;DOLAR DOS EUA;20270921;SIM;SOJA;0000000000,0100000000;MINIMO;BOU7;TER
COMMODITIES;BOU8;CBOT;BOU8 Ajuste;00000000000009;00000000002018;OLEO;POUND;DOLAR DOS EUA;20180921;SIM;SOJA;0000000000,0100000000;AJUSTE;BOU8;COE
COMMODITIES;BOV6;CBOT;BOV6 Mínimo;00000000000010;00000000002026;OLEO;POUND;DOLAR DOS EUA;20261021;SIM;SOJA;0000000000,0100000000;MINIMO;BOV6;TER
COMMODITIES;BOV6;CBOT;BOV6 Mínimo;00000000000010;00000000002026;OLEO;POUND;DOLAR DOS EUA;20261021;SIM;SOJA;0000000000,0100000000;MINIMO;BOV6;OPC
COMMODITIES;BOV6;CBOT;BOV6 Máximo;00000000000010;00000000002026;OLEO;POUND;DOLAR DOS EUA;20261021;SIM;SOJA;0000000000,0100000000;MAXIMO;BOV6;TER
COMMODITIES;BOV6;CBOT;BOV6 AJUSTE;00000000000010;00000000002026;OLEO;POUND;DOLAR DOS EUA;20261021;SIM;SOJA;0000000000,0100000000;AJUSTE;BOV6;TER
COMMODITIES;BOV6;CBOT;BOV6 AJUSTE;00000000000010;00000000002026;OLEO;POUND;DOLAR DOS EUA;20261021;SIM;SOJA;0000000000,0100000000;AJUSTE;BOV6;OPC
COMMODITIES;BOV6;CBOT;BOV6 Máximo;00000000000010;00000000002026;OLEO;POUND;DOLAR DOS EUA;20261021;SIM;SOJA;0000000000,0100000000;MAXIMO;BOV6;OPC
COMMODITIES;BOV7;CBOT;BOV7 AJUSTE;00000000000010;00000000002027;OLEO;POUND;DOLAR DOS EUA;20271021;SIM;SOJA;0000000000,0100000000;AJUSTE;BOV7;OPC
COMMODITIES;BOV7;CBOT;BOV7 AJUSTE;00000000000010;00000000002027;OLEO;POUND;DOLAR DOS EUA;20271021;SIM;SOJA;0000000000,0100000000;AJUSTE;BOV7;TER
COMMODITIES;BOV8;CBOT;BOV8 Ajuste;00000000000010;00000000002018;OLEO;POUND;DOLAR DOS EUA;20181019;SIM;SOJA;0000000000,0100000000;AJUSTE;BOV8;COE
COMMODITIES;BOZ6;CBOT;BOZ6 Máximo;00000000000012;00000000002026;OLEO;POUND;DOLAR DOS EUA;20261221;SIM;SOJA;0000000000,0100000000;MAXIMO;BOZ6;OPC
COMMODITIES;BOZ6;CBOT;BOZ6 Máximo;00000000000012;00000000002026;OLEO;POUND;DOLAR DOS EUA;20261221;SIM;SOJA;0000000000,0100000000;MAXIMO;BOZ6;TER
COMMODITIES;BOZ6;CBOT;BOZ6 Mínimo;00000000000012;00000000002026;OLEO;POUND;DOLAR DOS EUA;20261221;SIM;SOJA;0000000000,0100000000;MINIMO;BOZ6;TER
COMMODITIES;BOZ6;CBOT;BOZ6 Mínimo;00000000000012;00000000002026;OLEO;POUND;DOLAR DOS EUA;20261221;SIM;SOJA;0000000000,0100000000;MINIMO;BOZ6;OPC
COMMODITIES;BOZ6;CBOT;BOZ6 AJUSTE;00000000000012;00000000002026;OLEO;POUND;DOLAR DOS EUA;20261221;SIM;SOJA;0000000000,0100000000;AJUSTE;BOZ6;OPC
COMMODITIES;BOZ6;CBOT;BOZ6 AJUSTE;00000000000012;00000000002026;OLEO;POUND;DOLAR DOS EUA;20261221;SIM;SOJA;0000000000,0100000000;AJUSTE;BOZ6;TER
COMMODITIES;BOZ7;CBOT;BOZ7 AJUSTE;00000000000012;00000000002027;OLEO;POUND;DOLAR DOS EUA;20271221;SIM;SOJA;0000000000,0100000000;AJUSTE;BOZ7;TER
COMMODITIES;BOZ7;CBOT;BOZ7 AJUSTE;00000000000012;00000000002027;OLEO;POUND;DOLAR DOS EUA;20271221;SIM;SOJA;0000000000,0100000000;AJUSTE;BOZ7;OPC
COMMODITIES;BOZ8;CBOT;BOZ8 Ajuste;00000000000012;00000000002018;OLEO;POUND;DOLAR DOS EUA;20181221;SIM;SOJA;0000000000,0100000000;AJUSTE;BOZ8;COE
COMMODITIES;BO1;CBOT;BO1 AJUSTE;00000000000012;00000000002200;-;POUND;DOLAR DOS EUA;22000408;SIM;SOJA;0000000000,0100000000;AJUSTE;BO1;OPC
COMMODITIES;BO1;CBOT;BO1 AJUSTE;00000000000012;00000000002200;-;POUND;DOLAR DOS EUA;22000408;SIM;SOJA;0000000000,0100000000;AJUSTE;BO1;TER
COMMODITIES;BRLMUCARSE;CEPEA;BRLMUCARSE FECHAMENTO;00000000000012;00000000002200;-;KG;REAL;22001208;SIM;QUEIJO;0000000001,0000000000;FECHAMENTO;BRLMUCARSE;OPC
COMMODITIES;BRLMUCARSE;CEPEA;BRLMUCARSE FECHAMENTO;00000000000012;00000000002200;-;KG;REAL;22001208;SIM;QUEIJO;0000000001,0000000000;FECHAMENTO;BRLMUCARSE;TER
COMMODITIES;BRLPI25SP;CEPEA;BRLPI25SP FECHAMENTO;00000000000012;00000000002202;-;TONELADA;REAL;22021208;SIM;LEITE;0000000001,0000000000;FECHAMENTO;BRLPI25SP;OPC
COMMODITIES;BRLPI25SP;CEPEA;BRLPI25SP FECHAMENTO;00000000000012;00000000002202;-;TONELADA;REAL;22021208;SIM;LEITE;0000000001,0000000000;FECHAMENTO;BRLPI25SP;TER
COMMODITIES;BRLUHTSE;CEPEA;BRLUHTSE;00000000000012;00000000002201;-;LITRO;REAL;22011208;SIM;LEITE;0000000001,0000000000;FECHAMENTO;BRLUHTSE;TER
COMMODITIES;BRLUHTSE;CEPEA;BRLUHTSE;00000000000012;00000000002201;-;LITRO;REAL;22011208;SIM;LEITE;0000000001,0000000000;FECHAMENTO;BRLUHTSE;OPC
COMMODITIES;BRMLBR;CEPEA;BRMLBR Fechamento;00000000000012;00000000002200;-;LITRO;REAL;22001201;SIM;LEITE;0000000001,0000000000;FECHAMENTO;BRMLBR;TER
COMMODITIES;BRMLBR;CEPEA;BRMLBR Fechamento;00000000000012;00000000002200;-;LITRO;REAL;22001201;SIM;LEITE;0000000001,0000000000;FECHAMENTO;BRMLBR;OPC
COMMODITIES;BRPPTNTP;ANP;BRPPTNTP;00000000000012;00000000002201;-;LITRO;REAL;22010208;SIM;DIESEL;0000000001,0000000000;FECHAMENTO;BRPPTNTP;OPC
COMMODITIES;BRPPTNTP;ANP;BRPPTNTP;00000000000012;00000000002201;-;LITRO;REAL;22010208;SIM;DIESEL;0000000001,0000000000;FECHAMENTO;BRPPTNTP;TER
COMMODITIES;BTCZ5;CME;BTCZ5;00000000000012;00000000002025;PRIMEIRO FUTURO DE BITCOIN;USD POR BTC;DOLAR DOS EUA;20260304;SIM;CRIPTOATIVO;0000000001,0000000000;FECHAMENTO;BTCZ5;TER
COMMODITIES;BTCZ5;CME;BTCZ5;00000000000012;00000000002025;PRIMEIRO FUTURO DE BITCOIN;USD POR BTC;DOLAR DOS EUA;20260304;SIM;CRIPTOATIVO;0000000001,0000000000;FECHAMENTO;BTCZ5;OPC
COMMODITIES;BTC1;CME;BTC1 Ajuste;00000000000012;00000000002222;PRIMEIRO FUTURO DE BITCOIN;USD POR BTC;DOLAR DOS EUA;22221230;SIM;CRIPTOATIVO;0000000001,0000000000;AJUSTE;BTC1;COE
COMMODITIES;BZPTAVDI;PETROBRAS;BZPTAVDI Ajuste;00000000000012;00000000002200;TIPO A;LITRO;REAL;22000108;SIM;DIESEL;0000000001,0000000000;AJUSTE;BZPTAVDI;OPC
COMMODITIES;BZPTAVDI;PETROBRAS;BZPTAVDI Ajuste;00000000000012;00000000002200;TIPO A;LITRO;REAL;22000108;SIM;DIESEL;0000000001,0000000000;AJUSTE;BZPTAVDI;TER
COMMODITIES;BZPTDPPL;PETROBRAS;BZPTDPPL Ajuste;00000000000012;00000000002200;S10 IN PAULINIA;LITRO;REAL;22010110;SIM;DIESEL;0000000001,0000000000;AJUSTE;BZPTDPPL;TER
COMMODITIES;BZPTDPPL;PETROBRAS;BZPTDPPL Ajuste;00000000000012;00000000002200;S10 IN PAULINIA;LITRO;REAL;22010110;SIM;DIESEL;0000000001,0000000000;AJUSTE;BZPTDPPL;OPC
COMMODITIES;BZPTQPGL;PETROBRAS;BZPTQPGL AJUSTE;00000000000012;00000000002201;-;METRO CUBICO;REAL;22010107;SIM;DIESEL;0000000001,0000000000;AJUSTE;BZPTQPGL;OPC
COMMODITIES;BZPTQPGL;PETROBRAS;BZPTQPGL AJUSTE;00000000000012;00000000002201;-;METRO CUBICO;REAL;22010107;SIM;DIESEL;0000000001,0000000000;AJUSTE;BZPTQPGL;TER
COMMODITIES;BZPT5PPL;PETROBRAS;BZPT5PPL Ajuste;00000000000012;00000000002200;S500 IN PAULINIA;LITRO;REAL;22010110;SIM;DIESEL;0000000001,0000000000;AJUSTE;BZPT5PPL;TER
COMMODITIES;BZPT5PPL;PETROBRAS;BZPT5PPL Ajuste;00000000000012;00000000002200;S500 IN PAULINIA;LITRO;REAL;22010110;SIM;DIESEL;0000000001,0000000000;AJUSTE;BZPT5PPL;OPC
COMMODITIES;C H7;CBOT;C H7 AJUSTE;00000000000003;00000000002027;EM GRAOS A GRANEL;BUSHELS;DOLAR DOS EUA;20270319;SIM;MILHO;0000000000,0100000000;AJUSTE;C H7;TER
COMMODITIES;C H7;CBOT;C H7 AJUSTE;00000000000003;00000000002027;EM GRAOS A GRANEL;BUSHELS;DOLAR DOS EUA;20270319;SIM;MILHO;0000000000,0100000000;AJUSTE;C H7;OPC
COMMODITIES;C H7;CBOT;C H7 Mínimo;00000000000003;00000000002027;EM GRAOS A GRANEL;BUSHELS;DOLAR DOS EUA;20270319;SIM;MILHO;0000000000,0100000000;MINIMO;C H7;TER
COMMODITIES;C H7;CBOT;C H7 Máximo;00000000000003;00000000002027;EM GRAOS A GRANEL;BUSHELS;DOLAR DOS EUA;20270319;SIM;MILHO;0000000000,0100000000;MAXIMO;C H7;OPC
COMMODITIES;C H7;CBOT;C H7 Máximo;00000000000003;00000000002027;EM GRAOS A GRANEL;BUSHELS;DOLAR DOS EUA;20270319;SIM;MILHO;0000000000,0100000000;MAXIMO;C H7;TER
COMMODITIES;C H7;CBOT;C H7 Mínimo;00000000000003;00000000002027;EM GRAOS A GRANEL;BUSHELS;DOLAR DOS EUA;20270319;SIM;MILHO;0000000000,0100000000;MINIMO;C H7;OPC
COMMODITIES;C H8;CBOT;C H8 AJUSTE;00000000000003;00000000002028;EM GRAOS A GRANEL;BUSHELS;DOLAR DOS EUA;20280321;SIM;MILHO;0000000000,0100000000;AJUSTE;C H8;OPC
COMMODITIES;C H8;CBOT;C H8 AJUSTE;00000000000003;00000000002028;EM GRAOS A GRANEL;BUSHELS;DOLAR DOS EUA;20280321;SIM;MILHO;0000000000,0100000000;AJUSTE;C H8;TER
COMMODITIES;C K7;CBOT;C K7 Mínimo;00000000000005;00000000002027;EM GRAOS A GRANEL;BUSHELS;DOLAR DOS EUA;20270521;SIM;MILHO;0000000000,0100000000;MINIMO;C K7;OPC
COMMODITIES;C K7;CBOT;C K7 Máximo;00000000000005;00000000002027;EM GRAOS A GRANEL;BUSHELS;DOLAR DOS EUA;20270521;SIM;MILHO;0000000000,0100000000;MAXIMO;C K7;TER
COMMODITIES;C K7;CBOT;C K7 Mínimo;00000000000005;00000000002027;EM GRAOS A GRANEL;BUSHELS;DOLAR DOS EUA;20270521;SIM;MILHO;0000000000,0100000000;MINIMO;C K7;TER
COMMODITIES;C K7;CBOT;C K7 Máximo;00000000000005;00000000002027;EM GRAOS A GRANEL;BUSHELS;DOLAR DOS EUA;20270521;SIM;MILHO;0000000000,0100000000;MAXIMO;C K7;OPC
COMMODITIES;C K7;CBOT;C K7 AJUSTE;00000000000005;00000000002027;EM GRAOS A GRANEL;BUSHELS;DOLAR DOS EUA;20270521;SIM;MILHO;0000000000,0100000000;AJUSTE;C K7;TER
COMMODITIES;C K7;CBOT;C K7 AJUSTE;00000000000005;00000000002027;EM GRAOS A GRANEL;BUSHELS;DOLAR DOS EUA;20270521;SIM;MILHO;0000000000,0100000000;AJUSTE;C K7;OPC
COMMODITIES;C K8;CBOT;C K8 AJUSTE;00000000000005;00000000002028;EM GRAOS A GRANEL;BUSHELS;DOLAR DOS EUA;20280519;SIM;MILHO;0000000000,0100000000;AJUSTE;C K8;OPC
COMMODITIES;C K8;CBOT;C K8 AJUSTE;00000000000005;00000000002028;EM GRAOS A GRANEL;BUSHELS;DOLAR DOS EUA;20280519;SIM;MILHO;0000000000,0100000000;AJUSTE;C K8;TER
COMMODITIES;C N7;CBOT;C N7 Máximo;00000000000007;00000000002027;EM GRAOS A GRANEL;BUSHELS;DOLAR DOS EUA;20270721;SIM;MILHO;0000000000,0100000000;MAXIMO;C N7;OPC
COMMODITIES;C N7;CBOT;C N7 Máximo;00000000000007;00000000002027;EM GRAOS A GRANEL;BUSHELS;DOLAR DOS EUA;20270721;SIM;MILHO;0000000000,0100000000;MAXIMO;C N7;TER
COMMODITIES;C N7;CBOT;C N7 AJUSTE;00000000000007;00000000002027;EM GRAOS A GRANEL;BUSHELS;DOLAR DOS EUA;20270721;SIM;MILHO;0000000000,0100000000;AJUSTE;C N7;TER
COMMODITIES;C N7;CBOT;C N7 AJUSTE;00000000000007;00000000002027;EM GRAOS A GRANEL;BUSHELS;DOLAR DOS EUA;20270721;SIM;MILHO;0000000000,0100000000;AJUSTE;C N7;OPC
COMMODITIES;C N7;CBOT;C N7 Mínimo;00000000000007;00000000002027;EM GRAOS A GRANEL;BUSHELS;DOLAR DOS EUA;20270721;SIM;MILHO;0000000000,0100000000;MINIMO;C N7;OPC
COMMODITIES;C N7;CBOT;C N7 Mínimo;00000000000007;00000000002027;EM GRAOS A GRANEL;BUSHELS;DOLAR DOS EUA;20270721;SIM;MILHO;0000000000,0100000000;MINIMO;C N7;TER
COMMODITIES;C N8;CBOT;C N8 AJUSTE;00000000000007;00000000002028;EM GRAOS A GRANEL;BUSHELS;DOLAR DOS EUA;20280721;SIM;MILHO;0000000000,0100000000;AJUSTE;C N8;OPC
COMMODITIES;C N8;CBOT;C N8 AJUSTE;00000000000007;00000000002028;EM GRAOS A GRANEL;BUSHELS;DOLAR DOS EUA;20280721;SIM;MILHO;0000000000,0100000000;AJUSTE;C N8;TER
COMMODITIES;C U6;CBOT;C U6 AJUSTE;00000000000009;00000000002026;EM GRAOS A GRANEL;BUSHELS;DOLAR DOS EUA;20260921;SIM;MILHO;0000000000,0100000000;AJUSTE;C U6;TER
COMMODITIES;C U6;CBOT;C U6 AJUSTE;00000000000009;00000000002026;EM GRAOS A GRANEL;BUSHELS;DOLAR DOS EUA;20260921;SIM;MILHO;0000000000,0100000000;AJUSTE;C U6;OPC
COMMODITIES;C U6;CBOT;C U6 Máximo;00000000000009;00000000002026;EM GRAOS A GRANEL;BUSHELS;DOLAR DOS EUA;20260921;SIM;MILHO;0000000000,0100000000;MAXIMO;C U6;OPC
COMMODITIES;C U6;CBOT;C U6 Máximo;00000000000009;00000000002026;EM GRAOS A GRANEL;BUSHELS;DOLAR DOS EUA;20260921;SIM;MILHO;0000000000,0100000000;MAXIMO;C U6;TER
COMMODITIES;C U6;CBOT;C U6 Mínimo;00000000000009;00000000002026;EM GRAOS A GRANEL;BUSHELS;DOLAR DOS EUA;20260921;SIM;MILHO;0000000000,0100000000;MINIMO;C U6;OPC
COMMODITIES;C U6;CBOT;C U6 Mínimo;00000000000009;00000000002026;EM GRAOS A GRANEL;BUSHELS;DOLAR DOS EUA;20260921;SIM;MILHO;0000000000,0100000000;MINIMO;C U6;TER
COMMODITIES;C U7;CBOT;C U7 Mínimo;00000000000009;00000000002027;EM GRAOS A GRANEL;BUSHELS;DOLAR DOS EUA;20270921;SIM;MILHO;0000000000,0100000000;MINIMO;C U7;OPC
COMMODITIES;C U7;CBOT;C U7 Máximo;00000000000009;00000000002027;EM GRAOS A GRANEL;BUSHELS;DOLAR DOS EUA;20270921;SIM;MILHO;0000000000,0100000000;MAXIMO;C U7;OPC
COMMODITIES;C U7;CBOT;C U7 AJUSTE;00000000000009;00000000002027;EM GRAOS A GRANEL;BUSHELS;DOLAR DOS EUA;20270921;SIM;MILHO;0000000000,0100000000;AJUSTE;C U7;TER
COMMODITIES;C U7;CBOT;C U7 Máximo;00000000000009;00000000002027;EM GRAOS A GRANEL;BUSHELS;DOLAR DOS EUA;20270921;SIM;MILHO;0000000000,0100000000;MAXIMO;C U7;TER
COMMODITIES;C U7;CBOT;C U7 AJUSTE;00000000000009;00000000002027;EM GRAOS A GRANEL;BUSHELS;DOLAR DOS EUA;20270921;SIM;MILHO;0000000000,0100000000;AJUSTE;C U7;OPC
COMMODITIES;C U7;CBOT;C U7 Mínimo;00000000000009;00000000002027;EM GRAOS A GRANEL;BUSHELS;DOLAR DOS EUA;20270921;SIM;MILHO;0000000000,0100000000;MINIMO;C U7;TER
COMMODITIES;C U8;CBOT;C U8 AJUSTE;00000000000009;00000000002028;EM GRAOS A GRANEL;BUSHELS;DOLAR DOS EUA;20280921;SIM;MILHO;0000000000,0100000000;AJUSTE;C U8;TER
COMMODITIES;C U8;CBOT;C U8 AJUSTE;00000000000009;00000000002028;EM GRAOS A GRANEL;BUSHELS;DOLAR DOS EUA;20280921;SIM;MILHO;0000000000,0100000000;AJUSTE;C U8;OPC
COMMODITIES;C Z6;CBOT;C Z6 Mínimo;00000000000012;00000000002026;EM GRAOS A GRANEL;BUSHELS;DOLAR DOS EUA;20261221;SIM;MILHO;0000000000,0100000000;MINIMO;C Z6;TER
COMMODITIES;C Z6;CBOT;C Z6 Mínimo;00000000000012;00000000002026;EM GRAOS A GRANEL;BUSHELS;DOLAR DOS EUA;20261221;SIM;MILHO;0000000000,0100000000;MINIMO;C Z6;OPC
COMMODITIES;C Z6;CBOT;C Z6 Mínimo;00000000000012;00000000002026;EM GRAOS A GRANEL;BUSHELS;DOLAR DOS EUA;20261221;SIM;MILHO;0000000000,0100000000;MINIMO;C Z6;COE
COMMODITIES;C Z6;CBOT;C Z6 AJUSTE;00000000000012;00000000002026;EM GRAOS A GRANEL;BUSHELS;DOLAR DOS EUA;20270219;SIM;MILHO;0000000000,0100000000;AJUSTE;C Z6;OPC
COMMODITIES;C Z6;CBOT;C Z6 AJUSTE;00000000000012;00000000002026;EM GRAOS A GRANEL;BUSHELS;DOLAR DOS EUA;20270219;SIM;MILHO;0000000000,0100000000;AJUSTE;C Z6;TER
COMMODITIES;C Z6;CBOT;C Z6 AJUSTE;00000000000012;00000000002026;EM GRAOS A GRANEL;BUSHELS;DOLAR DOS EUA;20270219;SIM;MILHO;0000000000,0100000000;AJUSTE;C Z6;COE
COMMODITIES;C Z6;CBOT;C Z6 Máximo;00000000000012;00000000002026;EM GRAOS A GRANEL;BUSHELS;DOLAR DOS EUA;20261221;SIM;MILHO;0000000000,0100000000;MAXIMO;C Z6;OPC
COMMODITIES;C Z6;CBOT;C Z6 Máximo;00000000000012;00000000002026;EM GRAOS A GRANEL;BUSHELS;DOLAR DOS EUA;20261221;SIM;MILHO;0000000000,0100000000;MAXIMO;C Z6;TER
COMMODITIES;C Z6;CBOT;C Z6 Máximo;00000000000012;00000000002026;EM GRAOS A GRANEL;BUSHELS;DOLAR DOS EUA;20261221;SIM;MILHO;0000000000,0100000000;MAXIMO;C Z6;COE
COMMODITIES;C Z7;CBOT;C Z7 AJUSTE;00000000000012;00000000002027;EM GRAOS A GRANEL;BUSHELS;DOLAR DOS EUA;20271221;SIM;MILHO;0000000000,0100000000;AJUSTE;C Z7;OPC
COMMODITIES;C Z7;CBOT;C Z7 AJUSTE;00000000000012;00000000002027;EM GRAOS A GRANEL;BUSHELS;DOLAR DOS EUA;20271221;SIM;MILHO;0000000000,0100000000;AJUSTE;C Z7;TER
COMMODITIES;C Z7;CBOT;C Z7 Mínimo;00000000000012;00000000002027;EM GRAOS A GRANEL;BUSHELS;DOLAR DOS EUA;20271221;SIM;MILHO;0000000000,0100000000;MINIMO;C Z7;TER
COMMODITIES;C Z7;CBOT;C Z7 Mínimo;00000000000012;00000000002027;EM GRAOS A GRANEL;BUSHELS;DOLAR DOS EUA;20271221;SIM;MILHO;0000000000,0100000000;MINIMO;C Z7;OPC
COMMODITIES;C Z7;CBOT;C Z7 Máximo;00000000000012;00000000002027;EM GRAOS A GRANEL;BUSHELS;DOLAR DOS EUA;20271221;SIM;MILHO;0000000000,0100000000;MAXIMO;C Z7;OPC
COMMODITIES;C Z7;CBOT;C Z7 Máximo;00000000000012;00000000002027;EM GRAOS A GRANEL;BUSHELS;DOLAR DOS EUA;20271221;SIM;MILHO;0000000000,0100000000;MAXIMO;C Z7;TER
COMMODITIES;C Z8;CBOT;C Z8 AJUSTE;00000000000012;00000000002028;EM GRAOS A GRANEL;BUSHELS;DOLAR DOS EUA;20281221;SIM;MILHO;0000000000,0100000000;AJUSTE;C Z8;TER
COMMODITIES;C Z8;CBOT;C Z8 AJUSTE;00000000000012;00000000002028;EM GRAOS A GRANEL;BUSHELS;DOLAR DOS EUA;20281221;SIM;MILHO;0000000000,0100000000;AJUSTE;C Z8;OPC
COMMODITIES;C 1;CBOT;C 1 Ajuste;00000000000012;00000000002200;EM GRAOS A GRANEL;BUSHELS;DOLAR DOS EUA;22000108;SIM;MILHO;0000000000,0100000000;AJUSTE;C 1;COE
COMMODITIES;C 1;CBOT;C 1 Ajuste;00000000000012;00000000002200;EM GRAOS A GRANEL;BUSHELS;DOLAR DOS EUA;22000108;SIM;MILHO;0000000000,0100000000;AJUSTE;C 1;OPC
COMMODITIES;C 1;CBOT;C 1 Ajuste;00000000000012;00000000002200;EM GRAOS A GRANEL;BUSHELS;DOLAR DOS EUA;22000108;SIM;MILHO;0000000000,0100000000;AJUSTE;C 1;TER
COMMODITIES;CCH7;ICE (NYBOT);CCH7 AJUSTE;00000000000003;00000000002027;-;TONELADA METRICA;DOLAR DOS EUA;20270322;SIM;CACAU;0000000001,0000000000;AJUSTE;CCH7;OPC
COMMODITIES;CCH7;ICE (NYBOT);CCH7 AJUSTE;00000000000003;00000000002027;-;TONELADA METRICA;DOLAR DOS EUA;20270322;SIM;CACAU;0000000001,0000000000;AJUSTE;CCH7;TER
COMMODITIES;CCH8;ICE (NYBOT);CCH8 AJUSTE;00000000000003;00000000002028;-;TONELADA METRICA;DOLAR DOS EUA;20280322;SIM;CACAU;0000000001,0000000000;AJUSTE;CCH8;OPC
COMMODITIES;CCH8;ICE (NYBOT);CCH8 AJUSTE;00000000000003;00000000002028;-;TONELADA METRICA;DOLAR DOS EUA;20280322;SIM;CACAU;0000000001,0000000000;AJUSTE;CCH8;TER
COMMODITIES;CCK7;ICE (NYBOT);CCK7 AJUSTE;00000000000005;00000000002027;-;TONELADA METRICA;DOLAR DOS EUA;20270520;SIM;CACAU;0000000001,0000000000;AJUSTE;CCK7;OPC
COMMODITIES;CCK7;ICE (NYBOT);CCK7 AJUSTE;00000000000005;00000000002027;-;TONELADA METRICA;DOLAR DOS EUA;20270520;SIM;CACAU;0000000001,0000000000;AJUSTE;CCK7;TER
COMMODITIES;CCK8;ICE (NYBOT);CCK8 AJUSTE;00000000000005;00000000002028;-;TONELADA METRICA;DOLAR DOS EUA;20280522;SIM;CACAU;0000000001,0000000000;AJUSTE;CCK8;OPC
COMMODITIES;CCK8;ICE (NYBOT);CCK8 AJUSTE;00000000000005;00000000002028;-;TONELADA METRICA;DOLAR DOS EUA;20280522;SIM;CACAU;0000000001,0000000000;AJUSTE;CCK8;TER
COMMODITIES;CCMF17;BMF;CCMF17 Ajuste;00000000000001;00000000002017;EM GRAOS A GRANEL;SACA(60KG);REAL;20170123;SIM;MILHO;0000000001,0000000000;AJUSTE;;COE
COMMODITIES;CCMF18;BMF;CCMF18 Ajuste;00000000000001;00000000002018;EM GRAOS A GRANEL;SACA(60KG);REAL;20180122;SIM;MILHO;0000000001,0000000000;AJUSTE;CRDF8;COE
COMMODITIES;CCMF19;BMF;CCMF19 Ajuste;00000000000001;00000000002019;EM GRAOS A GRANEL;SACA(60KG);REAL;20190123;SIM;MILHO;0000000001,0000000000;AJUSTE;CRDF9;COE
COMMODITIES;CCMF27;B3;CCMF27 Fechamento;00000000000001;00000000002027;-;-;REAL;20270122;SIM;MILHO;0000000001,0000000000;FECHAMENTO;CCMF27;TER
COMMODITIES;CCMF27;B3;CCMF27 Fechamento;00000000000001;00000000002027;-;-;REAL;20270122;SIM;MILHO;0000000001,0000000000;FECHAMENTO;CCMF27;OPC
COMMODITIES;CCMH17;BMF;CCMH17 Fechamento;00000000000003;00000000002017;EM GRAOS A GRANEL;SACA(60KG);REAL;20170322;SIM;MILHO;0000000001,0000000000;FECHAMENTO;;COE
COMMODITIES;CCMH17;BMF;CCMH17 Maximo;00000000000003;00000000002017;EM GRAOS A GRANEL;SACA(60KG);REAL;20170322;SIM;MILHO;0000000001,0000000000;MAXIMO;;COE
COMMODITIES;CCMH17;BMF;CCMH17 Minimo;00000000000003;00000000002017;EM GRAOS A GRANEL;SACA(60KG);REAL;20170322;SIM;MILHO;0000000001,0000000000;MINIMO;;COE
COMMODITIES;CCMH17;BMF;CCMH17 Ajuste;00000000000003;00000000002017;EM GRAOS A GRANEL;SACA(60KG);REAL;20170522;SIM;MILHO;0000000001,0000000000;AJUSTE;;COE
COMMODITIES;CCMH18;BMF;CCMH18 Ajuste;00000000000003;00000000002018;EM GRAOS A GRANEL;SACA(60KG);REAL;20180322;SIM;MILHO;0000000001,0000000000;AJUSTE;CRDH8;COE
COMMODITIES;CCMH19;BMF;CCMH19 Ajuste;00000000000003;00000000002019;EM GRAOS A GRANEL;SACA(60KG);REAL;20190322;SIM;MILHO;0000000001,0000000000;AJUSTE;CRDH9;COE
COMMODITIES;CCMK17;BMF;CCMK17 Ajuste;00000000000005;00000000002017;EM GRAOS A GRANEL;SACA(60KG);REAL;20170522;SIM;MILHO;0000000001,0000000000;AJUSTE;;COE
COMMODITIES;CCMK17;BMF;CCMK17 Fechamento;00000000000005;00000000002017;EM GRAOS A GRANEL;SACA(60KG);REAL;20170522;SIM;MILHO;0000000001,0000000000;FECHAMENTO;;COE
COMMODITIES;CCMK17;BMF;CCMK17 Minimo;00000000000005;00000000002017;EM GRAOS A GRANEL;SACA(60KG);REAL;20170522;SIM;MILHO;0000000001,0000000000;MINIMO;;COE
COMMODITIES;CCMK17;BMF;CCMK17 Maximo;00000000000005;00000000002017;EM GRAOS A GRANEL;SACA(60KG);REAL;20170522;SIM;MILHO;0000000001,0000000000;MAXIMO;;COE
COMMODITIES;CCMK18;BMF;CCMK18 Ajuste;00000000000005;00000000002018;EM GRAOS A GRANEL;SACA(60KG);REAL;20180522;SIM;MILHO;0000000001,0000000000;AJUSTE;CRDK8;COE
COMMODITIES;CCMK18;BMF;CCMK18 Minimo;00000000000005;00000000002018;EM GRAOS A GRANEL;SACA(60KG);REAL;20180522;SIM;MILHO;0000000001,0000000000;MINIMO;CRDK8;COE
COMMODITIES;CCMK18;BMF;CCMK18 Maximo;00000000000005;00000000002018;EM GRAOS A GRANEL;SACA(60KG);REAL;20180522;SIM;MILHO;0000000001,0000000000;MAXIMO;CRDK8;COE
COMMODITIES;CCMK18;BMF;CCMK18 Fechamento;00000000000005;00000000002018;EM GRAOS A GRANEL;SACA(60KG);REAL;20180522;SIM;MILHO;0000000001,0000000000;FECHAMENTO;CRDK8;COE
COMMODITIES;CCMK26;B3;CCMK26 Fechamento;00000000000005;00000000002026;-;-;REAL;20260522;SIM;MILHO;0000000001,0000000000;FECHAMENTO;CCMK26;TER
COMMODITIES;CCMK26;B3;CCMK26 Fechamento;00000000000005;00000000002026;-;-;REAL;20260522;SIM;MILHO;0000000001,0000000000;FECHAMENTO;CCMK26;OPC
COMMODITIES;CCMK5;BMF;CCMK15 Ajuste;00000000000005;00000000002015;EM GRAOS A GRANEL;SACA(60KG);REAL;20150522;SIM;MILHO;0000000001,0000000000;AJUSTE;;COE
COMMODITIES;CCMN18;BMF;CCMN18 Ajuste;00000000000007;00000000002018;EM GRAOS A GRANEL;SACA(60KG);REAL;20180723;SIM;MILHO;0000000001,0000000000;AJUSTE;CRDN8;COE
COMMODITIES;CCMN18;BMF;CCMN18 Fechamento;00000000000007;00000000002018;EM GRAOS A GRANEL;SACA(60KG);REAL;20180723;SIM;MILHO;0000000001,0000000000;FECHAMENTO;CRDN8;COE
COMMODITIES;CCMN6;BMF;CCMN16 Fechamento;00000000000007;00000000002016;EM GRAOS A GRANEL;SACA(60KG);REAL;20160722;SIM;MILHO;0000000001,0000000000;FECHAMENTO;;COE
COMMODITIES;CCMN6;BMF;CCMN16 Maximo;00000000000007;00000000002016;EM GRAOS A GRANEL;SACA(60KG);REAL;20160722;SIM;MILHO;0000000001,0000000000;MAXIMO;;COE
COMMODITIES;CCMN6;BMF;CCMN16 Minimo;00000000000007;00000000002016;EM GRAOS A GRANEL;SACA(60KG);REAL;20160722;SIM;MILHO;0000000001,0000000000;MINIMO;;COE
COMMODITIES;CCMN6;BMF;CCMN16 Ajuste;00000000000007;00000000002016;EM GRAOS A GRANEL;SACA(60KG);REAL;20160722;SIM;MILHO;0000000001,0000000000;AJUSTE;;COE
COMMODITIES;CCMU17;BMF;CCMU17 Fechamento;00000000000009;00000000002017;EM GRAOS A GRANEL;SACA(60KG);REAL;20170922;SIM;MILHO;0000000001,0000000000;FECHAMENTO;;COE
COMMODITIES;CCMU17;BMF;CCMU17 Maximo;00000000000009;00000000002017;EM GRAOS A GRANEL;SACA(60KG);REAL;20170922;SIM;MILHO;0000000001,0000000000;MAXIMO;;COE
COMMODITIES;CCMU17;BMF;CCMU17 Ajuste;00000000000009;00000000002017;EM GRAOS A GRANEL;SACA(60KG);REAL;20170922;SIM;MILHO;0000000001,0000000000;AJUSTE;;COE
COMMODITIES;CCMU17;BMF;CCMU17 Minimo;00000000000009;00000000002017;EM GRAOS A GRANEL;SACA(60KG);REAL;20170922;SIM;MILHO;0000000001,0000000000;MINIMO;;COE
COMMODITIES;CCMU18;BMF;CCMU18 Ajuste;00000000000009;00000000002018;EM GRAOS A GRANEL;SACA(60KG);REAL;20180924;SIM;MILHO;0000000001,0000000000;AJUSTE;CRDU8;COE
COMMODITIES;CCMU6;BMF;CCMU16 Ajuste;00000000000009;00000000002016;EM GRAOS A GRANEL;SACA(60KG);REAL;20160922;SIM;MILHO;0000000001,0000000000;AJUSTE;;COE
COMMODITIES;CCMU6;BMF;CCMU16 Fechamento;00000000000009;00000000002016;EM GRAOS A GRANEL;SACA(60KG);REAL;20160922;SIM;MILHO;0000000001,0000000000;FECHAMENTO;;COE
COMMODITIES;CCMU6;BMF;CCMU16 Maximo;00000000000009;00000000002016;EM GRAOS A GRANEL;SACA(60KG);REAL;20160922;SIM;MILHO;0000000001,0000000000;MAXIMO;;COE
COMMODITIES;CCMU6;BMF;CCMU16 Minimo;00000000000009;00000000002016;EM GRAOS A GRANEL;SACA(60KG);REAL;20160922;SIM;MILHO;0000000001,0000000000;MINIMO;;COE
COMMODITIES;CCMX17;BMF;CCMX17 Ajuste;00000000000011;00000000002017;EM GRAOS A GRANEL;SACA(60KG);REAL;20171124;SIM;MILHO;0000000001,0000000000;AJUSTE;;COE
COMMODITIES;CCMX18;BMF;CCMX18 Ajuste;00000000000011;00000000002018;EM GRAOS A GRANEL;SACA(60KG);REAL;20181123;SIM;MILHO;0000000001,0000000000;AJUSTE;CRDX8;COE
COMMODITIES;CCMX4;BMF;CCMX4 Ajuste;00000000000011;00000000002014;EM GRAOS A GRANEL;SACA(60KG);REAL;20141124;SIM;MILHO;0000000001,0000000000;AJUSTE;CRDX4;COE
COMMODITIES;CCMX6;BMF;CCMX16 Minimo;00000000000011;00000000002016;EM GRAOS A GRANEL;SACA(60KG);REAL;20161123;SIM;MILHO;0000000001,0000000000;MINIMO;;COE
COMMODITIES;CCMX6;BMF;CCMX16 Maximo;00000000000011;00000000002016;EM GRAOS A GRANEL;SACA(60KG);REAL;20161123;SIM;MILHO;0000000001,0000000000;MAXIMO;;COE
COMMODITIES;CCMX6;BMF;CCMX16 Fechamento;00000000000011;00000000002016;EM GRAOS A GRANEL;SACA(60KG);REAL;20161123;SIM;MILHO;0000000001,0000000000;FECHAMENTO;;COE
COMMODITIES;CCMX6;BMF;CCMX16 Ajuste;00000000000011;00000000002016;EM GRAOS A GRANEL;SACA(60KG);REAL;20161123;SIM;MILHO;0000000001,0000000000;AJUSTE;;COE
COMMODITIES;CCN7;ICE (NYBOT);CCN7 AJUSTE;00000000000007;00000000002027;-;TONELADA METRICA;DOLAR DOS EUA;20270722;SIM;CACAU;0000000001,0000000000;AJUSTE;CCN7;TER
COMMODITIES;CCN7;ICE (NYBOT);CCN7 AJUSTE;00000000000007;00000000002027;-;TONELADA METRICA;DOLAR DOS EUA;20270722;SIM;CACAU;0000000001,0000000000;AJUSTE;CCN7;OPC
COMMODITIES;CCU6;ICE (NYBOT);CCU6 AJUSTE;00000000000009;00000000002026;-;TONELADA METRICA;DOLAR DOS EUA;20260922;SIM;CACAU;0000000001,0000000000;AJUSTE;CCU6;TER
COMMODITIES;CCU6;ICE (NYBOT);CCU6 AJUSTE;00000000000009;00000000002026;-;TONELADA METRICA;DOLAR DOS EUA;20260922;SIM;CACAU;0000000001,0000000000;AJUSTE;CCU6;OPC
COMMODITIES;CCU7;ICE (NYBOT);CCU7 AJUSTE;00000000000009;00000000002027;-;TONELADA METRICA;DOLAR DOS EUA;20270922;SIM;CACAU;0000000001,0000000000;AJUSTE;CCU7;OPC
COMMODITIES;CCU7;ICE (NYBOT);CCU7 AJUSTE;00000000000009;00000000002027;-;TONELADA METRICA;DOLAR DOS EUA;20270922;SIM;CACAU;0000000001,0000000000;AJUSTE;CCU7;TER
COMMODITIES;CCZ6;ICE (NYBOT);CCZ6 AJUSTE;00000000000012;00000000002026;-;TONELADA METRICA;DOLAR DOS EUA;20261222;SIM;CACAU;0000000001,0000000000;AJUSTE;CCZ6;OPC
COMMODITIES;CCZ6;ICE (NYBOT);CCZ6 AJUSTE;00000000000012;00000000002026;-;TONELADA METRICA;DOLAR DOS EUA;20261222;SIM;CACAU;0000000001,0000000000;AJUSTE;CCZ6;TER
COMMODITIES;CCZ7;ICE (NYBOT);CCZ7 AJUSTE;00000000000012;00000000002027;-;TONELADA METRICA;DOLAR DOS EUA;20271222;SIM;CACAU;0000000001,0000000000;AJUSTE;CCZ7;OPC
COMMODITIES;CCZ7;ICE (NYBOT);CCZ7 AJUSTE;00000000000012;00000000002027;-;TONELADA METRICA;DOLAR DOS EUA;20271222;SIM;CACAU;0000000001,0000000000;AJUSTE;CCZ7;TER
COMMODITIES;CC1;ICE (NYBOT);CC1 AJUSTE;00000000000012;00000000002200;-;TONELADA METRICA;DOLAR DOS EUA;22000202;SIM;CACAU;0000000001,0000000000;AJUSTE;CC1;TER
COMMODITIES;CC1;ICE (NYBOT);CC1 AJUSTE;00000000000012;00000000002200;-;TONELADA METRICA;DOLAR DOS EUA;22000202;SIM;CACAU;0000000001,0000000000;AJUSTE;CC1;OPC
COMMODITIES;CH8;CBOT;CH18 Ajuste;00000000000003;00000000002018;EM GRAOS A GRANEL;BUSHELS;DOLAR DOS EUA;20180321;SIM;MILHO;0000000000,0100000000;AJUSTE;;COE
COMMODITIES;CH9;CBOT;CH9 Ajuste;00000000000003;00000000002019;EM GRAOS A GRANEL;BUSHELS;DOLAR DOS EUA;20190321;SIM;MILHO;0000000000,0100000000;AJUSTE;C H9;COE
COMMODITIES;CLF7;NYMEX;CLF7 Máximo;00000000000001;00000000002027;OLEO CRU DOCE - WTI (CL);BARRIL;DOLAR DOS EUA;20261229;SIM;PETROLEO;0000000001,0000000000;MAXIMO;CLF7;OPC
COMMODITIES;CLF7;NYMEX;CLF7 Mínimo;00000000000001;00000000002027;OLEO CRU DOCE - WTI (CL);BARRIL;DOLAR DOS EUA;20261229;SIM;PETROLEO;0000000001,0000000000;MINIMO;CLF7;COE
COMMODITIES;CLF7;NYMEX;CLF7 Máximo;00000000000001;00000000002027;OLEO CRU DOCE - WTI (CL);BARRIL;DOLAR DOS EUA;20261229;SIM;PETROLEO;0000000001,0000000000;MAXIMO;CLF7;TER
COMMODITIES;CLF7;NYMEX;CLF7 Máximo;00000000000001;00000000002027;OLEO CRU DOCE - WTI (CL);BARRIL;DOLAR DOS EUA;20261229;SIM;PETROLEO;0000000001,0000000000;MAXIMO;CLF7;COE
COMMODITIES;CLF7;NYMEX;CLF7 Mínimo;00000000000001;00000000002027;OLEO CRU DOCE - WTI (CL);BARRIL;DOLAR DOS EUA;20261229;SIM;PETROLEO;0000000001,0000000000;MINIMO;CLF7;TER
COMMODITIES;CLF7;NYMEX;CLF7 AJUSTE;00000000000001;00000000002027;OLEO CRU DOCE - WTI (CL);BARRIL;DOLAR DOS EUA;20261229;SIM;PETROLEO;0000000001,0000000000;AJUSTE;CLF7;OPC
COMMODITIES;CLF7;NYMEX;CLF7 AJUSTE;00000000000001;00000000002027;OLEO CRU DOCE - WTI (CL);BARRIL;DOLAR DOS EUA;20261229;SIM;PETROLEO;0000000001,0000000000;AJUSTE;CLF7;TER
COMMODITIES;CLF7;NYMEX;CLF7 Mínimo;00000000000001;00000000002027;OLEO CRU DOCE - WTI (CL);BARRIL;DOLAR DOS EUA;20261229;SIM;PETROLEO;0000000001,0000000000;MINIMO;CLF7;OPC
COMMODITIES;CLF7;NYMEX;CLF7 AJUSTE;00000000000001;00000000002027;OLEO CRU DOCE - WTI (CL);BARRIL;DOLAR DOS EUA;20261229;SIM;PETROLEO;0000000001,0000000000;AJUSTE;CLF7;COE
COMMODITIES;CLF8;NYMEX;CLF8 AJUSTE;00000000000001;00000000002028;OLEO CRU DOCE - WTI (CL);BARRIL;DOLAR DOS EUA;20271227;SIM;PETROLEO;0000000001,0000000000;AJUSTE;CLF8;TER
COMMODITIES;CLF8;NYMEX;CLF8 AJUSTE;00000000000001;00000000002028;OLEO CRU DOCE - WTI (CL);BARRIL;DOLAR DOS EUA;20271227;SIM;PETROLEO;0000000001,0000000000;AJUSTE;CLF8;OPC
COMMODITIES;CLF9;NYMEX;CLF9 Ajuste;00000000000001;00000000002019;OLEO CRU DOCE - WTI (CL);BARRIL;DOLAR DOS EUA;20181226;SIM;PETROLEO;0000000001,0000000000;AJUSTE;CLF9;COE
COMMODITIES;CLG7;NYMEX;CLG7 Ajuste;00000000000002;00000000002017;OLEO CRU DOCE - WTI (CL);BARRIL;DOLAR DOS EUA;20170127;SIM;PETROLEO;0000000001,0000000000;AJUSTE;;COE
COMMODITIES;CLG7;NYMEX;CLG7 Fechamento;00000000000002;00000000002017;OLEO CRU DOCE - WTI (CL);BARRIL;DOLAR DOS EUA;20170127;SIM;PETROLEO;0000000001,0000000000;FECHAMENTO;;COE
COMMODITIES;CLG7;NYMEX;CLG7 Minimo;00000000000002;00000000002017;OLEO CRU DOCE - WTI (CL);BARRIL;DOLAR DOS EUA;20170127;SIM;PETROLEO;0000000001,0000000000;MINIMO;;COE
COMMODITIES;CLG7;NYMEX;CLG7 Maximo;00000000000002;00000000002017;OLEO CRU DOCE - WTI (CL);BARRIL;DOLAR DOS EUA;20170127;SIM;PETROLEO;0000000001,0000000000;MAXIMO;;COE
COMMODITIES;CLG8;NYMEX;CLG8 AJUSTE;00000000000002;00000000002028;OLEO CRU DOCE - WTI (CL);BARRIL;DOLAR DOS EUA;20280127;SIM;PETROLEO;0000000001,0000000000;AJUSTE;CLG8;TER
COMMODITIES;CLG8;NYMEX;CLG8 AJUSTE;00000000000002;00000000002028;OLEO CRU DOCE - WTI (CL);BARRIL;DOLAR DOS EUA;20280127;SIM;PETROLEO;0000000001,0000000000;AJUSTE;CLG8;OPC
COMMODITIES;CLH7;NYMEX;CLH17 Minimo;00000000000003;00000000002017;OLEO CRU DOCE - WTI (CL);BARRIL;DOLAR DOS EUA;20170301;SIM;PETROLEO;0000000001,0000000000;MINIMO;;COE
COMMODITIES;CLH7;NYMEX;CLH17 Fechamento;00000000000003;00000000002017;OLEO CRU DOCE - WTI (CL);BARRIL;DOLAR DOS EUA;20170301;SIM;PETROLEO;0000000001,0000000000;FECHAMENTO;;COE
COMMODITIES;CLH7;NYMEX;CLH17 Ajuste;00000000000003;00000000002017;OLEO CRU DOCE - WTI (CL);BARRIL;DOLAR DOS EUA;20170301;SIM;PETROLEO;0000000001,0000000000;AJUSTE;;COE
COMMODITIES;CLH7;NYMEX;CLH17 Maximo;00000000000003;00000000002017;OLEO CRU DOCE - WTI (CL);BARRIL;DOLAR DOS EUA;20170301;SIM;PETROLEO;0000000001,0000000000;MAXIMO;;COE
COMMODITIES;CLH8;NYMEX;CLH18 Ajuste;00000000000003;00000000002018;OLEO CRU DOCE - WTI (CL);BARRIL;DOLAR DOS EUA;20180227;SIM;PETROLEO;0000000001,0000000000;AJUSTE;;COE
COMMODITIES;CLJ7;NYMEX;CLJ17 Fechamento;00000000000004;00000000002017;OLEO CRU DOCE - WTI (CL);BARRIL;DOLAR DOS EUA;20170328;SIM;PETROLEO;0000000001,0000000000;FECHAMENTO;;COE
COMMODITIES;CLJ7;NYMEX;CLJ17 Ajuste;00000000000004;00000000002017;OLEO CRU DOCE - WTI (CL);BARRIL;DOLAR DOS EUA;20170328;SIM;PETROLEO;0000000001,0000000000;AJUSTE;;COE
COMMODITIES;CLJ8;NYMEX;CLJ18 Ajuste;00000000000004;00000000002018;OLEO CRU DOCE - WTI (CL);BARRIL;DOLAR DOS EUA;20180327;SIM;PETROLEO;0000000001,0000000000;AJUSTE;;COE
COMMODITIES;CLK8;NYMEX;CLK18 Ajuste;00000000000005;00000000002018;OLEO CRU DOCE - WTI (CL);BARRIL;DOLAR DOS EUA;20180427;SIM;PETROLEO;0000000001,0000000000;AJUSTE;;COE
COMMODITIES;CLM7;NYMEX;CLM7 Mínimo;00000000000006;00000000002027;OLEO CRU DOCE - WTI (CL);BARRIL;DOLAR DOS EUA;20270528;SIM;PETROLEO;0000000001,0000000000;MINIMO;CLM7;OPC
COMMODITIES;CLM7;NYMEX;CLM7 Máximo;00000000000006;00000000002027;OLEO CRU DOCE - WTI (CL);BARRIL;DOLAR DOS EUA;20270528;SIM;PETROLEO;0000000001,0000000000;MAXIMO;CLM7;COE
COMMODITIES;CLM7;NYMEX;CLM7 Máximo;00000000000006;00000000002027;OLEO CRU DOCE - WTI (CL);BARRIL;DOLAR DOS EUA;20270528;SIM;PETROLEO;0000000001,0000000000;MAXIMO;CLM7;TER
COMMODITIES;CLM7;NYMEX;CLM7 AJUSTE;00000000000006;00000000002027;OLEO CRU DOCE - WTI (CL);BARRIL;DOLAR DOS EUA;20270528;SIM;PETROLEO;0000000001,0000000000;AJUSTE;CLM7;COE
COMMODITIES;CLM7;NYMEX;CLM7 AJUSTE;00000000000006;00000000002027;OLEO CRU DOCE - WTI (CL);BARRIL;DOLAR DOS EUA;20270528;SIM;PETROLEO;0000000001,0000000000;AJUSTE;CLM7;TER
COMMODITIES;CLM7;NYMEX;CLM7 AJUSTE;00000000000006;00000000002027;OLEO CRU DOCE - WTI (CL);BARRIL;DOLAR DOS EUA;20270528;SIM;PETROLEO;0000000001,0000000000;AJUSTE;CLM7;OPC
COMMODITIES;CLM7;NYMEX;CLM7 Mínimo;00000000000006;00000000002027;OLEO CRU DOCE - WTI (CL);BARRIL;DOLAR DOS EUA;20270528;SIM;PETROLEO;0000000001,0000000000;MINIMO;CLM7;TER
COMMODITIES;CLM7;NYMEX;CLM7 Mínimo;00000000000006;00000000002027;OLEO CRU DOCE - WTI (CL);BARRIL;DOLAR DOS EUA;20270528;SIM;PETROLEO;0000000001,0000000000;MINIMO;CLM7;COE
COMMODITIES;CLM7;NYMEX;CLM7 Máximo;00000000000006;00000000002027;OLEO CRU DOCE - WTI (CL);BARRIL;DOLAR DOS EUA;20270528;SIM;PETROLEO;0000000001,0000000000;MAXIMO;CLM7;OPC
COMMODITIES;CLM8;NYMEX;CLM18 Ajuste;00000000000006;00000000002018;OLEO CRU DOCE - WTI (CL);BARRIL;DOLAR DOS EUA;20180529;SIM;PETROLEO;0000000001,0000000000;AJUSTE;;COE
COMMODITIES;CLN7;NYMEX;CLN7 Mínimo;00000000000007;00000000002027;OLEO CRU DOCE - WTI (CL);BARRIL;DOLAR DOS EUA;20270629;SIM;PETROLEO;0000000001,0000000000;MINIMO;CLN7;COE
COMMODITIES;CLN7;NYMEX;CLN7 Mínimo;00000000000007;00000000002027;OLEO CRU DOCE - WTI (CL);BARRIL;DOLAR DOS EUA;20270629;SIM;PETROLEO;0000000001,0000000000;MINIMO;CLN7;TER
COMMODITIES;CLN7;NYMEX;CLN7 Mínimo;00000000000007;00000000002027;OLEO CRU DOCE - WTI (CL);BARRIL;DOLAR DOS EUA;20270629;SIM;PETROLEO;0000000001,0000000000;MINIMO;CLN7;OPC
COMMODITIES;CLN7;NYMEX;CLN7 AJUSTE;00000000000007;00000000002027;OLEO CRU DOCE - WTI (CL);BARRIL;DOLAR DOS EUA;20270629;SIM;PETROLEO;0000000001,0000000000;AJUSTE;CLN7;TER
COMMODITIES;CLN7;NYMEX;CLN7 AJUSTE;00000000000007;00000000002027;OLEO CRU DOCE - WTI (CL);BARRIL;DOLAR DOS EUA;20270629;SIM;PETROLEO;0000000001,0000000000;AJUSTE;CLN7;OPC
COMMODITIES;CLN7;NYMEX;CLN7 Máximo;00000000000007;00000000002027;OLEO CRU DOCE - WTI (CL);BARRIL;DOLAR DOS EUA;20270629;SIM;PETROLEO;0000000001,0000000000;MAXIMO;CLN7;OPC
COMMODITIES;CLN7;NYMEX;CLN7 Máximo;00000000000007;00000000002027;OLEO CRU DOCE - WTI (CL);BARRIL;DOLAR DOS EUA;20270629;SIM;PETROLEO;0000000001,0000000000;MAXIMO;CLN7;TER
COMMODITIES;CLN7;NYMEX;CLN7 Máximo;00000000000007;00000000002027;OLEO CRU DOCE - WTI (CL);BARRIL;DOLAR DOS EUA;20270629;SIM;PETROLEO;0000000001,0000000000;MAXIMO;CLN7;COE
COMMODITIES;CLN7;NYMEX;CLN7 AJUSTE;00000000000007;00000000002027;OLEO CRU DOCE - WTI (CL);BARRIL;DOLAR DOS EUA;20270629;SIM;PETROLEO;0000000001,0000000000;AJUSTE;CLN7;COE
COMMODITIES;CLN8;NYMEX;CLN18 Ajuste;00000000000007;00000000002018;OLEO CRU DOCE - WTI (CL);BARRIL;DOLAR DOS EUA;20180627;SIM;PETROLEO;0000000001,0000000000;AJUSTE;;COE
COMMODITIES;CLQ7;NYMEX;CLQ17 Ajuste;00000000000008;00000000002017;OLEO CRU DOCE - WTI (CL);BARRIL;DOLAR DOS EUA;20170727;SIM;PETROLEO;0000000001,0000000000;AJUSTE;;COE
COMMODITIES;CLQ8;NYMEX;CLQ18 Ajuste;00000000000008;00000000002018;OLEO CRU DOCE - WTI (CL);BARRIL;DOLAR DOS EUA;20180727;SIM;PETROLEO;0000000001,0000000000;AJUSTE;;COE
COMMODITIES;CLU6;NYMEX;CLU6 AJUSTE;00000000000009;00000000002026;OLEO CRU DOCE - WTI (CL);BARRIL;DOLAR DOS EUA;20260827;SIM;PETROLEO;0000000001,0000000000;AJUSTE;CLU6;OPC
COMMODITIES;CLU6;NYMEX;CLU6 AJUSTE;00000000000009;00000000002026;OLEO CRU DOCE - WTI (CL);BARRIL;DOLAR DOS EUA;20260827;SIM;PETROLEO;0000000001,0000000000;AJUSTE;CLU6;TER
COMMODITIES;CLV6;NYMEX;CLV6 AJUSTE;00000000000010;00000000002026;OLEO CRU DOCE - WTI (CL);BARRIL;DOLAR DOS EUA;20260929;SIM;PETROLEO;0000000001,0000000000;AJUSTE;CLV6;COE
COMMODITIES;CLV6;NYMEX;CLV6 AJUSTE;00000000000010;00000000002026;OLEO CRU DOCE - WTI (CL);BARRIL;DOLAR DOS EUA;20260929;SIM;PETROLEO;0000000001,0000000000;AJUSTE;CLV6;TER
COMMODITIES;CLV6;NYMEX;CLV6 AJUSTE;00000000000010;00000000002026;OLEO CRU DOCE - WTI (CL);BARRIL;DOLAR DOS EUA;20260929;SIM;PETROLEO;0000000001,0000000000;AJUSTE;CLV6;OPC
COMMODITIES;CLV7;NYMEX;CLV17 Fechamento;00000000000010;00000000002017;OLEO CRU DOCE - WTI (CL);BARRIL;DOLAR DOS EUA;20170927;SIM;PETROLEO;0000000001,0000000000;FECHAMENTO;;OPC
COMMODITIES;CLV7;NYMEX;CLV7 Máximo;00000000000010;00000000002027;OLEO CRU DOCE - WTI (CL);BARRIL;DOLAR DOS EUA;20270928;SIM;PETROLEO;0000000001,0000000000;MAXIMO;CLV7;OPC
COMMODITIES;CLV7;NYMEX;CLV7 Mínimo;00000000000010;00000000002027;OLEO CRU DOCE - WTI (CL);BARRIL;DOLAR DOS EUA;20270928;SIM;PETROLEO;0000000001,0000000000;MINIMO;CLV7;OPC
COMMODITIES;CLV7;NYMEX;CLV7 AJUSTE;00000000000010;00000000002027;OLEO CRU DOCE - WTI (CL);BARRIL;DOLAR DOS EUA;20270928;SIM;PETROLEO;0000000001,0000000000;AJUSTE;CLV7;OPC
COMMODITIES;CLV8;NYMEX;CLV18 Ajuste;00000000000010;00000000002018;OLEO CRU DOCE - WTI (CL);BARRIL;DOLAR DOS EUA;20180927;SIM;PETROLEO;0000000001,0000000000;AJUSTE;;COE
COMMODITIES;CLX6;NYMEX;CLX6 AJUSTE;00000000000011;00000000002026;OLEO CRU DOCE - WTI (CL);BARRIL;DOLAR DOS EUA;20261027;SIM;PETROLEO;0000000001,0000000000;AJUSTE;CLX6;COE
COMMODITIES;CLX6;NYMEX;CLX6 AJUSTE;00000000000011;00000000002026;OLEO CRU DOCE - WTI (CL);BARRIL;DOLAR DOS EUA;20261027;SIM;PETROLEO;0000000001,0000000000;AJUSTE;CLX6;OPC
COMMODITIES;CLX6;NYMEX;CLX6 AJUSTE;00000000000011;00000000002026;OLEO CRU DOCE - WTI (CL);BARRIL;DOLAR DOS EUA;20261027;SIM;PETROLEO;0000000001,0000000000;AJUSTE;CLX6;TER
COMMODITIES;CLX7;NYMEX;CLX17 Ajuste;00000000000011;00000000002017;OLEO CRU DOCE - WTI (CL);BARRIL;DOLAR DOS EUA;20171027;SIM;PETROLEO;0000000001,0000000000;AJUSTE;;COE
COMMODITIES;CLZ6;NYMEX;CLZ6 Mínimo;00000000000012;00000000002026;OLEO CRU DOCE - WTI (CL);BARRIL;DOLAR DOS EUA;20261127;SIM;PETROLEO;0000000001,0000000000;MINIMO;CLZ6;OPC
COMMODITIES;CLZ6;NYMEX;CLZ6 Mínimo;00000000000012;00000000002026;OLEO CRU DOCE - WTI (CL);BARRIL;DOLAR DOS EUA;20261127;SIM;PETROLEO;0000000001,0000000000;MINIMO;CLZ6;TER
COMMODITIES;CLZ6;NYMEX;CLZ6 Máximo;00000000000012;00000000002026;OLEO CRU DOCE - WTI (CL);BARRIL;DOLAR DOS EUA;20261127;SIM;PETROLEO;0000000001,0000000000;MAXIMO;CLZ6;TER
COMMODITIES;CLZ6;NYMEX;CLZ6 Máximo;00000000000012;00000000002026;OLEO CRU DOCE - WTI (CL);BARRIL;DOLAR DOS EUA;20261127;SIM;PETROLEO;0000000001,0000000000;MAXIMO;CLZ6;OPC
COMMODITIES;CLZ6;NYMEX;CLZ6 AJUSTE;00000000000012;00000000002026;OLEO CRU DOCE - WTI (CL);BARRIL;DOLAR DOS EUA;20261127;SIM;PETROLEO;0000000001,0000000000;AJUSTE;CLZ6;OPC
COMMODITIES;CLZ6;NYMEX;CLZ6 AJUSTE;00000000000012;00000000002026;OLEO CRU DOCE - WTI (CL);BARRIL;DOLAR DOS EUA;20261127;SIM;PETROLEO;0000000001,0000000000;AJUSTE;CLZ6;TER
COMMODITIES;CLZ7;NYMEX;CLZ17 Maximo;00000000000012;00000000002017;OLEO CRU DOCE - WTI (CL);BARRIL;DOLAR DOS EUA;20171127;SIM;PETROLEO;0000000001,0000000000;MAXIMO;;COE
COMMODITIES;CLZ7;NYMEX;CLZ17 Fechamento;00000000000012;00000000002017;OLEO CRU DOCE - WTI (CL);BARRIL;DOLAR DOS EUA;20171127;SIM;PETROLEO;0000000001,0000000000;FECHAMENTO;;COE
COMMODITIES;CLZ7;NYMEX;CLZ17 Minimo;00000000000012;00000000002017;OLEO CRU DOCE - WTI (CL);BARRIL;DOLAR DOS EUA;20171127;SIM;PETROLEO;0000000001,0000000000;MINIMO;;COE
COMMODITIES;CLZ7;NYMEX;CLZ17 Ajuste;00000000000012;00000000002017;OLEO CRU DOCE - WTI (CL);BARRIL;DOLAR DOS EUA;20171127;SIM;PETROLEO;0000000001,0000000000;AJUSTE;;COE
COMMODITIES;CLZ8;NYMEX;CLZ18 Ajuste;00000000000012;00000000002018;OLEO CRU DOCE - WTI (CL);BARRIL;DOLAR DOS EUA;20181126;SIM;PETROLEO;0000000001,0000000000;AJUSTE;;COE
COMMODITIES;CL1;NYMEX;CL1 Ajuste;00000000000012;00000000002199;PRIMEIRO FUTURO OLEO CRU DOCE - WTI;BARRIL;DOLAR DOS EUA;22000102;SIM;PETROLEO;0000000001,0000000000;AJUSTE;CL1;COE
COMMODITIES;CL1;NYMEX;CL1 Minimo;00000000000012;00000000002199;PRIMEIRO FUTURO OLEO CRU DOCE - WTI;BARRIL;DOLAR DOS EUA;22000102;SIM;PETROLEO;0000000001,0000000000;MINIMO;CL1;COE
COMMODITIES;CL1;NYMEX;CL1 Minimo;00000000000012;00000000002199;PRIMEIRO FUTURO OLEO CRU DOCE - WTI;BARRIL;DOLAR DOS EUA;22000102;SIM;PETROLEO;0000000001,0000000000;MINIMO;CL1;OPC
COMMODITIES;CL1;NYMEX;CL1 Maximo;00000000000012;00000000002199;PRIMEIRO FUTURO OLEO CRU DOCE - WTI;BARRIL;DOLAR DOS EUA;22000102;SIM;PETROLEO;0000000001,0000000000;MAXIMO;CL1;OPC
COMMODITIES;CL1;NYMEX;CL1 Ajuste;00000000000012;00000000002199;PRIMEIRO FUTURO OLEO CRU DOCE - WTI;BARRIL;DOLAR DOS EUA;22000102;SIM;PETROLEO;0000000001,0000000000;AJUSTE;CL1;OPC
COMMODITIES;CL1;NYMEX;CL1 Ajuste;00000000000012;00000000002199;PRIMEIRO FUTURO OLEO CRU DOCE - WTI;BARRIL;DOLAR DOS EUA;22000102;SIM;PETROLEO;0000000001,0000000000;AJUSTE;CL1;TER
COMMODITIES;CL1;NYMEX;CL1 Maximo;00000000000012;00000000002199;PRIMEIRO FUTURO OLEO CRU DOCE - WTI;BARRIL;DOLAR DOS EUA;22000102;SIM;PETROLEO;0000000001,0000000000;MAXIMO;CL1;TER
COMMODITIES;CL1;NYMEX;CL1 Maximo;00000000000012;00000000002199;PRIMEIRO FUTURO OLEO CRU DOCE - WTI;BARRIL;DOLAR DOS EUA;22000102;SIM;PETROLEO;0000000001,0000000000;MAXIMO;CL1;COE
COMMODITIES;CL1;NYMEX;CL1 Minimo;00000000000012;00000000002199;PRIMEIRO FUTURO OLEO CRU DOCE - WTI;BARRIL;DOLAR DOS EUA;22000102;SIM;PETROLEO;0000000001,0000000000;MINIMO;CL1;TER
COMMODITIES;CN7;CBOT;CN17 Ajuste;00000000000007;00000000002017;EM GRAOS A GRANEL;BUSHELS;DOLAR DOS EUA;20170721;SIM;MILHO;0000000000,0100000000;AJUSTE;;COE
COMMODITIES;COF7;ICE (NYBOT);COF7 AJUSTE;00000000000001;00000000002027;PRIMEIRO FUTURO OLEO CRU-BRENT;BARRIL;DOLAR DOS EUA;20270203;SIM;PETROLEO;0000000001,0000000000;AJUSTE;COF7;OPC
COMMODITIES;COF7;ICE (NYBOT);COF7 AJUSTE;00000000000001;00000000002027;PRIMEIRO FUTURO OLEO CRU-BRENT;BARRIL;DOLAR DOS EUA;20270203;SIM;PETROLEO;0000000001,0000000000;AJUSTE;COF7;TER
COMMODITIES;COF7;ICE (NYBOT);COF7 Mínimo;00000000000001;00000000002027;PRIMEIRO FUTURO OLEO CRU-BRENT;BARRIL;DOLAR DOS EUA;20270203;SIM;PETROLEO;0000000001,0000000000;MINIMO;COF7;TER
COMMODITIES;COF7;ICE (NYBOT);COF7 Máximo;00000000000001;00000000002027;PRIMEIRO FUTURO OLEO CRU-BRENT;BARRIL;DOLAR DOS EUA;20270203;SIM;PETROLEO;0000000001,0000000000;MAXIMO;COF7;OPC
COMMODITIES;COF7;ICE (NYBOT);COF7 Máximo;00000000000001;00000000002027;PRIMEIRO FUTURO OLEO CRU-BRENT;BARRIL;DOLAR DOS EUA;20270203;SIM;PETROLEO;0000000001,0000000000;MAXIMO;COF7;TER
COMMODITIES;COF7;ICE (NYBOT);COF7 Mínimo;00000000000001;00000000002027;PRIMEIRO FUTURO OLEO CRU-BRENT;BARRIL;DOLAR DOS EUA;20270203;SIM;PETROLEO;0000000001,0000000000;MINIMO;COF7;OPC
COMMODITIES;COF8;ICE (NYBOT);COF8 AJUSTE;00000000000001;00000000002028;PRIMEIRO FUTURO OLEO CRU-BRENT;BARRIL;DOLAR DOS EUA;20271207;SIM;PETROLEO;0000000001,0000000000;AJUSTE;COF8;OPC
COMMODITIES;COF8;ICE (NYBOT);COF8 AJUSTE;00000000000001;00000000002028;PRIMEIRO FUTURO OLEO CRU-BRENT;BARRIL;DOLAR DOS EUA;20271207;SIM;PETROLEO;0000000001,0000000000;AJUSTE;COF8;TER
COMMODITIES;COF9;ICE (NYBOT);COF9 AJUSTE;00000000000001;00000000002029;PRIMEIRO FUTURO OLEO CRU-BRENT;BARRIL;DOLAR DOS EUA;20281207;SIM;PETROLEO;0000000001,0000000000;AJUSTE;COF9;TER
COMMODITIES;COF9;ICE (NYBOT);COF9 AJUSTE;00000000000001;00000000002029;PRIMEIRO FUTURO OLEO CRU-BRENT;BARRIL;DOLAR DOS EUA;20281207;SIM;PETROLEO;0000000001,0000000000;AJUSTE;COF9;OPC
COMMODITIES;COG29;ICE (NYBOT);COG29 AJUSTE;00000000000002;00000000002029;PRIMEIRO FUTURO OLEO CRU-BRENT;BARRIL;DOLAR DOS EUA;20290105;SIM;PETROLEO;0000000001,0000000000;AJUSTE;COG29;TER
COMMODITIES;COG29;ICE (NYBOT);COG29 AJUSTE;00000000000002;00000000002029;PRIMEIRO FUTURO OLEO CRU-BRENT;BARRIL;DOLAR DOS EUA;20290105;SIM;PETROLEO;0000000001,0000000000;AJUSTE;COG29;OPC
COMMODITIES;COG7;ICE (NYBOT);COG7 AJUSTE;00000000000002;00000000002027;PRIMEIRO FUTURO OLEO CRU-BRENT;BARRIL;DOLAR DOS EUA;20270308;SIM;PETROLEO;0000000001,0000000000;AJUSTE;COG7;TER
COMMODITIES;COG7;ICE (NYBOT);COG7 AJUSTE;00000000000002;00000000002027;PRIMEIRO FUTURO OLEO CRU-BRENT;BARRIL;DOLAR DOS EUA;20270308;SIM;PETROLEO;0000000001,0000000000;AJUSTE;COG7;OPC
COMMODITIES;COG7;ICE (NYBOT);COG7 Mínimo;00000000000002;00000000002027;PRIMEIRO FUTURO OLEO CRU-BRENT;BARRIL;DOLAR DOS EUA;20270308;SIM;PETROLEO;0000000001,0000000000;MINIMO;COG7;OPC
COMMODITIES;COG7;ICE (NYBOT);COG7 Mínimo;00000000000002;00000000002027;PRIMEIRO FUTURO OLEO CRU-BRENT;BARRIL;DOLAR DOS EUA;20270308;SIM;PETROLEO;0000000001,0000000000;MINIMO;COG7;TER
COMMODITIES;COG7;ICE (NYBOT);COG7 Máximo;00000000000002;00000000002027;PRIMEIRO FUTURO OLEO CRU-BRENT;BARRIL;DOLAR DOS EUA;20270308;SIM;PETROLEO;0000000001,0000000000;MAXIMO;COG7;OPC
COMMODITIES;COG7;ICE (NYBOT);COG7 Máximo;00000000000002;00000000002027;PRIMEIRO FUTURO OLEO CRU-BRENT;BARRIL;DOLAR DOS EUA;20270308;SIM;PETROLEO;0000000001,0000000000;MAXIMO;COG7;TER
COMMODITIES;COG8;ICE (NYBOT);COG8 AJUSTE;00000000000002;00000000002028;PRIMEIRO FUTURO OLEO CRU-BRENT;BARRIL;DOLAR DOS EUA;20280106;SIM;PETROLEO;0000000001,0000000000;AJUSTE;COG8;OPC
COMMODITIES;COG8;ICE (NYBOT);COG8 AJUSTE;00000000000002;00000000002028;PRIMEIRO FUTURO OLEO CRU-BRENT;BARRIL;DOLAR DOS EUA;20280106;SIM;PETROLEO;0000000001,0000000000;AJUSTE;COG8;TER
COMMODITIES;COH29;ICE (NYBOT);COH29 AJUSTE;00000000000003;00000000002029;PRIMEIRO FUTURO OLEO CRU-BRENT;BARRIL;DOLAR DOS EUA;20290207;SIM;PETROLEO;0000000001,0000000000;AJUSTE;COH29;OPC
COMMODITIES;COH29;ICE (NYBOT);COH29 AJUSTE;00000000000003;00000000002029;PRIMEIRO FUTURO OLEO CRU-BRENT;BARRIL;DOLAR DOS EUA;20290207;SIM;PETROLEO;0000000001,0000000000;AJUSTE;COH29;TER
COMMODITIES;COH7;ICE (NYBOT);COH7 Mínimo;00000000000003;00000000002027;PRIMEIRO FUTURO OLEO CRU-BRENT;BARRIL;DOLAR DOS EUA;20270205;SIM;PETROLEO;0000000001,0000000000;MINIMO;COH7;TER
COMMODITIES;COH7;ICE (NYBOT);COH7 AJUSTE;00000000000003;00000000002027;PRIMEIRO FUTURO OLEO CRU-BRENT;BARRIL;DOLAR DOS EUA;20270401;SIM;PETROLEO;0000000001,0000000000;AJUSTE;COH7;OPC
COMMODITIES;COH7;ICE (NYBOT);COH7 AJUSTE;00000000000003;00000000002027;PRIMEIRO FUTURO OLEO CRU-BRENT;BARRIL;DOLAR DOS EUA;20270401;SIM;PETROLEO;0000000001,0000000000;AJUSTE;COH7;TER
COMMODITIES;COH7;ICE (NYBOT);COH7 Máximo;00000000000003;00000000002027;PRIMEIRO FUTURO OLEO CRU-BRENT;BARRIL;DOLAR DOS EUA;20270205;SIM;PETROLEO;0000000001,0000000000;MAXIMO;COH7;OPC
COMMODITIES;COH7;ICE (NYBOT);COH7 Máximo;00000000000003;00000000002027;PRIMEIRO FUTURO OLEO CRU-BRENT;BARRIL;DOLAR DOS EUA;20270205;SIM;PETROLEO;0000000001,0000000000;MAXIMO;COH7;TER
COMMODITIES;COH7;ICE (NYBOT);COH7 Mínimo;00000000000003;00000000002027;PRIMEIRO FUTURO OLEO CRU-BRENT;BARRIL;DOLAR DOS EUA;20270205;SIM;PETROLEO;0000000001,0000000000;MINIMO;COH7;OPC
COMMODITIES;COH8;ICE (NYBOT);COH8 AJUSTE;00000000000003;00000000002028;PRIMEIRO FUTURO OLEO CRU-BRENT;BARRIL;DOLAR DOS EUA;20280207;SIM;PETROLEO;0000000001,0000000000;AJUSTE;COH8;OPC
COMMODITIES;COH8;ICE (NYBOT);COH8 AJUSTE;00000000000003;00000000002028;PRIMEIRO FUTURO OLEO CRU-BRENT;BARRIL;DOLAR DOS EUA;20280207;SIM;PETROLEO;0000000001,0000000000;AJUSTE;COH8;TER
COMMODITIES;COJ29;ICE (NYBOT);COJ29 AJUSTE;00000000000004;00000000002029;PRIMEIRO FUTURO OLEO CRU-BRENT;BARRIL;DOLAR DOS EUA;20290307;SIM;PETROLEO;0000000001,0000000000;AJUSTE;COJ29;TER
COMMODITIES;COJ29;ICE (NYBOT);COJ29 AJUSTE;00000000000004;00000000002029;PRIMEIRO FUTURO OLEO CRU-BRENT;BARRIL;DOLAR DOS EUA;20290307;SIM;PETROLEO;0000000001,0000000000;AJUSTE;COJ29;OPC
COMMODITIES;COJ7;ICE (NYBOT);COJ7 Mínimo;00000000000004;00000000002027;PRIMEIRO FUTURO OLEO CRU-BRENT;BARRIL;DOLAR DOS EUA;20270305;SIM;PETROLEO;0000000001,0000000000;MINIMO;COJ7;OPC
COMMODITIES;COJ7;ICE (NYBOT);COJ7 Mínimo;00000000000004;00000000002027;PRIMEIRO FUTURO OLEO CRU-BRENT;BARRIL;DOLAR DOS EUA;20270305;SIM;PETROLEO;0000000001,0000000000;MINIMO;COJ7;TER
COMMODITIES;COJ7;ICE (NYBOT);COJ7 AJUSTE;00000000000004;00000000002027;PRIMEIRO FUTURO OLEO CRU-BRENT;BARRIL;DOLAR DOS EUA;20270401;SIM;PETROLEO;0000000001,0000000000;AJUSTE;COJ7;OPC
COMMODITIES;COJ7;ICE (NYBOT);COJ7 AJUSTE;00000000000004;00000000002027;PRIMEIRO FUTURO OLEO CRU-BRENT;BARRIL;DOLAR DOS EUA;20270401;SIM;PETROLEO;0000000001,0000000000;AJUSTE;COJ7;TER
COMMODITIES;COJ7;ICE (NYBOT);COJ7 Máximo;00000000000004;00000000002027;PRIMEIRO FUTURO OLEO CRU-BRENT;BARRIL;DOLAR DOS EUA;20270305;SIM;PETROLEO;0000000001,0000000000;MAXIMO;COJ7;OPC
COMMODITIES;COJ7;ICE (NYBOT);COJ7 Máximo;00000000000004;00000000002027;PRIMEIRO FUTURO OLEO CRU-BRENT;BARRIL;DOLAR DOS EUA;20270305;SIM;PETROLEO;0000000001,0000000000;MAXIMO;COJ7;TER
COMMODITIES;COJ8;ICE (NYBOT);COJ8 AJUSTE;00000000000004;00000000002028;PRIMEIRO FUTURO OLEO CRU-BRENT;BARRIL;DOLAR DOS EUA;20280307;SIM;PETROLEO;0000000001,0000000000;AJUSTE;COJ8;TER
COMMODITIES;COJ8;ICE (NYBOT);COJ8 AJUSTE;00000000000004;00000000002028;PRIMEIRO FUTURO OLEO CRU-BRENT;BARRIL;DOLAR DOS EUA;20280307;SIM;PETROLEO;0000000001,0000000000;AJUSTE;COJ8;OPC
COMMODITIES;COK29;ICE (NYBOT);COK29 AJUSTE;00000000000005;00000000002029;PRIMEIRO FUTURO OLEO CRU-BRENT;BARRIL;DOLAR DOS EUA;20290406;SIM;PETROLEO;0000000001,0000000000;AJUSTE;COK29;TER
COMMODITIES;COK29;ICE (NYBOT);COK29 AJUSTE;00000000000005;00000000002029;PRIMEIRO FUTURO OLEO CRU-BRENT;BARRIL;DOLAR DOS EUA;20290406;SIM;PETROLEO;0000000001,0000000000;AJUSTE;COK29;OPC
COMMODITIES;COK7;ICE (NYBOT);COK7 Mínimo;00000000000005;00000000002027;PRIMEIRO FUTURO OLEO CRU-BRENT;BARRIL;DOLAR DOS EUA;20270407;SIM;PETROLEO;0000000001,0000000000;MINIMO;COK7;OPC
COMMODITIES;COK7;ICE (NYBOT);COK7 Mínimo;00000000000005;00000000002027;PRIMEIRO FUTURO OLEO CRU-BRENT;BARRIL;DOLAR DOS EUA;20270407;SIM;PETROLEO;0000000001,0000000000;MINIMO;COK7;TER
COMMODITIES;COK7;ICE (NYBOT);COK7 AJUSTE;00000000000005;00000000002027;PRIMEIRO FUTURO OLEO CRU-BRENT;BARRIL;DOLAR DOS EUA;20270503;SIM;PETROLEO;0000000001,0000000000;AJUSTE;COK7;OPC
COMMODITIES;COK7;ICE (NYBOT);COK7 AJUSTE;00000000000005;00000000002027;PRIMEIRO FUTURO OLEO CRU-BRENT;BARRIL;DOLAR DOS EUA;20270503;SIM;PETROLEO;0000000001,0000000000;AJUSTE;COK7;TER
COMMODITIES;COK7;ICE (NYBOT);COK7 Máximo;00000000000005;00000000002027;PRIMEIRO FUTURO OLEO CRU-BRENT;BARRIL;DOLAR DOS EUA;20270407;SIM;PETROLEO;0000000001,0000000000;MAXIMO;COK7;OPC
COMMODITIES;COK7;ICE (NYBOT);COK7 Máximo;00000000000005;00000000002027;PRIMEIRO FUTURO OLEO CRU-BRENT;BARRIL;DOLAR DOS EUA;20270407;SIM;PETROLEO;0000000001,0000000000;MAXIMO;COK7;TER
COMMODITIES;COK8;ICE (NYBOT);COK8 AJUSTE;00000000000005;00000000002028;PRIMEIRO FUTURO OLEO CRU-BRENT;BARRIL;DOLAR DOS EUA;20280407;SIM;PETROLEO;0000000001,0000000000;AJUSTE;COK8;TER
COMMODITIES;COK8;ICE (NYBOT);COK8 AJUSTE;00000000000005;00000000002028;PRIMEIRO FUTURO OLEO CRU-BRENT;BARRIL;DOLAR DOS EUA;20280407;SIM;PETROLEO;0000000001,0000000000;AJUSTE;COK8;OPC
COMMODITIES;COM29;ICE (NYBOT);COM29 AJUSTE;00000000000006;00000000002029;PRIMEIRO FUTURO OLEO CRU-BRENT;BARRIL;DOLAR DOS EUA;20290508;SIM;PETROLEO;0000000001,0000000000;AJUSTE;COM29;TER
COMMODITIES;COM29;ICE (NYBOT);COM29 AJUSTE;00000000000006;00000000002029;PRIMEIRO FUTURO OLEO CRU-BRENT;BARRIL;DOLAR DOS EUA;20290508;SIM;PETROLEO;0000000001,0000000000;AJUSTE;COM29;OPC
COMMODITIES;COM5;ICE (NYBOT);COM5 AJUSTE;00000000000006;00000000002025;PRIMEIRO FUTURO OLEO CRU-BRENT;BARRIL;DOLAR DOS EUA;20250704;SIM;PETROLEO;0000000001,0000000000;AJUSTE;COM5;COE
COMMODITIES;COM7;ICE (NYBOT);COM7 Máximo;00000000000006;00000000002027;PRIMEIRO FUTURO OLEO CRU-BRENT;BARRIL;DOLAR DOS EUA;20270507;SIM;PETROLEO;0000000001,0000000000;MAXIMO;COM7;COE
COMMODITIES;COM7;ICE (NYBOT);COM7 Máximo;00000000000006;00000000002027;PRIMEIRO FUTURO OLEO CRU-BRENT;BARRIL;DOLAR DOS EUA;20270507;SIM;PETROLEO;0000000001,0000000000;MAXIMO;COM7;TER
COMMODITIES;COM7;ICE (NYBOT);COM7 Máximo;00000000000006;00000000002027;PRIMEIRO FUTURO OLEO CRU-BRENT;BARRIL;DOLAR DOS EUA;20270507;SIM;PETROLEO;0000000001,0000000000;MAXIMO;COM7;OPC
COMMODITIES;COM7;ICE (NYBOT);COM7 AJUSTE;00000000000006;00000000002027;PRIMEIRO FUTURO OLEO CRU-BRENT;BARRIL;DOLAR DOS EUA;20270507;SIM;PETROLEO;0000000001,0000000000;AJUSTE;COM7;COE
COMMODITIES;COM7;ICE (NYBOT);COM7 Mínimo;00000000000006;00000000002027;PRIMEIRO FUTURO OLEO CRU-BRENT;BARRIL;DOLAR DOS EUA;20270507;SIM;PETROLEO;0000000001,0000000000;MINIMO;COM7;TER
COMMODITIES;COM7;ICE (NYBOT);COM7 Mínimo;00000000000006;00000000002027;PRIMEIRO FUTURO OLEO CRU-BRENT;BARRIL;DOLAR DOS EUA;20270507;SIM;PETROLEO;0000000001,0000000000;MINIMO;COM7;OPC
COMMODITIES;COM7;ICE (NYBOT);COM7 AJUSTE;00000000000006;00000000002027;PRIMEIRO FUTURO OLEO CRU-BRENT;BARRIL;DOLAR DOS EUA;20270507;SIM;PETROLEO;0000000001,0000000000;AJUSTE;COM7;TER
COMMODITIES;COM7;ICE (NYBOT);COM7 AJUSTE;00000000000006;00000000002027;PRIMEIRO FUTURO OLEO CRU-BRENT;BARRIL;DOLAR DOS EUA;20270507;SIM;PETROLEO;0000000001,0000000000;AJUSTE;COM7;OPC
COMMODITIES;COM7;ICE (NYBOT);COM7 Mínimo;00000000000006;00000000002027;PRIMEIRO FUTURO OLEO CRU-BRENT;BARRIL;DOLAR DOS EUA;20270507;SIM;PETROLEO;0000000001,0000000000;MINIMO;COM7;COE
COMMODITIES;COM8;ICE (NYBOT);COM8 AJUSTE;00000000000006;00000000002028;PRIMEIRO FUTURO OLEO CRU-BRENT;BARRIL;DOLAR DOS EUA;20280508;SIM;PETROLEO;0000000001,0000000000;AJUSTE;COM8;OPC
COMMODITIES;COM8;ICE (NYBOT);COM8 AJUSTE;00000000000006;00000000002028;PRIMEIRO FUTURO OLEO CRU-BRENT;BARRIL;DOLAR DOS EUA;20280508;SIM;PETROLEO;0000000001,0000000000;AJUSTE;COM8;TER
COMMODITIES;CON29;ICE (NYBOT);CON29 AJUSTE;00000000000007;00000000002029;PRIMEIRO FUTURO OLEO CRU-BRENT;BARRIL;DOLAR DOS EUA;20290607;SIM;PETROLEO;0000000001,0000000000;AJUSTE;CON29;OPC
COMMODITIES;CON29;ICE (NYBOT);CON29 AJUSTE;00000000000007;00000000002029;PRIMEIRO FUTURO OLEO CRU-BRENT;BARRIL;DOLAR DOS EUA;20290607;SIM;PETROLEO;0000000001,0000000000;AJUSTE;CON29;TER
COMMODITIES;CON7;ICE (NYBOT);CON7 AJUSTE;00000000000007;00000000002027;PRIMEIRO FUTURO OLEO CRU-BRENT;BARRIL;DOLAR DOS EUA;20270604;SIM;PETROLEO;0000000001,0000000000;AJUSTE;CON7;OPC
COMMODITIES;CON7;ICE (NYBOT);CON7 Mínimo;00000000000007;00000000002027;PRIMEIRO FUTURO OLEO CRU-BRENT;BARRIL;DOLAR DOS EUA;20270604;SIM;PETROLEO;0000000001,0000000000;MINIMO;CON7;TER
COMMODITIES;CON7;ICE (NYBOT);CON7 Mínimo;00000000000007;00000000002027;PRIMEIRO FUTURO OLEO CRU-BRENT;BARRIL;DOLAR DOS EUA;20270604;SIM;PETROLEO;0000000001,0000000000;MINIMO;CON7;COE
COMMODITIES;CON7;ICE (NYBOT);CON7 Máximo;00000000000007;00000000002027;PRIMEIRO FUTURO OLEO CRU-BRENT;BARRIL;DOLAR DOS EUA;20270604;SIM;PETROLEO;0000000001,0000000000;MAXIMO;CON7;OPC
COMMODITIES;CON7;ICE (NYBOT);CON7 Máximo;00000000000007;00000000002027;PRIMEIRO FUTURO OLEO CRU-BRENT;BARRIL;DOLAR DOS EUA;20270604;SIM;PETROLEO;0000000001,0000000000;MAXIMO;CON7;TER
COMMODITIES;CON7;ICE (NYBOT);CON7 Máximo;00000000000007;00000000002027;PRIMEIRO FUTURO OLEO CRU-BRENT;BARRIL;DOLAR DOS EUA;20270604;SIM;PETROLEO;0000000001,0000000000;MAXIMO;CON7;COE
COMMODITIES;CON7;ICE (NYBOT);CON7 Mínimo;00000000000007;00000000002027;PRIMEIRO FUTURO OLEO CRU-BRENT;BARRIL;DOLAR DOS EUA;20270604;SIM;PETROLEO;0000000001,0000000000;MINIMO;CON7;OPC
COMMODITIES;CON7;ICE (NYBOT);CON7 AJUSTE;00000000000007;00000000002027;PRIMEIRO FUTURO OLEO CRU-BRENT;BARRIL;DOLAR DOS EUA;20270604;SIM;PETROLEO;0000000001,0000000000;AJUSTE;CON7;TER
COMMODITIES;CON7;ICE (NYBOT);CON7 AJUSTE;00000000000007;00000000002027;PRIMEIRO FUTURO OLEO CRU-BRENT;BARRIL;DOLAR DOS EUA;20270604;SIM;PETROLEO;0000000001,0000000000;AJUSTE;CON7;COE
COMMODITIES;CON8;ICE (NYBOT);CON8 AJUSTE;00000000000007;00000000002028;PRIMEIRO FUTURO OLEO CRU-BRENT;BARRIL;DOLAR DOS EUA;20280607;SIM;PETROLEO;0000000001,0000000000;AJUSTE;CON8;TER
COMMODITIES;CON8;ICE (NYBOT);CON8 AJUSTE;00000000000007;00000000002028;PRIMEIRO FUTURO OLEO CRU-BRENT;BARRIL;DOLAR DOS EUA;20280607;SIM;PETROLEO;0000000001,0000000000;AJUSTE;CON8;OPC
COMMODITIES;COQ29;ICE (NYBOT);COQ29 AJUSTE;00000000000008;00000000002029;PRIMEIRO FUTURO OLEO CRU-BRENT;BARRIL;DOLAR DOS EUA;20290706;SIM;PETROLEO;0000000001,0000000000;AJUSTE;COQ29;OPC
COMMODITIES;COQ29;ICE (NYBOT);COQ29 AJUSTE;00000000000008;00000000002029;PRIMEIRO FUTURO OLEO CRU-BRENT;BARRIL;DOLAR DOS EUA;20290706;SIM;PETROLEO;0000000001,0000000000;AJUSTE;COQ29;TER
COMMODITIES;COQ6;ICE (NYBOT);COQ6 AJUSTE;00000000000008;00000000002026;PRIMEIRO FUTURO OLEO CRU-BRENT;BARRIL;DOLAR DOS EUA;20260901;SIM;PETROLEO;0000000001,0000000000;AJUSTE;COQ6;TER
COMMODITIES;COQ6;ICE (NYBOT);COQ6 AJUSTE;00000000000008;00000000002026;PRIMEIRO FUTURO OLEO CRU-BRENT;BARRIL;DOLAR DOS EUA;20260901;SIM;PETROLEO;0000000001,0000000000;AJUSTE;COQ6;OPC
COMMODITIES;COQ6;ICE (NYBOT);COQ6 Máximo;00000000000008;00000000002026;PRIMEIRO FUTURO OLEO CRU-BRENT;BARRIL;DOLAR DOS EUA;20260901;SIM;PETROLEO;0000000001,0000000000;MAXIMO;COQ6;OPC
COMMODITIES;COQ6;ICE (NYBOT);COQ6 Mínimo;00000000000008;00000000002026;PRIMEIRO FUTURO OLEO CRU-BRENT;BARRIL;DOLAR DOS EUA;20260901;SIM;PETROLEO;0000000001,0000000000;MINIMO;COQ6;OPC
COMMODITIES;COQ6;ICE (NYBOT);COQ6 Máximo;00000000000008;00000000002026;PRIMEIRO FUTURO OLEO CRU-BRENT;BARRIL;DOLAR DOS EUA;20260901;SIM;PETROLEO;0000000001,0000000000;MAXIMO;COQ6;TER
COMMODITIES;COQ6;ICE (NYBOT);COQ6 Mínimo;00000000000008;00000000002026;PRIMEIRO FUTURO OLEO CRU-BRENT;BARRIL;DOLAR DOS EUA;20260901;SIM;PETROLEO;0000000001,0000000000;MINIMO;COQ6;TER
COMMODITIES;COQ7;ICE (NYBOT);COQ7 Mínimo;00000000000008;00000000002027;PRIMEIRO FUTURO OLEO CRU-BRENT;BARRIL;DOLAR DOS EUA;20270707;SIM;PETROLEO;0000000001,0000000000;MINIMO;COQ7;OPC
COMMODITIES;COQ7;ICE (NYBOT);COQ7 Mínimo;00000000000008;00000000002027;PRIMEIRO FUTURO OLEO CRU-BRENT;BARRIL;DOLAR DOS EUA;20270707;SIM;PETROLEO;0000000001,0000000000;MINIMO;COQ7;TER
COMMODITIES;COQ7;ICE (NYBOT);COQ7 AJUSTE;00000000000008;00000000002027;PRIMEIRO FUTURO OLEO CRU-BRENT;BARRIL;DOLAR DOS EUA;20270707;SIM;PETROLEO;0000000001,0000000000;AJUSTE;COQ7;OPC
COMMODITIES;COQ7;ICE (NYBOT);COQ7 Máximo;00000000000008;00000000002027;PRIMEIRO FUTURO OLEO CRU-BRENT;BARRIL;DOLAR DOS EUA;20270707;SIM;PETROLEO;0000000001,0000000000;MAXIMO;COQ7;OPC
COMMODITIES;COQ7;ICE (NYBOT);COQ7 Máximo;00000000000008;00000000002027;PRIMEIRO FUTURO OLEO CRU-BRENT;BARRIL;DOLAR DOS EUA;20270707;SIM;PETROLEO;0000000001,0000000000;MAXIMO;COQ7;TER
COMMODITIES;COQ7;ICE (NYBOT);COQ7 Máximo;00000000000008;00000000002027;PRIMEIRO FUTURO OLEO CRU-BRENT;BARRIL;DOLAR DOS EUA;20270707;SIM;PETROLEO;0000000001,0000000000;MAXIMO;COQ7;COE
COMMODITIES;COQ7;ICE (NYBOT);COQ7 Mínimo;00000000000008;00000000002027;PRIMEIRO FUTURO OLEO CRU-BRENT;BARRIL;DOLAR DOS EUA;20270707;SIM;PETROLEO;0000000001,0000000000;MINIMO;COQ7;COE
COMMODITIES;COQ7;ICE (NYBOT);COQ7 AJUSTE;00000000000008;00000000002027;PRIMEIRO FUTURO OLEO CRU-BRENT;BARRIL;DOLAR DOS EUA;20270707;SIM;PETROLEO;0000000001,0000000000;AJUSTE;COQ7;TER
COMMODITIES;COQ7;ICE (NYBOT);COQ7 AJUSTE;00000000000008;00000000002027;PRIMEIRO FUTURO OLEO CRU-BRENT;BARRIL;DOLAR DOS EUA;20270707;SIM;PETROLEO;0000000001,0000000000;AJUSTE;COQ7;COE
COMMODITIES;COQ8;ICE (NYBOT);COQ8 AJUSTE;00000000000008;00000000002028;PRIMEIRO FUTURO OLEO CRU-BRENT;BARRIL;DOLAR DOS EUA;20280707;SIM;PETROLEO;0000000001,0000000000;AJUSTE;COQ8;TER
COMMODITIES;COQ8;ICE (NYBOT);COQ8 AJUSTE;00000000000008;00000000002028;PRIMEIRO FUTURO OLEO CRU-BRENT;BARRIL;DOLAR DOS EUA;20280707;SIM;PETROLEO;0000000001,0000000000;AJUSTE;COQ8;OPC
COMMODITIES;COU29;ICE (NYBOT);COU29 AJUSTE;00000000000009;00000000002029;PRIMEIRO FUTURO OLEO CRU-BRENT;BARRIL;DOLAR DOS EUA;20290807;SIM;PETROLEO;0000000001,0000000000;AJUSTE;COU29;TER
COMMODITIES;COU29;ICE (NYBOT);COU29 AJUSTE;00000000000009;00000000002029;PRIMEIRO FUTURO OLEO CRU-BRENT;BARRIL;DOLAR DOS EUA;20290807;SIM;PETROLEO;0000000001,0000000000;AJUSTE;COU29;OPC
COMMODITIES;COU6;ICE (NYBOT);COU6 AJUSTE;00000000000009;00000000002026;PRIMEIRO FUTURO OLEO CRU-BRENT;BARRIL;DOLAR DOS EUA;20261005;SIM;PETROLEO;0000000001,0000000000;AJUSTE;COU6;TER
COMMODITIES;COU6;ICE (NYBOT);COU6 AJUSTE;00000000000009;00000000002026;PRIMEIRO FUTURO OLEO CRU-BRENT;BARRIL;DOLAR DOS EUA;20261005;SIM;PETROLEO;0000000001,0000000000;AJUSTE;COU6;OPC
COMMODITIES;COU6;ICE (NYBOT);COU6 Mínimo;00000000000009;00000000002026;PRIMEIRO FUTURO OLEO CRU-BRENT;BARRIL;DOLAR DOS EUA;20261005;SIM;PETROLEO;0000000001,0000000000;MINIMO;COU6;OPC
COMMODITIES;COU6;ICE (NYBOT);COU6 Mínimo;00000000000009;00000000002026;PRIMEIRO FUTURO OLEO CRU-BRENT;BARRIL;DOLAR DOS EUA;20261005;SIM;PETROLEO;0000000001,0000000000;MINIMO;COU6;TER
COMMODITIES;COU6;ICE (NYBOT);COU6 Máximo;00000000000009;00000000002026;PRIMEIRO FUTURO OLEO CRU-BRENT;BARRIL;DOLAR DOS EUA;20261005;SIM;PETROLEO;0000000001,0000000000;MAXIMO;COU6;OPC
COMMODITIES;COU6;ICE (NYBOT);COU6 Máximo;00000000000009;00000000002026;PRIMEIRO FUTURO OLEO CRU-BRENT;BARRIL;DOLAR DOS EUA;20261005;SIM;PETROLEO;0000000001,0000000000;MAXIMO;COU6;TER
COMMODITIES;COU7;ICE (NYBOT);COU7 AJUSTE;00000000000009;00000000002027;PRIMEIRO FUTURO OLEO CRU-BRENT;BARRIL;DOLAR DOS EUA;20270806;SIM;PETROLEO;0000000001,0000000000;AJUSTE;COU7;TER
COMMODITIES;COU7;ICE (NYBOT);COU7 AJUSTE;00000000000009;00000000002027;PRIMEIRO FUTURO OLEO CRU-BRENT;BARRIL;DOLAR DOS EUA;20270806;SIM;PETROLEO;0000000001,0000000000;AJUSTE;COU7;OPC
COMMODITIES;COU7;ICE (NYBOT);COU7 Máximo;00000000000009;00000000002027;PRIMEIRO FUTURO OLEO CRU-BRENT;BARRIL;DOLAR DOS EUA;20270806;SIM;PETROLEO;0000000001,0000000000;MAXIMO;COU7;OPC
COMMODITIES;COU7;ICE (NYBOT);COU7 Máximo;00000000000009;00000000002027;PRIMEIRO FUTURO OLEO CRU-BRENT;BARRIL;DOLAR DOS EUA;20270806;SIM;PETROLEO;0000000001,0000000000;MAXIMO;COU7;TER
COMMODITIES;COU7;ICE (NYBOT);COU7 Mínimo;00000000000009;00000000002027;PRIMEIRO FUTURO OLEO CRU-BRENT;BARRIL;DOLAR DOS EUA;20270806;SIM;PETROLEO;0000000001,0000000000;MINIMO;COU7;OPC
COMMODITIES;COU7;ICE (NYBOT);COU7 Mínimo;00000000000009;00000000002027;PRIMEIRO FUTURO OLEO CRU-BRENT;BARRIL;DOLAR DOS EUA;20270806;SIM;PETROLEO;0000000001,0000000000;MINIMO;COU7;TER
COMMODITIES;COU8;ICE (NYBOT);COU8 AJUSTE;00000000000009;00000000002028;PRIMEIRO FUTURO OLEO CRU-BRENT;BARRIL;DOLAR DOS EUA;20280807;SIM;PETROLEO;0000000001,0000000000;AJUSTE;COU8;OPC
COMMODITIES;COU8;ICE (NYBOT);COU8 AJUSTE;00000000000009;00000000002028;PRIMEIRO FUTURO OLEO CRU-BRENT;BARRIL;DOLAR DOS EUA;20280807;SIM;PETROLEO;0000000001,0000000000;AJUSTE;COU8;TER
COMMODITIES;COV29;ICE (NYBOT);COV29 AJUSTE;00000000000010;00000000002029;PRIMEIRO FUTURO OLEO CRU-BRENT;BARRIL;DOLAR DOS EUA;20290910;SIM;PETROLEO;0000000001,0000000000;AJUSTE;COV29;TER
COMMODITIES;COV29;ICE (NYBOT);COV29 AJUSTE;00000000000010;00000000002029;PRIMEIRO FUTURO OLEO CRU-BRENT;BARRIL;DOLAR DOS EUA;20290910;SIM;PETROLEO;0000000001,0000000000;AJUSTE;COV29;OPC
COMMODITIES;COV6;ICE (NYBOT);COV6 Máximo;00000000000010;00000000002026;PRIMEIRO FUTURO OLEO CRU-BRENT;BARRIL;DOLAR DOS EUA;20261104;SIM;PETROLEO;0000000001,0000000000;MAXIMO;COV6;OPC
COMMODITIES;COV6;ICE (NYBOT);COV6 Máximo;00000000000010;00000000002026;PRIMEIRO FUTURO OLEO CRU-BRENT;BARRIL;DOLAR DOS EUA;20261104;SIM;PETROLEO;0000000001,0000000000;MAXIMO;COV6;TER
COMMODITIES;COV6;ICE (NYBOT);COV6 AJUSTE;00000000000010;00000000002026;PRIMEIRO FUTURO OLEO CRU-BRENT;BARRIL;DOLAR DOS EUA;20261104;SIM;PETROLEO;0000000001,0000000000;AJUSTE;COV6;TER
COMMODITIES;COV6;ICE (NYBOT);COV6 Mínimo;00000000000010;00000000002026;PRIMEIRO FUTURO OLEO CRU-BRENT;BARRIL;DOLAR DOS EUA;20261104;SIM;PETROLEO;0000000001,0000000000;MINIMO;COV6;OPC
COMMODITIES;COV6;ICE (NYBOT);COV6 Mínimo;00000000000010;00000000002026;PRIMEIRO FUTURO OLEO CRU-BRENT;BARRIL;DOLAR DOS EUA;20261104;SIM;PETROLEO;0000000001,0000000000;MINIMO;COV6;TER
COMMODITIES;COV6;ICE (NYBOT);COV6 AJUSTE;00000000000010;00000000002026;PRIMEIRO FUTURO OLEO CRU-BRENT;BARRIL;DOLAR DOS EUA;20261104;SIM;PETROLEO;0000000001,0000000000;AJUSTE;COV6;OPC
COMMODITIES;COV7;ICE (NYBOT);COV7 Mínimo;00000000000010;00000000002027;PRIMEIRO FUTURO OLEO CRU-BRENT;BARRIL;DOLAR DOS EUA;20270908;SIM;PETROLEO;0000000001,0000000000;MINIMO;COV7;TER
COMMODITIES;COV7;ICE (NYBOT);COV7 Mínimo;00000000000010;00000000002027;PRIMEIRO FUTURO OLEO CRU-BRENT;BARRIL;DOLAR DOS EUA;20270908;SIM;PETROLEO;0000000001,0000000000;MINIMO;COV7;OPC
COMMODITIES;COV7;ICE (NYBOT);COV7 AJUSTE;00000000000010;00000000002027;PRIMEIRO FUTURO OLEO CRU-BRENT;BARRIL;DOLAR DOS EUA;20270908;SIM;PETROLEO;0000000001,0000000000;AJUSTE;COV7;OPC
COMMODITIES;COV7;ICE (NYBOT);COV7 Máximo;00000000000010;00000000002027;PRIMEIRO FUTURO OLEO CRU-BRENT;BARRIL;DOLAR DOS EUA;20270908;SIM;PETROLEO;0000000001,0000000000;MAXIMO;COV7;TER
COMMODITIES;COV7;ICE (NYBOT);COV7 Máximo;00000000000010;00000000002027;PRIMEIRO FUTURO OLEO CRU-BRENT;BARRIL;DOLAR DOS EUA;20270908;SIM;PETROLEO;0000000001,0000000000;MAXIMO;COV7;OPC
COMMODITIES;COV7;ICE (NYBOT);COV7 AJUSTE;00000000000010;00000000002027;PRIMEIRO FUTURO OLEO CRU-BRENT;BARRIL;DOLAR DOS EUA;20270908;SIM;PETROLEO;0000000001,0000000000;AJUSTE;COV7;TER
COMMODITIES;COV8;ICE (NYBOT);COV8 AJUSTE;00000000000010;00000000002028;PRIMEIRO FUTURO OLEO CRU-BRENT;BARRIL;DOLAR DOS EUA;20280908;SIM;PETROLEO;0000000001,0000000000;AJUSTE;COV8;TER
COMMODITIES;COV8;ICE (NYBOT);COV8 AJUSTE;00000000000010;00000000002028;PRIMEIRO FUTURO OLEO CRU-BRENT;BARRIL;DOLAR DOS EUA;20280908;SIM;PETROLEO;0000000001,0000000000;AJUSTE;COV8;OPC
COMMODITIES;COX29;ICE (NYBOT);COX29 AJUSTE;00000000000011;00000000002029;PRIMEIRO FUTURO OLEO CRU-BRENT;BARRIL;DOLAR DOS EUA;20291005;SIM;PETROLEO;0000000001,0000000000;AJUSTE;COX29;TER
COMMODITIES;COX29;ICE (NYBOT);COX29 AJUSTE;00000000000011;00000000002029;PRIMEIRO FUTURO OLEO CRU-BRENT;BARRIL;DOLAR DOS EUA;20291005;SIM;PETROLEO;0000000001,0000000000;AJUSTE;COX29;OPC
COMMODITIES;COX6;ICE (NYBOT);COX6 Máximo;00000000000011;00000000002026;PRIMEIRO FUTURO OLEO CRU-BRENT;BARRIL;DOLAR DOS EUA;20261204;SIM;PETROLEO;0000000001,0000000000;MAXIMO;COX6;OPC
COMMODITIES;COX6;ICE (NYBOT);COX6 Mínimo;00000000000011;00000000002026;PRIMEIRO FUTURO OLEO CRU-BRENT;BARRIL;DOLAR DOS EUA;20261204;SIM;PETROLEO;0000000001,0000000000;MINIMO;COX6;TER
COMMODITIES;COX6;ICE (NYBOT);COX6 AJUSTE;00000000000011;00000000002026;PRIMEIRO FUTURO OLEO CRU-BRENT;BARRIL;DOLAR DOS EUA;20261204;SIM;PETROLEO;0000000001,0000000000;AJUSTE;COX6;TER
COMMODITIES;COX6;ICE (NYBOT);COX6 Máximo;00000000000011;00000000002026;PRIMEIRO FUTURO OLEO CRU-BRENT;BARRIL;DOLAR DOS EUA;20261204;SIM;PETROLEO;0000000001,0000000000;MAXIMO;COX6;TER
COMMODITIES;COX6;ICE (NYBOT);COX6 AJUSTE;00000000000011;00000000002026;PRIMEIRO FUTURO OLEO CRU-BRENT;BARRIL;DOLAR DOS EUA;20261204;SIM;PETROLEO;0000000001,0000000000;AJUSTE;COX6;OPC
COMMODITIES;COX6;ICE (NYBOT);COX6 Mínimo;00000000000011;00000000002026;PRIMEIRO FUTURO OLEO CRU-BRENT;BARRIL;DOLAR DOS EUA;20261204;SIM;PETROLEO;0000000001,0000000000;MINIMO;COX6;OPC
COMMODITIES;COX7;ICE (NYBOT);COX7 AJUSTE;00000000000011;00000000002027;PRIMEIRO FUTURO OLEO CRU-BRENT;BARRIL;DOLAR DOS EUA;20271007;SIM;PETROLEO;0000000001,0000000000;AJUSTE;COX7;OPC
COMMODITIES;COX7;ICE (NYBOT);COX7 AJUSTE;00000000000011;00000000002027;PRIMEIRO FUTURO OLEO CRU-BRENT;BARRIL;DOLAR DOS EUA;20271007;SIM;PETROLEO;0000000001,0000000000;AJUSTE;COX7;TER
COMMODITIES;COX8;ICE (NYBOT);COX8 AJUSTE;00000000000011;00000000002028;PRIMEIRO FUTURO OLEO CRU-BRENT;BARRIL;DOLAR DOS EUA;20281006;SIM;PETROLEO;0000000001,0000000000;AJUSTE;COX8;OPC
COMMODITIES;COX8;ICE (NYBOT);COX8 AJUSTE;00000000000011;00000000002028;PRIMEIRO FUTURO OLEO CRU-BRENT;BARRIL;DOLAR DOS EUA;20281006;SIM;PETROLEO;0000000001,0000000000;AJUSTE;COX8;TER
COMMODITIES;COZ29;ICE (NYBOT);COZ29 AJUSTE;00000000000012;00000000002029;PRIMEIRO FUTURO OLEO CRU-BRENT;BARRIL;DOLAR DOS EUA;20291108;SIM;PETROLEO;0000000001,0000000000;AJUSTE;COZ29;TER
COMMODITIES;COZ29;ICE (NYBOT);COZ29 AJUSTE;00000000000012;00000000002029;PRIMEIRO FUTURO OLEO CRU-BRENT;BARRIL;DOLAR DOS EUA;20291108;SIM;PETROLEO;0000000001,0000000000;AJUSTE;COZ29;OPC
COMMODITIES;COZ5;ICE (NYBOT);COZ5 Mínimo;00000000000012;00000000002025;PRIMEIRO FUTURO OLEO CRU-BRENT;BARRIL;DOLAR DOS EUA;20251107;SIM;PETROLEO;0000000001,0000000000;MINIMO;COZ5;OPC
COMMODITIES;COZ5;ICE (NYBOT);COZ5 AJUSTE;00000000000012;00000000002025;PRIMEIRO FUTURO OLEO CRU-BRENT;BARRIL;DOLAR DOS EUA;20260106;SIM;PETROLEO;0000000001,0000000000;AJUSTE;COZ5;OPC
COMMODITIES;COZ5;ICE (NYBOT);COZ5 Máximo;00000000000012;00000000002025;PRIMEIRO FUTURO OLEO CRU-BRENT;BARRIL;DOLAR DOS EUA;20251107;SIM;PETROLEO;0000000001,0000000000;MAXIMO;COZ5;OPC
COMMODITIES;COZ6;ICE (NYBOT);COZ6 Máximo;00000000000012;00000000002026;PRIMEIRO FUTURO OLEO CRU-BRENT;BARRIL;DOLAR DOS EUA;20261109;SIM;PETROLEO;0000000001,0000000000;MAXIMO;COZ6;OPC
COMMODITIES;COZ6;ICE (NYBOT);COZ6 Mínimo;00000000000012;00000000002026;PRIMEIRO FUTURO OLEO CRU-BRENT;BARRIL;DOLAR DOS EUA;20261109;SIM;PETROLEO;0000000001,0000000000;MINIMO;COZ6;OPC
COMMODITIES;COZ6;ICE (NYBOT);COZ6 Mínimo;00000000000012;00000000002026;PRIMEIRO FUTURO OLEO CRU-BRENT;BARRIL;DOLAR DOS EUA;20261109;SIM;PETROLEO;0000000001,0000000000;MINIMO;COZ6;TER
COMMODITIES;COZ6;ICE (NYBOT);COZ6 AJUSTE;00000000000012;00000000002026;PRIMEIRO FUTURO OLEO CRU-BRENT;BARRIL;DOLAR DOS EUA;20270106;SIM;PETROLEO;0000000001,0000000000;AJUSTE;COZ6;OPC
COMMODITIES;COZ6;ICE (NYBOT);COZ6 AJUSTE;00000000000012;00000000002026;PRIMEIRO FUTURO OLEO CRU-BRENT;BARRIL;DOLAR DOS EUA;20270106;SIM;PETROLEO;0000000001,0000000000;AJUSTE;COZ6;TER
COMMODITIES;COZ6;ICE (NYBOT);COZ6 Máximo;00000000000012;00000000002026;PRIMEIRO FUTURO OLEO CRU-BRENT;BARRIL;DOLAR DOS EUA;20261109;SIM;PETROLEO;0000000001,0000000000;MAXIMO;COZ6;TER
COMMODITIES;COZ7;ICE (NYBOT);COZ7 Máximo;00000000000012;00000000002027;PRIMEIRO FUTURO OLEO CRU-BRENT;BARRIL;DOLAR DOS EUA;20271108;SIM;PETROLEO;0000000001,0000000000;MAXIMO;COZ7;TER
COMMODITIES;COZ7;ICE (NYBOT);COZ7 AJUSTE;00000000000012;00000000002027;PRIMEIRO FUTURO OLEO CRU-BRENT;BARRIL;DOLAR DOS EUA;20271108;SIM;PETROLEO;0000000001,0000000000;AJUSTE;COZ7;TER
COMMODITIES;COZ7;ICE (NYBOT);COZ7 AJUSTE;00000000000012;00000000002027;PRIMEIRO FUTURO OLEO CRU-BRENT;BARRIL;DOLAR DOS EUA;20271108;SIM;PETROLEO;0000000001,0000000000;AJUSTE;COZ7;OPC
COMMODITIES;COZ7;ICE (NYBOT);COZ7 Mínimo;00000000000012;00000000002027;PRIMEIRO FUTURO OLEO CRU-BRENT;BARRIL;DOLAR DOS EUA;20271108;SIM;PETROLEO;0000000001,0000000000;MINIMO;COZ7;TER
COMMODITIES;COZ7;ICE (NYBOT);COZ7 Mínimo;00000000000012;00000000002027;PRIMEIRO FUTURO OLEO CRU-BRENT;BARRIL;DOLAR DOS EUA;20271108;SIM;PETROLEO;0000000001,0000000000;MINIMO;COZ7;OPC
COMMODITIES;COZ7;ICE (NYBOT);COZ7 Máximo;00000000000012;00000000002027;PRIMEIRO FUTURO OLEO CRU-BRENT;BARRIL;DOLAR DOS EUA;20271108;SIM;PETROLEO;0000000001,0000000000;MAXIMO;COZ7;OPC
COMMODITIES;COZ8;ICE (NYBOT);COZ8 AJUSTE;00000000000012;00000000002028;PRIMEIRO FUTURO OLEO CRU-BRENT;BARRIL;DOLAR DOS EUA;20281108;SIM;PETROLEO;0000000001,0000000000;AJUSTE;COZ8;OPC
COMMODITIES;COZ8;ICE (NYBOT);COZ8 AJUSTE;00000000000012;00000000002028;PRIMEIRO FUTURO OLEO CRU-BRENT;BARRIL;DOLAR DOS EUA;20281108;SIM;PETROLEO;0000000001,0000000000;AJUSTE;COZ8;TER
COMMODITIES;CO1;ICE (NYBOT);CO1 Ajuste;00000000000012;00000000002199;PRIMEIRO FUTURO OLEO CRU-BRENT;BARRIL;DOLAR DOS EUA;22000102;SIM;PETROLEO;0000000001,0000000000;AJUSTE;CO1;COE
COMMODITIES;CO1;ICE (NYBOT);CO1 Ajuste;00000000000012;00000000002199;PRIMEIRO FUTURO OLEO CRU-BRENT;BARRIL;DOLAR DOS EUA;22000102;SIM;PETROLEO;0000000001,0000000000;AJUSTE;CO1;TER
COMMODITIES;CO1;ICE (NYBOT);CO1 Ajuste;00000000000012;00000000002199;PRIMEIRO FUTURO OLEO CRU-BRENT;BARRIL;DOLAR DOS EUA;22000102;SIM;PETROLEO;0000000001,0000000000;AJUSTE;CO1;OPC
COMMODITIES;CO1-2;ICE (NYBOT);CO1-2 Ajuste;00000000000012;00000000002199;PRIMEIRO/SEGUNDO-FUTURO OLEO CRU BRENT;BARRIL;DOLAR DOS EUA;22000102;SIM;PETROLEO;0000000001,0000000000;AJUSTE;CO1;OPC
COMMODITIES;CO1-2;ICE (NYBOT);CO1-2 Ajuste;00000000000012;00000000002199;PRIMEIRO/SEGUNDO-FUTURO OLEO CRU BRENT;BARRIL;DOLAR DOS EUA;22000102;SIM;PETROLEO;0000000001,0000000000;AJUSTE;CO1;TER
COMMODITIES;CRDF7;BMF;CRDF7 AJUSTE;00000000000001;00000000002027;EM GRAOS A GRANEL;SACA(60KG);REAL;20270122;SIM;MILHO;0000000001,0000000000;AJUSTE;CRDF7;OPC
COMMODITIES;CRDF7;BMF;CRDF7 Máximo;00000000000001;00000000002027;EM GRAOS A GRANEL;SACA(60KG);REAL;20270122;SIM;MILHO;0000000001,0000000000;MAXIMO;CRDF7;OPC
COMMODITIES;CRDF7;BMF;CRDF7 AJUSTE;00000000000001;00000000002027;EM GRAOS A GRANEL;SACA(60KG);REAL;20270122;SIM;MILHO;0000000001,0000000000;AJUSTE;CRDF7;TER
COMMODITIES;CRDF7;BMF;CRDF7 Máximo;00000000000001;00000000002027;EM GRAOS A GRANEL;SACA(60KG);REAL;20270122;SIM;MILHO;0000000001,0000000000;MAXIMO;CRDF7;TER
COMMODITIES;CRDF7;BMF;CRDF7 Mínimo;00000000000001;00000000002027;EM GRAOS A GRANEL;SACA(60KG);REAL;20270122;SIM;MILHO;0000000001,0000000000;MINIMO;CRDF7;OPC
COMMODITIES;CRDF7;BMF;CRDF7 Mínimo;00000000000001;00000000002027;EM GRAOS A GRANEL;SACA(60KG);REAL;20270122;SIM;MILHO;0000000001,0000000000;MINIMO;CRDF7;TER
COMMODITIES;CRDH7;BMF;CRDH7 Mínimo;00000000000003;00000000002027;EM GRAOS A GRANEL;SACA(60KG);REAL;20270322;SIM;MILHO;0000000001,0000000000;MINIMO;CRDH7;OPC
COMMODITIES;CRDH7;BMF;CRDH7 Mínimo;00000000000003;00000000002027;EM GRAOS A GRANEL;SACA(60KG);REAL;20270322;SIM;MILHO;0000000001,0000000000;MINIMO;CRDH7;TER
COMMODITIES;CRDH7;BMF;CRDH7 Máximo;00000000000003;00000000002027;EM GRAOS A GRANEL;SACA(60KG);REAL;20270322;SIM;MILHO;0000000001,0000000000;MAXIMO;CRDH7;OPC
COMMODITIES;CRDH7;BMF;CRDH7 AJUSTE;00000000000003;00000000002027;EM GRAOS A GRANEL;SACA(60KG);REAL;20270322;SIM;MILHO;0000000001,0000000000;AJUSTE;CRDH7;TER
COMMODITIES;CRDH7;BMF;CRDH7 AJUSTE;00000000000003;00000000002027;EM GRAOS A GRANEL;SACA(60KG);REAL;20270322;SIM;MILHO;0000000001,0000000000;AJUSTE;CRDH7;OPC
COMMODITIES;CRDH7;BMF;CRDH7 Máximo;00000000000003;00000000002027;EM GRAOS A GRANEL;SACA(60KG);REAL;20270322;SIM;MILHO;0000000001,0000000000;MAXIMO;CRDH7;TER
COMMODITIES;CRDK7;BMF;CRDK7 Máximo;00000000000005;00000000002027;EM GRAOS A GRANEL;SACA(60KG);REAL;20270524;SIM;MILHO;0000000001,0000000000;MAXIMO;CRDK7;OPC
COMMODITIES;CRDK7;BMF;CRDK7 Máximo;00000000000005;00000000002027;EM GRAOS A GRANEL;SACA(60KG);REAL;20270524;SIM;MILHO;0000000001,0000000000;MAXIMO;CRDK7;TER
COMMODITIES;CRDK7;BMF;CRDK7 AJUSTE;00000000000005;00000000002027;EM GRAOS A GRANEL;SACA(60KG);REAL;20270524;SIM;MILHO;0000000001,0000000000;AJUSTE;CRDK7;TER
COMMODITIES;CRDK7;BMF;CRDK7 AJUSTE;00000000000005;00000000002027;EM GRAOS A GRANEL;SACA(60KG);REAL;20270524;SIM;MILHO;0000000001,0000000000;AJUSTE;CRDK7;OPC
COMMODITIES;CRDK7;BMF;CRDK7 Mínimo;00000000000005;00000000002027;EM GRAOS A GRANEL;SACA(60KG);REAL;20270524;SIM;MILHO;0000000001,0000000000;MINIMO;CRDK7;OPC
COMMODITIES;CRDK7;BMF;CRDK7 Mínimo;00000000000005;00000000002027;EM GRAOS A GRANEL;SACA(60KG);REAL;20270524;SIM;MILHO;0000000001,0000000000;MINIMO;CRDK7;TER
COMMODITIES;CRDN7;BMF;CRDN7 AJUSTE;00000000000007;00000000002027;EM GRAOS A GRANEL;SACA(60KG);REAL;20270722;SIM;MILHO;0000000001,0000000000;AJUSTE;CRDN7;TER
COMMODITIES;CRDN7;BMF;CRDN7 AJUSTE;00000000000007;00000000002027;EM GRAOS A GRANEL;SACA(60KG);REAL;20270722;SIM;MILHO;0000000001,0000000000;AJUSTE;CRDN7;OPC
COMMODITIES;CRDU3;BMF;CRDU3 Ajuste;00000000000009;00000000002023;EM GRAOS A GRANEL;SACA(60KG);REAL;20230922;SIM;MILHO;0000000001,0000000000;AJUSTE;CRDU3;COE
COMMODITIES;CRDU6;BMF;CRDU6 AJUSTE;00000000000009;00000000002026;EM GRAOS A GRANEL;SACA(60KG);REAL;20260922;SIM;MILHO;0000000001,0000000000;AJUSTE;CRDU6;TER
COMMODITIES;CRDU6;BMF;CRDU6 Máximo;00000000000009;00000000002026;EM GRAOS A GRANEL;SACA(60KG);REAL;20260922;SIM;MILHO;0000000001,0000000000;MAXIMO;CRDU6;OPC
COMMODITIES;CRDU6;BMF;CRDU6 AJUSTE;00000000000009;00000000002026;EM GRAOS A GRANEL;SACA(60KG);REAL;20260922;SIM;MILHO;0000000001,0000000000;AJUSTE;CRDU6;OPC
COMMODITIES;CRDU6;BMF;CRDU6 Mínimo;00000000000009;00000000002026;EM GRAOS A GRANEL;SACA(60KG);REAL;20260922;SIM;MILHO;0000000001,0000000000;MINIMO;CRDU6;OPC
COMMODITIES;CRDU6;BMF;CRDU6 Mínimo;00000000000009;00000000002026;EM GRAOS A GRANEL;SACA(60KG);REAL;20260922;SIM;MILHO;0000000001,0000000000;MINIMO;CRDU6;TER
COMMODITIES;CRDU6;BMF;CRDU6 Mínimo;00000000000009;00000000002026;EM GRAOS A GRANEL;SACA(60KG);REAL;20260922;SIM;MILHO;0000000001,0000000000;MINIMO;CRDU6;COE
COMMODITIES;CRDU6;BMF;CRDU6 Máximo;00000000000009;00000000002026;EM GRAOS A GRANEL;SACA(60KG);REAL;20260922;SIM;MILHO;0000000001,0000000000;MAXIMO;CRDU6;COE
COMMODITIES;CRDU6;BMF;CRDU6 AJUSTE;00000000000009;00000000002026;EM GRAOS A GRANEL;SACA(60KG);REAL;20260922;SIM;MILHO;0000000001,0000000000;AJUSTE;CRDU6;COE
COMMODITIES;CRDU6;BMF;CRDU6 Máximo;00000000000009;00000000002026;EM GRAOS A GRANEL;SACA(60KG);REAL;20260922;SIM;MILHO;0000000001,0000000000;MAXIMO;CRDU6;TER
COMMODITIES;CRDU7;BMF;CRDU7 AJUSTE;00000000000009;00000000002027;EM GRAOS A GRANEL;SACA(60KG);REAL;20270922;SIM;MILHO;0000000001,0000000000;AJUSTE;CRDU7;OPC
COMMODITIES;CRDU7;BMF;CRDU7 AJUSTE;00000000000009;00000000002027;EM GRAOS A GRANEL;SACA(60KG);REAL;20270922;SIM;MILHO;0000000001,0000000000;AJUSTE;CRDU7;TER
COMMODITIES;CRDU7;BMF;CRDU7 Máximo;00000000000009;00000000002027;EM GRAOS A GRANEL;SACA(60KG);REAL;20270922;SIM;MILHO;0000000001,0000000000;MAXIMO;CRDU7;TER
COMMODITIES;CRDU7;BMF;CRDU7 Máximo;00000000000009;00000000002027;EM GRAOS A GRANEL;SACA(60KG);REAL;20270922;SIM;MILHO;0000000001,0000000000;MAXIMO;CRDU7;OPC
COMMODITIES;CRDU7;BMF;CRDU7 Mínimo;00000000000009;00000000002027;EM GRAOS A GRANEL;SACA(60KG);REAL;20270922;SIM;MILHO;0000000001,0000000000;MINIMO;CRDU7;TER
COMMODITIES;CRDU7;BMF;CRDU7 Mínimo;00000000000009;00000000002027;EM GRAOS A GRANEL;SACA(60KG);REAL;20270922;SIM;MILHO;0000000001,0000000000;MINIMO;CRDU7;OPC
COMMODITIES;CRDX6;BMF;CRDX6 Máximo;00000000000011;00000000002026;EM GRAOS A GRANEL;SACA(60KG);REAL;20261123;SIM;MILHO;0000000001,0000000000;MAXIMO;CRDX6;TER
COMMODITIES;CRDX6;BMF;CRDX6 AJUSTE;00000000000011;00000000002026;EM GRAOS A GRANEL;SACA(60KG);REAL;20261123;SIM;MILHO;0000000001,0000000000;AJUSTE;CRDX6;TER
COMMODITIES;CRDX6;BMF;CRDX6 Máximo;00000000000011;00000000002026;EM GRAOS A GRANEL;SACA(60KG);REAL;20261123;SIM;MILHO;0000000001,0000000000;MAXIMO;CRDX6;OPC
COMMODITIES;CRDX6;BMF;CRDX6 AJUSTE;00000000000011;00000000002026;EM GRAOS A GRANEL;SACA(60KG);REAL;20261123;SIM;MILHO;0000000001,0000000000;AJUSTE;CRDX6;OPC
COMMODITIES;CRDX6;BMF;CRDX6 Mínimo;00000000000011;00000000002026;EM GRAOS A GRANEL;SACA(60KG);REAL;20261123;SIM;MILHO;0000000001,0000000000;MINIMO;CRDX6;TER
COMMODITIES;CRDX6;BMF;CRDX6 Mínimo;00000000000011;00000000002026;EM GRAOS A GRANEL;SACA(60KG);REAL;20261123;SIM;MILHO;0000000001,0000000000;MINIMO;CRDX6;OPC
COMMODITIES;CRDX7;BMF;CRDX7 AJUSTE;00000000000011;00000000002027;EM GRAOS A GRANEL;SACA(60KG);REAL;20271123;SIM;MILHO;0000000001,0000000000;AJUSTE;CRDX7;TER
COMMODITIES;CRDX7;BMF;CRDX7 AJUSTE;00000000000011;00000000002027;EM GRAOS A GRANEL;SACA(60KG);REAL;20271123;SIM;MILHO;0000000001,0000000000;AJUSTE;CRDX7;OPC
COMMODITIES;CTH7;ICE (NYBOT);CTH7 AJUSTE;00000000000003;00000000002027;NUMERO 2;POUND;DOLAR DOS EUA;20270315;SIM;ALGODAO;0000000000,0100000000;AJUSTE;CTH7;OPC
COMMODITIES;CTH7;ICE (NYBOT);CTH7 Mínimo;00000000000003;00000000002027;NUMERO 2;POUND;DOLAR DOS EUA;20270315;SIM;ALGODAO;0000000000,0100000000;MINIMO;CTH7;OPC
COMMODITIES;CTH7;ICE (NYBOT);CTH7 Mínimo;00000000000003;00000000002027;NUMERO 2;POUND;DOLAR DOS EUA;20270315;SIM;ALGODAO;0000000000,0100000000;MINIMO;CTH7;COE
COMMODITIES;CTH7;ICE (NYBOT);CTH7 Máximo;00000000000003;00000000002027;NUMERO 2;POUND;DOLAR DOS EUA;20270315;SIM;ALGODAO;0000000000,0100000000;MAXIMO;CTH7;OPC
COMMODITIES;CTH7;ICE (NYBOT);CTH7 Máximo;00000000000003;00000000002027;NUMERO 2;POUND;DOLAR DOS EUA;20270315;SIM;ALGODAO;0000000000,0100000000;MAXIMO;CTH7;COE
COMMODITIES;CTH7;ICE (NYBOT);CTH7 Máximo;00000000000003;00000000002027;NUMERO 2;POUND;DOLAR DOS EUA;20270315;SIM;ALGODAO;0000000000,0100000000;MAXIMO;CTH7;TER
COMMODITIES;CTH7;ICE (NYBOT);CTH7 AJUSTE;00000000000003;00000000002027;NUMERO 2;POUND;DOLAR DOS EUA;20270315;SIM;ALGODAO;0000000000,0100000000;AJUSTE;CTH7;TER
COMMODITIES;CTH7;ICE (NYBOT);CTH7 AJUSTE;00000000000003;00000000002027;NUMERO 2;POUND;DOLAR DOS EUA;20270315;SIM;ALGODAO;0000000000,0100000000;AJUSTE;CTH7;COE
COMMODITIES;CTH7;ICE (NYBOT);CTH7 Mínimo;00000000000003;00000000002027;NUMERO 2;POUND;DOLAR DOS EUA;20270315;SIM;ALGODAO;0000000000,0100000000;MINIMO;CTH7;TER
COMMODITIES;CTH8;ICE (NYBOT);CTH8 AJUSTE;00000000000003;00000000002028;NUMERO 2;POUND;DOLAR DOS EUA;20280316;SIM;ALGODAO;0000000000,0100000000;AJUSTE;CTH8;OPC
COMMODITIES;CTH8;ICE (NYBOT);CTH8 AJUSTE;00000000000003;00000000002028;NUMERO 2;POUND;DOLAR DOS EUA;20280316;SIM;ALGODAO;0000000000,0100000000;AJUSTE;CTH8;TER
COMMODITIES;CTH9;ICE (NYBOT);CTH19 Ajuste;00000000000003;00000000002019;NUMERO 2;POUND;DOLAR DOS EUA;20190314;SIM;ALGODAO;0000000000,0100000000;AJUSTE;CTH9;COE
COMMODITIES;CTK18;ICE (NYBOT);CTK18 Fechamento;00000000000005;00000000002018;NUMERO 2;POUND;DOLAR DOS EUA;20180515;SIM;ALGODAO;0000000000,0100000000;FECHAMENTO;CTK8;COE
COMMODITIES;CTK18;ICE (NYBOT);CTK18 Ajuste;00000000000005;00000000002018;NUMERO 2;POUND;DOLAR DOS EUA;20180515;SIM;ALGODAO;0000000000,0100000000;AJUSTE;CTK8;COE
COMMODITIES;CTK18;ICE (NYBOT);CTK18 Máximo;00000000000005;00000000002018;NUMERO 2;POUND;DOLAR DOS EUA;20180515;SIM;ALGODAO;0000000000,0100000000;MAXIMO;CTK8;COE
COMMODITIES;CTK18;ICE (NYBOT);CTK18 Mínimo;00000000000005;00000000002018;NUMERO 2;POUND;DOLAR DOS EUA;20180515;SIM;ALGODAO;0000000000,0100000000;MINIMO;CTK8;COE
COMMODITIES;CTK7;ICE (NYBOT);CTK7 Mínimo;00000000000005;00000000002027;NUMERO 2;POUND;DOLAR DOS EUA;20270513;SIM;ALGODAO;0000000000,0100000000;MINIMO;CTK7;TER
COMMODITIES;CTK7;ICE (NYBOT);CTK7 AJUSTE;00000000000005;00000000002027;NUMERO 2;POUND;DOLAR DOS EUA;20270513;SIM;ALGODAO;0000000000,0100000000;AJUSTE;CTK7;OPC
COMMODITIES;CTK7;ICE (NYBOT);CTK7 AJUSTE;00000000000005;00000000002027;NUMERO 2;POUND;DOLAR DOS EUA;20270513;SIM;ALGODAO;0000000000,0100000000;AJUSTE;CTK7;TER
COMMODITIES;CTK7;ICE (NYBOT);CTK7 Máximo;00000000000005;00000000002027;NUMERO 2;POUND;DOLAR DOS EUA;20270513;SIM;ALGODAO;0000000000,0100000000;MAXIMO;CTK7;OPC
COMMODITIES;CTK7;ICE (NYBOT);CTK7 Máximo;00000000000005;00000000002027;NUMERO 2;POUND;DOLAR DOS EUA;20270513;SIM;ALGODAO;0000000000,0100000000;MAXIMO;CTK7;TER
COMMODITIES;CTK7;ICE (NYBOT);CTK7 Mínimo;00000000000005;00000000002027;NUMERO 2;POUND;DOLAR DOS EUA;20270513;SIM;ALGODAO;0000000000,0100000000;MINIMO;CTK7;OPC
COMMODITIES;CTN7;ICE (NYBOT);CTN7 Mínimo;00000000000007;00000000002027;NUMERO 2;POUND;DOLAR DOS EUA;20270715;SIM;ALGODAO;0000000000,0100000000;MINIMO;CTN7;COE
COMMODITIES;CTN7;ICE (NYBOT);CTN7 Mínimo;00000000000007;00000000002027;NUMERO 2;POUND;DOLAR DOS EUA;20270715;SIM;ALGODAO;0000000000,0100000000;MINIMO;CTN7;TER
COMMODITIES;CTN7;ICE (NYBOT);CTN7 Mínimo;00000000000007;00000000002027;NUMERO 2;POUND;DOLAR DOS EUA;20270715;SIM;ALGODAO;0000000000,0100000000;MINIMO;CTN7;OPC
COMMODITIES;CTN7;ICE (NYBOT);CTN7 Máximo;00000000000007;00000000002027;NUMERO 2;POUND;DOLAR DOS EUA;20270715;SIM;ALGODAO;0000000000,0100000000;MAXIMO;CTN7;COE
COMMODITIES;CTN7;ICE (NYBOT);CTN7 Máximo;00000000000007;00000000002027;NUMERO 2;POUND;DOLAR DOS EUA;20270715;SIM;ALGODAO;0000000000,0100000000;MAXIMO;CTN7;TER
COMMODITIES;CTN7;ICE (NYBOT);CTN7 Máximo;00000000000007;00000000002027;NUMERO 2;POUND;DOLAR DOS EUA;20270715;SIM;ALGODAO;0000000000,0100000000;MAXIMO;CTN7;OPC
COMMODITIES;CTN7;ICE (NYBOT);CTN7 AJUSTE;00000000000007;00000000002027;NUMERO 2;POUND;DOLAR DOS EUA;20270715;SIM;ALGODAO;0000000000,0100000000;AJUSTE;CTN7;COE
COMMODITIES;CTN7;ICE (NYBOT);CTN7 AJUSTE;00000000000007;00000000002027;NUMERO 2;POUND;DOLAR DOS EUA;20270715;SIM;ALGODAO;0000000000,0100000000;AJUSTE;CTN7;TER
COMMODITIES;CTN7;ICE (NYBOT);CTN7 AJUSTE;00000000000007;00000000002027;NUMERO 2;POUND;DOLAR DOS EUA;20270715;SIM;ALGODAO;0000000000,0100000000;AJUSTE;CTN7;OPC
COMMODITIES;CTN8;ICE (NYBOT);CTN8 Ajuste;00000000000007;00000000002018;NUMERO 2;POUND;DOLAR DOS EUA;20180716;SIM;ALGODAO;0000000000,0100000000;AJUSTE;CTN8;COE
COMMODITIES;CTN9;ICE (NYBOT);CTN9 Ajuste;00000000000007;00000000002019;NUMERO 2;POUND;DOLAR DOS EUA;20190716;SIM;ALGODAO;0000000000,0100000000;AJUSTE;CTN9;COE
COMMODITIES;CTV6;ICE (NYBOT);CTV6 Mínimo;00000000000010;00000000002026;NUMERO 2;POUND;DOLAR DOS EUA;20261016;SIM;ALGODAO;0000000000,0100000000;MINIMO;CTV6;OPC
COMMODITIES;CTV6;ICE (NYBOT);CTV6 AJUSTE;00000000000010;00000000002026;NUMERO 2;POUND;DOLAR DOS EUA;20261016;SIM;ALGODAO;0000000000,0100000000;AJUSTE;CTV6;TER
COMMODITIES;CTV6;ICE (NYBOT);CTV6 Máximo;00000000000010;00000000002026;NUMERO 2;POUND;DOLAR DOS EUA;20261016;SIM;ALGODAO;0000000000,0100000000;MAXIMO;CTV6;OPC
COMMODITIES;CTV6;ICE (NYBOT);CTV6 Máximo;00000000000010;00000000002026;NUMERO 2;POUND;DOLAR DOS EUA;20261016;SIM;ALGODAO;0000000000,0100000000;MAXIMO;CTV6;TER
COMMODITIES;CTV6;ICE (NYBOT);CTV6 Mínimo;00000000000010;00000000002026;NUMERO 2;POUND;DOLAR DOS EUA;20261016;SIM;ALGODAO;0000000000,0100000000;MINIMO;CTV6;TER
COMMODITIES;CTV6;ICE (NYBOT);CTV6 AJUSTE;00000000000010;00000000002026;NUMERO 2;POUND;DOLAR DOS EUA;20261016;SIM;ALGODAO;0000000000,0100000000;AJUSTE;CTV6;OPC
COMMODITIES;CTV7;ICE (NYBOT);CTV7 AJUSTE;00000000000010;00000000002027;NUMERO 2;POUND;DOLAR DOS EUA;20271015;SIM;ALGODAO;0000000000,0100000000;AJUSTE;CTV7;TER
COMMODITIES;CTV7;ICE (NYBOT);CTV7 AJUSTE;00000000000010;00000000002027;NUMERO 2;POUND;DOLAR DOS EUA;20271015;SIM;ALGODAO;0000000000,0100000000;AJUSTE;CTV7;OPC
COMMODITIES;CTZ17;ICE (NYBOT);CTZ17 Ajuste;00000000000012;00000000002017;NUMERO 2;POUND;DOLAR DOS EUA;20171213;SIM;ALGODAO;0000000000,0100000000;AJUSTE;;COE
COMMODITIES;CTZ17;ICE (NYBOT);CTZ17 Maximo;00000000000012;00000000002017;NUMERO 2;POUND;DOLAR DOS EUA;20171213;SIM;ALGODAO;0000000000,0100000000;MAXIMO;;COE
COMMODITIES;CTZ17;ICE (NYBOT);CTZ17 Fechamento;00000000000012;00000000002017;NUMERO 2;POUND;DOLAR DOS EUA;20171213;SIM;ALGODAO;0000000000,0100000000;FECHAMENTO;;COE
COMMODITIES;CTZ6;ICE (NYBOT);CTZ6 AJUSTE;00000000000012;00000000002026;NUMERO 2;POUND;DOLAR DOS EUA;20261215;SIM;ALGODAO;0000000000,0100000000;AJUSTE;CTZ6;OPC
COMMODITIES;CTZ6;ICE (NYBOT);CTZ6 AJUSTE;00000000000012;00000000002026;NUMERO 2;POUND;DOLAR DOS EUA;20261215;SIM;ALGODAO;0000000000,0100000000;AJUSTE;CTZ6;TER
COMMODITIES;CTZ6;ICE (NYBOT);CTZ6 Mínimo;00000000000012;00000000002026;NUMERO 2;POUND;DOLAR DOS EUA;20261215;SIM;ALGODAO;0000000000,0100000000;MINIMO;CTZ6;OPC
COMMODITIES;CTZ6;ICE (NYBOT);CTZ6 Mínimo;00000000000012;00000000002026;NUMERO 2;POUND;DOLAR DOS EUA;20261215;SIM;ALGODAO;0000000000,0100000000;MINIMO;CTZ6;TER
COMMODITIES;CTZ6;ICE (NYBOT);CTZ6 Máximo;00000000000012;00000000002026;NUMERO 2;POUND;DOLAR DOS EUA;20261215;SIM;ALGODAO;0000000000,0100000000;MAXIMO;CTZ6;OPC
COMMODITIES;CTZ6;ICE (NYBOT);CTZ6 Máximo;00000000000012;00000000002026;NUMERO 2;POUND;DOLAR DOS EUA;20261215;SIM;ALGODAO;0000000000,0100000000;MAXIMO;CTZ6;TER
COMMODITIES;CTZ7;ICE (NYBOT);CTZ7 Máximo;00000000000012;00000000002027;NUMERO 2;POUND;DOLAR DOS EUA;20271215;SIM;ALGODAO;0000000000,0100000000;MAXIMO;CTZ7;TER
COMMODITIES;CTZ7;ICE (NYBOT);CTZ7 AJUSTE;00000000000012;00000000002027;NUMERO 2;POUND;DOLAR DOS EUA;20271215;SIM;ALGODAO;0000000000,0100000000;AJUSTE;CTZ7;OPC
COMMODITIES;CTZ7;ICE (NYBOT);CTZ7 Mínimo;00000000000012;00000000002027;NUMERO 2;POUND;DOLAR DOS EUA;20271215;SIM;ALGODAO;0000000000,0100000000;MINIMO;CTZ7;OPC
COMMODITIES;CTZ7;ICE (NYBOT);CTZ7 Máximo;00000000000012;00000000002027;NUMERO 2;POUND;DOLAR DOS EUA;20271215;SIM;ALGODAO;0000000000,0100000000;MAXIMO;CTZ7;OPC
COMMODITIES;CTZ7;ICE (NYBOT);CTZ7 AJUSTE;00000000000012;00000000002027;NUMERO 2;POUND;DOLAR DOS EUA;20271215;SIM;ALGODAO;0000000000,0100000000;AJUSTE;CTZ7;TER
COMMODITIES;CTZ7;ICE (NYBOT);CTZ7 Mínimo;00000000000012;00000000002027;NUMERO 2;POUND;DOLAR DOS EUA;20271215;SIM;ALGODAO;0000000000,0100000000;MINIMO;CTZ7;TER
COMMODITIES;CTZ8;ICE (NYBOT);CTZ8 Ajuste;00000000000012;00000000002018;NUMERO 2;POUND;DOLAR DOS EUA;20181213;SIM;ALGODAO;0000000000,0100000000;AJUSTE;CTZ8;COE
COMMODITIES;CT1;ICE (NYBOT);CT1 AJUSTE;00000000000012;00000000002200;NUMERO 2;POUND;DOLAR DOS EUA;22001201;SIM;ALGODAO;0000000000,0100000000;AJUSTE;CT1;TER
COMMODITIES;CT1;ICE (NYBOT);CT1 AJUSTE;00000000000012;00000000002200;NUMERO 2;POUND;DOLAR DOS EUA;22001201;SIM;ALGODAO;0000000000,0100000000;AJUSTE;CT1;OPC
COMMODITIES;CUA1;NYMEX;CUA1 AJUSTE;00000000000012;00000000002200;-;GALAO;DOLAR DOS EUA;22001208;SIM;ETANOL;0000000001,0000000000;AJUSTE;CUA1;TER
COMMODITIES;CUA1;NYMEX;CUA1 AJUSTE;00000000000012;00000000002200;-;GALAO;DOLAR DOS EUA;22001208;SIM;ETANOL;0000000001,0000000000;AJUSTE;CUA1;OPC
COMMODITIES;CVTQ6;CMX;CVTQ6 AJUSTE;00000000000008;00000000002026;-;POUND;DOLAR DOS EUA;20260904;SIM;COBALTO;0000000001,0000000000;AJUSTE;CVTQ6;TER
COMMODITIES;CVTQ6;CMX;CVTQ6 AJUSTE;00000000000008;00000000002026;-;POUND;DOLAR DOS EUA;20260904;SIM;COBALTO;0000000001,0000000000;AJUSTE;CVTQ6;OPC
COMMODITIES;CVTU6;CMX;CVTU6 AJUSTE;00000000000009;00000000002026;-;POUND;DOLAR DOS EUA;20261007;SIM;COBALTO;0000000001,0000000000;AJUSTE;CVTU6;TER
COMMODITIES;CVTU6;CMX;CVTU6 AJUSTE;00000000000009;00000000002026;-;POUND;DOLAR DOS EUA;20261007;SIM;COBALTO;0000000001,0000000000;AJUSTE;CVTU6;OPC
COMMODITIES;CVTV6;CMX;CVTV6 AJUSTE;00000000000010;00000000002026;-;POUND;DOLAR DOS EUA;20261109;SIM;COBALTO;0000000001,0000000000;AJUSTE;CVTV6;TER
COMMODITIES;CVTV6;CMX;CVTV6 AJUSTE;00000000000010;00000000002026;-;POUND;DOLAR DOS EUA;20261109;SIM;COBALTO;0000000001,0000000000;AJUSTE;CVTV6;OPC
COMMODITIES;CVTX6;CMX;CVTX6 AJUSTE;00000000000011;00000000002026;-;POUND;DOLAR DOS EUA;20261207;SIM;COBALTO;0000000001,0000000000;AJUSTE;CVTX6;TER
COMMODITIES;CVTX6;CMX;CVTX6 AJUSTE;00000000000011;00000000002026;-;POUND;DOLAR DOS EUA;20261207;SIM;COBALTO;0000000001,0000000000;AJUSTE;CVTX6;OPC
COMMODITIES;CVTZ6;CMX;CVTZ6 AJUSTE;00000000000012;00000000002026;-;POUND;DOLAR DOS EUA;20270108;SIM;COBALTO;0000000001,0000000000;AJUSTE;CVTZ6;TER
COMMODITIES;CVTZ6;CMX;CVTZ6 AJUSTE;00000000000012;00000000002026;-;POUND;DOLAR DOS EUA;20270108;SIM;COBALTO;0000000001,0000000000;AJUSTE;CVTZ6;OPC
COMMODITIES;CVT1;CMX;CVT1 AJUSTE;00000000000012;00000000002200;-;POUND;DOLAR DOS EUA;22001215;SIM;COBALTO;0000000001,0000000000;AJUSTE;CVT1;OPC
COMMODITIES;CVT1;CMX;CVT1 AJUSTE;00000000000012;00000000002200;-;POUND;DOLAR DOS EUA;22001215;SIM;COBALTO;0000000001,0000000000;AJUSTE;CVT1;TER
COMMODITIES;DAEF7;NYMEX;DAEF7 AJUSTE;00000000000001;00000000002027;-;GALAO;DOLAR DOS EUA;20270205;SIM;BUTANO;0000000001,0000000000;AJUSTE;DAEF7;OPC
COMMODITIES;DAEF7;NYMEX;DAEF7 AJUSTE;00000000000001;00000000002027;-;GALAO;DOLAR DOS EUA;20270205;SIM;BUTANO;0000000001,0000000000;AJUSTE;DAEF7;TER
COMMODITIES;DAEG7;NYMEX;DAEG7 AJUSTE;00000000000002;00000000002027;-;GALAO;DOLAR DOS EUA;20270305;SIM;BUTANO;0000000001,0000000000;AJUSTE;DAEG7;OPC
COMMODITIES;DAEG7;NYMEX;DAEG7 AJUSTE;00000000000002;00000000002027;-;GALAO;DOLAR DOS EUA;20270305;SIM;BUTANO;0000000001,0000000000;AJUSTE;DAEG7;TER
COMMODITIES;DAEH7;NYMEX;DAEH7 AJUSTE;00000000000003;00000000002027;-;GALAO;DOLAR DOS EUA;20270407;SIM;BUTANO;0000000001,0000000000;AJUSTE;DAEH7;OPC
COMMODITIES;DAEH7;NYMEX;DAEH7 AJUSTE;00000000000003;00000000002027;-;GALAO;DOLAR DOS EUA;20270407;SIM;BUTANO;0000000001,0000000000;AJUSTE;DAEH7;TER
COMMODITIES;DAEJ7;NYMEX;DAEJ7 AJUSTE;00000000000004;00000000002027;-;GALAO;DOLAR DOS EUA;20270507;SIM;BUTANO;0000000001,0000000000;AJUSTE;DAEJ7;OPC
COMMODITIES;DAEJ7;NYMEX;DAEJ7 AJUSTE;00000000000004;00000000002027;-;GALAO;DOLAR DOS EUA;20270507;SIM;BUTANO;0000000001,0000000000;AJUSTE;DAEJ7;TER
COMMODITIES;DAEK7;NYMEX;DAEK7 AJUSTE;00000000000005;00000000002027;-;GALAO;DOLAR DOS EUA;20270604;SIM;BUTANO;0000000001,0000000000;AJUSTE;DAEK7;TER
COMMODITIES;DAEK7;NYMEX;DAEK7 AJUSTE;00000000000005;00000000002027;-;GALAO;DOLAR DOS EUA;20270604;SIM;BUTANO;0000000001,0000000000;AJUSTE;DAEK7;OPC
COMMODITIES;DAEM7;NYMEX;DAEM7 AJUSTE;00000000000006;00000000002027;-;GALAO;DOLAR DOS EUA;20270707;SIM;BUTANO;0000000001,0000000000;AJUSTE;DAEM7;TER
COMMODITIES;DAEM7;NYMEX;DAEM7 AJUSTE;00000000000006;00000000002027;-;GALAO;DOLAR DOS EUA;20270707;SIM;BUTANO;0000000001,0000000000;AJUSTE;DAEM7;OPC
COMMODITIES;DAEN7;NYMEX;DAEN7 AJUSTE;00000000000007;00000000002027;-;GALAO;DOLAR DOS EUA;20270908;SIM;BUTANO;0000000001,0000000000;AJUSTE;DAEN7;OPC
COMMODITIES;DAEN7;NYMEX;DAEN7 AJUSTE;00000000000007;00000000002027;-;GALAO;DOLAR DOS EUA;20270908;SIM;BUTANO;0000000001,0000000000;AJUSTE;DAEN7;TER
COMMODITIES;DAEQ6;NYMEX;DAEQ6 AJUSTE;00000000000008;00000000002026;-;GALAO;DOLAR DOS EUA;20260908;SIM;BUTANO;0000000001,0000000000;AJUSTE;DAEQ6;TER
COMMODITIES;DAEQ6;NYMEX;DAEQ6 AJUSTE;00000000000008;00000000002026;-;GALAO;DOLAR DOS EUA;20260908;SIM;BUTANO;0000000001,0000000000;AJUSTE;DAEQ6;OPC
COMMODITIES;DAEQ7;NYMEX;DAEQ7 AJUSTE;00000000000008;00000000002027;-;GALAO;DOLAR DOS EUA;20270908;SIM;BUTANO;0000000001,0000000000;AJUSTE;DAEQ7;TER
COMMODITIES;DAEQ7;NYMEX;DAEQ7 AJUSTE;00000000000008;00000000002027;-;GALAO;DOLAR DOS EUA;20270908;SIM;BUTANO;0000000001,0000000000;AJUSTE;DAEQ7;OPC
COMMODITIES;DAEU6;NYMEX;DAEU6 AJUSTE;00000000000009;00000000002026;-;GALAO;DOLAR DOS EUA;20261007;SIM;BUTANO;0000000001,0000000000;AJUSTE;DAEU6;OPC
COMMODITIES;DAEU6;NYMEX;DAEU6 AJUSTE;00000000000009;00000000002026;-;GALAO;DOLAR DOS EUA;20261007;SIM;BUTANO;0000000001,0000000000;AJUSTE;DAEU6;TER
COMMODITIES;DAEU7;NYMEX;DAEU7 AJUSTE;00000000000009;00000000002027;-;GALAO;DOLAR DOS EUA;20271007;SIM;BUTANO;0000000001,0000000000;AJUSTE;DAEU7;TER
COMMODITIES;DAEU7;NYMEX;DAEU7 AJUSTE;00000000000009;00000000002027;-;GALAO;DOLAR DOS EUA;20271007;SIM;BUTANO;0000000001,0000000000;AJUSTE;DAEU7;OPC
COMMODITIES;DAEV6;NYMEX;DAEV6 AJUSTE;00000000000010;00000000002026;-;GALAO;DOLAR DOS EUA;20261109;SIM;BUTANO;0000000001,0000000000;AJUSTE;DAEV6;TER
COMMODITIES;DAEV6;NYMEX;DAEV6 AJUSTE;00000000000010;00000000002026;-;GALAO;DOLAR DOS EUA;20261109;SIM;BUTANO;0000000001,0000000000;AJUSTE;DAEV6;OPC
COMMODITIES;DAEV7;NYMEX;DAEV7 AJUSTE;00000000000010;00000000002027;-;GALAO;DOLAR DOS EUA;20271108;SIM;BUTANO;0000000001,0000000000;AJUSTE;DAEV7;OPC
COMMODITIES;DAEV7;NYMEX;DAEV7 AJUSTE;00000000000010;00000000002027;-;GALAO;DOLAR DOS EUA;20271108;SIM;BUTANO;0000000001,0000000000;AJUSTE;DAEV7;TER
COMMODITIES;DAEX6;NYMEX;DAEX6 AJUSTE;00000000000011;00000000002026;-;GALAO;DOLAR DOS EUA;20261207;SIM;BUTANO;0000000001,0000000000;AJUSTE;DAEX6;TER
COMMODITIES;DAEX6;NYMEX;DAEX6 AJUSTE;00000000000011;00000000002026;-;GALAO;DOLAR DOS EUA;20261207;SIM;BUTANO;0000000001,0000000000;AJUSTE;DAEX6;OPC
COMMODITIES;DAEZ6;NYMEX;DAEZ6 AJUSTE;00000000000012;00000000002026;-;GALAO;DOLAR DOS EUA;20270108;SIM;BUTANO;0000000001,0000000000;AJUSTE;DAEZ6;OPC
COMMODITIES;DAEZ6;NYMEX;DAEZ6 AJUSTE;00000000000012;00000000002026;-;GALAO;DOLAR DOS EUA;20270108;SIM;BUTANO;0000000001,0000000000;AJUSTE;DAEZ6;TER
COMMODITIES;DAEZ7;NYMEX;DAEZ7 AJUSTE;00000000000012;00000000002027;-;GALAO;DOLAR DOS EUA;20280107;SIM;BUTANO;0000000001,0000000000;AJUSTE;DAEZ7;TER
COMMODITIES;DAEZ7;NYMEX;DAEZ7 AJUSTE;00000000000012;00000000002027;-;GALAO;DOLAR DOS EUA;20280107;SIM;BUTANO;0000000001,0000000000;AJUSTE;DAEZ7;OPC
COMMODITIES;DCR1;CME;DCR1 Ajuste;00000000000012;00000000002222;PRIMEIRO FUTURO DE ETHER;USD POR ETH;DOLAR DOS EUA;22221230;SIM;CRIPTOATIVO;0000000001,0000000000;AJUSTE;DCR1;OPC
COMMODITIES;DCR1;CME;DCR1 Ajuste;00000000000012;00000000002222;PRIMEIRO FUTURO DE ETHER;USD POR ETH;DOLAR DOS EUA;22221230;SIM;CRIPTOATIVO;0000000001,0000000000;AJUSTE;DCR1;TER
COMMODITIES;DFF7;ICE (NYBOT);DFF7 AJUSTE;00000000000001;00000000002027;ROBUSTA EM GRAOS;TONELADA METRICA;DOLAR DOS EUA;20270201;SIM;CAFE;0000000001,0000000000;AJUSTE;DFF7;TER
COMMODITIES;DFF7;ICE (NYBOT);DFF7 AJUSTE;00000000000001;00000000002027;ROBUSTA EM GRAOS;TONELADA METRICA;DOLAR DOS EUA;20270201;SIM;CAFE;0000000001,0000000000;AJUSTE;DFF7;OPC
COMMODITIES;DFH7;ICE (NYBOT);DFH7 AJUSTE;00000000000003;00000000002027;-;TONELADA METRICA;DOLAR DOS EUA;20270331;SIM;CAFE;0000000001,0000000000;AJUSTE;DFH7;TER
COMMODITIES;DFH7;ICE (NYBOT);DFH7 AJUSTE;00000000000003;00000000002027;-;TONELADA METRICA;DOLAR DOS EUA;20270331;SIM;CAFE;0000000001,0000000000;AJUSTE;DFH7;OPC
COMMODITIES;DFK7;ICE (NYBOT);DFK7 AJUSTE;00000000000005;00000000002027;ROBUSTA EM GRAOS;TONELADA METRICA;DOLAR DOS EUA;20270531;SIM;CAFE;0000000001,0000000000;AJUSTE;;OPC
COMMODITIES;DFK7;ICE (NYBOT);DFK7 AJUSTE;00000000000005;00000000002027;ROBUSTA EM GRAOS;TONELADA METRICA;DOLAR DOS EUA;20270531;SIM;CAFE;0000000001,0000000000;AJUSTE;;TER
COMMODITIES;DFN7;ICE (NYBOT);DFN7 AJUSTE;00000000000007;00000000002027;ROBUSTA EM GRAOS;TONELADA METRICA;DOLAR DOS EUA;20270810;SIM;CAFE;0000000001,0000000000;AJUSTE;DFN7;OPC
COMMODITIES;DFN7;ICE (NYBOT);DFN7 AJUSTE;00000000000007;00000000002027;ROBUSTA EM GRAOS;TONELADA METRICA;DOLAR DOS EUA;20270810;SIM;CAFE;0000000001,0000000000;AJUSTE;DFN7;TER
COMMODITIES;DFN8;ICE (NYBOT);DFN8 AJUSTE;00000000000007;00000000002028;ROBUSTA EM GRAOS;TONELADA METRICA;DOLAR DOS EUA;20280803;SIM;CAFE;0000000001,0000000000;AJUSTE;DFN8;TER
COMMODITIES;DFN8;ICE (NYBOT);DFN8 AJUSTE;00000000000007;00000000002028;ROBUSTA EM GRAOS;TONELADA METRICA;DOLAR DOS EUA;20280803;SIM;CAFE;0000000001,0000000000;AJUSTE;DFN8;OPC
COMMODITIES;DFU6;ICE (NYBOT);DFU6 AJUSTE;00000000000009;00000000002026;ROBUSTA EM GRAOS;TONELADA METRICA;DOLAR DOS EUA;20261001;SIM;CAFE;0000000001,0000000000;AJUSTE;DFU6;TER
COMMODITIES;DFU6;ICE (NYBOT);DFU6 AJUSTE;00000000000009;00000000002026;ROBUSTA EM GRAOS;TONELADA METRICA;DOLAR DOS EUA;20261001;SIM;CAFE;0000000001,0000000000;AJUSTE;DFU6;OPC
COMMODITIES;DFX6;ICE (NYBOT);DFX6 AJUSTE;00000000000011;00000000002026;ROBUSTA EM GRAOS;TONELADA METRICA;DOLAR DOS EUA;20261201;SIM;CAFE;0000000001,0000000000;AJUSTE;DFX6;OPC
COMMODITIES;DFX6;ICE (NYBOT);DFX6 AJUSTE;00000000000011;00000000002026;ROBUSTA EM GRAOS;TONELADA METRICA;DOLAR DOS EUA;20261201;SIM;CAFE;0000000001,0000000000;AJUSTE;DFX6;TER
COMMODITIES;DF1;ICE (NYBOT);DF1 AJUSTE;00000000000012;00000000002200;ROBUSTA EM GRAOS;TONELADA METRICA;DOLAR DOS EUA;22000331;SIM;CAFE;0000000001,0000000000;AJUSTE;DF1;TER
COMMODITIES;DF1;ICE (NYBOT);DF1 AJUSTE;00000000000012;00000000002200;ROBUSTA EM GRAOS;TONELADA METRICA;DOLAR DOS EUA;22000331;SIM;CAFE;0000000001,0000000000;AJUSTE;DF1;OPC
COMMODITIES;DOD1;IFE-ICE;DOD1 AJUSTE;00000000000012;00000000002200;-;GALAO;DOLAR DOS EUA;22001209;SIM;BENZENO;0000000001,0000000000;AJUSTE;DOD1;OPC
COMMODITIES;DOD1;IFE-ICE;DOD1 AJUSTE;00000000000012;00000000002200;-;GALAO;DOLAR DOS EUA;22001209;SIM;BENZENO;0000000001,0000000000;AJUSTE;DOD1;TER
COMMODITIES;DWO1;IFE-ICE;DWO1 AJUSTE;00000000000012;00000000002200;-;BARRIL;DOLAR DOS EUA;22000106;SIM;OLEO COMBUSTIVEL;0000000001,0000000000;AJUSTE;DWO1;TER
COMMODITIES;DWO1;IFE-ICE;DWO1 AJUSTE;00000000000012;00000000002200;-;BARRIL;DOLAR DOS EUA;22000106;SIM;OLEO COMBUSTIVEL;0000000001,0000000000;AJUSTE;DWO1;OPC
COMMODITIES;ETHH17;BMF;ETHH17 Ajuste;00000000000003;00000000002017;HIDRATADO;METRO CUBICO;REAL;20170407;SIM;ETANOL;0000000001,0000000000;AJUSTE;THEH7;COE
COMMODITIES;ETHJ17;BMF;ETHJ17 Ajuste;00000000000004;00000000002017;HIDRATADO;METRO CUBICO;REAL;20170505;SIM;ETANOL;0000000001,0000000000;AJUSTE;THEJ7;COE
COMMODITIES;ETHK17;BMF;ETHK17 Ajuste;00000000000005;00000000002017;HIDRATADO;METRO CUBICO;REAL;20170607;SIM;ETANOL;0000000001,0000000000;AJUSTE;THEK7;COE
COMMODITIES;ETHM17;BMF;ETHM17 Ajuste;00000000000006;00000000002017;HIDRATADO;METRO CUBICO;REAL;20170707;SIM;ETANOL;0000000001,0000000000;AJUSTE;THEM7;COE
COMMODITIES;ETHN17;BMF;ETHN17 Ajuste;00000000000007;00000000002017;HIDRATADO;METRO CUBICO;REAL;20170807;SIM;ETANOL;0000000001,0000000000;AJUSTE;THEN7;COE
COMMODITIES;ETHQ17;BMF;ETHQ17 Ajuste;00000000000008;00000000002017;HIDRATADO;METRO CUBICO;REAL;20170908;SIM;ETANOL;0000000001,0000000000;AJUSTE;THEQ7;COE
COMMODITIES;ETHU17;BMF;ETHU17 Ajuste;00000000000009;00000000002017;HIDRATADO;METRO CUBICO;REAL;20171006;SIM;ETANOL;0000000001,0000000000;AJUSTE;THEU7;COE
COMMODITIES;ETHV17;BMF;ETHV17 Ajuste;00000000000010;00000000002017;HIDRATADO;METRO CUBICO;REAL;20171107;SIM;ETANOL;0000000001,0000000000;AJUSTE;THEV7;COE
COMMODITIES;ETHX17;BMF;ETHX17 Ajuste;00000000000011;00000000002017;HIDRATADO;METRO CUBICO;REAL;20171207;SIM;ETANOL;0000000001,0000000000;AJUSTE;THEX7;COE
COMMODITIES;ETHZ17;BMF;ETHZ17 Ajuste;00000000000012;00000000002017;HIDRATADO;METRO CUBICO;REAL;20180105;SIM;ETANOL;0000000001,0000000000;AJUSTE;THEZ7;COE
COMMODITIES;GCF7;CMX;GCF7 AJUSTE;00000000000001;00000000002027;100 OZ;ONCA TROY;DOLAR DOS EUA;20270203;SIM;OURO;0000000001,0000000000;AJUSTE;GCF7;OPC
COMMODITIES;GCF7;CMX;GCF7 AJUSTE;00000000000001;00000000002027;100 OZ;ONCA TROY;DOLAR DOS EUA;20270203;SIM;OURO;0000000001,0000000000;AJUSTE;GCF7;TER
COMMODITIES;GCG7;CMX;GCG7 AJUSTE;00000000000002;00000000002027;100 OZ;ONCA TROY;DOLAR DOS EUA;20270303;SIM;OURO;0000000001,0000000000;AJUSTE;GCG7;OPC
COMMODITIES;GCG7;CMX;GCG7 AJUSTE;00000000000002;00000000002027;100 OZ;ONCA TROY;DOLAR DOS EUA;20270303;SIM;OURO;0000000001,0000000000;AJUSTE;GCG7;TER
COMMODITIES;GCH7;CMX;GCH7 AJUSTE;00000000000003;00000000002027;100 OZ;ONCA TROY;DOLAR DOS EUA;20270405;SIM;OURO;0000000001,0000000000;AJUSTE;GCH7;TER
COMMODITIES;GCH7;CMX;GCH7 AJUSTE;00000000000003;00000000002027;100 OZ;ONCA TROY;DOLAR DOS EUA;20270405;SIM;OURO;0000000001,0000000000;AJUSTE;GCH7;OPC
COMMODITIES;GCJ7;CMX;GCJ7 AJUSTE;00000000000004;00000000002027;100 OZ;ONCA TROY;DOLAR DOS EUA;20270505;SIM;OURO;0000000001,0000000000;AJUSTE;GCJ7;TER
COMMODITIES;GCJ7;CMX;GCJ7 AJUSTE;00000000000004;00000000002027;100 OZ;ONCA TROY;DOLAR DOS EUA;20270505;SIM;OURO;0000000001,0000000000;AJUSTE;GCJ7;OPC
COMMODITIES;GCK7;CMX;GCK7 AJUSTE;00000000000005;00000000002027;100 OZ;ONCA TROY;DOLAR DOS EUA;20270603;SIM;OURO;0000000001,0000000000;AJUSTE;GCK7;TER
COMMODITIES;GCK7;CMX;GCK7 AJUSTE;00000000000005;00000000002027;100 OZ;ONCA TROY;DOLAR DOS EUA;20270603;SIM;OURO;0000000001,0000000000;AJUSTE;GCK7;OPC
COMMODITIES;GCM7;CMX;GCM7 AJUSTE;00000000000006;00000000002027;100 OZ;ONCA TROY;DOLAR DOS EUA;20270705;SIM;OURO;0000000001,0000000000;AJUSTE;GCM7;TER
COMMODITIES;GCM7;CMX;GCM7 AJUSTE;00000000000006;00000000002027;100 OZ;ONCA TROY;DOLAR DOS EUA;20270705;SIM;OURO;0000000001,0000000000;AJUSTE;GCM7;OPC
COMMODITIES;GCN7;CMX;GCN7 AJUSTE;00000000000007;00000000002027;100 OZ;ONCA TROY;DOLAR DOS EUA;20270804;SIM;OURO;0000000001,0000000000;AJUSTE;GCN7;TER
COMMODITIES;GCN7;CMX;GCN7 AJUSTE;00000000000007;00000000002027;100 OZ;ONCA TROY;DOLAR DOS EUA;20270804;SIM;OURO;0000000001,0000000000;AJUSTE;GCN7;OPC
COMMODITIES;GCQ6;CMX;GCQ6 AJUSTE;00000000000008;00000000002026;100 OZ;ONCA TROY;DOLAR DOS EUA;20260903;SIM;OURO;0000000001,0000000000;AJUSTE;GCQ6;OPC
COMMODITIES;GCQ6;CMX;GCQ6 AJUSTE;00000000000008;00000000002026;100 OZ;ONCA TROY;DOLAR DOS EUA;20260903;SIM;OURO;0000000001,0000000000;AJUSTE;GCQ6;TER
COMMODITIES;GCU6;CMX;GCU6 AJUSTE;00000000000009;00000000002026;100 OZ;ONCA TROY;DOLAR DOS EUA;20261005;SIM;OURO;0000000001,0000000000;AJUSTE;GCU6;TER
COMMODITIES;GCU6;CMX;GCU6 AJUSTE;00000000000009;00000000002026;100 OZ;ONCA TROY;DOLAR DOS EUA;20261005;SIM;OURO;0000000001,0000000000;AJUSTE;GCU6;OPC
COMMODITIES;GCV6;CMX;GCV6 AJUSTE;00000000000010;00000000002026;100 OZ;ONCA TROY;DOLAR DOS EUA;20261105;SIM;OURO;0000000001,0000000000;AJUSTE;GCV6;TER
COMMODITIES;GCV6;CMX;GCV6 AJUSTE;00000000000010;00000000002026;100 OZ;ONCA TROY;DOLAR DOS EUA;20261105;SIM;OURO;0000000001,0000000000;AJUSTE;GCV6;OPC
COMMODITIES;GCX6;CMX;GCX6 AJUSTE;00000000000011;00000000002026;100 OZ;ONCA TROY;DOLAR DOS EUA;20261202;SIM;OURO;0000000001,0000000000;AJUSTE;GCX6;OPC
COMMODITIES;GCX6;CMX;GCX6 AJUSTE;00000000000011;00000000002026;100 OZ;ONCA TROY;DOLAR DOS EUA;20261202;SIM;OURO;0000000001,0000000000;AJUSTE;GCX6;TER
COMMODITIES;GCZ6;CMX;GCZ6 AJUSTE;00000000000012;00000000002026;100 OZ;ONCA TROY;DOLAR DOS EUA;20270106;SIM;OURO;0000000001,0000000000;AJUSTE;GCZ6;TER
COMMODITIES;GCZ6;CMX;GCZ6 AJUSTE;00000000000012;00000000002026;100 OZ;ONCA TROY;DOLAR DOS EUA;20270106;SIM;OURO;0000000001,0000000000;AJUSTE;GCZ6;OPC
COMMODITIES;GCZ7;CMX;GCZ7 AJUSTE;00000000000012;00000000002027;100 OZ;ONCA TROY;DOLAR DOS EUA;20280105;SIM;OURO;0000000001,0000000000;AJUSTE;GCZ7;OPC
COMMODITIES;GCZ7;CMX;GCZ7 AJUSTE;00000000000012;00000000002027;100 OZ;ONCA TROY;DOLAR DOS EUA;20280105;SIM;OURO;0000000001,0000000000;AJUSTE;GCZ7;COE
COMMODITIES;GCZ7;CMX;GCZ7 AJUSTE;00000000000012;00000000002027;100 OZ;ONCA TROY;DOLAR DOS EUA;20280105;SIM;OURO;0000000001,0000000000;AJUSTE;GCZ7;TER
COMMODITIES;GOLDLNAM;LBMA;XAU-1030-FIX Minimo;00000000000012;00000000002199;FIXING DA MANHA;ONCA TROY;DOLAR DOS EUA;22000102;SIM;OURO;0000000001,0000000000;MINIMO;GOLDLNAM;OPC
COMMODITIES;GOLDLNAM;LBMA;XAU-1030-FIX Fechamento;00000000000012;00000000002199;FIXING DA MANHA;ONCA TROY;DOLAR DOS EUA;22000102;SIM;OURO;0000000001,0000000000;FECHAMENTO;GOLDLNAM;OPC
COMMODITIES;GOLDLNAM;LBMA;XAU-1030-FIX Maximo;00000000000012;00000000002199;FIXING DA MANHA;ONCA TROY;DOLAR DOS EUA;22000102;SIM;OURO;0000000001,0000000000;MAXIMO;GOLDLNAM;TER
COMMODITIES;GOLDLNAM;LBMA;XAU-1030-FIX Maximo;00000000000012;00000000002199;FIXING DA MANHA;ONCA TROY;DOLAR DOS EUA;22000102;SIM;OURO;0000000001,0000000000;MAXIMO;GOLDLNAM;OPC
COMMODITIES;GOLDLNAM;LBMA;XAU-1030-FIX Ajuste;00000000000012;00000000002199;FIXING DA MANHA;ONCA TROY;DOLAR DOS EUA;22000102;SIM;OURO;0000000001,0000000000;AJUSTE;GOLDLNAM;TER
COMMODITIES;GOLDLNAM;LBMA;XAU-1030-FIX Minimo;00000000000012;00000000002199;FIXING DA MANHA;ONCA TROY;DOLAR DOS EUA;22000102;SIM;OURO;0000000001,0000000000;MINIMO;GOLDLNAM;TER
COMMODITIES;GOLDLNAM;LBMA;XAU-1030-FIX Ajuste;00000000000012;00000000002199;FIXING DA MANHA;ONCA TROY;DOLAR DOS EUA;22000102;SIM;OURO;0000000001,0000000000;AJUSTE;GOLDLNAM;OPC
COMMODITIES;GOLDLNAM;LBMA;XAU-1030-FIX Fechamento;00000000000012;00000000002199;FIXING DA MANHA;ONCA TROY;DOLAR DOS EUA;22000102;SIM;OURO;0000000001,0000000000;FECHAMENTO;GOLDLNAM;TER
COMMODITIES;GOLDLNPM;LBMA;XAU-1500-FIX Ajuste;00000000000012;00000000002199;FIXING DA TARDE;ONCA TROY;DOLAR DOS EUA;22000102;SIM;OURO;0000000001,0000000000;AJUSTE;GOLDLNPM;COE
COMMODITIES;GOLDLNPM;LBMA;XAU-1500-FIX Ajuste;00000000000012;00000000002199;FIXING DA TARDE;ONCA TROY;DOLAR DOS EUA;22000102;SIM;OURO;0000000001,0000000000;AJUSTE;GOLDLNPM;OPC
COMMODITIES;GOLDLNPM;LBMA;XAU-1500-FIX Máximo;00000000000012;00000000002199;FIXING DA TARDE;ONCA TROY;DOLAR DOS EUA;22000102;SIM;OURO;0000000001,0000000000;MAXIMO;GOLDLNPM;OPC
COMMODITIES;GOLDLNPM;LBMA;XAU-1500-FIX Máximo;00000000000012;00000000002199;FIXING DA TARDE;ONCA TROY;DOLAR DOS EUA;22000102;SIM;OURO;0000000001,0000000000;MAXIMO;GOLDLNPM;TER
COMMODITIES;GOLDLNPM;LBMA;XAU-1500-FIX Máximo;00000000000012;00000000002199;FIXING DA TARDE;ONCA TROY;DOLAR DOS EUA;22000102;SIM;OURO;0000000001,0000000000;MAXIMO;GOLDLNPM;COE
COMMODITIES;GOLDLNPM;LBMA;XAU-1500-FIX Fechamento;00000000000012;00000000002199;FIXING DA TARDE;ONCA TROY;DOLAR DOS EUA;22000102;SIM;OURO;0000000001,0000000000;FECHAMENTO;GOLDLNPM;TER
COMMODITIES;GOLDLNPM;LBMA;XAU-1500-FIX Fechamento;00000000000012;00000000002199;FIXING DA TARDE;ONCA TROY;DOLAR DOS EUA;22000102;SIM;OURO;0000000001,0000000000;FECHAMENTO;GOLDLNPM;COE
COMMODITIES;GOLDLNPM;LBMA;XAU-1500-FIX Fechamento;00000000000012;00000000002199;FIXING DA TARDE;ONCA TROY;DOLAR DOS EUA;22000102;SIM;OURO;0000000001,0000000000;FECHAMENTO;GOLDLNPM;OPC
COMMODITIES;GOLDLNPM;LBMA;XAU-1500-FIX Minimo;00000000000012;00000000002199;FIXING DA TARDE;ONCA TROY;DOLAR DOS EUA;22000102;SIM;OURO;0000000001,0000000000;MINIMO;GOLDLNPM;OPC
COMMODITIES;GOLDLNPM;LBMA;XAU-1500-FIX Minimo;00000000000012;00000000002199;FIXING DA TARDE;ONCA TROY;DOLAR DOS EUA;22000102;SIM;OURO;0000000001,0000000000;MINIMO;GOLDLNPM;TER
COMMODITIES;GOLDLNPM;LBMA;XAU-1500-FIX Minimo;00000000000012;00000000002199;FIXING DA TARDE;ONCA TROY;DOLAR DOS EUA;22000102;SIM;OURO;0000000001,0000000000;MINIMO;GOLDLNPM;COE
COMMODITIES;GOLDLNPM;LBMA;XAU-1500-FIX Ajuste;00000000000012;00000000002199;FIXING DA TARDE;ONCA TROY;DOLAR DOS EUA;22000102;SIM;OURO;0000000001,0000000000;AJUSTE;GOLDLNPM;TER
COMMODITIES;HGQ6;CMX;HGQ6 AJUSTE;00000000000008;00000000002026;-;POUND;DOLAR DOS EUA;20260903;SIM;COBRE;0000000000,0100000000;AJUSTE;HGQ6;TER
COMMODITIES;HGQ6;CMX;HGQ6 AJUSTE;00000000000008;00000000002026;-;POUND;DOLAR DOS EUA;20260903;SIM;COBRE;0000000000,0100000000;AJUSTE;HGQ6;OPC
COMMODITIES;HGU6;CMX;HGU6 AJUSTE;00000000000009;00000000002026;-;POUND;DOLAR DOS EUA;20261005;SIM;COBRE;0000000000,0100000000;AJUSTE;HGU6;OPC
COMMODITIES;HGU6;CMX;HGU6 AJUSTE;00000000000009;00000000002026;-;POUND;DOLAR DOS EUA;20261005;SIM;COBRE;0000000000,0100000000;AJUSTE;HGU6;TER
COMMODITIES;HGU7;CME;HGU7 Ajuste;00000000000009;00000000002017;-;POUND;DOLAR DOS EUA;20171004;SIM;COBRE;0000000000,0100000000;AJUSTE;HGU7;COE
COMMODITIES;HGU7;CME;HGU7 Fechamento;00000000000009;00000000002017;-;POUND;DOLAR DOS EUA;20171004;SIM;COBRE;0000000000,0100000000;FECHAMENTO;HGU7;COE
COMMODITIES;HGU7;CME;HGU7 Maximo;00000000000009;00000000002017;-;POUND;DOLAR DOS EUA;20171004;SIM;COBRE;0000000000,0100000000;MAXIMO;HGU7;COE
COMMODITIES;HGU7;CME;HGU7 Minimo;00000000000009;00000000002017;-;POUND;DOLAR DOS EUA;20171004;SIM;COBRE;0000000000,0100000000;MINIMO;HGU7;COE
COMMODITIES;HGV6;CMX;HGV6 AJUSTE;00000000000010;00000000002026;-;POUND;DOLAR DOS EUA;20261105;SIM;COBRE;0000000000,0100000000;AJUSTE;HGV6;OPC
COMMODITIES;HGV6;CMX;HGV6 AJUSTE;00000000000010;00000000002026;-;POUND;DOLAR DOS EUA;20261105;SIM;COBRE;0000000000,0100000000;AJUSTE;HGV6;TER
COMMODITIES;HGV7;CME;HGV7 Maximo;00000000000010;00000000002017;-;POUND;DOLAR DOS EUA;20171103;SIM;COBRE;0000000000,0100000000;MAXIMO;HGV7;COE
COMMODITIES;HGV7;CME;HGV7 Minimo;00000000000010;00000000002017;-;POUND;DOLAR DOS EUA;20171103;SIM;COBRE;0000000000,0100000000;MINIMO;HGV7;COE
COMMODITIES;HGV7;CME;HGV7 Ajuste;00000000000010;00000000002017;-;POUND;DOLAR DOS EUA;20171103;SIM;COBRE;0000000000,0100000000;AJUSTE;HGV7;COE
COMMODITIES;HGV7;CME;HGV7 Fechamento;00000000000010;00000000002017;-;POUND;DOLAR DOS EUA;20171103;SIM;COBRE;0000000000,0100000000;FECHAMENTO;HGV7;COE
COMMODITIES;HGX6;CMX;HGX6 AJUSTE;00000000000011;00000000002026;-;POUND;DOLAR DOS EUA;20261202;SIM;COBRE;0000000000,0100000000;AJUSTE;HGX6;OPC
COMMODITIES;HGX6;CMX;HGX6 AJUSTE;00000000000011;00000000002026;-;POUND;DOLAR DOS EUA;20261202;SIM;COBRE;0000000000,0100000000;AJUSTE;HGX6;TER
COMMODITIES;HGX7;CME;HGX7 Fechamento;00000000000011;00000000002017;-;POUND;DOLAR DOS EUA;20171205;SIM;COBRE;0000000000,0100000000;FECHAMENTO;HGX7;COE
COMMODITIES;HGX7;CME;HGX7 Minimo;00000000000011;00000000002017;-;POUND;DOLAR DOS EUA;20171205;SIM;COBRE;0000000000,0100000000;MINIMO;HGX7;COE
COMMODITIES;HGX7;CME;HGX7 Ajuste;00000000000011;00000000002017;-;POUND;DOLAR DOS EUA;20171205;SIM;COBRE;0000000000,0100000000;AJUSTE;HGX7;COE
COMMODITIES;HGX7;CME;HGX7 Maximo;00000000000011;00000000002017;-;POUND;DOLAR DOS EUA;20171205;SIM;COBRE;0000000000,0100000000;MAXIMO;HGX7;COE
COMMODITIES;HGZ6;CMX;HGZ6 AJUSTE;00000000000012;00000000002026;-;POUND;DOLAR DOS EUA;20270106;SIM;COBRE;0000000000,0100000000;AJUSTE;HGZ6;OPC
COMMODITIES;HGZ6;CMX;HGZ6 AJUSTE;00000000000012;00000000002026;-;POUND;DOLAR DOS EUA;20270106;SIM;COBRE;0000000000,0100000000;AJUSTE;HGZ6;TER
COMMODITIES;HGZ7;CME;HGZ7 Fechamento;00000000000012;00000000002017;-;POUND;DOLAR DOS EUA;20180103;SIM;COBRE;0000000000,0100000000;FECHAMENTO;HGZ7;COE
COMMODITIES;HGZ7;CME;HGZ7 Minimo;00000000000012;00000000002017;-;POUND;DOLAR DOS EUA;20180103;SIM;COBRE;0000000000,0100000000;MINIMO;HGZ7;COE
COMMODITIES;HGZ7;CME;HGZ7 Maximo;00000000000012;00000000002017;-;POUND;DOLAR DOS EUA;20180103;SIM;COBRE;0000000000,0100000000;MAXIMO;HGZ7;COE
COMMODITIES;HGZ7;CME;HGZ7 Ajuste;00000000000012;00000000002017;-;POUND;DOLAR DOS EUA;20180103;SIM;COBRE;0000000000,0100000000;AJUSTE;HGZ7;COE
COMMODITIES;HOF27;NYMEX;HOF17 Fechamento;00000000000001;00000000002017;NY HARBOR ULSD FUTURES (HO);GALAO;DOLAR DOS EUA;20170106;SIM;OLEO;0000000001,0000000000;FECHAMENTO;;COE
COMMODITIES;HOF7;NYMEX;HOF7 AJUSTE;00000000000001;00000000002027;NY HARBOR ULSD FUTURES (HO);GALAO;DOLAR DOS EUA;20270108;SIM;OLEO;0000000000,0100000000;AJUSTE;HOF7;OPC
COMMODITIES;HOF7;NYMEX;HOF7 AJUSTE;00000000000001;00000000002027;NY HARBOR ULSD FUTURES (HO);GALAO;DOLAR DOS EUA;20270108;SIM;OLEO;0000000000,0100000000;AJUSTE;HOF7;TER
COMMODITIES;HOF7;NYMEX;HOF7 Mínimo;00000000000001;00000000002027;NY HARBOR ULSD FUTURES (HO);GALAO;DOLAR DOS EUA;20270108;SIM;OLEO;0000000000,0100000000;MINIMO;HOF7;OPC
COMMODITIES;HOF7;NYMEX;HOF7 Mínimo;00000000000001;00000000002027;NY HARBOR ULSD FUTURES (HO);GALAO;DOLAR DOS EUA;20270108;SIM;OLEO;0000000000,0100000000;MINIMO;HOF7;TER
COMMODITIES;HOF7;NYMEX;HOF7 Máximo;00000000000001;00000000002027;NY HARBOR ULSD FUTURES (HO);GALAO;DOLAR DOS EUA;20270108;SIM;OLEO;0000000000,0100000000;MAXIMO;HOF7;OPC
COMMODITIES;HOF7;NYMEX;HOF7 Máximo;00000000000001;00000000002027;NY HARBOR ULSD FUTURES (HO);GALAO;DOLAR DOS EUA;20270108;SIM;OLEO;0000000000,0100000000;MAXIMO;HOF7;TER
COMMODITIES;HOF8;NYMEX;HOF8 Ajuste;00000000000001;00000000002018;NY HARBOR ULSD FUTURES (HO);GALAO;DOLAR DOS EUA;20180105;SIM;OLEO;0000000001,0000000000;AJUSTE;HOF8;COE
COMMODITIES;HOF8;NYMEX;HOF8 Fechamento;00000000000001;00000000002018;NY HARBOR ULSD FUTURES (HO);GALAO;DOLAR DOS EUA;20180105;SIM;OLEO;0000000001,0000000000;FECHAMENTO;HOF8;COE
COMMODITIES;HOF9;CETIP;HOF9 Fechamento;00000000000001;00000000002019;NY HARBOR ULSD FUTURES (HO);GALAO;DOLAR DOS EUA;20190108;SIM;OLEO;0000000001,0000000000;FECHAMENTO;;COE
COMMODITIES;HOF9;CETIP;HOF9 Ajuste;00000000000001;00000000002019;NY HARBOR ULSD FUTURES (HO);GALAO;DOLAR DOS EUA;20190108;SIM;OLEO;0000000001,0000000000;AJUSTE;;COE
COMMODITIES;HOG27;NYMEX;HOG17 Ajuste;00000000000002;00000000002017;NY HARBOR ULSD FUTURES (HO);GALAO;DOLAR DOS EUA;20170131;SIM;OLEO;0000000001,0000000000;AJUSTE;;COE
COMMODITIES;HOG7;NYMEX;HOG7 Máximo;00000000000002;00000000002027;NY HARBOR ULSD FUTURES (HO);GALAO;DOLAR DOS EUA;20270205;SIM;OLEO;0000000000,0100000000;MAXIMO;HOG7;OPC
COMMODITIES;HOG7;NYMEX;HOG7 Mínimo;00000000000002;00000000002027;NY HARBOR ULSD FUTURES (HO);GALAO;DOLAR DOS EUA;20270205;SIM;OLEO;0000000000,0100000000;MINIMO;HOG7;TER
COMMODITIES;HOG7;NYMEX;HOG7 Mínimo;00000000000002;00000000002027;NY HARBOR ULSD FUTURES (HO);GALAO;DOLAR DOS EUA;20270205;SIM;OLEO;0000000000,0100000000;MINIMO;HOG7;OPC
COMMODITIES;HOG7;NYMEX;HOG7 AJUSTE;00000000000002;00000000002027;NY HARBOR ULSD FUTURES (HO);GALAO;DOLAR DOS EUA;20270205;SIM;OLEO;0000000000,0100000000;AJUSTE;HOG7;TER
COMMODITIES;HOG7;NYMEX;HOG7 AJUSTE;00000000000002;00000000002027;NY HARBOR ULSD FUTURES (HO);GALAO;DOLAR DOS EUA;20270205;SIM;OLEO;0000000000,0100000000;AJUSTE;HOG7;OPC
COMMODITIES;HOG7;NYMEX;HOG7 Máximo;00000000000002;00000000002027;NY HARBOR ULSD FUTURES (HO);GALAO;DOLAR DOS EUA;20270205;SIM;OLEO;0000000000,0100000000;MAXIMO;HOG7;TER
COMMODITIES;HOG8;NYMEX;HOG8 Ajuste;00000000000002;00000000002018;NY HARBOR ULSD FUTURES (HO);GALAO;DOLAR DOS EUA;20180207;SIM;OLEO;0000000001,0000000000;AJUSTE;HOG8;COE
COMMODITIES;HOG8;NYMEX;HOG8 Fechamento;00000000000002;00000000002018;NY HARBOR ULSD FUTURES (HO);GALAO;DOLAR DOS EUA;20180207;SIM;OLEO;0000000001,0000000000;FECHAMENTO;HOG8;COE
COMMODITIES;HOG9;NYMEX;HOG9 Ajuste;00000000000002;00000000002019;NY HARBOR ULSD FUTURES (HO);GALAO;DOLAR DOS EUA;20190207;SIM;OLEO;0000000001,0000000000;AJUSTE;HOG9;COE
COMMODITIES;HOG9;NYMEX;HOG9 Fechamento;00000000000002;00000000002019;NY HARBOR ULSD FUTURES (HO);GALAO;DOLAR DOS EUA;20190207;SIM;OLEO;0000000001,0000000000;FECHAMENTO;HOG9;COE
COMMODITIES;HOH0;NYMEX;HOH0 Ajuste;00000000000003;00000000002020;NY HARBOR ULSD FUTURES (HO);GALAO;DOLAR DOS EUA;20200306;SIM;OLEO;0000000001,0000000000;AJUSTE;HOH0;COE
COMMODITIES;HOH1;NYMEX;HOH1 Ajuste;00000000000003;00000000002021;NY HARBOR ULSD FUTURES (HO);GALAO;DOLAR DOS EUA;20210305;SIM;OLEO;0000000000,0100000000;AJUSTE;HOH1;COE
COMMODITIES;HOH27;NYMEX;HOH17 Ajuste;00000000000003;00000000002017;NY HARBOR ULSD FUTURES (HO);GALAO;DOLAR DOS EUA;20170224;SIM;OLEO;0000000001,0000000000;AJUSTE;;COE
COMMODITIES;HOH7;NYMEX;HOH7 AJUSTE;00000000000003;00000000002027;NY HARBOR ULSD FUTURES (HO);GALAO;DOLAR DOS EUA;20270305;SIM;OLEO;0000000000,0100000000;AJUSTE;HOH7;OPC
COMMODITIES;HOH7;NYMEX;HOH7 Minimo;00000000000003;00000000002017;NY HARBOR ULSD FUTURES (HO);GALAO;DOLAR DOS EUA;20170224;SIM;OLEO;0000000001,0000000000;MINIMO;HOH7;COE
COMMODITIES;HOH7;NYMEX;HOH7 Minimo;00000000000003;00000000002017;NY HARBOR ULSD FUTURES (HO);GALAO;DOLAR DOS EUA;20170224;SIM;OLEO;0000000001,0000000000;MINIMO;HOH7;TER
COMMODITIES;HOH7;NYMEX;HOH7 Minimo;00000000000003;00000000002017;NY HARBOR ULSD FUTURES (HO);GALAO;DOLAR DOS EUA;20170224;SIM;OLEO;0000000001,0000000000;MINIMO;HOH7;OPC
COMMODITIES;HOH7;NYMEX;HOH7 Maximo;00000000000003;00000000002017;NY HARBOR ULSD FUTURES (HO);GALAO;DOLAR DOS EUA;20170224;SIM;OLEO;0000000001,0000000000;MAXIMO;HOH7;OPC
COMMODITIES;HOH7;NYMEX;HOH7 Maximo;00000000000003;00000000002017;NY HARBOR ULSD FUTURES (HO);GALAO;DOLAR DOS EUA;20170224;SIM;OLEO;0000000001,0000000000;MAXIMO;HOH7;COE
COMMODITIES;HOH7;NYMEX;HOH7 AJUSTE;00000000000003;00000000002027;NY HARBOR ULSD FUTURES (HO);GALAO;DOLAR DOS EUA;20270305;SIM;OLEO;0000000000,0100000000;AJUSTE;HOH7;TER
COMMODITIES;HOH7;NYMEX;HOH7 Maximo;00000000000003;00000000002017;NY HARBOR ULSD FUTURES (HO);GALAO;DOLAR DOS EUA;20170224;SIM;OLEO;0000000001,0000000000;MAXIMO;HOH7;TER
COMMODITIES;HOH7;NYMEX;HOH7 AJUSTE;00000000000003;00000000002027;NY HARBOR ULSD FUTURES (HO);GALAO;DOLAR DOS EUA;20270305;SIM;OLEO;0000000000,0100000000;AJUSTE;HOH7;COE
COMMODITIES;HOH8;NYMEX;HOH8 Ajuste;00000000000003;00000000002018;NY HARBOR ULSD FUTURES (HO);GALAO;DOLAR DOS EUA;20180307;SIM;OLEO;0000000001,0000000000;AJUSTE;HOH8;COE
COMMODITIES;HOH8;NYMEX;HOH8 Fechamento;00000000000003;00000000002018;NY HARBOR ULSD FUTURES (HO);GALAO;DOLAR DOS EUA;20180307;SIM;OLEO;0000000001,0000000000;FECHAMENTO;HOH8;COE
COMMODITIES;HOH9;NYMEX;HOH9 Ajuste;00000000000003;00000000002019;NY HARBOR ULSD FUTURES (HO);GALAO;DOLAR DOS EUA;20190311;SIM;OLEO;0000000001,0000000000;AJUSTE;HOH9;COE
COMMODITIES;HOH9;NYMEX;HOH9 Fechamento;00000000000003;00000000002019;NY HARBOR ULSD FUTURES (HO);GALAO;DOLAR DOS EUA;20190311;SIM;OLEO;0000000001,0000000000;FECHAMENTO;HOH9;COE
COMMODITIES;HOJ27;NYMEX;HOJ17 Ajuste;00000000000004;00000000002017;NY HARBOR ULSD FUTURES (HO);GALAO;DOLAR DOS EUA;20170331;SIM;OLEO;0000000001,0000000000;AJUSTE;;COE
COMMODITIES;HOJ7;NYMEX;HOJ7 Maximo;00000000000004;00000000002017;NY HARBOR ULSD FUTURES (HO);GALAO;DOLAR DOS EUA;20170331;SIM;OLEO;0000000001,0000000000;MAXIMO;HOJ7;TER
COMMODITIES;HOJ7;NYMEX;HOJ7 Minimo;00000000000004;00000000002017;NY HARBOR ULSD FUTURES (HO);GALAO;DOLAR DOS EUA;20170331;SIM;OLEO;0000000001,0000000000;MINIMO;HOJ7;OPC
COMMODITIES;HOJ7;NYMEX;HOJ7 Minimo;00000000000004;00000000002017;NY HARBOR ULSD FUTURES (HO);GALAO;DOLAR DOS EUA;20170331;SIM;OLEO;0000000001,0000000000;MINIMO;HOJ7;TER
COMMODITIES;HOJ7;NYMEX;HOJ7 Maximo;00000000000004;00000000002017;NY HARBOR ULSD FUTURES (HO);GALAO;DOLAR DOS EUA;20170331;SIM;OLEO;0000000001,0000000000;MAXIMO;HOJ7;OPC
COMMODITIES;HOJ8;NYMEX;HOJ8 Ajuste;00000000000004;00000000002018;NY HARBOR ULSD FUTURES (HO);GALAO;DOLAR DOS EUA;20180405;SIM;OLEO;0000000001,0000000000;AJUSTE;HOJ8;COE
COMMODITIES;HOJ9;NYMEX;HOJ9 Fechamento;00000000000004;00000000002019;NY HARBOR ULSD FUTURES (HO);GALAO;DOLAR DOS EUA;20190405;SIM;OLEO;0000000001,0000000000;FECHAMENTO;HOJ9;COE
COMMODITIES;HOJ9;NYMEX;HOJ9 Ajuste;00000000000004;00000000002019;NY HARBOR ULSD FUTURES (HO);GALAO;DOLAR DOS EUA;20190405;SIM;OLEO;0000000001,0000000000;AJUSTE;HOJ9;COE
COMMODITIES;HOK27;NYMEX;HOK17 Fechamento;00000000000005;00000000002017;NY HARBOR ULSD FUTURES (HO);GALAO;DOLAR DOS EUA;20170505;SIM;OLEO;0000000001,0000000000;FECHAMENTO;;COE
COMMODITIES;HOK7;NYMEX;HOK7 Mínimo;00000000000005;00000000002027;NY HARBOR ULSD FUTURES (HO);GALAO;DOLAR DOS EUA;20270507;SIM;OLEO;0000000000,0100000000;MINIMO;HOK7;OPC
COMMODITIES;HOK7;NYMEX;HOK7 Máximo;00000000000005;00000000002027;NY HARBOR ULSD FUTURES (HO);GALAO;DOLAR DOS EUA;20270507;SIM;OLEO;0000000000,0100000000;MAXIMO;HOK7;TER
COMMODITIES;HOK7;NYMEX;HOK7 Mínimo;00000000000005;00000000002027;NY HARBOR ULSD FUTURES (HO);GALAO;DOLAR DOS EUA;20270507;SIM;OLEO;0000000000,0100000000;MINIMO;HOK7;TER
COMMODITIES;HOK7;NYMEX;HOK7 AJUSTE;00000000000005;00000000002027;NY HARBOR ULSD FUTURES (HO);GALAO;DOLAR DOS EUA;20270507;SIM;OLEO;0000000000,0100000000;AJUSTE;HOK7;TER
COMMODITIES;HOK7;NYMEX;HOK7 AJUSTE;00000000000005;00000000002027;NY HARBOR ULSD FUTURES (HO);GALAO;DOLAR DOS EUA;20270507;SIM;OLEO;0000000000,0100000000;AJUSTE;HOK7;OPC
COMMODITIES;HOK7;NYMEX;HOK7 Máximo;00000000000005;00000000002027;NY HARBOR ULSD FUTURES (HO);GALAO;DOLAR DOS EUA;20270507;SIM;OLEO;0000000000,0100000000;MAXIMO;HOK7;OPC
COMMODITIES;HOK8;NYMEX;HOK8 Ajuste;00000000000005;00000000002018;NY HARBOR ULSD FUTURES (HO);GALAO;DOLAR DOS EUA;20180507;SIM;OLEO;0000000001,0000000000;AJUSTE;HOK8;COE
COMMODITIES;HOK9;NYMEX;HOK9 Ajuste;00000000000005;00000000002019;NY HARBOR ULSD FUTURES (HO);GALAO;DOLAR DOS EUA;20190508;SIM;OLEO;0000000001,0000000000;AJUSTE;HOK9;COE
COMMODITIES;HOK9;NYMEX;HOK9 Fechamento;00000000000005;00000000002019;NY HARBOR ULSD FUTURES (HO);GALAO;DOLAR DOS EUA;20190508;SIM;OLEO;0000000001,0000000000;FECHAMENTO;HOK9;COE
COMMODITIES;HOM7;NYMEX;HOM7 Mínimo;00000000000006;00000000002027;NY HARBOR ULSD FUTURES (HO);GALAO;DOLAR DOS EUA;20270604;SIM;OLEO;0000000000,0100000000;MINIMO;HOM7;TER
COMMODITIES;HOM7;NYMEX;HOM7 AJUSTE;00000000000006;00000000002027;NY HARBOR ULSD FUTURES (HO);GALAO;DOLAR DOS EUA;20270604;SIM;OLEO;0000000000,0100000000;AJUSTE;HOM7;OPC
COMMODITIES;HOM7;NYMEX;HOM7 AJUSTE;00000000000006;00000000002027;NY HARBOR ULSD FUTURES (HO);GALAO;DOLAR DOS EUA;20270604;SIM;OLEO;0000000000,0100000000;AJUSTE;HOM7;TER
COMMODITIES;HOM7;NYMEX;HOM7 Mínimo;00000000000006;00000000002027;NY HARBOR ULSD FUTURES (HO);GALAO;DOLAR DOS EUA;20270604;SIM;OLEO;0000000000,0100000000;MINIMO;HOM7;OPC
COMMODITIES;HOM7;NYMEX;HOM7 Máximo;00000000000006;00000000002027;NY HARBOR ULSD FUTURES (HO);GALAO;DOLAR DOS EUA;20270604;SIM;OLEO;0000000000,0100000000;MAXIMO;HOM7;OPC
COMMODITIES;HOM7;NYMEX;HOM7 Máximo;00000000000006;00000000002027;NY HARBOR ULSD FUTURES (HO);GALAO;DOLAR DOS EUA;20270604;SIM;OLEO;0000000000,0100000000;MAXIMO;HOM7;TER
COMMODITIES;HOM8;NYMEX;HOM8 Ajuste;00000000000006;00000000002018;NY HARBOR ULSD FUTURES (HO);GALAO;DOLAR DOS EUA;20180607;SIM;OLEO;0000000001,0000000000;AJUSTE;HOM8;COE
COMMODITIES;HOM9;NYMEX;HOM9 Fechamento;00000000000006;00000000002019;NY HARBOR ULSD FUTURES (HO);GALAO;DOLAR DOS EUA;20190607;SIM;OLEO;0000000001,0000000000;FECHAMENTO;HOM9;COE
COMMODITIES;HOM9;NYMEX;HOM9 Ajuste;00000000000006;00000000002019;NY HARBOR ULSD FUTURES (HO);GALAO;DOLAR DOS EUA;20190607;SIM;OLEO;0000000001,0000000000;AJUSTE;HOM9;COE
COMMODITIES;HON7;NYMEX;HON7 AJUSTE;00000000000007;00000000002027;NY HARBOR ULSD FUTURES (HO);GALAO;DOLAR DOS EUA;20270707;SIM;OLEO;0000000000,0100000000;AJUSTE;HON7;OPC
COMMODITIES;HON7;NYMEX;HON7 AJUSTE;00000000000007;00000000002027;NY HARBOR ULSD FUTURES (HO);GALAO;DOLAR DOS EUA;20270707;SIM;OLEO;0000000000,0100000000;AJUSTE;HON7;TER
COMMODITIES;HON8;NYMEX;HON8 Ajuste;00000000000007;00000000002018;NY HARBOR ULSD FUTURES (HO);GALAO;DOLAR DOS EUA;20180706;SIM;OLEO;0000000001,0000000000;AJUSTE;HON8;COE
COMMODITIES;HON8;NYMEX;HON8 Fechamento;00000000000007;00000000002018;NY HARBOR ULSD FUTURES (HO);GALAO;DOLAR DOS EUA;20180706;SIM;OLEO;0000000001,0000000000;FECHAMENTO;HON8;COE
COMMODITIES;HON9;NYMEX;HON9 Fechamento;00000000000007;00000000002019;NY HARBOR ULSD FUTURES (HO);GALAO;DOLAR DOS EUA;20190705;SIM;OLEO;0000000001,0000000000;FECHAMENTO;HON9;COE
COMMODITIES;HON9;NYMEX;HON9 Ajuste;00000000000007;00000000002019;NY HARBOR ULSD FUTURES (HO);GALAO;DOLAR DOS EUA;20190705;SIM;OLEO;0000000001,0000000000;AJUSTE;HON9;COE
COMMODITIES;HOQ0;NYMEX;HOQ0 Ajuste;00000000000008;00000000002020;NY HARBOR ULSD FUTURES (HO);GALAO;DOLAR DOS EUA;20200807;SIM;OLEO;0000000001,0000000000;AJUSTE;HOQ0;COE
COMMODITIES;HOQ7;NYMEX;HOQ7 AJUSTE;00000000000008;00000000002027;NY HARBOR ULSD FUTURES (HO);GALAO;DOLAR DOS EUA;20270806;SIM;OLEO;0000000000,0100000000;AJUSTE;HOQ7;TER
COMMODITIES;HOQ7;NYMEX;HOQ7 AJUSTE;00000000000008;00000000002027;NY HARBOR ULSD FUTURES (HO);GALAO;DOLAR DOS EUA;20270806;SIM;OLEO;0000000000,0100000000;AJUSTE;HOQ7;OPC
COMMODITIES;HOQ7;NYMEX;HOQ7 Mínimo;00000000000008;00000000002027;NY HARBOR ULSD FUTURES (HO);GALAO;DOLAR DOS EUA;20270806;SIM;OLEO;0000000000,0100000000;MINIMO;HOQ7;TER
COMMODITIES;HOQ7;NYMEX;HOQ7 Mínimo;00000000000008;00000000002027;NY HARBOR ULSD FUTURES (HO);GALAO;DOLAR DOS EUA;20270806;SIM;OLEO;0000000000,0100000000;MINIMO;HOQ7;OPC
COMMODITIES;HOQ7;NYMEX;HOQ7 Máximo;00000000000008;00000000002027;NY HARBOR ULSD FUTURES (HO);GALAO;DOLAR DOS EUA;20270806;SIM;OLEO;0000000000,0100000000;MAXIMO;HOQ7;TER
COMMODITIES;HOQ7;NYMEX;HOQ7 Máximo;00000000000008;00000000002027;NY HARBOR ULSD FUTURES (HO);GALAO;DOLAR DOS EUA;20270806;SIM;OLEO;0000000000,0100000000;MAXIMO;HOQ7;OPC
COMMODITIES;HOQ8;NYMEX;HOQ8 Ajuste;00000000000008;00000000002018;NY HARBOR ULSD FUTURES (HO);GALAO;DOLAR DOS EUA;20180807;SIM;OLEO;0000000001,0000000000;AJUSTE;HOQ8;COE
COMMODITIES;HOQ9;NYMEX;HOQ9 Ajuste;00000000000008;00000000002019;NY HARBOR ULSD FUTURES (HO);GALAO;DOLAR DOS EUA;20190807;SIM;OLEO;0000000001,0000000000;AJUSTE;HOQ9;COE
COMMODITIES;HOQ9;NYMEX;HOQ9 Fechamento;00000000000008;00000000002019;NY HARBOR ULSD FUTURES (HO);GALAO;DOLAR DOS EUA;20190807;SIM;OLEO;0000000001,0000000000;FECHAMENTO;HOQ9;COE
COMMODITIES;HOU6;NYMEX;HOU6 AJUSTE;00000000000009;00000000002026;NY HARBOR ULSD FUTURES (HO);GALAO;DOLAR DOS EUA;20260908;SIM;OLEO;0000000000,0100000000;AJUSTE;HOU6;TER
COMMODITIES;HOU6;NYMEX;HOU6 AJUSTE;00000000000009;00000000002026;NY HARBOR ULSD FUTURES (HO);GALAO;DOLAR DOS EUA;20260908;SIM;OLEO;0000000000,0100000000;AJUSTE;HOU6;OPC
COMMODITIES;HOU7;NYMEX;HOU7 AJUSTE;00000000000009;00000000002027;NY HARBOR ULSD FUTURES (HO);GALAO;DOLAR DOS EUA;20270908;SIM;OLEO;0000000000,0100000000;AJUSTE;HOU7;TER
COMMODITIES;HOU7;NYMEX;HOU7 AJUSTE;00000000000009;00000000002027;NY HARBOR ULSD FUTURES (HO);GALAO;DOLAR DOS EUA;20270908;SIM;OLEO;0000000000,0100000000;AJUSTE;HOU7;OPC
COMMODITIES;HOU8;NYMEX;HOU8 Fechamento;00000000000009;00000000002018;NY HARBOR ULSD FUTURES (HO);GALAO;DOLAR DOS EUA;20180910;SIM;OLEO;0000000001,0000000000;FECHAMENTO;HOU8;COE
COMMODITIES;HOU8;NYMEX;HOU8 Ajuste;00000000000009;00000000002018;NY HARBOR ULSD FUTURES (HO);GALAO;DOLAR DOS EUA;20180910;SIM;OLEO;0000000001,0000000000;AJUSTE;HOU8;COE
COMMODITIES;HOU9;NYMEX;HOU9 Fechamento;00000000000009;00000000002019;NY HARBOR ULSD FUTURES (HO);GALAO;DOLAR DOS EUA;20190906;SIM;OLEO;0000000001,0000000000;FECHAMENTO;HOU9;COE
COMMODITIES;HOU9;NYMEX;HOU9 Ajuste;00000000000009;00000000002019;NY HARBOR ULSD FUTURES (HO);GALAO;DOLAR DOS EUA;20190906;SIM;OLEO;0000000001,0000000000;AJUSTE;HOU9;COE
COMMODITIES;HOV0;NYMEX;HOV0 Ajuste;00000000000010;00000000002020;NY HARBOR ULSD FUTURES (HO);GALAO;DOLAR DOS EUA;20201007;SIM;OLEO;0000000000,0100000000;AJUSTE;HOV0;COE
COMMODITIES;HOV6;NYMEX;HOV6 AJUSTE;00000000000010;00000000002026;NY HARBOR ULSD FUTURES (HO);GALAO;DOLAR DOS EUA;20261007;SIM;OLEO;0000000000,0100000000;AJUSTE;HOV6;OPC
COMMODITIES;HOV6;NYMEX;HOV6 AJUSTE;00000000000010;00000000002026;NY HARBOR ULSD FUTURES (HO);GALAO;DOLAR DOS EUA;20261007;SIM;OLEO;0000000000,0100000000;AJUSTE;HOV6;TER
COMMODITIES;HOV7;NYMEX;HOV7 AJUSTE;00000000000010;00000000002027;NY HARBOR ULSD FUTURES (HO);GALAO;DOLAR DOS EUA;20271007;SIM;OLEO;0000000000,0100000000;AJUSTE;HOV7;OPC
COMMODITIES;HOV7;NYMEX;HOV7 AJUSTE;00000000000010;00000000002027;NY HARBOR ULSD FUTURES (HO);GALAO;DOLAR DOS EUA;20271007;SIM;OLEO;0000000000,0100000000;AJUSTE;HOV7;TER
COMMODITIES;HOX4;NYMEX;HOX4 AJUSTE;00000000000011;00000000002024;NY HARBOR ULSD FUTURES (HO);GALAO;DOLAR DOS EUA;20250107;SIM;OLEO;0000000000,0100000000;AJUSTE;HOX4;COE
COMMODITIES;HOX6;NYMEX;HOX6 AJUSTE;00000000000011;00000000002026;NY HARBOR ULSD FUTURES (HO);GALAO;DOLAR DOS EUA;20261109;SIM;OLEO;0000000000,0100000000;AJUSTE;HOX6;TER
COMMODITIES;HOX6;NYMEX;HOX6 AJUSTE;00000000000011;00000000002026;NY HARBOR ULSD FUTURES (HO);GALAO;DOLAR DOS EUA;20261109;SIM;OLEO;0000000000,0100000000;AJUSTE;HOX6;OPC
COMMODITIES;HOX7;NYMEX;HOX7 AJUSTE;00000000000011;00000000002027;NY HARBOR ULSD FUTURES (HO);GALAO;DOLAR DOS EUA;20271108;SIM;OLEO;0000000000,0100000000;AJUSTE;HOX7;OPC
COMMODITIES;HOX7;NYMEX;HOX7 AJUSTE;00000000000011;00000000002027;NY HARBOR ULSD FUTURES (HO);GALAO;DOLAR DOS EUA;20271108;SIM;OLEO;0000000000,0100000000;AJUSTE;HOX7;TER
COMMODITIES;HOX8;NYMEX;HOX8 Fechamento;00000000000011;00000000002018;NY HARBOR ULSD FUTURES (HO);GALAO;DOLAR DOS EUA;20181108;SIM;OLEO;0000000001,0000000000;FECHAMENTO;HOX8;COE
COMMODITIES;HOX8;NYMEX;HOX8 Ajuste;00000000000011;00000000002018;NY HARBOR ULSD FUTURES (HO);GALAO;DOLAR DOS EUA;20181108;SIM;OLEO;0000000001,0000000000;AJUSTE;HOX8;COE
COMMODITIES;HOX9;OUTROS;HOX9 Fechamento___x;00000000000011;00000000002019;OUTROS;GALAO;DOLAR DOS EUA;20191107;SIM;OLEO;0000000001,0000000000;FECHAMENTO;;COE
COMMODITIES;HOX9;NYMEX;HOX9 Ajuste;00000000000011;00000000002019;NY HARBOR ULSD FUTURES (HO);GALAO;DOLAR DOS EUA;20191107;SIM;OLEO;0000000001,0000000000;AJUSTE;HOX9;COE
COMMODITIES;HOZ6;NYMEX;HOZ6 AJUSTE;00000000000012;00000000002026;NY HARBOR ULSD FUTURES (HO);GALAO;DOLAR DOS EUA;20261207;SIM;OLEO;0000000000,0100000000;AJUSTE;HOZ6;OPC
COMMODITIES;HOZ6;NYMEX;HOZ6 AJUSTE;00000000000012;00000000002026;NY HARBOR ULSD FUTURES (HO);GALAO;DOLAR DOS EUA;20261207;SIM;OLEO;0000000000,0100000000;AJUSTE;HOZ6;TER
COMMODITIES;HOZ7;NYMEX;HOZ7 AJUSTE;00000000000012;00000000002027;NY HARBOR ULSD FUTURES (HO);GALAO;DOLAR DOS EUA;20271207;SIM;OLEO;0000000000,0100000000;AJUSTE;HOZ7;OPC
COMMODITIES;HOZ7;NYMEX;HOZ7 AJUSTE;00000000000012;00000000002027;NY HARBOR ULSD FUTURES (HO);GALAO;DOLAR DOS EUA;20271207;SIM;OLEO;0000000000,0100000000;AJUSTE;HOZ7;TER
COMMODITIES;HOZ7;NYMEX;HOZ7 Máximo;00000000000012;00000000002027;NY HARBOR ULSD FUTURES (HO);GALAO;DOLAR DOS EUA;20271207;SIM;OLEO;0000000000,0100000000;MAXIMO;HOZ7;OPC
COMMODITIES;HOZ7;NYMEX;HOZ7 Mínimo;00000000000012;00000000002027;NY HARBOR ULSD FUTURES (HO);GALAO;DOLAR DOS EUA;20271207;SIM;OLEO;0000000000,0100000000;MINIMO;HOZ7;OPC
COMMODITIES;HOZ7;NYMEX;HOZ7 Máximo;00000000000012;00000000002027;NY HARBOR ULSD FUTURES (HO);GALAO;DOLAR DOS EUA;20271207;SIM;OLEO;0000000000,0100000000;MAXIMO;HOZ7;TER
COMMODITIES;HOZ7;NYMEX;HOZ7 Mínimo;00000000000012;00000000002027;NY HARBOR ULSD FUTURES (HO);GALAO;DOLAR DOS EUA;20271207;SIM;OLEO;0000000000,0100000000;MINIMO;HOZ7;TER
COMMODITIES;HOZ9;OUTROS;HOZ9 Fechamento___x;00000000000012;00000000002019;OUTROS;GALAO;DOLAR DOS EUA;20191206;SIM;OLEO;0000000001,0000000000;FECHAMENTO;;COE
COMMODITIES;HOZ9;NYMEX;HOZ9 Ajuste;00000000000012;00000000002019;NY HARBOR ULSD FUTURES (HO);GALAO;DOLAR DOS EUA;20191206;SIM;OLEO;0000000001,0000000000;AJUSTE;HOZ9;COE
COMMODITIES;HO1;NYMEX;HO1 Ajuste;00000000000012;00000000002199;PRIMEIRO FUTURO HEATING OIL;GALAO;DOLAR DOS EUA;22000102;SIM;OLEO;0000000000,0100000000;AJUSTE;HO1;TER
COMMODITIES;HO1;NYMEX;HO1 Ajuste;00000000000012;00000000002199;PRIMEIRO FUTURO HEATING OIL;GALAO;DOLAR DOS EUA;22000102;SIM;OLEO;0000000000,0100000000;AJUSTE;HO1;OPC
COMMODITIES;HPWU26;ISF - ICE;HPWU26 AJUSTE;00000000000009;00000000002026;-;BARRIL;DOLAR DOS EUA;20260930;SIM;OLEO COMBUSTIVEL;0000000001,0000000000;AJUSTE;HPWU26;OPC
COMMODITIES;HPWU26;ISF - ICE;HPWU26 AJUSTE;00000000000009;00000000002026;-;BARRIL;DOLAR DOS EUA;20260930;SIM;OLEO COMBUSTIVEL;0000000001,0000000000;AJUSTE;HPWU26;TER
COMMODITIES;HRCF7;CMX;HRCF7 AJUSTE;00000000000001;00000000002027;-;BUSHELS;DOLAR DOS EUA;20270202;SIM;BOBINA DE ACO LAMINADO;0000000001,0000000000;AJUSTE;HRCF7;TER
COMMODITIES;HRCF7;CMX;HRCF7 AJUSTE;00000000000001;00000000002027;-;BUSHELS;DOLAR DOS EUA;20270202;SIM;BOBINA DE ACO LAMINADO;0000000001,0000000000;AJUSTE;HRCF7;OPC
COMMODITIES;HRCG7;CMX;HRCG7 AJUSTE;00000000000002;00000000002027;-;BUSHELS;DOLAR DOS EUA;20270302;SIM;BOBINA DE ACO LAMINADO;0000000001,0000000000;AJUSTE;HRCG7;TER
COMMODITIES;HRCG7;CMX;HRCG7 AJUSTE;00000000000002;00000000002027;-;BUSHELS;DOLAR DOS EUA;20270302;SIM;BOBINA DE ACO LAMINADO;0000000001,0000000000;AJUSTE;HRCG7;OPC
COMMODITIES;HRCH7;CMX;HRCH7 AJUSTE;00000000000003;00000000002027;-;BUSHELS;DOLAR DOS EUA;20270406;SIM;BOBINA DE ACO LAMINADO;0000000001,0000000000;AJUSTE;HRCH7;OPC
COMMODITIES;HRCH7;CMX;HRCH7 AJUSTE;00000000000003;00000000002027;-;BUSHELS;DOLAR DOS EUA;20270406;SIM;BOBINA DE ACO LAMINADO;0000000001,0000000000;AJUSTE;HRCH7;TER
COMMODITIES;HRCJ7;CMX;HRCJ7 AJUSTE;00000000000004;00000000002027;-;BUSHELS;DOLAR DOS EUA;20270504;SIM;BOBINA DE ACO LAMINADO;0000000001,0000000000;AJUSTE;HRCJ7;OPC
COMMODITIES;HRCJ7;CMX;HRCJ7 AJUSTE;00000000000004;00000000002027;-;BUSHELS;DOLAR DOS EUA;20270504;SIM;BOBINA DE ACO LAMINADO;0000000001,0000000000;AJUSTE;HRCJ7;TER
COMMODITIES;HRCK7;CMX;HRCK7 AJUSTE;00000000000005;00000000002027;-;BUSHELS;DOLAR DOS EUA;20270602;SIM;BOBINA DE ACO LAMINADO;0000000001,0000000000;AJUSTE;HRCK7;OPC
COMMODITIES;HRCK7;CMX;HRCK7 AJUSTE;00000000000005;00000000002027;-;BUSHELS;DOLAR DOS EUA;20270602;SIM;BOBINA DE ACO LAMINADO;0000000001,0000000000;AJUSTE;HRCK7;TER
COMMODITIES;HRCM7;CMX;HRCM7 AJUSTE;00000000000006;00000000002027;-;BUSHELS;DOLAR DOS EUA;20270706;SIM;BOBINA DE ACO LAMINADO;0000000001,0000000000;AJUSTE;HRCM7;TER
COMMODITIES;HRCM7;CMX;HRCM7 AJUSTE;00000000000006;00000000002027;-;BUSHELS;DOLAR DOS EUA;20270706;SIM;BOBINA DE ACO LAMINADO;0000000001,0000000000;AJUSTE;HRCM7;OPC
COMMODITIES;HRCN7;CMX;HRCN7 AJUSTE;00000000000007;00000000002027;-;BUSHELS;DOLAR DOS EUA;20270803;SIM;BOBINA DE ACO LAMINADO;0000000001,0000000000;AJUSTE;HRCN7;OPC
COMMODITIES;HRCN7;CMX;HRCN7 AJUSTE;00000000000007;00000000002027;-;BUSHELS;DOLAR DOS EUA;20270803;SIM;BOBINA DE ACO LAMINADO;0000000001,0000000000;AJUSTE;HRCN7;TER
COMMODITIES;HRCQ6;CMX;HRCQ6 AJUSTE;00000000000008;00000000002026;-;BUSHELS;DOLAR DOS EUA;20260901;SIM;BOBINA DE ACO LAMINADO;0000000001,0000000000;AJUSTE;HRCQ6;TER
COMMODITIES;HRCQ6;CMX;HRCQ6 AJUSTE;00000000000008;00000000002026;-;BUSHELS;DOLAR DOS EUA;20260901;SIM;BOBINA DE ACO LAMINADO;0000000001,0000000000;AJUSTE;HRCQ6;OPC
COMMODITIES;HRCQ7;CMX;HRCQ7 AJUSTE;00000000000008;00000000002027;-;BUSHELS;DOLAR DOS EUA;20270831;SIM;BOBINA DE ACO LAMINADO;0000000001,0000000000;AJUSTE;HRCQ7;OPC
COMMODITIES;HRCQ7;CMX;HRCQ7 AJUSTE;00000000000008;00000000002027;-;BUSHELS;DOLAR DOS EUA;20270831;SIM;BOBINA DE ACO LAMINADO;0000000001,0000000000;AJUSTE;HRCQ7;TER
COMMODITIES;HRCU6;CMX;HRCU6 AJUSTE;00000000000009;00000000002026;-;BUSHELS;DOLAR DOS EUA;20261006;SIM;BOBINA DE ACO LAMINADO;0000000001,0000000000;AJUSTE;HRCU6;OPC
COMMODITIES;HRCU6;CMX;HRCU6 AJUSTE;00000000000009;00000000002026;-;BUSHELS;DOLAR DOS EUA;20261006;SIM;BOBINA DE ACO LAMINADO;0000000001,0000000000;AJUSTE;HRCU6;TER
COMMODITIES;HRCU7;CMX;HRCU7 AJUSTE;00000000000009;00000000002027;-;BUSHELS;DOLAR DOS EUA;20271005;SIM;BOBINA DE ACO LAMINADO;0000000001,0000000000;AJUSTE;HRCU7;TER
COMMODITIES;HRCU7;CMX;HRCU7 AJUSTE;00000000000009;00000000002027;-;BUSHELS;DOLAR DOS EUA;20271005;SIM;BOBINA DE ACO LAMINADO;0000000001,0000000000;AJUSTE;HRCU7;OPC
COMMODITIES;HRCV6;CMX;HRCV6 AJUSTE;00000000000010;00000000002026;-;BUSHELS;DOLAR DOS EUA;20261104;SIM;BOBINA DE ACO LAMINADO;0000000001,0000000000;AJUSTE;HRCV6;TER
COMMODITIES;HRCV6;CMX;HRCV6 AJUSTE;00000000000010;00000000002026;-;BUSHELS;DOLAR DOS EUA;20261104;SIM;BOBINA DE ACO LAMINADO;0000000001,0000000000;AJUSTE;HRCV6;OPC
COMMODITIES;HRCV7;CMX;HRCV7 AJUSTE;00000000000010;00000000002027;-;BUSHELS;DOLAR DOS EUA;20271103;SIM;BOBINA DE ACO LAMINADO;0000000001,0000000000;AJUSTE;HRCV7;OPC
COMMODITIES;HRCV7;CMX;HRCV7 AJUSTE;00000000000010;00000000002027;-;BUSHELS;DOLAR DOS EUA;20271103;SIM;BOBINA DE ACO LAMINADO;0000000001,0000000000;AJUSTE;HRCV7;TER
COMMODITIES;HRCX6;CMX;HRCX6 AJUSTE;00000000000011;00000000002026;-;BUSHELS;DOLAR DOS EUA;20261201;SIM;BOBINA DE ACO LAMINADO;0000000001,0000000000;AJUSTE;HRCX6;OPC
COMMODITIES;HRCX6;CMX;HRCX6 AJUSTE;00000000000011;00000000002026;-;BUSHELS;DOLAR DOS EUA;20261201;SIM;BOBINA DE ACO LAMINADO;0000000001,0000000000;AJUSTE;HRCX6;TER
COMMODITIES;HRCX7;CMX;HRCX7 AJUSTE;00000000000011;00000000002027;-;BUSHELS;DOLAR DOS EUA;20271130;SIM;BOBINA DE ACO LAMINADO;0000000001,0000000000;AJUSTE;HRCX7;TER
COMMODITIES;HRCX7;CMX;HRCX7 AJUSTE;00000000000011;00000000002027;-;BUSHELS;DOLAR DOS EUA;20271130;SIM;BOBINA DE ACO LAMINADO;0000000001,0000000000;AJUSTE;HRCX7;OPC
COMMODITIES;HRCZ6;CMX;HRCZ6 AJUSTE;00000000000012;00000000002026;-;BUSHELS;DOLAR DOS EUA;20270106;SIM;BOBINA DE ACO LAMINADO;0000000001,0000000000;AJUSTE;HRCZ6;TER
COMMODITIES;HRCZ6;CMX;HRCZ6 AJUSTE;00000000000012;00000000002026;-;BUSHELS;DOLAR DOS EUA;20270106;SIM;BOBINA DE ACO LAMINADO;0000000001,0000000000;AJUSTE;HRCZ6;OPC
COMMODITIES;HRCZ7;CMX;HRCZ7 AJUSTE;00000000000012;00000000002027;-;BUSHELS;DOLAR DOS EUA;20280104;SIM;BOBINA DE ACO LAMINADO;0000000001,0000000000;AJUSTE;HRCZ7;TER
COMMODITIES;HRCZ7;CMX;HRCZ7 AJUSTE;00000000000012;00000000002027;-;BUSHELS;DOLAR DOS EUA;20280104;SIM;BOBINA DE ACO LAMINADO;0000000001,0000000000;AJUSTE;HRCZ7;OPC
COMMODITIES;HRC1;CMX;HRC1 Ajuste;00000000000012;00000000002200;-;TONELADA;DOLAR DOS EUA;22001228;SIM;BOBINA DE ACO LAMINADO;0000000001,0000000000;AJUSTE;HRC1;OPC
COMMODITIES;HRC1;CMX;HRC1 Ajuste;00000000000012;00000000002200;-;TONELADA;DOLAR DOS EUA;22001228;SIM;BOBINA DE ACO LAMINADO;0000000001,0000000000;AJUSTE;HRC1;TER
COMMODITIES;HXYU26;ISF - ICE;HXYU26 AJUSTE;00000000000009;00000000002026;MARINE FUEL 0.5% FOB SINGAPORE VS BRENT 1ST LINE;BARRIL;DOLAR DOS EUA;20261007;SIM;PETROLEO;0000000001,0000000000;AJUSTE;HXYU26;TER
COMMODITIES;HXYU26;ISF - ICE;HXYU26 AJUSTE;00000000000009;00000000002026;MARINE FUEL 0.5% FOB SINGAPORE VS BRENT 1ST LINE;BARRIL;DOLAR DOS EUA;20261007;SIM;PETROLEO;0000000001,0000000000;AJUSTE;HXYU26;OPC
COMMODITIES;HXY1;ICE (NYBOT);HXY1 Ajuste;00000000000012;00000000002200;GENERIC MARINE VS BRENTF;BARRIL;DOLAR DOS EUA;22000108;SIM;PETROLEO;0000000001,0000000000;AJUSTE;HXY1;TER
COMMODITIES;HXY1;ICE (NYBOT);HXY1 Ajuste;00000000000012;00000000002200;GENERIC MARINE VS BRENTF;BARRIL;DOLAR DOS EUA;22000108;SIM;PETROLEO;0000000001,0000000000;AJUSTE;HXY1;OPC
COMMODITIES;IACF7;SGX;IACF7 AJUSTE;00000000000001;00000000002027;TSI FOB AUSTRALIA PREMIUM COKING COAL FUTURES;TONELADA METRICA;DOLAR DOS EUA;20270205;SIM;CARVAO;0000000001,0000000000;AJUSTE;IACF7;OPC
COMMODITIES;IACF7;SGX;IACF7 AJUSTE;00000000000001;00000000002027;TSI FOB AUSTRALIA PREMIUM COKING COAL FUTURES;TONELADA METRICA;DOLAR DOS EUA;20270205;SIM;CARVAO;0000000001,0000000000;AJUSTE;IACF7;TER
COMMODITIES;IACG7;SGX;IACG7 AJUSTE;00000000000002;00000000002027;TSI FOB AUSTRALIA PREMIUM COKING COAL FUTURES;TONELADA METRICA;DOLAR DOS EUA;20270305;SIM;CARVAO;0000000001,0000000000;AJUSTE;IACG7;OPC
COMMODITIES;IACG7;SGX;IACG7 AJUSTE;00000000000002;00000000002027;TSI FOB AUSTRALIA PREMIUM COKING COAL FUTURES;TONELADA METRICA;DOLAR DOS EUA;20270305;SIM;CARVAO;0000000001,0000000000;AJUSTE;IACG7;TER
COMMODITIES;IACH7;SGX;IACH7 AJUSTE;00000000000003;00000000002027;TSI FOB AUSTRALIA PREMIUM COKING COAL FUTURES;TONELADA METRICA;DOLAR DOS EUA;20270407;SIM;CARVAO;0000000001,0000000000;AJUSTE;IACH7;OPC
COMMODITIES;IACH7;SGX;IACH7 AJUSTE;00000000000003;00000000002027;TSI FOB AUSTRALIA PREMIUM COKING COAL FUTURES;TONELADA METRICA;DOLAR DOS EUA;20270407;SIM;CARVAO;0000000001,0000000000;AJUSTE;IACH7;TER
COMMODITIES;IACJ7;SGX;IACJ7 AJUSTE;00000000000004;00000000002027;TSI FOB AUSTRALIA PREMIUM COKING COAL FUTURES;TONELADA METRICA;DOLAR DOS EUA;20270507;SIM;CARVAO;0000000001,0000000000;AJUSTE;IACJ7;TER
COMMODITIES;IACJ7;SGX;IACJ7 AJUSTE;00000000000004;00000000002027;TSI FOB AUSTRALIA PREMIUM COKING COAL FUTURES;TONELADA METRICA;DOLAR DOS EUA;20270507;SIM;CARVAO;0000000001,0000000000;AJUSTE;IACJ7;OPC
COMMODITIES;IACK7;SGX;IACK7 AJUSTE;00000000000005;00000000002027;TSI FOB AUSTRALIA PREMIUM COKING COAL FUTURES;TONELADA METRICA;DOLAR DOS EUA;20270607;SIM;CARVAO;0000000001,0000000000;AJUSTE;IACK7;OPC
COMMODITIES;IACK7;SGX;IACK7 AJUSTE;00000000000005;00000000002027;TSI FOB AUSTRALIA PREMIUM COKING COAL FUTURES;TONELADA METRICA;DOLAR DOS EUA;20270607;SIM;CARVAO;0000000001,0000000000;AJUSTE;IACK7;TER
COMMODITIES;IACM7;SGX;IACM7 AJUSTE;00000000000006;00000000002027;TSI FOB AUSTRALIA PREMIUM COKING COAL FUTURES;TONELADA METRICA;DOLAR DOS EUA;20270707;SIM;CARVAO;0000000001,0000000000;AJUSTE;IACM7;OPC
COMMODITIES;IACM7;SGX;IACM7 AJUSTE;00000000000006;00000000002027;TSI FOB AUSTRALIA PREMIUM COKING COAL FUTURES;TONELADA METRICA;DOLAR DOS EUA;20270707;SIM;CARVAO;0000000001,0000000000;AJUSTE;IACM7;TER
COMMODITIES;IACN7;SGX;IACN7 AJUSTE;00000000000007;00000000002027;TSI FOB AUSTRALIA PREMIUM COKING COAL FUTURES;TONELADA METRICA;DOLAR DOS EUA;20270806;SIM;CARVAO;0000000001,0000000000;AJUSTE;IACN7;TER
COMMODITIES;IACN7;SGX;IACN7 AJUSTE;00000000000007;00000000002027;TSI FOB AUSTRALIA PREMIUM COKING COAL FUTURES;TONELADA METRICA;DOLAR DOS EUA;20270806;SIM;CARVAO;0000000001,0000000000;AJUSTE;IACN7;OPC
COMMODITIES;IACQ6;SGX;IACQ6 AJUSTE;00000000000008;00000000002026;TSI FOB AUSTRALIA PREMIUM COKING COAL FUTURES;TONELADA METRICA;DOLAR DOS EUA;20260908;SIM;CARVAO;0000000001,0000000000;AJUSTE;IACQ6;TER
COMMODITIES;IACQ6;SGX;IACQ6 AJUSTE;00000000000008;00000000002026;TSI FOB AUSTRALIA PREMIUM COKING COAL FUTURES;TONELADA METRICA;DOLAR DOS EUA;20260908;SIM;CARVAO;0000000001,0000000000;AJUSTE;IACQ6;OPC
COMMODITIES;IACQ7;SGX;IACQ7 AJUSTE;00000000000008;00000000002027;TSI FOB AUSTRALIA PREMIUM COKING COAL FUTURES;TONELADA METRICA;DOLAR DOS EUA;20270908;SIM;CARVAO;0000000001,0000000000;AJUSTE;IACQ7;OPC
COMMODITIES;IACQ7;SGX;IACQ7 AJUSTE;00000000000008;00000000002027;TSI FOB AUSTRALIA PREMIUM COKING COAL FUTURES;TONELADA METRICA;DOLAR DOS EUA;20270908;SIM;CARVAO;0000000001,0000000000;AJUSTE;IACQ7;TER
COMMODITIES;IACU6;SGX;IACU6 AJUSTE;00000000000009;00000000002026;TSI FOB AUSTRALIA PREMIUM COKING COAL FUTURES;TONELADA METRICA;DOLAR DOS EUA;20261007;SIM;CARVAO;0000000001,0000000000;AJUSTE;IACU6;OPC
COMMODITIES;IACU6;SGX;IACU6 AJUSTE;00000000000009;00000000002026;TSI FOB AUSTRALIA PREMIUM COKING COAL FUTURES;TONELADA METRICA;DOLAR DOS EUA;20261007;SIM;CARVAO;0000000001,0000000000;AJUSTE;IACU6;TER
COMMODITIES;IACU7;SGX;IACU7 AJUSTE;00000000000009;00000000002027;TSI FOB AUSTRALIA PREMIUM COKING COAL FUTURES;TONELADA METRICA;DOLAR DOS EUA;20271007;SIM;CARVAO;0000000001,0000000000;AJUSTE;IACU7;TER
COMMODITIES;IACU7;SGX;IACU7 AJUSTE;00000000000009;00000000002027;TSI FOB AUSTRALIA PREMIUM COKING COAL FUTURES;TONELADA METRICA;DOLAR DOS EUA;20271007;SIM;CARVAO;0000000001,0000000000;AJUSTE;IACU7;OPC
COMMODITIES;IACV6;SGX;IACV6 AJUSTE;00000000000010;00000000002026;TSI FOB AUSTRALIA PREMIUM COKING COAL FUTURES;TONELADA METRICA;DOLAR DOS EUA;20261109;SIM;CARVAO;0000000001,0000000000;AJUSTE;IACV6;TER
COMMODITIES;IACV6;SGX;IACV6 AJUSTE;00000000000010;00000000002026;TSI FOB AUSTRALIA PREMIUM COKING COAL FUTURES;TONELADA METRICA;DOLAR DOS EUA;20261109;SIM;CARVAO;0000000001,0000000000;AJUSTE;IACV6;OPC
COMMODITIES;IACV7;SGX;IACV7 AJUSTE;00000000000010;00000000002027;TSI FOB AUSTRALIA PREMIUM COKING COAL FUTURES;TONELADA METRICA;DOLAR DOS EUA;20271105;SIM;CARVAO;0000000001,0000000000;AJUSTE;IACV7;TER
COMMODITIES;IACV7;SGX;IACV7 AJUSTE;00000000000010;00000000002027;TSI FOB AUSTRALIA PREMIUM COKING COAL FUTURES;TONELADA METRICA;DOLAR DOS EUA;20271105;SIM;CARVAO;0000000001,0000000000;AJUSTE;IACV7;OPC
COMMODITIES;IACX6;SGX;IACX6 AJUSTE;00000000000011;00000000002026;TSI FOB AUSTRALIA PREMIUM COKING COAL FUTURES;TONELADA METRICA;DOLAR DOS EUA;20261207;SIM;CARVAO;0000000001,0000000000;AJUSTE;IACX6;TER
COMMODITIES;IACX6;SGX;IACX6 AJUSTE;00000000000011;00000000002026;TSI FOB AUSTRALIA PREMIUM COKING COAL FUTURES;TONELADA METRICA;DOLAR DOS EUA;20261207;SIM;CARVAO;0000000001,0000000000;AJUSTE;IACX6;OPC
COMMODITIES;IACX7;SGX;IACX7 AJUSTE;00000000000011;00000000002027;TSI FOB AUSTRALIA PREMIUM COKING COAL FUTURES;TONELADA METRICA;DOLAR DOS EUA;20271207;SIM;CARVAO;0000000001,0000000000;AJUSTE;IACX7;OPC
COMMODITIES;IACX7;SGX;IACX7 AJUSTE;00000000000011;00000000002027;TSI FOB AUSTRALIA PREMIUM COKING COAL FUTURES;TONELADA METRICA;DOLAR DOS EUA;20271207;SIM;CARVAO;0000000001,0000000000;AJUSTE;IACX7;TER
COMMODITIES;IACZ6;SGX;IACZ6 AJUSTE;00000000000012;00000000002026;TSI FOB AUSTRALIA PREMIUM COKING COAL FUTURES;TONELADA METRICA;DOLAR DOS EUA;20270108;SIM;CARVAO;0000000001,0000000000;AJUSTE;IACZ6;OPC
COMMODITIES;IACZ6;SGX;IACZ6 AJUSTE;00000000000012;00000000002026;TSI FOB AUSTRALIA PREMIUM COKING COAL FUTURES;TONELADA METRICA;DOLAR DOS EUA;20270108;SIM;CARVAO;0000000001,0000000000;AJUSTE;IACZ6;TER
COMMODITIES;IACZ7;SGX;IACZ7 AJUSTE;00000000000012;00000000002027;TSI FOB AUSTRALIA PREMIUM COKING COAL FUTURES;TONELADA METRICA;DOLAR DOS EUA;20280107;SIM;CARVAO;0000000001,0000000000;AJUSTE;IACZ7;OPC
COMMODITIES;IACZ7;SGX;IACZ7 AJUSTE;00000000000012;00000000002027;TSI FOB AUSTRALIA PREMIUM COKING COAL FUTURES;TONELADA METRICA;DOLAR DOS EUA;20280107;SIM;CARVAO;0000000001,0000000000;AJUSTE;IACZ7;TER
COMMODITIES;IAC1;SGX;IAC1 Ajuste;00000000000012;00000000002200;TSI FOB AUSTRALIA PREMIUM COKING COAL FUTURES;TONELADA METRICA;DOLAR DOS EUA;22001208;SIM;CARVAO;0000000001,0000000000;AJUSTE;IAC1;TER
COMMODITIES;IAC1;SGX;IAC1 Ajuste;00000000000012;00000000002200;TSI FOB AUSTRALIA PREMIUM COKING COAL FUTURES;TONELADA METRICA;DOLAR DOS EUA;22001208;SIM;CARVAO;0000000001,0000000000;AJUSTE;IAC1;OPC
COMMODITIES;ICFH17;BMF;ICFH17 Ajuste;00000000000003;00000000002017;ARABICO EM GRAOS- TIPO 4/5;SACA(60KG);DOLAR DOS EUA;20170330;SIM;CAFE;0000000001,0000000000;AJUSTE;AXH7;COE
COMMODITIES;ICFU17;BMF;ICFU17_Fechamento;00000000000009;00000000002017;ARABICO EM GRAOS- TIPO 4/5;SACA(60KG);DOLAR DOS EUA;20170928;SIM;CAFE;0000000001,0000000000;FECHAMENTO;;COE
COMMODITIES;ICFU17;BMF;ICFU17_Ajuste;00000000000009;00000000002017;ARABICO EM GRAOS- TIPO 4/5;SACA(60KG);DOLAR DOS EUA;20170928;SIM;CAFE;0000000001,0000000000;AJUSTE;;COE
COMMODITIES;ICFU17;BMF;ICFU17_Minimo;00000000000009;00000000002017;ARABICO EM GRAOS- TIPO 4/5;SACA(60KG);DOLAR DOS EUA;20170928;SIM;CAFE;0000000001,0000000000;MINIMO;;COE
COMMODITIES;ICFU17;BMF;ICFU17_Maximo;00000000000009;00000000002017;ARABICO EM GRAOS- TIPO 4/5;SACA(60KG);DOLAR DOS EUA;20170928;SIM;CAFE;0000000001,0000000000;MAXIMO;;COE
COMMODITIES;ICFU18;BMF;ICFU18 Maximo;00000000000009;00000000002018;ARABICO EM GRAOS- TIPO 4/5;SACA(60KG);DOLAR DOS EUA;20180927;SIM;CAFE;0000000001,0000000000;MAXIMO;AXU8;COE
COMMODITIES;ICFU18;BMF;ICFU18 Ajuste;00000000000009;00000000002018;ARABICO EM GRAOS- TIPO 4/5;SACA(60KG);DOLAR DOS EUA;20180927;SIM;CAFE;0000000001,0000000000;AJUSTE;AXU8;COE
COMMODITIES;ICFU18;BMF;ICFU18 Fechamento;00000000000009;00000000002018;ARABICO EM GRAOS- TIPO 4/5;SACA(60KG);DOLAR DOS EUA;20180927;SIM;CAFE;0000000001,0000000000;FECHAMENTO;AXU8;COE
COMMODITIES;ICFU18;BMF;ICFU18 Minimo;00000000000009;00000000002018;ARABICO EM GRAOS- TIPO 4/5;SACA(60KG);DOLAR DOS EUA;20180927;SIM;CAFE;0000000001,0000000000;MINIMO;AXU8;COE
COMMODITIES;ICFU6;BMF;ICFU16 Maximo;00000000000009;00000000002016;ARABICO EM GRAOS- TIPO 4/5;SACA(60KG);DOLAR DOS EUA;20160929;SIM;CAFE;0000000001,0000000000;MAXIMO;;COE
COMMODITIES;ICFU6;BMF;ICFU16 Ajuste;00000000000009;00000000002016;ARABICO EM GRAOS- TIPO 4/5;SACA(60KG);DOLAR DOS EUA;20160929;SIM;CAFE;0000000001,0000000000;AJUSTE;;COE
COMMODITIES;ICFU6;BMF;ICFU16 Minimo;00000000000009;00000000002016;ARABICO EM GRAOS- TIPO 4/5;SACA(60KG);DOLAR DOS EUA;20160929;SIM;CAFE;0000000001,0000000000;MINIMO;;COE
COMMODITIES;ICFU6;BMF;ICFU16 Fechamento;00000000000009;00000000002016;ARABICO EM GRAOS- TIPO 4/5;SACA(60KG);DOLAR DOS EUA;20160929;SIM;CAFE;0000000001,0000000000;FECHAMENTO;;COE
COMMODITIES;ICFZ17;BMF;ICFZ17 Ajuste;00000000000012;00000000002017;ARABICO EM GRAOS- TIPO 4/5;SACA(60KG);DOLAR DOS EUA;20171226;SIM;CAFE;0000000001,0000000000;AJUSTE;AXZ7;COE
COMMODITIES;ICFZ18;BMF;ICFZ18 Ajuste;00000000000012;00000000002018;ARABICO EM GRAOS- TIPO 4/5;SACA(60KG);DOLAR DOS EUA;20181226;SIM;CAFE;0000000001,0000000000;AJUSTE;AXZ8;COE
COMMODITIES;ICFZ18;BMF;ICFZ18 Fechamento;00000000000012;00000000002018;ARABICO EM GRAOS- TIPO 4/5;SACA(60KG);DOLAR DOS EUA;20181226;SIM;CAFE;0000000001,0000000000;FECHAMENTO;AXZ8;COE
COMMODITIES;ICFZ6;BMF;ICFZ`16 Maximo;00000000000012;00000000002016;ARABICO EM GRAOS- TIPO 4/5;SACA(60KG);DOLAR DOS EUA;20161228;SIM;CAFE;0000000001,0000000000;MAXIMO;;COE
COMMODITIES;ICFZ6;BMF;ICFZ16 Minimo;00000000000012;00000000002016;ARABICO EM GRAOS- TIPO 4/5;SACA(60KG);DOLAR DOS EUA;20161228;SIM;CAFE;0000000001,0000000000;MINIMO;;COE
COMMODITIES;ICFZ6;BMF;ICFZ16 Ajuste;00000000000012;00000000002016;ARABICO EM GRAOS- TIPO 4/5;SACA(60KG);DOLAR DOS EUA;20161228;SIM;CAFE;0000000001,0000000000;AJUSTE;;COE
COMMODITIES;ICFZ6;BMF;ICFZ16 Fechamento;00000000000012;00000000002016;ARABICO EM GRAOS- TIPO 4/5;SACA(60KG);DOLAR DOS EUA;20161228;SIM;CAFE;0000000001,0000000000;FECHAMENTO;;COE
COMMODITIES;JFS1;SGX;JFS1 Ajuste;00000000000012;00000000002200;CFR CHINA 65 PERCENTUAL FE FINES;TONELADA METRICA;DOLAR DOS EUA;22010106;SIM;MINERIO DE FERRO;0000000001,0000000000;AJUSTE;JFS1;TER
COMMODITIES;JFS1;SGX;JFS1 Ajuste;00000000000012;00000000002200;CFR CHINA 65 PERCENTUAL FE FINES;TONELADA METRICA;DOLAR DOS EUA;22010106;SIM;MINERIO DE FERRO;0000000001,0000000000;AJUSTE;JFS1;OPC
COMMODITIES;JMATRHOD;JOHNSON MATTHEY;JMATRHOD AJUSTE;00000000000012;00000000002200;-;ONCA TROY;DOLAR DOS EUA;22000107;SIM;RODIO;0000000001,0000000000;AJUSTE;JMATRHOD;TER
COMMODITIES;JMATRHOD;JOHNSON MATTHEY;JMATRHOD AJUSTE;00000000000012;00000000002200;-;ONCA TROY;DOLAR DOS EUA;22000107;SIM;RODIO;0000000001,0000000000;AJUSTE;JMATRHOD;OPC
COMMODITIES;JWC1;ISF - ICE;JWC1 AJUSTE;00000000000012;00000000002200;-;TONELADA METRICA;DOLAR DOS EUA;22000109;SIM;OLEO COMBUSTIVEL;0000000001,0000000000;AJUSTE;JWC1;OPC
COMMODITIES;JWC1;ISF - ICE;JWC1 AJUSTE;00000000000012;00000000002200;-;TONELADA METRICA;DOLAR DOS EUA;22000109;SIM;OLEO COMBUSTIVEL;0000000001,0000000000;AJUSTE;JWC1;TER
COMMODITIES;JWLF27;ISF - ICE;JWLF27 AJUSTE;00000000000001;00000000002027;FUEL OIL OUTRIGHT - MARFO.5%SING;TONELADA METRICA;DOLAR DOS EUA;20270205;SIM;OLEO COMBUSTIVEL;0000000001,0000000000;AJUSTE;JWLF27;TER
COMMODITIES;JWLF27;ISF - ICE;JWLF27 AJUSTE;00000000000001;00000000002027;FUEL OIL OUTRIGHT - MARFO.5%SING;TONELADA METRICA;DOLAR DOS EUA;20270205;SIM;OLEO COMBUSTIVEL;0000000001,0000000000;AJUSTE;JWLF27;OPC
COMMODITIES;JWLG27;ISF - ICE;JWLG27 AJUSTE;00000000000002;00000000002027;FUEL OIL OUTRIGHT - MARFO.5%SING;TONELADA METRICA;DOLAR DOS EUA;20270305;SIM;OLEO COMBUSTIVEL;0000000001,0000000000;AJUSTE;JWLG27;TER
COMMODITIES;JWLG27;ISF - ICE;JWLG27 AJUSTE;00000000000002;00000000002027;FUEL OIL OUTRIGHT - MARFO.5%SING;TONELADA METRICA;DOLAR DOS EUA;20270305;SIM;OLEO COMBUSTIVEL;0000000001,0000000000;AJUSTE;JWLG27;OPC
COMMODITIES;JWLQ26;ISF - ICE;JWLQ26 AJUSTE;00000000000008;00000000002026;FUEL OIL OUTRIGHT - MARFO.5%SING;TONELADA METRICA;DOLAR DOS EUA;20260908;SIM;OLEO COMBUSTIVEL;0000000001,0000000000;AJUSTE;JWLQ26;OPC
COMMODITIES;JWLQ26;ISF - ICE;JWLQ26 AJUSTE;00000000000008;00000000002026;FUEL OIL OUTRIGHT - MARFO.5%SING;TONELADA METRICA;DOLAR DOS EUA;20260908;SIM;OLEO COMBUSTIVEL;0000000001,0000000000;AJUSTE;JWLQ26;TER
COMMODITIES;JWLU26;ISF - ICE;JWLU26 AJUSTE;00000000000009;00000000002026;FUEL OIL OUTRIGHT - MARFO.5%SING;TONELADA METRICA;DOLAR DOS EUA;20261007;SIM;OLEO COMBUSTIVEL;0000000001,0000000000;AJUSTE;JWLU26;OPC
COMMODITIES;JWLU26;ISF - ICE;JWLU26 AJUSTE;00000000000009;00000000002026;FUEL OIL OUTRIGHT - MARFO.5%SING;TONELADA METRICA;DOLAR DOS EUA;20261007;SIM;OLEO COMBUSTIVEL;0000000001,0000000000;AJUSTE;JWLU26;TER
COMMODITIES;JWLV26;ISF - ICE;JWLV26 AJUSTE;00000000000010;00000000002026;FUEL OIL OUTRIGHT - MARFO.5%SING;TONELADA METRICA;DOLAR DOS EUA;20261109;SIM;OLEO COMBUSTIVEL;0000000001,0000000000;AJUSTE;JWLV26;TER
COMMODITIES;JWLV26;ISF - ICE;JWLV26 AJUSTE;00000000000010;00000000002026;FUEL OIL OUTRIGHT - MARFO.5%SING;TONELADA METRICA;DOLAR DOS EUA;20261109;SIM;OLEO COMBUSTIVEL;0000000001,0000000000;AJUSTE;JWLV26;OPC
COMMODITIES;JWLX26;ISF - ICE;JWLX26 AJUSTE;00000000000011;00000000002026;FUEL OIL OUTRIGHT - MARFO.5%SING;TONELADA METRICA;DOLAR DOS EUA;20261207;SIM;OLEO COMBUSTIVEL;0000000001,0000000000;AJUSTE;JWLX26;TER
COMMODITIES;JWLX26;ISF - ICE;JWLX26 AJUSTE;00000000000011;00000000002026;FUEL OIL OUTRIGHT - MARFO.5%SING;TONELADA METRICA;DOLAR DOS EUA;20261207;SIM;OLEO COMBUSTIVEL;0000000001,0000000000;AJUSTE;JWLX26;OPC
COMMODITIES;JWLZ26;ISF - ICE;JWLZ26 AJUSTE;00000000000012;00000000002026;FUEL OIL OUTRIGHT - MARFO.5%SING;TONELADA METRICA;DOLAR DOS EUA;20270108;SIM;OLEO COMBUSTIVEL;0000000001,0000000000;AJUSTE;JWLZ26;TER
COMMODITIES;JWLZ26;ISF - ICE;JWLZ26 AJUSTE;00000000000012;00000000002026;FUEL OIL OUTRIGHT - MARFO.5%SING;TONELADA METRICA;DOLAR DOS EUA;20270108;SIM;OLEO COMBUSTIVEL;0000000001,0000000000;AJUSTE;JWLZ26;OPC
COMMODITIES;JWL1;ISF - ICE;JWL1 AJUSTE;00000000000012;00000000002200;FUEL OIL OUTRIGHT - MARFO.5%SING;TONELADA METRICA;DOLAR DOS EUA;22000105;SIM;OLEO COMBUSTIVEL;0000000001,0000000000;AJUSTE;JWL1;OPC
COMMODITIES;JWL1;ISF - ICE;JWL1 AJUSTE;00000000000012;00000000002200;FUEL OIL OUTRIGHT - MARFO.5%SING;TONELADA METRICA;DOLAR DOS EUA;22000105;SIM;OLEO COMBUSTIVEL;0000000001,0000000000;AJUSTE;JWL1;TER
COMMODITIES;KCH0;ICE (NYBOT);KCH0 AJUSTE;00000000000003;00000000002030;ARABICO;POUND;DOLAR DOS EUA;20300326;SIM;CAFE;0000000000,0100000000;AJUSTE;KCH0;TER
COMMODITIES;KCH0;ICE (NYBOT);KCH0 AJUSTE;00000000000003;00000000002030;ARABICO;POUND;DOLAR DOS EUA;20300326;SIM;CAFE;0000000000,0100000000;AJUSTE;KCH0;OPC
COMMODITIES;KCH19;ICE (NYBOT);KCH19 Ajuste;00000000000003;00000000002019;ARABICO;POUND;DOLAR DOS EUA;20190326;SIM;CAFE;0000000000,0100000000;AJUSTE;;COE
COMMODITIES;KCH20;ICE (NYBOT);KCH20 Ajuste;00000000000003;00000000002020;ARABICO;POUND;DOLAR DOS EUA;20200326;SIM;CAFE;0000000000,0100000000;AJUSTE;;COE
COMMODITIES;KCH7;ICE (NYBOT);KCH7 Mínimo;00000000000003;00000000002027;ARABICO;POUND;DOLAR DOS EUA;20270325;SIM;CAFE;0000000000,0100000000;MINIMO;KCH7;OPC
COMMODITIES;KCH7;ICE (NYBOT);KCH7 Mínimo;00000000000003;00000000002027;ARABICO;POUND;DOLAR DOS EUA;20270325;SIM;CAFE;0000000000,0100000000;MINIMO;KCH7;TER
COMMODITIES;KCH7;ICE (NYBOT);KCH7 Máximo;00000000000003;00000000002027;ARABICO;POUND;DOLAR DOS EUA;20270325;SIM;CAFE;0000000000,0100000000;MAXIMO;KCH7;TER
COMMODITIES;KCH7;ICE (NYBOT);KCH7 AJUSTE;00000000000003;00000000002027;ARABICO;POUND;DOLAR DOS EUA;20270325;SIM;CAFE;0000000000,0100000000;AJUSTE;KCH7;OPC
COMMODITIES;KCH7;ICE (NYBOT);KCH7 AJUSTE;00000000000003;00000000002027;ARABICO;POUND;DOLAR DOS EUA;20270325;SIM;CAFE;0000000000,0100000000;AJUSTE;KCH7;TER
COMMODITIES;KCH7;ICE (NYBOT);KCH7 Máximo;00000000000003;00000000002027;ARABICO;POUND;DOLAR DOS EUA;20270325;SIM;CAFE;0000000000,0100000000;MAXIMO;KCH7;OPC
COMMODITIES;KCH8;ICE (NYBOT);KCH8 AJUSTE;00000000000003;00000000002028;ARABICO;POUND;DOLAR DOS EUA;20280328;SIM;CAFE;0000000000,0100000000;AJUSTE;KCH8;OPC
COMMODITIES;KCH8;ICE (NYBOT);KCH8 AJUSTE;00000000000003;00000000002028;ARABICO;POUND;DOLAR DOS EUA;20280328;SIM;CAFE;0000000000,0100000000;AJUSTE;KCH8;TER
COMMODITIES;KCH9;ICE (NYBOT);KCH9 AJUSTE;00000000000003;00000000002029;ARABICO;POUND;DOLAR DOS EUA;20290328;SIM;CAFE;0000000000,0100000000;AJUSTE;KCH9;TER
COMMODITIES;KCH9;ICE (NYBOT);KCH9 AJUSTE;00000000000003;00000000002029;ARABICO;POUND;DOLAR DOS EUA;20290328;SIM;CAFE;0000000000,0100000000;AJUSTE;KCH9;OPC
COMMODITIES;KCH9;ICE (NYBOT);KCH9 AJUSTE;00000000000003;00000000002029;ARABICO;POUND;DOLAR DOS EUA;20290328;SIM;CAFE;0000000000,0100000000;AJUSTE;KCH9;COE
COMMODITIES;KCK0;ICE (NYBOT);KCK0 AJUSTE;00000000000005;00000000002030;ARABICO;POUND;DOLAR DOS EUA;20300925;SIM;CAFE;0000000000,0100000000;AJUSTE;KCK0;TER
COMMODITIES;KCK0;ICE (NYBOT);KCK0 AJUSTE;00000000000005;00000000002030;ARABICO;POUND;DOLAR DOS EUA;20300925;SIM;CAFE;0000000000,0100000000;AJUSTE;KCK0;OPC
COMMODITIES;KCK18;ICE (NYBOT);KCK18 Ajuste;00000000000005;00000000002018;ARABICO;POUND;DOLAR DOS EUA;20180525;SIM;CAFE;0000000000,0100000000;AJUSTE;;COE
COMMODITIES;KCK19;ICE (NYBOT);KCK19 Ajuste;00000000000005;00000000002019;ARABICO;POUND;DOLAR DOS EUA;20190527;SIM;CAFE;0000000000,0100000000;AJUSTE;;COE
COMMODITIES;KCK20;ICE (NYBOT);KCK20 Ajuste;00000000000005;00000000002020;ARABICO;POUND;DOLAR DOS EUA;20200525;SIM;CAFE;0000000000,0100000000;AJUSTE;;COE
COMMODITIES;KCK7;ICE (NYBOT);KCK7 Máximo;00000000000005;00000000002027;ARABICO;POUND;DOLAR DOS EUA;20270525;SIM;CAFE;0000000000,0100000000;MAXIMO;KCK7;TER
COMMODITIES;KCK7;ICE (NYBOT);KCK7 Mínimo;00000000000005;00000000002027;ARABICO;POUND;DOLAR DOS EUA;20270525;SIM;CAFE;0000000000,0100000000;MINIMO;KCK7;TER
COMMODITIES;KCK7;ICE (NYBOT);KCK7 Mínimo;00000000000005;00000000002027;ARABICO;POUND;DOLAR DOS EUA;20270525;SIM;CAFE;0000000000,0100000000;MINIMO;KCK7;OPC
COMMODITIES;KCK7;ICE (NYBOT);KCK7 AJUSTE;00000000000005;00000000002027;ARABICO;POUND;DOLAR DOS EUA;20270525;SIM;CAFE;0000000000,0100000000;AJUSTE;KCK7;TER
COMMODITIES;KCK7;ICE (NYBOT);KCK7 AJUSTE;00000000000005;00000000002027;ARABICO;POUND;DOLAR DOS EUA;20270525;SIM;CAFE;0000000000,0100000000;AJUSTE;KCK7;OPC
COMMODITIES;KCK7;ICE (NYBOT);KCK7 Máximo;00000000000005;00000000002027;ARABICO;POUND;DOLAR DOS EUA;20270525;SIM;CAFE;0000000000,0100000000;MAXIMO;KCK7;OPC
COMMODITIES;KCK8;ICE (NYBOT);KCK8 AJUSTE;00000000000005;00000000002028;ARABICO;POUND;DOLAR DOS EUA;20280525;SIM;CAFE;0000000000,0100000000;AJUSTE;KCK8;OPC
COMMODITIES;KCK8;ICE (NYBOT);KCK8 AJUSTE;00000000000005;00000000002028;ARABICO;POUND;DOLAR DOS EUA;20280525;SIM;CAFE;0000000000,0100000000;AJUSTE;KCK8;TER
COMMODITIES;KCK9;ICE (NYBOT);KCK9 AJUSTE;00000000000005;00000000002029;ARABICO;POUND;DOLAR DOS EUA;20290925;SIM;CAFE;0000000000,0100000000;AJUSTE;KCK9;TER
COMMODITIES;KCK9;ICE (NYBOT);KCK9 AJUSTE;00000000000005;00000000002029;ARABICO;POUND;DOLAR DOS EUA;20290925;SIM;CAFE;0000000000,0100000000;AJUSTE;KCK9;OPC
COMMODITIES;KCN0;ICE (NYBOT);KCN0 AJUSTE;00000000000007;00000000002030;ARABICO;POUND;DOLAR DOS EUA;20300726;SIM;CAFE;0000000000,0100000000;AJUSTE;KCN0;TER
COMMODITIES;KCN0;ICE (NYBOT);KCN0 AJUSTE;00000000000007;00000000002030;ARABICO;POUND;DOLAR DOS EUA;20300726;SIM;CAFE;0000000000,0100000000;AJUSTE;KCN0;OPC
COMMODITIES;KCN18;ICE (NYBOT);KCN18 Ajuste;00000000000007;00000000002018;ARABICO;POUND;DOLAR DOS EUA;20180726;SIM;CAFE;0000000000,0100000000;AJUSTE;;COE
COMMODITIES;KCN19;ICE (NYBOT);KCN19 Ajuste;00000000000007;00000000002019;ARABICO;POUND;DOLAR DOS EUA;20190726;SIM;CAFE;0000000000,0100000000;AJUSTE;;COE
COMMODITIES;KCN20;ICE (NYBOT);KCN20 Ajuste;00000000000007;00000000002020;ARABICO;POUND;DOLAR DOS EUA;20200727;SIM;CAFE;0000000000,0100000000;AJUSTE;;COE
COMMODITIES;KCN7;ICE (NYBOT);KCN7 AJUSTE;00000000000007;00000000002027;ARABICO;POUND;DOLAR DOS EUA;20270727;SIM;CAFE;0000000000,0100000000;AJUSTE;KCN7;OPC
COMMODITIES;KCN7;ICE (NYBOT);KCN7 Máximo;00000000000007;00000000002027;ARABICO;POUND;DOLAR DOS EUA;20270727;SIM;CAFE;0000000000,0100000000;MAXIMO;KCN7;OPC
COMMODITIES;KCN7;ICE (NYBOT);KCN7 AJUSTE;00000000000007;00000000002027;ARABICO;POUND;DOLAR DOS EUA;20270727;SIM;CAFE;0000000000,0100000000;AJUSTE;KCN7;COE
COMMODITIES;KCN7;ICE (NYBOT);KCN7 Mínimo;00000000000007;00000000002027;ARABICO;POUND;DOLAR DOS EUA;20270727;SIM;CAFE;0000000000,0100000000;MINIMO;KCN7;OPC
COMMODITIES;KCN7;ICE (NYBOT);KCN7 Mínimo;00000000000007;00000000002027;ARABICO;POUND;DOLAR DOS EUA;20270727;SIM;CAFE;0000000000,0100000000;MINIMO;KCN7;TER
COMMODITIES;KCN7;ICE (NYBOT);KCN7 Mínimo;00000000000007;00000000002027;ARABICO;POUND;DOLAR DOS EUA;20270727;SIM;CAFE;0000000000,0100000000;MINIMO;KCN7;COE
COMMODITIES;KCN7;ICE (NYBOT);KCN7 AJUSTE;00000000000007;00000000002027;ARABICO;POUND;DOLAR DOS EUA;20270727;SIM;CAFE;0000000000,0100000000;AJUSTE;KCN7;TER
COMMODITIES;KCN7;ICE (NYBOT);KCN7 Máximo;00000000000007;00000000002027;ARABICO;POUND;DOLAR DOS EUA;20270727;SIM;CAFE;0000000000,0100000000;MAXIMO;KCN7;TER
COMMODITIES;KCN7;ICE (NYBOT);KCN7 Máximo;00000000000007;00000000002027;ARABICO;POUND;DOLAR DOS EUA;20270727;SIM;CAFE;0000000000,0100000000;MAXIMO;KCN7;COE
COMMODITIES;KCN8;ICE (NYBOT);KCN8 AJUSTE;00000000000007;00000000002028;ARABICO;POUND;DOLAR DOS EUA;20280727;SIM;CAFE;0000000000,0100000000;AJUSTE;KCN8;OPC
COMMODITIES;KCN8;ICE (NYBOT);KCN8 AJUSTE;00000000000007;00000000002028;ARABICO;POUND;DOLAR DOS EUA;20280727;SIM;CAFE;0000000000,0100000000;AJUSTE;KCN8;TER
COMMODITIES;KCN9;ICE (NYBOT);KCN9 AJUSTE;00000000000007;00000000002029;ARABICO;POUND;DOLAR DOS EUA;20290727;SIM;CAFE;0000000000,0100000000;AJUSTE;KCN9;TER
COMMODITIES;KCN9;ICE (NYBOT);KCN9 AJUSTE;00000000000007;00000000002029;ARABICO;POUND;DOLAR DOS EUA;20290727;SIM;CAFE;0000000000,0100000000;AJUSTE;KCN9;OPC
COMMODITIES;KCU0;ICE (NYBOT);KCU0 AJUSTE;00000000000009;00000000002030;ARABICO;POUND;DOLAR DOS EUA;20300927;SIM;CAFE;0000000000,0100000000;AJUSTE;KCU0;OPC
COMMODITIES;KCU0;ICE (NYBOT);KCU0 AJUSTE;00000000000009;00000000002030;ARABICO;POUND;DOLAR DOS EUA;20300927;SIM;CAFE;0000000000,0100000000;AJUSTE;KCU0;TER
COMMODITIES;KCU18;ICE (NYBOT);KCU18 Fechamento;00000000000009;00000000002018;ARABICO;POUND;DOLAR DOS EUA;20180925;SIM;CAFE;0000000000,0100000000;FECHAMENTO;KCU8;COE
COMMODITIES;KCU18;ICE (NYBOT);KCU18 Ajuste;00000000000009;00000000002018;ARABICO;POUND;DOLAR DOS EUA;20180925;SIM;CAFE;0000000000,0100000000;AJUSTE;;COE
COMMODITIES;KCU18;ICE (NYBOT);KCU18 Minimo;00000000000009;00000000002018;ARABICO;POUND;DOLAR DOS EUA;20180925;SIM;CAFE;0000000000,0100000000;MINIMO;KCU8;COE
COMMODITIES;KCU18;ICE (NYBOT);KCU18 Maximo;00000000000009;00000000002018;ARABICO;POUND;DOLAR DOS EUA;20180925;SIM;CAFE;0000000000,0100000000;MAXIMO;KCU8;COE
COMMODITIES;KCU20;ICE (NYBOT);KCU20 Ajuste;00000000000009;00000000002020;ARABICO;POUND;DOLAR DOS EUA;20200925;SIM;CAFE;0000000000,0100000000;AJUSTE;;COE
COMMODITIES;KCU6;ICE (NYBOT);KCU6 AJUSTE;00000000000009;00000000002026;ARABICO;POUND;DOLAR DOS EUA;20261124;SIM;CAFE;0000000000,0100000000;AJUSTE;KCU6;TER
COMMODITIES;KCU6;ICE (NYBOT);KCU6 AJUSTE;00000000000009;00000000002026;ARABICO;POUND;DOLAR DOS EUA;20261124;SIM;CAFE;0000000000,0100000000;AJUSTE;KCU6;OPC
COMMODITIES;KCU6;ICE (NYBOT);KCU6 Máximo;00000000000009;00000000002026;ARABICO;POUND;DOLAR DOS EUA;20260925;SIM;CAFE;0000000000,0100000000;MAXIMO;KCU6;TER
COMMODITIES;KCU6;ICE (NYBOT);KCU6 Máximo;00000000000009;00000000002026;ARABICO;POUND;DOLAR DOS EUA;20260925;SIM;CAFE;0000000000,0100000000;MAXIMO;KCU6;OPC
COMMODITIES;KCU6;ICE (NYBOT);KCU6 Mínimo;00000000000009;00000000002026;ARABICO;POUND;DOLAR DOS EUA;20260925;SIM;CAFE;0000000000,0100000000;MINIMO;KCU6;TER
COMMODITIES;KCU6;ICE (NYBOT);KCU6 Mínimo;00000000000009;00000000002026;ARABICO;POUND;DOLAR DOS EUA;20260925;SIM;CAFE;0000000000,0100000000;MINIMO;KCU6;OPC
COMMODITIES;KCU7;ICE (NYBOT);KCU7 Máximo;00000000000009;00000000002027;ARABICO;POUND;DOLAR DOS EUA;20270927;SIM;CAFE;0000000000,0100000000;MAXIMO;KCU7;TER
COMMODITIES;KCU7;ICE (NYBOT);KCU7 Mínimo;00000000000009;00000000002027;ARABICO;POUND;DOLAR DOS EUA;20270927;SIM;CAFE;0000000000,0100000000;MINIMO;KCU7;TER
COMMODITIES;KCU7;ICE (NYBOT);KCU7 Mínimo;00000000000009;00000000002027;ARABICO;POUND;DOLAR DOS EUA;20270927;SIM;CAFE;0000000000,0100000000;MINIMO;KCU7;OPC
COMMODITIES;KCU7;ICE (NYBOT);KCU7 Máximo;00000000000009;00000000002027;ARABICO;POUND;DOLAR DOS EUA;20270927;SIM;CAFE;0000000000,0100000000;MAXIMO;KCU7;OPC
COMMODITIES;KCU7;ICE (NYBOT);KCU7 AJUSTE;00000000000009;00000000002027;ARABICO;POUND;DOLAR DOS EUA;20270924;SIM;CAFE;0000000000,0100000000;AJUSTE;KCU7;TER
COMMODITIES;KCU7;ICE (NYBOT);KCU7 AJUSTE;00000000000009;00000000002027;ARABICO;POUND;DOLAR DOS EUA;20270924;SIM;CAFE;0000000000,0100000000;AJUSTE;KCU7;OPC
COMMODITIES;KCU8;ICE (NYBOT);KCU8 AJUSTE;00000000000009;00000000002028;ARABICO;POUND;DOLAR DOS EUA;20280927;SIM;CAFE;0000000000,0100000000;AJUSTE;KCU8;OPC
COMMODITIES;KCU8;ICE (NYBOT);KCU8 AJUSTE;00000000000009;00000000002028;ARABICO;POUND;DOLAR DOS EUA;20280927;SIM;CAFE;0000000000,0100000000;AJUSTE;KCU8;TER
COMMODITIES;KCU9;ICE (NYBOT);KCU9 AJUSTE;00000000000009;00000000002029;ARABICO;POUND;DOLAR DOS EUA;20290927;SIM;CAFE;0000000000,0100000000;AJUSTE;KCU9;OPC
COMMODITIES;KCU9;ICE (NYBOT);KCU9 AJUSTE;00000000000009;00000000002029;ARABICO;POUND;DOLAR DOS EUA;20290927;SIM;CAFE;0000000000,0100000000;AJUSTE;KCU9;TER
COMMODITIES;KCZ0;ICE (NYBOT);KCZ0 AJUSTE;00000000000012;00000000002030;ARABICO;POUND;DOLAR DOS EUA;20301230;SIM;CAFE;0000000000,0100000000;AJUSTE;KCZ0;TER
COMMODITIES;KCZ0;ICE (NYBOT);KCZ0 AJUSTE;00000000000012;00000000002030;ARABICO;POUND;DOLAR DOS EUA;20301230;SIM;CAFE;0000000000,0100000000;AJUSTE;KCZ0;OPC
COMMODITIES;KCZ18;ICE (NYBOT);KCZ18 Ajuste;00000000000012;00000000002018;ARABICO;POUND;DOLAR DOS EUA;20181226;SIM;CAFE;0000000000,0100000000;AJUSTE;;COE
COMMODITIES;KCZ20;ICE (NYBOT);KCZ20 Ajuste;00000000000012;00000000002020;ARABICO;POUND;DOLAR DOS EUA;20210108;SIM;CAFE;0000000000,0100000000;AJUSTE;;COE
COMMODITIES;KCZ6;ICE (NYBOT);KCZ6 Mínimo;00000000000012;00000000002026;ARABICO;POUND;DOLAR DOS EUA;20261228;SIM;CAFE;0000000000,0100000000;MINIMO;KCZ6;TER
COMMODITIES;KCZ6;ICE (NYBOT);KCZ6 Máximo;00000000000012;00000000002026;ARABICO;POUND;DOLAR DOS EUA;20261228;SIM;CAFE;0000000000,0100000000;MAXIMO;KCZ6;TER
COMMODITIES;KCZ6;ICE (NYBOT);KCZ6 Máximo;00000000000012;00000000002026;ARABICO;POUND;DOLAR DOS EUA;20261228;SIM;CAFE;0000000000,0100000000;MAXIMO;KCZ6;OPC
COMMODITIES;KCZ6;ICE (NYBOT);KCZ6 Mínimo;00000000000012;00000000002026;ARABICO;POUND;DOLAR DOS EUA;20261228;SIM;CAFE;0000000000,0100000000;MINIMO;KCZ6;OPC
COMMODITIES;KCZ6;ICE (NYBOT);KCZ6 AJUSTE;00000000000012;00000000002026;ARABICO;POUND;DOLAR DOS EUA;20261228;SIM;CAFE;0000000000,0100000000;AJUSTE;KCZ6;TER
COMMODITIES;KCZ6;ICE (NYBOT);KCZ6 AJUSTE;00000000000012;00000000002026;ARABICO;POUND;DOLAR DOS EUA;20261228;SIM;CAFE;0000000000,0100000000;AJUSTE;KCZ6;OPC
COMMODITIES;KCZ7;ICE (NYBOT);KCZ7 Mínimo;00000000000012;00000000002027;ARABICO;POUND;DOLAR DOS EUA;20271227;SIM;CAFE;0000000000,0100000000;MINIMO;KCZ7;OPC
COMMODITIES;KCZ7;ICE (NYBOT);KCZ7 Máximo;00000000000012;00000000002027;ARABICO;POUND;DOLAR DOS EUA;20271227;SIM;CAFE;0000000000,0100000000;MAXIMO;KCZ7;TER
COMMODITIES;KCZ7;ICE (NYBOT);KCZ7 AJUSTE;00000000000012;00000000002027;ARABICO;POUND;DOLAR DOS EUA;20271224;SIM;CAFE;0000000000,0100000000;AJUSTE;KCZ7;OPC
COMMODITIES;KCZ7;ICE (NYBOT);KCZ7 AJUSTE;00000000000012;00000000002027;ARABICO;POUND;DOLAR DOS EUA;20271224;SIM;CAFE;0000000000,0100000000;AJUSTE;KCZ7;TER
COMMODITIES;KCZ7;ICE (NYBOT);KCZ7 Máximo;00000000000012;00000000002027;ARABICO;POUND;DOLAR DOS EUA;20271227;SIM;CAFE;0000000000,0100000000;MAXIMO;KCZ7;OPC
COMMODITIES;KCZ7;ICE (NYBOT);KCZ7 Mínimo;00000000000012;00000000002027;ARABICO;POUND;DOLAR DOS EUA;20271227;SIM;CAFE;0000000000,0100000000;MINIMO;KCZ7;TER
COMMODITIES;KCZ8;ICE (NYBOT);KCZ8 AJUSTE;00000000000012;00000000002028;ARABICO;POUND;DOLAR DOS EUA;20281228;SIM;CAFE;0000000000,0100000000;AJUSTE;KCZ8;TER
COMMODITIES;KCZ8;ICE (NYBOT);KCZ8 AJUSTE;00000000000012;00000000002028;ARABICO;POUND;DOLAR DOS EUA;20281228;SIM;CAFE;0000000000,0100000000;AJUSTE;KCZ8;OPC
COMMODITIES;KCZ9;ICE (NYBOT);KCZ9 AJUSTE;00000000000012;00000000002029;ARABICO;POUND;DOLAR DOS EUA;20291228;SIM;CAFE;0000000000,0100000000;AJUSTE;KCZ9;COE
COMMODITIES;KCZ9;ICE (NYBOT);KCZ9 AJUSTE;00000000000012;00000000002029;ARABICO;POUND;DOLAR DOS EUA;20291228;SIM;CAFE;0000000000,0100000000;AJUSTE;KCZ9;TER
COMMODITIES;KCZ9;ICE (NYBOT);KCZ9 AJUSTE;00000000000012;00000000002029;ARABICO;POUND;DOLAR DOS EUA;20291228;SIM;CAFE;0000000000,0100000000;AJUSTE;KCZ9;OPC
COMMODITIES;KC1;ICE (NYBOT);KC1 Ajuste;00000000000012;00000000002200;ARABICO;POUND;DOLAR DOS EUA;22000209;SIM;CAFE;0000000000,0100000000;AJUSTE;KC1;OPC
COMMODITIES;KC1;ICE (NYBOT);KC1 Ajuste;00000000000012;00000000002200;ARABICO;POUND;DOLAR DOS EUA;22000209;SIM;CAFE;0000000000,0100000000;AJUSTE;KC1;TER
COMMODITIES;KOH7BNMK;MDE-BURSA MALAYSIA;KOH7BNMK AJUSTE;00000000000003;00000000002027;FUTURO DE OLEO DE PALMA EM MYRUSD BNMK;TONELADA METRICA;DOLAR DOS EUA;20270322;SIM;OLEO DE PALMA EM USD;0000000001,0000000000;AJUSTE;.KOH7BNMK F;TER
COMMODITIES;KOH7BNMK;MDE-BURSA MALAYSIA;KOH7BNMK AJUSTE;00000000000003;00000000002027;FUTURO DE OLEO DE PALMA EM MYRUSD BNMK;TONELADA METRICA;DOLAR DOS EUA;20270322;SIM;OLEO DE PALMA EM USD;0000000001,0000000000;AJUSTE;.KOH7BNMK F;OPC
COMMODITIES;KOK7BNMK;MDE-BURSA MALAYSIA;KOK7BNMK AJUSTE;00000000000005;00000000002027;FUTURO DE OLEO DE PALMA EM MYRUSD BNMK;TONELADA METRICA;DOLAR DOS EUA;20270521;SIM;OLEO DE PALMA EM USD;0000000001,0000000000;AJUSTE;.KOK7BNMK F;TER
COMMODITIES;KOK7BNMK;MDE-BURSA MALAYSIA;KOK7BNMK AJUSTE;00000000000005;00000000002027;FUTURO DE OLEO DE PALMA EM MYRUSD BNMK;TONELADA METRICA;DOLAR DOS EUA;20270521;SIM;OLEO DE PALMA EM USD;0000000001,0000000000;AJUSTE;.KOK7BNMK F;OPC
COMMODITIES;KON7BNMK;MDE-BURSA MALAYSIA;KON7BNMK AJUSTE;00000000000007;00000000002027;FUTURO DE OLEO DE PALMA EM MYRUSD BNMK;TONELADA METRICA;DOLAR DOS EUA;20270722;SIM;OLEO DE PALMA EM USD;0000000001,0000000000;AJUSTE;.KON7BNMK F;TER
COMMODITIES;KON7BNMK;MDE-BURSA MALAYSIA;KON7BNMK AJUSTE;00000000000007;00000000002027;FUTURO DE OLEO DE PALMA EM MYRUSD BNMK;TONELADA METRICA;DOLAR DOS EUA;20270722;SIM;OLEO DE PALMA EM USD;0000000001,0000000000;AJUSTE;.KON7BNMK F;OPC
COMMODITIES;KOU6BNMK;MDE-BURSA MALAYSIA;KOU6BNMK AJUSTE;00000000000009;00000000002026;FUTURO DE OLEO DE PALMA EM MYRUSD BNMK;TONELADA METRICA;DOLAR DOS EUA;20260922;SIM;OLEO DE PALMA EM USD;0000000001,0000000000;AJUSTE;.KOU6BNMK F;TER
COMMODITIES;KOU6BNMK;MDE-BURSA MALAYSIA;KOU6BNMK AJUSTE;00000000000009;00000000002026;FUTURO DE OLEO DE PALMA EM MYRUSD BNMK;TONELADA METRICA;DOLAR DOS EUA;20260922;SIM;OLEO DE PALMA EM USD;0000000001,0000000000;AJUSTE;.KOU6BNMK F;OPC
COMMODITIES;KOU7BNMK;MDE-BURSA MALAYSIA;KOU7BNMK AJUSTE;00000000000009;00000000002027;FUTURO DE OLEO DE PALMA EM MYRUSD BNMK;TONELADA METRICA;DOLAR DOS EUA;20270915;SIM;OLEO DE PALMA EM USD;0000000001,0000000000;AJUSTE;.KOU7BNMK F;OPC
COMMODITIES;KOU7BNMK;MDE-BURSA MALAYSIA;KOU7BNMK AJUSTE;00000000000009;00000000002027;FUTURO DE OLEO DE PALMA EM MYRUSD BNMK;TONELADA METRICA;DOLAR DOS EUA;20270915;SIM;OLEO DE PALMA EM USD;0000000001,0000000000;AJUSTE;.KOU7BNMK F;TER
COMMODITIES;KOX6BNMK;MDE-BURSA MALAYSIA;KOX6BNMK AJUSTE;00000000000011;00000000002026;FUTURO DE OLEO DE PALMA EM MYRUSD BNMK;TONELADA METRICA;DOLAR DOS EUA;20261123;SIM;OLEO DE PALMA EM USD;0000000001,0000000000;AJUSTE;.KOX6BNMK F;TER
COMMODITIES;KOX6BNMK;MDE-BURSA MALAYSIA;KOX6BNMK AJUSTE;00000000000011;00000000002026;FUTURO DE OLEO DE PALMA EM MYRUSD BNMK;TONELADA METRICA;DOLAR DOS EUA;20261123;SIM;OLEO DE PALMA EM USD;0000000001,0000000000;AJUSTE;.KOX6BNMK F;OPC
COMMODITIES;KOX7BNMK;MDE-BURSA MALAYSIA;KOX7BNMK AJUSTE;00000000000011;00000000002027;FUTURO DE OLEO DE PALMA EM MYRUSD BNMK;TONELADA METRICA;DOLAR DOS EUA;20271116;SIM;OLEO DE PALMA EM USD;0000000001,0000000000;AJUSTE;.KOX7BNMK F;TER
COMMODITIES;KOX7BNMK;MDE-BURSA MALAYSIA;KOX7BNMK AJUSTE;00000000000011;00000000002027;FUTURO DE OLEO DE PALMA EM MYRUSD BNMK;TONELADA METRICA;DOLAR DOS EUA;20271116;SIM;OLEO DE PALMA EM USD;0000000001,0000000000;AJUSTE;.KOX7BNMK F;OPC
COMMODITIES;KOZ7BNMK;MDE-BURSA MALAYSIA;KOZ7BNMK AJUSTE;00000000000012;00000000002027;FUTURO DE OLEO DE PALMA EM MYRUSD BNMK;TONELADA METRICA;DOLAR DOS EUA;20271208;SIM;OLEO DE PALMA EM USD;0000000001,0000000000;AJUSTE;.KOZ7BNMK F;TER
COMMODITIES;KOZ7BNMK;MDE-BURSA MALAYSIA;KOZ7BNMK AJUSTE;00000000000012;00000000002027;FUTURO DE OLEO DE PALMA EM MYRUSD BNMK;TONELADA METRICA;DOLAR DOS EUA;20271208;SIM;OLEO DE PALMA EM USD;0000000001,0000000000;AJUSTE;.KOZ7BNMK F;OPC
COMMODITIES;KO1BNMK;MDE-BURSA MALAYSIA;KO1BNMK U AJUSTE;00000000000012;00000000002200;FUTURO DE OLEO DE PALMA EM MYRUSD BNMK;TONELADA METRICA;DOLAR DOS EUA;22000401;SIM;OLEO DE PALMA EM USD;0000000001,0000000000;AJUSTE;.KO1BNMK F;OPC
COMMODITIES;KO1BNMK;MDE-BURSA MALAYSIA;KO1BNMK U AJUSTE;00000000000012;00000000002200;FUTURO DE OLEO DE PALMA EM MYRUSD BNMK;TONELADA METRICA;DOLAR DOS EUA;22000401;SIM;OLEO DE PALMA EM USD;0000000001,0000000000;AJUSTE;.KO1BNMK F;TER
COMMODITIES;KO1USDMT;MDE-BURSA MALAYSIA;.KO1USD U Ajuste;00000000000012;00000000002199;PRIMEIRO FUTURO DE OLEO DE PALMA EM USD;TONELADA METRICA;DOLAR DOS EUA;21991231;SIM;OLEO DE PALMA EM USD;0000000001,0000000000;AJUSTE;.KO1USDMT U;OPC
COMMODITIES;KO1USDMT;MDE-BURSA MALAYSIA;.KO1USD U Ajuste;00000000000012;00000000002199;PRIMEIRO FUTURO DE OLEO DE PALMA EM USD;TONELADA METRICA;DOLAR DOS EUA;21991231;SIM;OLEO DE PALMA EM USD;0000000001,0000000000;AJUSTE;.KO1USDMT U;TER
COMMODITIES;KWU6;CBOT;KWU6 Máximo;00000000000009;00000000002026;KC HRW;BUSHELS;DOLAR DOS EUA;20260921;SIM;TRIGO;0000000000,0100000000;MAXIMO;KWU6;OPC
COMMODITIES;KWU6;CBOT;KWU6 Mínimo;00000000000009;00000000002026;KC HRW;BUSHELS;DOLAR DOS EUA;20260921;SIM;TRIGO;0000000000,0100000000;MINIMO;KWU6;TER
COMMODITIES;KWU6;CBOT;KWU6 Máximo;00000000000009;00000000002026;KC HRW;BUSHELS;DOLAR DOS EUA;20260921;SIM;TRIGO;0000000000,0100000000;MAXIMO;KWU6;TER
COMMODITIES;KWU6;CBOT;KWU6 AJUSTE;00000000000009;00000000002026;KC HRW;BUSHELS;DOLAR DOS EUA;20260921;SIM;TRIGO;0000000000,0100000000;AJUSTE;KWU6;OPC
COMMODITIES;KWU6;CBOT;KWU6 AJUSTE;00000000000009;00000000002026;KC HRW;BUSHELS;DOLAR DOS EUA;20260921;SIM;TRIGO;0000000000,0100000000;AJUSTE;KWU6;TER
COMMODITIES;KWU6;CBOT;KWU6 Mínimo;00000000000009;00000000002026;KC HRW;BUSHELS;DOLAR DOS EUA;20260921;SIM;TRIGO;0000000000,0100000000;MINIMO;KWU6;OPC
COMMODITIES;KW1;CBOT;KW1 AJUSTE;00000000000012;00000000002200;KC HRW;BUSHELS;DOLAR DOS EUA;22000202;SIM;TRIGO;0000000000,0100000000;AJUSTE;KW1;TER
COMMODITIES;KW1;CBOT;KW1 AJUSTE;00000000000012;00000000002200;KC HRW;BUSHELS;DOLAR DOS EUA;22000202;SIM;TRIGO;0000000000,0100000000;AJUSTE;KW1;OPC
COMMODITIES;KW1;CBOT;KW1 Máximo;00000000000012;00000000002200;KC HRW;BUSHELS;DOLAR DOS EUA;22000202;SIM;TRIGO;0000000000,0100000000;MAXIMO;KW1;TER
COMMODITIES;KW1;CBOT;KW1 Máximo;00000000000012;00000000002200;KC HRW;BUSHELS;DOLAR DOS EUA;22000202;SIM;TRIGO;0000000000,0100000000;MAXIMO;KW1;OPC
COMMODITIES;KW1;CBOT;KW1 Mínimo;00000000000012;00000000002200;KC HRW;BUSHELS;DOLAR DOS EUA;22000202;SIM;TRIGO;0000000000,0100000000;MINIMO;KW1;TER
COMMODITIES;KW1;CBOT;KW1 Mínimo;00000000000012;00000000002200;KC HRW;BUSHELS;DOLAR DOS EUA;22000202;SIM;TRIGO;0000000000,0100000000;MINIMO;KW1;OPC
COMMODITIES;LAQ26;LME;LAQ26 AJUSTE;00000000000008;00000000002026;LIGA;TONELADA METRICA;DOLAR DOS EUA;20260824;SIM;ALUMINIO;0000000001,0000000000;AJUSTE;LAQ26;TER
COMMODITIES;LAQ26;LME;LAQ26 AJUSTE;00000000000008;00000000002026;LIGA;TONELADA METRICA;DOLAR DOS EUA;20260824;SIM;ALUMINIO;0000000001,0000000000;AJUSTE;LAQ26;OPC
COMMODITIES;LAU26;LME;LAU26 AJUSTE;00000000000009;00000000002026;LIGA;TONELADA METRICA;DOLAR DOS EUA;20260921;SIM;ALUMINIO;0000000001,0000000000;AJUSTE;LAU26;TER
COMMODITIES;LAU26;LME;LAU26 AJUSTE;00000000000009;00000000002026;LIGA;TONELADA METRICA;DOLAR DOS EUA;20260921;SIM;ALUMINIO;0000000001,0000000000;AJUSTE;LAU26;OPC
COMMODITIES;LAV26;LME;LAV26 AJUSTE;00000000000010;00000000002026;LIGA;TONELADA METRICA;DOLAR DOS EUA;20261026;SIM;ALUMINIO;0000000001,0000000000;AJUSTE;LAV26;TER
COMMODITIES;LAV26;LME;LAV26 AJUSTE;00000000000010;00000000002026;LIGA;TONELADA METRICA;DOLAR DOS EUA;20261026;SIM;ALUMINIO;0000000001,0000000000;AJUSTE;LAV26;OPC
COMMODITIES;LAX26;LME;LAX26 AJUSTE;00000000000011;00000000002026;LIGA;TONELADA METRICA;DOLAR DOS EUA;20261123;SIM;ALUMINIO;0000000001,0000000000;AJUSTE;LAX26;TER
COMMODITIES;LAX26;LME;LAX26 AJUSTE;00000000000011;00000000002026;LIGA;TONELADA METRICA;DOLAR DOS EUA;20261123;SIM;ALUMINIO;0000000001,0000000000;AJUSTE;LAX26;OPC
COMMODITIES;LAZ26;LME;LAZ26 AJUSTE;00000000000012;00000000002026;LIGA;TONELADA METRICA;DOLAR DOS EUA;20261221;SIM;ALUMINIO;0000000001,0000000000;AJUSTE;LAZ26;TER
COMMODITIES;LAZ26;LME;LAZ26 AJUSTE;00000000000012;00000000002026;LIGA;TONELADA METRICA;DOLAR DOS EUA;20261221;SIM;ALUMINIO;0000000001,0000000000;AJUSTE;LAZ26;OPC
COMMODITIES;LA1;LME;LA1 Ajuste;00000000000012;00000000002201;LIGA;TONELADA METRICA;DOLAR DOS EUA;22010404;SIM;ALUMINIO;0000000001,0000000000;AJUSTE;LA1;OPC
COMMODITIES;LA1;LME;LA1 Ajuste;00000000000012;00000000002201;LIGA;TONELADA METRICA;DOLAR DOS EUA;22010404;SIM;ALUMINIO;0000000001,0000000000;AJUSTE;LA1;TER
COMMODITIES;LCV6;CME;LCV6 AJUSTE;00000000000010;00000000002026;LIVE CATTLE FUTURES;POUND;DOLAR DOS EUA;20261030;SIM;BOI;0000000001,0000000000;AJUSTE;LCV6;TER
COMMODITIES;LCV6;CME;LCV6 AJUSTE;00000000000010;00000000002026;LIVE CATTLE FUTURES;POUND;DOLAR DOS EUA;20261030;SIM;BOI;0000000001,0000000000;AJUSTE;LCV6;OPC
COMMODITIES;LJC1;CMX;LJC1 AJUSTE;00000000000012;00000000002200;-;KG;DOLAR DOS EUA;22001221;SIM;CARBONATO DE LITIO;0000000001,0000000000;AJUSTE;LJC1;OPC
COMMODITIES;LJC1;CMX;LJC1 AJUSTE;00000000000012;00000000002200;-;KG;DOLAR DOS EUA;22001221;SIM;CARBONATO DE LITIO;0000000001,0000000000;AJUSTE;LJC1;TER
COMMODITIES;LMAHDS03;LME;MAL3 Ajuste;00000000000012;00000000002200;PURO;TONELADA METRICA;DOLAR DOS EUA;22001202;SIM;ALUMINIO;0000000001,0000000000;AJUSTE;LMAHDS03;COE
COMMODITIES;LMAHDS03;LME;MAL3 Ajuste;00000000000012;00000000002200;PURO;TONELADA METRICA;DOLAR DOS EUA;22001202;SIM;ALUMINIO;0000000001,0000000000;AJUSTE;LMAHDS03;TER
COMMODITIES;LMAHDS03;LME;MAL3 Ajuste;00000000000012;00000000002200;PURO;TONELADA METRICA;DOLAR DOS EUA;22001202;SIM;ALUMINIO;0000000001,0000000000;AJUSTE;LMAHDS03;OPC
COMMODITIES;LMAHDY;LME;LMAHDY Ajuste;00000000000012;00000000002200;LIGA;TONELADA METRICA;DOLAR DOS EUA;22001202;SIM;ALUMINIO;0000000001,0000000000;AJUSTE;LMAHDY;TER
COMMODITIES;LMAHDY;LME;LMAHDY Ajuste;00000000000012;00000000002200;LIGA;TONELADA METRICA;DOLAR DOS EUA;22001202;SIM;ALUMINIO;0000000001,0000000000;AJUSTE;LMAHDY;OPC
COMMODITIES;LMCADS03;LME;LMCADS03 AJUSTE;00000000000012;00000000002200;3 MESES;TONELADA METRICA;DOLAR DOS EUA;22000115;SIM;COBRE;0000000001,0000000000;FECHAMENTO;LMCADS03;OPC
COMMODITIES;LMCADS03;LME;LMCADS03 AJUSTE;00000000000012;00000000002200;3 MESES;TONELADA METRICA;DOLAR DOS EUA;22000115;SIM;COBRE;0000000001,0000000000;FECHAMENTO;LMCADS03;TER
COMMODITIES;LMNIDY;LME;LMNIDY Ajuste;00000000000012;00000000002199;-;TONELADA METRICA;DOLAR DOS EUA;22000102;SIM;NIQUEL;0000000001,0000000000;AJUSTE;LMNIDY;OPC
COMMODITIES;LMNIDY;LME;LMNIDY Ajuste;00000000000012;00000000002199;-;TONELADA METRICA;DOLAR DOS EUA;22000102;SIM;NIQUEL;0000000001,0000000000;AJUSTE;LMNIDY;TER
COMMODITIES;LMPBDS03;LME;LMPBDS03 AJUSTE;00000000000001;00000000002200;-;TONELADA METRICA;DOLAR DOS EUA;22000109;SIM;CHUMBO;0000000001,0000000000;AJUSTE;LMPBDS03;TER
COMMODITIES;LMY1;LME;LMY1 AJUSTE;00000000000012;00000000002201;-;TONELADA METRICA;DOLAR DOS EUA;22010405;SIM;HIDROXIDO DE LITIO;0000000001,0000000000;AJUSTE;LMY1;OPC
COMMODITIES;LMY1;LME;LMY1 AJUSTE;00000000000012;00000000002201;-;TONELADA METRICA;DOLAR DOS EUA;22010405;SIM;HIDROXIDO DE LITIO;0000000001,0000000000;AJUSTE;LMY1;TER
COMMODITIES;LMZSDY;LME;LMZSDY Ajuste;00000000000012;00000000002200;-;TONELADA METRICA;DOLAR DOS EUA;22001215;SIM;ZINCO;0000000001,0000000000;AJUSTE;LMZSDY;TER
COMMODITIES;LMZSDY;LME;LMZSDY Ajuste;00000000000012;00000000002200;-;TONELADA METRICA;DOLAR DOS EUA;22001215;SIM;ZINCO;0000000001,0000000000;AJUSTE;LMZSDY;OPC
COMMODITIES;LN1;LME;LN1 Ajuste;00000000000012;00000000002201;99,80% PURITY;TONELADA METRICA;DOLAR DOS EUA;22010405;SIM;NIQUEL;0000000001,0000000000;AJUSTE;LN1;OPC
COMMODITIES;LN1;LME;LN1 Ajuste;00000000000012;00000000002201;99,80% PURITY;TONELADA METRICA;DOLAR DOS EUA;22010405;SIM;NIQUEL;0000000001,0000000000;AJUSTE;LN1;TER
COMMODITIES;LOAHDS03;LME;LOAHDS03 AJUSTE;00000000000012;00000000002199;3 MESES;TONELADA METRICA;DOLAR DOS EUA;22000109;SIM;ALUMINIO;0000000001,0000000000;AJUSTE;LOAHDS03;TER
COMMODITIES;LOAHDS03;LME;LOAHDS03 AJUSTE;00000000000012;00000000002199;3 MESES;TONELADA METRICA;DOLAR DOS EUA;22000109;SIM;ALUMINIO;0000000001,0000000000;AJUSTE;LOAHDS03;OPC
COMMODITIES;LOAHDY;LME;MAL0 Fechamento;00000000000012;00000000002199;PURO;TONELADA;DOLAR DOS EUA;22000102;SIM;ALUMINIO;0000000001,0000000000;FECHAMENTO;LOAHDY;TER
COMMODITIES;LOAHDY;LME;MAL0 Ajuste;00000000000012;00000000002199;PURO;TONELADA;DOLAR DOS EUA;22000102;SIM;ALUMINIO;0000000001,0000000000;AJUSTE;LOAHDY;TER
COMMODITIES;LOAHDY;LME;MAL0 Maximo;00000000000012;00000000002199;PURO;TONELADA;DOLAR DOS EUA;22000102;SIM;ALUMINIO;0000000001,0000000000;MAXIMO;LOAHDY;OPC
COMMODITIES;LOAHDY;LME;MAL0 Maximo;00000000000012;00000000002199;PURO;TONELADA;DOLAR DOS EUA;22000102;SIM;ALUMINIO;0000000001,0000000000;MAXIMO;LOAHDY;TER
COMMODITIES;LOAHDY;LME;MAL0 Fechamento;00000000000012;00000000002199;PURO;TONELADA;DOLAR DOS EUA;22000102;SIM;ALUMINIO;0000000001,0000000000;FECHAMENTO;LOAHDY;OPC
COMMODITIES;LOAHDY;LME;MAL0 Ajuste;00000000000012;00000000002199;PURO;TONELADA;DOLAR DOS EUA;22000102;SIM;ALUMINIO;0000000001,0000000000;AJUSTE;LOAHDY;OPC
COMMODITIES;LOAHDY;LME;MAL0 Minimo;00000000000012;00000000002199;PURO;TONELADA;DOLAR DOS EUA;22000102;SIM;ALUMINIO;0000000001,0000000000;MINIMO;LOAHDY;TER
COMMODITIES;LOAHDY;LME;MAL0 Minimo;00000000000012;00000000002199;PURO;TONELADA;DOLAR DOS EUA;22000102;SIM;ALUMINIO;0000000001,0000000000;MINIMO;LOAHDY;OPC
COMMODITIES;LOCADY;LME;MCU0 Ajuste;00000000000012;00000000002199;-;TONELADA;DOLAR DOS EUA;22000102;SIM;COBRE;0000000001,0000000000;AJUSTE;LOCADY;TER
COMMODITIES;LOCADY;LME;MCU0 Minimo;00000000000012;00000000002199;-;TONELADA;DOLAR DOS EUA;22000102;SIM;COBRE;0000000001,0000000000;MINIMO;LOCADY;OPC
COMMODITIES;LOCADY;LME;MCU0 Minimo;00000000000012;00000000002199;-;TONELADA;DOLAR DOS EUA;22000102;SIM;COBRE;0000000001,0000000000;MINIMO;LOCADY;TER
COMMODITIES;LOCADY;LME;MCU0 Fechamento;00000000000012;00000000002199;-;TONELADA;DOLAR DOS EUA;22000102;SIM;COBRE;0000000001,0000000000;FECHAMENTO;LOCADY;COE
COMMODITIES;LOCADY;LME;MCU0 Fechamento;00000000000012;00000000002199;-;TONELADA;DOLAR DOS EUA;22000102;SIM;COBRE;0000000001,0000000000;FECHAMENTO;LOCADY;OPC
COMMODITIES;LOCADY;LME;MCU0 Fechamento;00000000000012;00000000002199;-;TONELADA;DOLAR DOS EUA;22000102;SIM;COBRE;0000000001,0000000000;FECHAMENTO;LOCADY;TER
COMMODITIES;LOCADY;LME;MCU0 Minimo;00000000000012;00000000002199;-;TONELADA;DOLAR DOS EUA;22000102;SIM;COBRE;0000000001,0000000000;MINIMO;LOCADY;COE
COMMODITIES;LOCADY;LME;MCU0 Ajuste;00000000000012;00000000002199;-;TONELADA;DOLAR DOS EUA;22000102;SIM;COBRE;0000000001,0000000000;AJUSTE;LOCADY;OPC
COMMODITIES;LOCADY;LME;MCU0 Ajuste;00000000000012;00000000002199;-;TONELADA;DOLAR DOS EUA;22000102;SIM;COBRE;0000000001,0000000000;AJUSTE;LOCADY;COE
COMMODITIES;LOCADY;LME;MCU0 Maximo;00000000000012;00000000002199;-;TONELADA;DOLAR DOS EUA;22000102;SIM;COBRE;0000000001,0000000000;MAXIMO;LOCADY;COE
COMMODITIES;LOCADY;LME;MCU0 Maximo;00000000000012;00000000002199;-;TONELADA;DOLAR DOS EUA;22000102;SIM;COBRE;0000000001,0000000000;MAXIMO;LOCADY;OPC
COMMODITIES;LOCADY;LME;MCU0 Maximo;00000000000012;00000000002199;-;TONELADA;DOLAR DOS EUA;22000102;SIM;COBRE;0000000001,0000000000;MAXIMO;LOCADY;TER
COMMODITIES;LOCADYM1;LME;LOCADYM1 AJUSTE;00000000000012;00000000002202;-;TONELADA;REAL;22000108;SIM;COBRE;0000000001,0000000000;AJUSTE;LOCADYM1;TER
COMMODITIES;LOCADYM2;LME;LOCADYM2 AJUSTE;00000000000012;00000000002202;-;TONELADA;REAL;22000108;SIM;COBRE;0000000001,0000000000;AJUSTE;LOCADYM2;TER
COMMODITIES;LOCADYM3;LME;LOCADYM3 AJUSTE;00000000000012;00000000002203;-;TONELADA;REAL;22000108;SIM;COBRE;0000000001,0000000000;AJUSTE;LOCADYM3;TER
COMMODITIES;LONIDY;LME;MNI0 Fechamento;00000000000012;00000000002199;-;TONELADA;DOLAR DOS EUA;22000102;SIM;NIQUEL;0000000001,0000000000;FECHAMENTO;LONIDY;TER
COMMODITIES;LONIDY;LME;MNI0 Ajuste;00000000000012;00000000002199;-;TONELADA;DOLAR DOS EUA;22000102;SIM;NIQUEL;0000000001,0000000000;AJUSTE;LONIDY;OPC
COMMODITIES;LONIDY;LME;MNI0 Ajuste;00000000000012;00000000002199;-;TONELADA;DOLAR DOS EUA;22000102;SIM;NIQUEL;0000000001,0000000000;AJUSTE;LONIDY;TER
COMMODITIES;LONIDY;LME;MNI0 Fechamento;00000000000012;00000000002199;-;TONELADA;DOLAR DOS EUA;22000102;SIM;NIQUEL;0000000001,0000000000;FECHAMENTO;LONIDY;OPC
COMMODITIES;LONIDY;LME;MNI0 Minimo;00000000000012;00000000002199;-;TONELADA;DOLAR DOS EUA;22000102;SIM;NIQUEL;0000000001,0000000000;MINIMO;LONIDY;OPC
COMMODITIES;LONIDY;LME;MNI0 Minimo;00000000000012;00000000002199;-;TONELADA;DOLAR DOS EUA;22000102;SIM;NIQUEL;0000000001,0000000000;MINIMO;LONIDY;TER
COMMODITIES;LONIDY;LME;MNI0 Maximo;00000000000012;00000000002199;-;TONELADA;DOLAR DOS EUA;22000102;SIM;NIQUEL;0000000001,0000000000;MAXIMO;LONIDY;TER
COMMODITIES;LONIDY;LME;MNI0 Maximo;00000000000012;00000000002199;-;TONELADA;DOLAR DOS EUA;22000102;SIM;NIQUEL;0000000001,0000000000;MAXIMO;LONIDY;OPC
COMMODITIES;LOPBDY;LME;MPB0 Fechamento;00000000000012;00000000002199;-;TONELADA;DOLAR DOS EUA;22000102;SIM;CHUMBO;0000000001,0000000000;FECHAMENTO;LOPBDY;TER
COMMODITIES;LOPBDY;LME;MPB0 Fechamento;00000000000012;00000000002199;-;TONELADA;DOLAR DOS EUA;22000102;SIM;CHUMBO;0000000001,0000000000;FECHAMENTO;LOPBDY;OPC
COMMODITIES;LOPBDY;LME;MPB0 Minimo;00000000000012;00000000002199;-;TONELADA;DOLAR DOS EUA;22000102;SIM;CHUMBO;0000000001,0000000000;MINIMO;LOPBDY;TER
COMMODITIES;LOPBDY;LME;MPB0 Minimo;00000000000012;00000000002199;-;TONELADA;DOLAR DOS EUA;22000102;SIM;CHUMBO;0000000001,0000000000;MINIMO;LOPBDY;OPC
COMMODITIES;LOPBDY;LME;MPB0 Ajuste;00000000000012;00000000002199;-;TONELADA;DOLAR DOS EUA;22000102;SIM;CHUMBO;0000000001,0000000000;AJUSTE;LOPBDY;OPC
COMMODITIES;LOPBDY;LME;MPB0 Ajuste;00000000000012;00000000002199;-;TONELADA;DOLAR DOS EUA;22000102;SIM;CHUMBO;0000000001,0000000000;AJUSTE;LOPBDY;TER
COMMODITIES;LOPBDY;LME;MPB0 Maximo;00000000000012;00000000002199;-;TONELADA;DOLAR DOS EUA;22000102;SIM;CHUMBO;0000000001,0000000000;MAXIMO;LOPBDY;TER
COMMODITIES;LOPBDY;LME;MPB0 Maximo;00000000000012;00000000002199;-;TONELADA;DOLAR DOS EUA;22000102;SIM;CHUMBO;0000000001,0000000000;MAXIMO;LOPBDY;OPC
COMMODITIES;LOSNDY;LME;MSN0 Maximo;00000000000012;00000000002199;-;TONELADA;DOLAR DOS EUA;22000102;SIM;ESTANHO;0000000001,0000000000;MAXIMO;LOSNDY;OPC
COMMODITIES;LOSNDY;LME;MSN0 Maximo;00000000000012;00000000002199;-;TONELADA;DOLAR DOS EUA;22000102;SIM;ESTANHO;0000000001,0000000000;MAXIMO;LOSNDY;TER
COMMODITIES;LOSNDY;LME;MSN0 Minimo;00000000000012;00000000002199;-;TONELADA;DOLAR DOS EUA;22000102;SIM;ESTANHO;0000000001,0000000000;MINIMO;LOSNDY;OPC
COMMODITIES;LOSNDY;LME;MSN0 Minimo;00000000000012;00000000002199;-;TONELADA;DOLAR DOS EUA;22000102;SIM;ESTANHO;0000000001,0000000000;MINIMO;LOSNDY;TER
COMMODITIES;LOSNDY;LME;MSN0 Ajuste;00000000000012;00000000002199;-;TONELADA;DOLAR DOS EUA;22000102;SIM;ESTANHO;0000000001,0000000000;AJUSTE;LOSNDY;TER
COMMODITIES;LOSNDY;LME;MSN0 Ajuste;00000000000012;00000000002199;-;TONELADA;DOLAR DOS EUA;22000102;SIM;ESTANHO;0000000001,0000000000;AJUSTE;LOSNDY;OPC
COMMODITIES;LOSNDY;LME;MSN0 Fechamento;00000000000012;00000000002199;-;TONELADA;DOLAR DOS EUA;22000102;SIM;ESTANHO;0000000001,0000000000;FECHAMENTO;LOSNDY;OPC
COMMODITIES;LOSNDY;LME;MSN0 Fechamento;00000000000012;00000000002199;-;TONELADA;DOLAR DOS EUA;22000102;SIM;ESTANHO;0000000001,0000000000;FECHAMENTO;LOSNDY;TER
COMMODITIES;LOZSDY;LME;MZN0 Fechamento;00000000000012;00000000002199;-;TONELADA;DOLAR DOS EUA;22000102;SIM;ZINCO;0000000001,0000000000;FECHAMENTO;LOZSDY;TER
COMMODITIES;LOZSDY;LME;MZN0 Fechamento;00000000000012;00000000002199;-;TONELADA;DOLAR DOS EUA;22000102;SIM;ZINCO;0000000001,0000000000;FECHAMENTO;LOZSDY;OPC
COMMODITIES;LOZSDY;LME;MZN0 Maximo;00000000000012;00000000002199;-;TONELADA;DOLAR DOS EUA;22000102;SIM;ZINCO;0000000001,0000000000;MAXIMO;LOZSDY;TER
COMMODITIES;LOZSDY;LME;MZN0 Minimo;00000000000012;00000000002199;-;TONELADA;DOLAR DOS EUA;22000102;SIM;ZINCO;0000000001,0000000000;MINIMO;LOZSDY;OPC
COMMODITIES;LOZSDY;LME;MZN0 Minimo;00000000000012;00000000002199;-;TONELADA;DOLAR DOS EUA;22000102;SIM;ZINCO;0000000001,0000000000;MINIMO;LOZSDY;TER
COMMODITIES;LOZSDY;LME;MZN0 Ajuste;00000000000012;00000000002199;-;TONELADA;DOLAR DOS EUA;22000102;SIM;ZINCO;0000000001,0000000000;AJUSTE;LOZSDY;TER
COMMODITIES;LOZSDY;LME;MZN0 Ajuste;00000000000012;00000000002199;-;TONELADA;DOLAR DOS EUA;22000102;SIM;ZINCO;0000000001,0000000000;AJUSTE;LOZSDY;OPC
COMMODITIES;LOZSDY;LME;MZN0 Maximo;00000000000012;00000000002199;-;TONELADA;DOLAR DOS EUA;22000102;SIM;ZINCO;0000000001,0000000000;MAXIMO;LOZSDY;OPC
COMMODITIES;LPF28;LME;LPF28 AJUSTE;00000000000001;00000000002028;-;TONELADA;DOLAR DOS EUA;20280124;SIM;COBRE;0000000001,0000000000;AJUSTE;LPF28;OPC
COMMODITIES;LPF28;LME;LPF28 AJUSTE;00000000000001;00000000002028;-;TONELADA;DOLAR DOS EUA;20280124;SIM;COBRE;0000000001,0000000000;AJUSTE;LPF28;TER
COMMODITIES;LPF7;LME;LPF7 Ajuste;00000000000001;00000000002017;-;TONELADA;DOLAR DOS EUA;20170123;SIM;COBRE;0000000001,0000000000;AJUSTE;LPF7;COE
COMMODITIES;LPG28;LME;LPG28 AJUSTE;00000000000002;00000000002028;-;TONELADA;DOLAR DOS EUA;20280221;SIM;COBRE;0000000001,0000000000;AJUSTE;LPG28;OPC
COMMODITIES;LPG28;LME;LPG28 AJUSTE;00000000000002;00000000002028;-;TONELADA;DOLAR DOS EUA;20280221;SIM;COBRE;0000000001,0000000000;AJUSTE;LPG28;TER
COMMODITIES;LPH27;LME;LPH27 AJUSTE;00000000000003;00000000002027;-;TONELADA;DOLAR DOS EUA;20270322;SIM;COBRE;0000000001,0000000000;AJUSTE;LPH27;OPC
COMMODITIES;LPH27;LME;LPH27 AJUSTE;00000000000003;00000000002027;-;TONELADA;DOLAR DOS EUA;20270322;SIM;COBRE;0000000001,0000000000;AJUSTE;LPH27;TER
COMMODITIES;LPJ28;LME;LPJ28 AJUSTE;00000000000004;00000000002028;-;TONELADA;DOLAR DOS EUA;20280424;SIM;COBRE;0000000001,0000000000;AJUSTE;LPJ28;TER
COMMODITIES;LPJ28;LME;LPJ28 AJUSTE;00000000000004;00000000002028;-;TONELADA;DOLAR DOS EUA;20280424;SIM;COBRE;0000000001,0000000000;AJUSTE;LPJ28;OPC
COMMODITIES;LPK28;LME;LPK28 AJUSTE;00000000000005;00000000002028;-;TONELADA;DOLAR DOS EUA;20280522;SIM;COBRE;0000000001,0000000000;AJUSTE;LPK28;TER
COMMODITIES;LPK28;LME;LPK28 AJUSTE;00000000000005;00000000002028;-;TONELADA;DOLAR DOS EUA;20280522;SIM;COBRE;0000000001,0000000000;AJUSTE;LPK28;OPC
COMMODITIES;LPN27;LME;LPN27 AJUSTE;00000000000007;00000000002027;-;TONELADA;DOLAR DOS EUA;20270726;SIM;COBRE;0000000001,0000000000;AJUSTE;LPN27;TER
COMMODITIES;LPN27;LME;LPN27 AJUSTE;00000000000007;00000000002027;-;TONELADA;DOLAR DOS EUA;20270726;SIM;COBRE;0000000001,0000000000;AJUSTE;LPN27;OPC
COMMODITIES;LPQ26;LME;LPQ26 AJUSTE;00000000000008;00000000002026;-;TONELADA;DOLAR DOS EUA;20260824;SIM;COBRE;0000000001,0000000000;AJUSTE;LPQ26;OPC
COMMODITIES;LPQ26;LME;LPQ26 AJUSTE;00000000000008;00000000002026;-;TONELADA;DOLAR DOS EUA;20260824;SIM;COBRE;0000000001,0000000000;AJUSTE;LPQ26;TER
COMMODITIES;LPQ27;LME;LPQ27 AJUSTE;00000000000008;00000000002027;-;TONELADA;DOLAR DOS EUA;20270823;SIM;COBRE;0000000001,0000000000;AJUSTE;LPQ27;OPC
COMMODITIES;LPQ27;LME;LPQ27 AJUSTE;00000000000008;00000000002027;-;TONELADA;DOLAR DOS EUA;20270823;SIM;COBRE;0000000001,0000000000;AJUSTE;LPQ27;TER
COMMODITIES;LPU26;LME;LPU26 AJUSTE;00000000000009;00000000002026;-;TONELADA;DOLAR DOS EUA;20260921;SIM;COBRE;0000000001,0000000000;AJUSTE;LPU26;OPC
COMMODITIES;LPU26;LME;LPU26 AJUSTE;00000000000009;00000000002026;-;TONELADA;DOLAR DOS EUA;20260921;SIM;COBRE;0000000001,0000000000;AJUSTE;LPU26;TER
COMMODITIES;LPV26;LME;LPV26 AJUSTE;00000000000010;00000000002026;-;TONELADA;DOLAR DOS EUA;20261026;SIM;COBRE;0000000001,0000000000;AJUSTE;LPV26;TER
COMMODITIES;LPV26;LME;LPV26 AJUSTE;00000000000010;00000000002026;-;TONELADA;DOLAR DOS EUA;20261026;SIM;COBRE;0000000001,0000000000;AJUSTE;LPV26;OPC
COMMODITIES;LPX26;LME;LPX26 AJUSTE;00000000000011;00000000002026;-;TONELADA;DOLAR DOS EUA;20261123;SIM;COBRE;0000000001,0000000000;AJUSTE;LPX26;OPC
COMMODITIES;LPX26;LME;LPX26 AJUSTE;00000000000011;00000000002026;-;TONELADA;DOLAR DOS EUA;20261123;SIM;COBRE;0000000001,0000000000;AJUSTE;LPX26;TER
COMMODITIES;LPX27;LME;LPX27 AJUSTE;00000000000011;00000000002027;-;TONELADA;DOLAR DOS EUA;20271122;SIM;COBRE;0000000001,0000000000;AJUSTE;LPX27;TER
COMMODITIES;LPX27;LME;LPX27 AJUSTE;00000000000011;00000000002027;-;TONELADA;DOLAR DOS EUA;20271122;SIM;COBRE;0000000001,0000000000;AJUSTE;LPX27;OPC
COMMODITIES;LPZ26;LME;LPZ26 AJUSTE;00000000000012;00000000002026;-;TONELADA;DOLAR DOS EUA;20261221;SIM;COBRE;0000000001,0000000000;AJUSTE;LPZ26;OPC
COMMODITIES;LPZ26;LME;LPZ26 AJUSTE;00000000000012;00000000002026;-;TONELADA;DOLAR DOS EUA;20261221;SIM;COBRE;0000000001,0000000000;AJUSTE;LPZ26;TER
COMMODITIES;LP1;LME;LP1 Ajuste;00000000000012;00000000002201;-;TONELADA;DOLAR DOS EUA;22010404;SIM;COBRE;0000000001,0000000000;AJUSTE;LP1;OPC
COMMODITIES;LP1;LME;LP1 Ajuste;00000000000012;00000000002201;-;TONELADA;DOLAR DOS EUA;22010404;SIM;COBRE;0000000001,0000000000;AJUSTE;LP1;TER
COMMODITIES;LRCX7;LIFFE;LRCX7 Fechamento;00000000000011;00000000002017;ROBUSTA EM GRAOS;TONELADA METRICA;DOLAR DOS EUA;20171207;SIM;CAFE;0000000001,0000000000;FECHAMENTO;DFX7;COE
COMMODITIES;LRCX7;LIFFE;LRCX7 Ajuste;00000000000011;00000000002017;ROBUSTA EM GRAOS;TONELADA METRICA;DOLAR DOS EUA;20171207;SIM;CAFE;0000000001,0000000000;AJUSTE;DFX7;COE
COMMODITIES;LRCX7;LIFFE;LRCX7 Mínimo;00000000000011;00000000002017;ROBUSTA EM GRAOS;TONELADA METRICA;DOLAR DOS EUA;20171207;SIM;CAFE;0000000001,0000000000;MINIMO;DFX7;COE
COMMODITIES;LRCX7;LIFFE;LRCX7 Máximo;00000000000011;00000000002017;ROBUSTA EM GRAOS;TONELADA METRICA;DOLAR DOS EUA;20171207;SIM;CAFE;0000000001,0000000000;MAXIMO;DFX7;COE
COMMODITIES;LSF7;BMF;LSF7 AJUSTE;00000000000001;00000000002027;GORDO;ARROBA LIQUIDA;REAL;20270205;SIM;BOI;0000000001,0000000000;AJUSTE;LSF7;TER
COMMODITIES;LSF7;BMF;LSF7 AJUSTE;00000000000001;00000000002027;GORDO;ARROBA LIQUIDA;REAL;20270205;SIM;BOI;0000000001,0000000000;AJUSTE;LSF7;COE
COMMODITIES;LSF7;BMF;LSF7 AJUSTE;00000000000001;00000000002027;GORDO;ARROBA LIQUIDA;REAL;20270205;SIM;BOI;0000000001,0000000000;AJUSTE;LSF7;OPC
COMMODITIES;LSF8;BMF;LSF8 Mínimo;00000000000001;00000000002028;GORDO;ARROBA LIQUIDA;REAL;20280209;SIM;BOI;0000000001,0000000000;MINIMO;LSF8;OPC
COMMODITIES;LSF8;BMF;LSF8 Mínimo;00000000000001;00000000002028;GORDO;ARROBA LIQUIDA;REAL;20280209;SIM;BOI;0000000001,0000000000;MINIMO;LSF8;TER
COMMODITIES;LSF8;BMF;LSF8 AJUSTE;00000000000001;00000000002028;GORDO;ARROBA LIQUIDA;REAL;20280209;SIM;BOI;0000000001,0000000000;AJUSTE;LSF8;TER
COMMODITIES;LSF8;BMF;LSF8 Máximo;00000000000001;00000000002028;GORDO;ARROBA LIQUIDA;REAL;20280209;SIM;BOI;0000000001,0000000000;MAXIMO;LSF8;TER
COMMODITIES;LSF8;BMF;LSF8 Máximo;00000000000001;00000000002028;GORDO;ARROBA LIQUIDA;REAL;20280209;SIM;BOI;0000000001,0000000000;MAXIMO;LSF8;OPC
COMMODITIES;LSF8;BMF;LSF8 AJUSTE;00000000000001;00000000002028;GORDO;ARROBA LIQUIDA;REAL;20280209;SIM;BOI;0000000001,0000000000;AJUSTE;LSF8;OPC
COMMODITIES;LSG7;BMF;LSG7 AJUSTE;00000000000002;00000000002027;GORDO;ARROBA LIQUIDA;REAL;20270311;SIM;BOI;0000000001,0000000000;AJUSTE;LSG7;TER
COMMODITIES;LSG7;BMF;LSG7 AJUSTE;00000000000002;00000000002027;GORDO;ARROBA LIQUIDA;REAL;20270311;SIM;BOI;0000000001,0000000000;AJUSTE;LSG7;OPC
COMMODITIES;LSH7;BMF;LSH7 AJUSTE;00000000000003;00000000002027;GORDO;ARROBA LIQUIDA;REAL;20270407;SIM;BOI;0000000001,0000000000;AJUSTE;LSH7;TER
COMMODITIES;LSH7;BMF;LSH7 AJUSTE;00000000000003;00000000002027;GORDO;ARROBA LIQUIDA;REAL;20270407;SIM;BOI;0000000001,0000000000;AJUSTE;LSH7;OPC
COMMODITIES;LSK7;BMF;LSK7 AJUSTE;00000000000005;00000000002027;GORDO;ARROBA LIQUIDA;REAL;20270607;SIM;BOI;0000000001,0000000000;AJUSTE;LSK7;TER
COMMODITIES;LSK7;BMF;LSK7 AJUSTE;00000000000005;00000000002027;GORDO;ARROBA LIQUIDA;REAL;20270607;SIM;BOI;0000000001,0000000000;AJUSTE;LSK7;OPC
COMMODITIES;LSN7;BMF;LSN7 AJUSTE;00000000000007;00000000002027;GORDO;ARROBA LIQUIDA;REAL;20270806;SIM;BOI;0000000001,0000000000;AJUSTE;LSN7;OPC
COMMODITIES;LSN7;BMF;LSN7 AJUSTE;00000000000007;00000000002027;GORDO;ARROBA LIQUIDA;REAL;20270806;SIM;BOI;0000000001,0000000000;AJUSTE;LSN7;TER
COMMODITIES;LSQ6;BMF;LSQ6 Maximo;00000000000008;00000000002026;GORDO;ARROBA LIQUIDA;REAL;20260908;SIM;BOI;0000000001,0000000000;MAXIMO;LSQ6;OPC
COMMODITIES;LSQ6;BMF;LSQ6 Maximo;00000000000008;00000000002026;GORDO;ARROBA LIQUIDA;REAL;20260908;SIM;BOI;0000000001,0000000000;MAXIMO;LSQ6;TER
COMMODITIES;LSQ6;BMF;LSQ6 Minimo;00000000000008;00000000002026;GORDO;ARROBA LIQUIDA;REAL;20260908;SIM;BOI;0000000001,0000000000;MINIMO;LSQ6;OPC
COMMODITIES;LSQ6;BMF;LSQ6 Minimo;00000000000008;00000000002026;GORDO;ARROBA LIQUIDA;REAL;20260908;SIM;BOI;0000000001,0000000000;MINIMO;LSQ6;TER
COMMODITIES;LSQ6;BMF;LSQ6 AJUSTE;00000000000008;00000000002026;GORDO;ARROBA LIQUIDA;REAL;20260908;SIM;BOI;0000000001,0000000000;AJUSTE;LSQ6;TER
COMMODITIES;LSQ6;BMF;LSQ6 AJUSTE;00000000000008;00000000002026;GORDO;ARROBA LIQUIDA;REAL;20260908;SIM;BOI;0000000001,0000000000;AJUSTE;LSQ6;OPC
COMMODITIES;LSUH7;ICE (NYBOT);LSUH17 Ajuste;00000000000003;00000000002017;BRANCO;TONELADA METRICA;DOLAR DOS EUA;20170220;SIM;ACUCAR;0000000001,0000000000;AJUSTE;;COE
COMMODITIES;LSUH8;ICE (NYBOT);LSUH18 Ajuste;00000000000003;00000000002018;BRANCO;TONELADA METRICA;DOLAR DOS EUA;20180220;SIM;ACUCAR;0000000001,0000000000;AJUSTE;;COE
COMMODITIES;LSUK7;ICE (NYBOT);LSUK17 Ajuste;00000000000005;00000000002017;BRANCO;TONELADA METRICA;DOLAR DOS EUA;20170420;SIM;ACUCAR;0000000001,0000000000;AJUSTE;;COE
COMMODITIES;LSUK8;ICE (NYBOT);LSUK18 Ajuste;00000000000005;00000000002018;BRANCO;TONELADA METRICA;DOLAR DOS EUA;20180420;SIM;ACUCAR;0000000001,0000000000;AJUSTE;;COE
COMMODITIES;LSUQ7;ICE (NYBOT);LSUQ17 Ajuste;00000000000008;00000000002017;BRANCO;TONELADA METRICA;DOLAR DOS EUA;20170721;SIM;ACUCAR;0000000001,0000000000;AJUSTE;;COE
COMMODITIES;LSUQ8;ICE (NYBOT);LSUQ18 Ajuste;00000000000008;00000000002018;BRANCO;TONELADA METRICA;DOLAR DOS EUA;20170720;SIM;ACUCAR;0000000001,0000000000;AJUSTE;;COE
COMMODITIES;LSUV7;ICE (NYBOT);LSUV17 Ajuste;00000000000010;00000000002017;BRANCO;TONELADA METRICA;DOLAR DOS EUA;20170922;SIM;ACUCAR;0000000001,0000000000;AJUSTE;;COE
COMMODITIES;LSUZ7;ICE (NYBOT);LSUZ17 Ajuste;00000000000012;00000000002017;BRANCO;TONELADA METRICA;DOLAR DOS EUA;20171122;SIM;ACUCAR;0000000001,0000000000;AJUSTE;;COE
COMMODITIES;LSU6;BMF;LSU6 AJUSTE;00000000000009;00000000002026;GORDO;ARROBA LIQUIDA;REAL;20261007;SIM;BOI;0000000001,0000000000;AJUSTE;LSU6;OPC
COMMODITIES;LSU6;BMF;LSU6 AJUSTE;00000000000009;00000000002026;GORDO;ARROBA LIQUIDA;REAL;20261007;SIM;BOI;0000000001,0000000000;AJUSTE;LSU6;TER
COMMODITIES;LSU6;BMF;LSU6 Mínimo;00000000000009;00000000002026;GORDO;ARROBA LIQUIDA;REAL;20261007;SIM;BOI;0000000001,0000000000;MINIMO;LSU6;OPC
COMMODITIES;LSU6;BMF;LSU6 Mínimo;00000000000009;00000000002026;GORDO;ARROBA LIQUIDA;REAL;20261007;SIM;BOI;0000000001,0000000000;MINIMO;LSU6;TER
COMMODITIES;LSU6;BMF;LSU6 Máximo;00000000000009;00000000002026;GORDO;ARROBA LIQUIDA;REAL;20261007;SIM;BOI;0000000001,0000000000;MAXIMO;LSU6;TER
COMMODITIES;LSU6;BMF;LSU6 Máximo;00000000000009;00000000002026;GORDO;ARROBA LIQUIDA;REAL;20261007;SIM;BOI;0000000001,0000000000;MAXIMO;LSU6;OPC
COMMODITIES;LSV6;BMF;LSV6 Máximo;00000000000010;00000000002026;GORDO;ARROBA LIQUIDA;REAL;20261109;SIM;BOI;0000000001,0000000000;MAXIMO;LSV6;COE
COMMODITIES;LSV6;BMF;LSV6 Mínimo;00000000000010;00000000002026;GORDO;ARROBA LIQUIDA;REAL;20261109;SIM;BOI;0000000001,0000000000;MINIMO;LSV6;TER
COMMODITIES;LSV6;BMF;LSV6 AJUSTE;00000000000010;00000000002026;GORDO;ARROBA LIQUIDA;REAL;20261109;SIM;BOI;0000000001,0000000000;AJUSTE;LSV6;TER
COMMODITIES;LSV6;BMF;LSV6 Mínimo;00000000000010;00000000002026;GORDO;ARROBA LIQUIDA;REAL;20261109;SIM;BOI;0000000001,0000000000;MINIMO;LSV6;OPC
COMMODITIES;LSV6;BMF;LSV6 AJUSTE;00000000000010;00000000002026;GORDO;ARROBA LIQUIDA;REAL;20261109;SIM;BOI;0000000001,0000000000;AJUSTE;LSV6;COE
COMMODITIES;LSV6;BMF;LSV6 AJUSTE;00000000000010;00000000002026;GORDO;ARROBA LIQUIDA;REAL;20261109;SIM;BOI;0000000001,0000000000;AJUSTE;LSV6;OPC
COMMODITIES;LSV6;BMF;LSV6 Mínimo;00000000000010;00000000002026;GORDO;ARROBA LIQUIDA;REAL;20261109;SIM;BOI;0000000001,0000000000;MINIMO;LSV6;COE
COMMODITIES;LSV6;BMF;LSV6 Máximo;00000000000010;00000000002026;GORDO;ARROBA LIQUIDA;REAL;20261109;SIM;BOI;0000000001,0000000000;MAXIMO;LSV6;TER
COMMODITIES;LSV6;BMF;LSV6 Máximo;00000000000010;00000000002026;GORDO;ARROBA LIQUIDA;REAL;20261109;SIM;BOI;0000000001,0000000000;MAXIMO;LSV6;OPC
COMMODITIES;LSX6;BMF;LSX6 Máximo;00000000000011;00000000002026;GORDO;ARROBA LIQUIDA;REAL;20261207;SIM;BOI;0000000001,0000000000;MAXIMO;LSX6;OPC
COMMODITIES;LSX6;BMF;LSX6 Mínimo;00000000000011;00000000002026;GORDO;ARROBA LIQUIDA;REAL;20261207;SIM;BOI;0000000001,0000000000;MINIMO;LSX6;OPC
COMMODITIES;LSX6;BMF;LSX6 Mínimo;00000000000011;00000000002026;GORDO;ARROBA LIQUIDA;REAL;20261207;SIM;BOI;0000000001,0000000000;MINIMO;LSX6;TER
COMMODITIES;LSX6;BMF;LSX6 Máximo;00000000000011;00000000002026;GORDO;ARROBA LIQUIDA;REAL;20261207;SIM;BOI;0000000001,0000000000;MAXIMO;LSX6;TER
COMMODITIES;LSX6;BMF;LSX6 AJUSTE;00000000000011;00000000002026;GORDO;ARROBA LIQUIDA;REAL;20261207;SIM;BOI;0000000001,0000000000;AJUSTE;LSX6;TER
COMMODITIES;LSX6;BMF;LSX6 AJUSTE;00000000000011;00000000002026;GORDO;ARROBA LIQUIDA;REAL;20261207;SIM;BOI;0000000001,0000000000;AJUSTE;LSX6;OPC
COMMODITIES;LSZ6;BMF;LSZ6 AJUSTE;00000000000012;00000000002026;GORDO;ARROBA LIQUIDA;REAL;20270107;SIM;BOI;0000000001,0000000000;AJUSTE;LSZ6;OPC
COMMODITIES;LSZ6;BMF;LSZ6 AJUSTE;00000000000012;00000000002026;GORDO;ARROBA LIQUIDA;REAL;20270107;SIM;BOI;0000000001,0000000000;AJUSTE;LSZ6;TER
COMMODITIES;LSZ7;BMF;LSZ7 AJUSTE;00000000000012;00000000002027;GORDO;ARROBA LIQUIDA;REAL;20280106;SIM;BOI;0000000001,0000000000;AJUSTE;LSZ7;TER
COMMODITIES;LSZ7;BMF;LSZ7 AJUSTE;00000000000012;00000000002027;GORDO;ARROBA LIQUIDA;REAL;20280106;SIM;BOI;0000000001,0000000000;AJUSTE;LSZ7;OPC
COMMODITIES;LT1;LME;LT1 Ajuste;00000000000012;00000000002201;99,85% PURITY;TONELADA METRICA;DOLAR DOS EUA;22010405;SIM;ESTANHO;0000000001,0000000000;AJUSTE;LT1;OPC
COMMODITIES;LT1;LME;LT1 Ajuste;00000000000012;00000000002201;99,85% PURITY;TONELADA METRICA;DOLAR DOS EUA;22010405;SIM;ESTANHO;0000000001,0000000000;AJUSTE;LT1;TER
COMMODITIES;LUP1;LME;LUP1 Ajuste;00000000000012;00000000002200;PREMIUM DUTY UNPAID EUROPEAN;TONELADA METRICA;DOLAR DOS EUA;22010107;SIM;ALUMINIO;0000000001,0000000000;AJUSTE;LUP1;OPC
COMMODITIES;LUP1;LME;LUP1 Ajuste;00000000000012;00000000002200;PREMIUM DUTY UNPAID EUROPEAN;TONELADA METRICA;DOLAR DOS EUA;22010107;SIM;ALUMINIO;0000000001,0000000000;AJUSTE;LUP1;TER
COMMODITIES;LY1;LME;LY1 Ajuste;00000000000012;00000000002202;-;TONELADA METRICA;DOLAR DOS EUA;22020605;SIM;ALUMINIO;0000000001,0000000000;AJUSTE;LY1;OPC
COMMODITIES;LY1;LME;LY1 Ajuste;00000000000012;00000000002202;-;TONELADA METRICA;DOLAR DOS EUA;22020605;SIM;ALUMINIO;0000000001,0000000000;AJUSTE;LY1;TER
COMMODITIES;MFE1;NYMEX;MFE1 Ajuste;00000000000012;00000000002199;API 2 ARA ARGUS;TONELADA METRICA;DOLAR DOS EUA;21991201;SIM;CARVAO;0000000001,0000000000;AJUSTE;MFE1;COE
COMMODITIES;MOC1;CMX;MOC1 AJUSTE;00000000000012;00000000002200;-;POUND;DOLAR DOS EUA;22000202;SIM;MOLIBDENIO;0000000001,0000000000;AJUSTE;MOC1;OPC
COMMODITIES;MOC1;CMX;MOC1 AJUSTE;00000000000012;00000000002200;-;POUND;DOLAR DOS EUA;22000202;SIM;MOLIBDENIO;0000000001,0000000000;AJUSTE;MOC1;TER
COMMODITIES;MTFN7;NYMEX;MTFN7 Fechamento;00000000000007;00000000002017;API 2 ARA ARGUS;TONELADA METRICA;DOLAR DOS EUA;20170804;SIM;CARVAO;0000000001,0000000000;FECHAMENTO;MFEN7;COE
COMMODITIES;MTFN7;NYMEX;MTFN7 Ajuste;00000000000007;00000000002017;API 2 ARA ARGUS;TONELADA METRICA;DOLAR DOS EUA;20170804;SIM;CARVAO;0000000001,0000000000;AJUSTE;MFEN7;COE
COMMODITIES;MTFN7;NYMEX;MTFN7 Minimo;00000000000007;00000000002017;API 2 ARA ARGUS;TONELADA METRICA;DOLAR DOS EUA;20170804;SIM;CARVAO;0000000001,0000000000;MINIMO;MFEN7;COE
COMMODITIES;MTFN7;NYMEX;MTFN7 Maximo;00000000000007;00000000002017;API 2 ARA ARGUS;TONELADA METRICA;DOLAR DOS EUA;20170804;SIM;CARVAO;0000000001,0000000000;MAXIMO;MFEN7;COE
COMMODITIES;MTFQ7;NYMEX;MTFQ7 Ajuste;00000000000008;00000000002017;API 2 ARA ARGUS;TONELADA METRICA;DOLAR DOS EUA;20170901;SIM;CARVAO;0000000001,0000000000;AJUSTE;MFEQ7;COE
COMMODITIES;MTFQ7;NYMEX;MTFQ7 Minimo;00000000000008;00000000002017;API 2 ARA ARGUS;TONELADA METRICA;DOLAR DOS EUA;20170901;SIM;CARVAO;0000000001,0000000000;MINIMO;MFEQ7;COE
COMMODITIES;MTFQ7;NYMEX;MTFQ7 Fechamento;00000000000008;00000000002017;API 2 ARA ARGUS;TONELADA METRICA;DOLAR DOS EUA;20170901;SIM;CARVAO;0000000001,0000000000;FECHAMENTO;MFEQ7;COE
COMMODITIES;MTFQ7;NYMEX;MTFQ7 Maximo;00000000000008;00000000002017;API 2 ARA ARGUS;TONELADA METRICA;DOLAR DOS EUA;20170901;SIM;CARVAO;0000000001,0000000000;MAXIMO;MFEQ7;COE
COMMODITIES;MTFU7;NYMEX;MTFU7 Ajuste;00000000000009;00000000002017;API 2 ARA ARGUS;TONELADA METRICA;DOLAR DOS EUA;20171006;SIM;CARVAO;0000000001,0000000000;AJUSTE;MFEU7;COE
COMMODITIES;MTFU7;NYMEX;MTFU7 Fechamento;00000000000009;00000000002017;API 2 ARA ARGUS;TONELADA METRICA;DOLAR DOS EUA;20171006;SIM;CARVAO;0000000001,0000000000;FECHAMENTO;MFEU7;COE
COMMODITIES;MTFU7;NYMEX;MTFU7 Maximo;00000000000009;00000000002017;API 2 ARA ARGUS;TONELADA METRICA;DOLAR DOS EUA;20171006;SIM;CARVAO;0000000001,0000000000;MAXIMO;MFEU7;COE
COMMODITIES;MTFU7;NYMEX;MTFU7 Minimo;00000000000009;00000000002017;API 2 ARA ARGUS;TONELADA METRICA;DOLAR DOS EUA;20171006;SIM;CARVAO;0000000001,0000000000;MINIMO;MFEU7;COE
COMMODITIES;MTFV7;NYMEX;MTFV7 Maximo;00000000000010;00000000002017;API 2 ARA ARGUS;TONELADA METRICA;DOLAR DOS EUA;20171103;SIM;CARVAO;0000000001,0000000000;MAXIMO;MFEV7;COE
COMMODITIES;MTFV7;NYMEX;MTFV7 Fechamento;00000000000010;00000000002017;API 2 ARA ARGUS;TONELADA METRICA;DOLAR DOS EUA;20171103;SIM;CARVAO;0000000001,0000000000;FECHAMENTO;MFEV7;COE
COMMODITIES;MTFV7;NYMEX;MTFV7 Ajuste;00000000000010;00000000002017;API 2 ARA ARGUS;TONELADA METRICA;DOLAR DOS EUA;20171103;SIM;CARVAO;0000000001,0000000000;AJUSTE;MFEV7;COE
COMMODITIES;MTFV7;NYMEX;MTFV7 Minimo;00000000000010;00000000002017;API 2 ARA ARGUS;TONELADA METRICA;DOLAR DOS EUA;20171103;SIM;CARVAO;0000000001,0000000000;MINIMO;MFEV7;COE
COMMODITIES;MTFX7;NYMEX;MTFX7 Minimo;00000000000011;00000000002017;API 2 ARA ARGUS;TONELADA METRICA;DOLAR DOS EUA;20171201;SIM;CARVAO;0000000001,0000000000;MINIMO;MFEX7;COE
COMMODITIES;MTFX7;NYMEX;MTFX7 Fechamento;00000000000011;00000000002017;API 2 ARA ARGUS;TONELADA METRICA;DOLAR DOS EUA;20171201;SIM;CARVAO;0000000001,0000000000;FECHAMENTO;MFEX7;COE
COMMODITIES;MTFX7;NYMEX;MTFX7 Ajuste;00000000000011;00000000002017;API 2 ARA ARGUS;TONELADA METRICA;DOLAR DOS EUA;20171201;SIM;CARVAO;0000000001,0000000000;AJUSTE;MFEX7;COE
COMMODITIES;MTFX7;NYMEX;MTFX7 Maximo;00000000000011;00000000002017;API 2 ARA ARGUS;TONELADA METRICA;DOLAR DOS EUA;20171201;SIM;CARVAO;0000000001,0000000000;MAXIMO;MFEX7;COE
COMMODITIES;MTFZ7;NYMEX;MTFZ7 Ajuste;00000000000012;00000000002017;API 2 ARA ARGUS;TONELADA METRICA;DOLAR DOS EUA;20180105;SIM;CARVAO;0000000001,0000000000;AJUSTE;MFEZ7;COE
COMMODITIES;MTFZ7;NYMEX;MTFZ7 Fechamento;00000000000012;00000000002017;API 2 ARA ARGUS;TONELADA METRICA;DOLAR DOS EUA;20180105;SIM;CARVAO;0000000001,0000000000;FECHAMENTO;MFEZ7;COE
COMMODITIES;MTFZ7;NYMEX;MTFZ7 Maximo;00000000000012;00000000002017;API 2 ARA ARGUS;TONELADA METRICA;DOLAR DOS EUA;20180105;SIM;CARVAO;0000000001,0000000000;MAXIMO;MFEZ7;COE
COMMODITIES;MTFZ7;NYMEX;MTFZ7 Minimo;00000000000012;00000000002017;API 2 ARA ARGUS;TONELADA METRICA;DOLAR DOS EUA;20180105;SIM;CARVAO;0000000001,0000000000;MINIMO;MFEZ7;COE
COMMODITIES;NACX0005;BLOOMBERG;NACX0005 Ajuste;00000000000012;00000000002222;FUTURO DE MARINE FUEL;TONELADA METRICA;DOLAR DOS EUA;22221201;SIM;OLEO;0000000001,0000000000;AJUSTE;NACX0005;OPC
COMMODITIES;NACX0005;BLOOMBERG;NACX0005 Ajuste;00000000000012;00000000002222;FUTURO DE MARINE FUEL;TONELADA METRICA;DOLAR DOS EUA;22221201;SIM;OLEO;0000000001,0000000000;AJUSTE;NACX0005;TER
COMMODITIES;NAEB0011;BLOOMBERG;NAEB0011;00000000000012;00000000002194;-;TONELADA METRICA;DOLAR DOS EUA;22001208;SIM;PLATTS;0000000001,0000000000;FECHAMENTO;NAEB0011;OPC
COMMODITIES;NAEB0011;BLOOMBERG;NAEB0011;00000000000012;00000000002194;-;TONELADA METRICA;DOLAR DOS EUA;22001208;SIM;PLATTS;0000000001,0000000000;FECHAMENTO;NAEB0011;TER
COMMODITIES;NAMC0031;BLOOMBERG;NAMC0031 AJUSTE;00000000000001;00000000002200;PLATTS TSI HARD COKING COAL AUSTRALIA;TONELADA METRICA;DOLAR DOS EUA;22000202;SIM;CARVAO;0000000001,0000000000;AJUSTE;NAMC0031;OPC
COMMODITIES;NAMC0031;BLOOMBERG;NAMC0031 AJUSTE;00000000000001;00000000002200;PLATTS TSI HARD COKING COAL AUSTRALIA;TONELADA METRICA;DOLAR DOS EUA;22000202;SIM;CARVAO;0000000001,0000000000;AJUSTE;NAMC0031;TER
COMMODITIES;NAO10010;BLOOMBERG;NAO10010;00000000000012;00000000002200;FOB PARANAGUA BASIS;BUSHELS;DOLAR DOS EUA;22001208;SIM;SOJA;0000000001,0000000000;AJUSTE;NAO10010;TER
COMMODITIES;NAO10010;BLOOMBERG;NAO10010;00000000000012;00000000002200;FOB PARANAGUA BASIS;BUSHELS;DOLAR DOS EUA;22001208;SIM;SOJA;0000000001,0000000000;AJUSTE;NAO10010;OPC
COMMODITIES;NAO1003D;BLOOMBERG;NAO1003D;00000000000012;00000000002200;FUTURO DE OLEO DE SOJA PARANAGUA;TONELADA METRICA;DOLAR DOS EUA;22001208;SIM;OLEO DE SOJA;0000000001,0000000000;AJUSTE;NAO1003D;TER
COMMODITIES;NAO1003D;BLOOMBERG;NAO1003D;00000000000012;00000000002200;FUTURO DE OLEO DE SOJA PARANAGUA;TONELADA METRICA;DOLAR DOS EUA;22001208;SIM;OLEO DE SOJA;0000000001,0000000000;AJUSTE;NAO1003D;OPC
COMMODITIES;NAO10075;BLOOMBERG;NAO10075;00000000000012;00000000002301;FOB PARANAGUA BASIS;POUND;DOLAR DOS EUA;23010201;SIM;OLEO DE SOJA;0000000001,0000000000;AJUSTE;NAO10075;OPC
COMMODITIES;NAO10075;BLOOMBERG;NAO10075;00000000000012;00000000002301;FOB PARANAGUA BASIS;POUND;DOLAR DOS EUA;23010201;SIM;OLEO DE SOJA;0000000001,0000000000;AJUSTE;NAO10075;TER
COMMODITIES;NAO10077;BLOOMBERG;NAO10077;00000000000012;00000000002181;-;-;DOLAR DOS EUA;22000108;SIM;PLATTS;0000000001,0000000000;FECHAMENTO;NAO10077;TER
COMMODITIES;NAO10077;BLOOMBERG;NAO10077;00000000000012;00000000002181;-;-;DOLAR DOS EUA;22000108;SIM;PLATTS;0000000001,0000000000;FECHAMENTO;NAO10077;OPC
COMMODITIES;NAPX005A;BLOOMBERG;NAPX005A AJUSTE;00000000000012;00000000002200;JM RHODIUM EUROPE;ONCA TROY;DOLAR DOS EUA;22000202;SIM;RODIO;0000000001,0000000000;AJUSTE;NAPX005A;TER
COMMODITIES;NAPX005A;BLOOMBERG;NAPX005A AJUSTE;00000000000012;00000000002200;JM RHODIUM EUROPE;ONCA TROY;DOLAR DOS EUA;22000202;SIM;RODIO;0000000001,0000000000;AJUSTE;NAPX005A;OPC
COMMODITIES;NENWM1;BLOOMBERG;NENWM1 AJUSTE;00000000000012;00000000002200;EUROPEAN NAFTA CIF NWE CARGO SWAP M1;TONELADA METRICA;DOLAR DOS EUA;22000102;SIM;CARGA;0000000001,0000000000;AJUSTE;;TER
COMMODITIES;NENWM1;BLOOMBERG;NENWM1 AJUSTE;00000000000012;00000000002200;EUROPEAN NAFTA CIF NWE CARGO SWAP M1;TONELADA METRICA;DOLAR DOS EUA;22000102;SIM;CARGA;0000000001,0000000000;AJUSTE;;OPC
COMMODITIES;NGN6;NYMEX;NGN6 Minimo;00000000000007;00000000002016;HENRY HUB (NG);MMBTU;DOLAR DOS EUA;20160705;SIM;GAS NATURAL;0000000001,0000000000;MINIMO;NGN6;COE
COMMODITIES;NGN6;NYMEX;NGN6 Maximo;00000000000007;00000000002016;HENRY HUB (NG);MMBTU;DOLAR DOS EUA;20160705;SIM;GAS NATURAL;0000000001,0000000000;MAXIMO;NGN6;COE
COMMODITIES;NGN6;NYMEX;NGN6 Fechamento;00000000000007;00000000002016;HENRY HUB (NG);MMBTU;DOLAR DOS EUA;20160705;SIM;GAS NATURAL;0000000001,0000000000;FECHAMENTO;NGN6;COE
COMMODITIES;NGN6;NYMEX;NGN6 Ajuste;00000000000007;00000000002016;HENRY HUB (NG);MMBTU;DOLAR DOS EUA;20160705;SIM;GAS NATURAL;0000000001,0000000000;AJUSTE;NGN6;COE
COMMODITIES;NGU26;NYMEX;NGU26 Mínimo;00000000000009;00000000002026;HENRY HUB (NG);MMBTU;DOLAR DOS EUA;20260903;SIM;GAS NATURAL;0000000001,0000000000;MINIMO;NGU26;OPC
COMMODITIES;NGU26;NYMEX;NGU26 AJUSTE;00000000000009;00000000002026;HENRY HUB (NG);MMBTU;DOLAR DOS EUA;20260903;SIM;GAS NATURAL;0000000001,0000000000;AJUSTE;NGU26;OPC
COMMODITIES;NGU26;NYMEX;NGU26 Máximo;00000000000009;00000000002026;HENRY HUB (NG);MMBTU;DOLAR DOS EUA;20260903;SIM;GAS NATURAL;0000000001,0000000000;MAXIMO;NGU26;OPC
COMMODITIES;NGU26;NYMEX;NGU26 Mínimo;00000000000009;00000000002026;HENRY HUB (NG);MMBTU;DOLAR DOS EUA;20260903;SIM;GAS NATURAL;0000000001,0000000000;MINIMO;NGU26;TER
COMMODITIES;NGU26;NYMEX;NGU26 AJUSTE;00000000000009;00000000002026;HENRY HUB (NG);MMBTU;DOLAR DOS EUA;20260903;SIM;GAS NATURAL;0000000001,0000000000;AJUSTE;NGU26;TER
COMMODITIES;NGU26;NYMEX;NGU26 Máximo;00000000000009;00000000002026;HENRY HUB (NG);MMBTU;DOLAR DOS EUA;20260903;SIM;GAS NATURAL;0000000001,0000000000;MAXIMO;NGU26;TER
COMMODITIES;NGV26;NYMEX;NGV26 Máximo;00000000000010;00000000002026;HENRY HUB (NG);MMBTU;DOLAR DOS EUA;20261005;SIM;GAS NATURAL;0000000001,0000000000;MAXIMO;NGV26;OPC
COMMODITIES;NGV26;NYMEX;NGV26 AJUSTE;00000000000010;00000000002026;HENRY HUB (NG);MMBTU;DOLAR DOS EUA;20261005;SIM;GAS NATURAL;0000000001,0000000000;AJUSTE;NGV26;TER
COMMODITIES;NGV26;NYMEX;NGV26 Mínimo;00000000000010;00000000002026;HENRY HUB (NG);MMBTU;DOLAR DOS EUA;20261005;SIM;GAS NATURAL;0000000001,0000000000;MINIMO;NGV26;TER
COMMODITIES;NGV26;NYMEX;NGV26 Mínimo;00000000000010;00000000002026;HENRY HUB (NG);MMBTU;DOLAR DOS EUA;20261005;SIM;GAS NATURAL;0000000001,0000000000;MINIMO;NGV26;OPC
COMMODITIES;NGV26;NYMEX;NGV26 AJUSTE;00000000000010;00000000002026;HENRY HUB (NG);MMBTU;DOLAR DOS EUA;20261005;SIM;GAS NATURAL;0000000001,0000000000;AJUSTE;NGV26;OPC
COMMODITIES;NGV26;NYMEX;NGV26 Máximo;00000000000010;00000000002026;HENRY HUB (NG);MMBTU;DOLAR DOS EUA;20261005;SIM;GAS NATURAL;0000000001,0000000000;MAXIMO;NGV26;TER
COMMODITIES;NGX26;NYMEX;NGX26 Mínimo;00000000000011;00000000002026;HENRY HUB (NG);MMBTU;DOLAR DOS EUA;20261105;SIM;GAS NATURAL;0000000001,0000000000;MINIMO;NGX26;OPC
COMMODITIES;NGX26;NYMEX;NGX26 Mínimo;00000000000011;00000000002026;HENRY HUB (NG);MMBTU;DOLAR DOS EUA;20261105;SIM;GAS NATURAL;0000000001,0000000000;MINIMO;NGX26;TER
COMMODITIES;NGX26;NYMEX;NGX26 AJUSTE;00000000000011;00000000002026;HENRY HUB (NG);MMBTU;DOLAR DOS EUA;20261105;SIM;GAS NATURAL;0000000001,0000000000;AJUSTE;NGX26;TER
COMMODITIES;NGX26;NYMEX;NGX26 AJUSTE;00000000000011;00000000002026;HENRY HUB (NG);MMBTU;DOLAR DOS EUA;20261105;SIM;GAS NATURAL;0000000001,0000000000;AJUSTE;NGX26;OPC
COMMODITIES;NGX26;NYMEX;NGX26 Máximo;00000000000011;00000000002026;HENRY HUB (NG);MMBTU;DOLAR DOS EUA;20261105;SIM;GAS NATURAL;0000000001,0000000000;MAXIMO;NGX26;OPC
COMMODITIES;NGX26;NYMEX;NGX26 Máximo;00000000000011;00000000002026;HENRY HUB (NG);MMBTU;DOLAR DOS EUA;20261105;SIM;GAS NATURAL;0000000001,0000000000;MAXIMO;NGX26;TER
COMMODITIES;NGZ26;NYMEX;NGZ26 Mínimo;00000000000012;00000000002026;HENRY HUB (NG);MMBTU;DOLAR DOS EUA;20261202;SIM;GAS NATURAL;0000000001,0000000000;MINIMO;NGZ26;TER
COMMODITIES;NGZ26;NYMEX;NGZ26 Mínimo;00000000000012;00000000002026;HENRY HUB (NG);MMBTU;DOLAR DOS EUA;20261202;SIM;GAS NATURAL;0000000001,0000000000;MINIMO;NGZ26;OPC
COMMODITIES;NGZ26;NYMEX;NGZ26 Máximo;00000000000012;00000000002026;HENRY HUB (NG);MMBTU;DOLAR DOS EUA;20261202;SIM;GAS NATURAL;0000000001,0000000000;MAXIMO;NGZ26;OPC
COMMODITIES;NGZ26;NYMEX;NGZ26 Máximo;00000000000012;00000000002026;HENRY HUB (NG);MMBTU;DOLAR DOS EUA;20261202;SIM;GAS NATURAL;0000000001,0000000000;MAXIMO;NGZ26;TER
COMMODITIES;NGZ26;NYMEX;NGZ26 AJUSTE;00000000000012;00000000002026;HENRY HUB (NG);MMBTU;DOLAR DOS EUA;20261202;SIM;GAS NATURAL;0000000001,0000000000;AJUSTE;NGZ26;TER
COMMODITIES;NGZ26;NYMEX;NGZ26 AJUSTE;00000000000012;00000000002026;HENRY HUB (NG);MMBTU;DOLAR DOS EUA;20261202;SIM;GAS NATURAL;0000000001,0000000000;AJUSTE;NGZ26;OPC
COMMODITIES;NG1;NYMEX;NG1 Ajuste;00000000000012;00000000002200;HENRY HUB (NG);MMBTU;DOLAR DOS EUA;22000108;SIM;GAS NATURAL;0000000001,0000000000;AJUSTE;NG1;TER
COMMODITIES;NG1;NYMEX;NG1 Ajuste;00000000000012;00000000002200;HENRY HUB (NG);MMBTU;DOLAR DOS EUA;22000108;SIM;GAS NATURAL;0000000001,0000000000;AJUSTE;NG1;OPC
COMMODITIES;NSGCBZM2;IFE-ICE;NSGCBZM2;00000000000011;00000000002201;-;GALAO;DOLAR DOS EUA;22011109;SIM;BENZENO;0000000001,0000000000;AJUSTE;NSGCBZM2;TER
COMMODITIES;NSGCBZM2;IFE-ICE;NSGCBZM2;00000000000011;00000000002201;-;GALAO;DOLAR DOS EUA;22011109;SIM;BENZENO;0000000001,0000000000;AJUSTE;NSGCBZM2;OPC
COMMODITIES;OJF8;ICE (NYBOT);OJF8 Mínimo;00000000000001;00000000002018;-;POUND;DOLAR DOS EUA;20180117;SIM;SUCO DE LARANJA;0000000000,0100000000;MINIMO;JOF8;COE
COMMODITIES;OJF8;ICE (NYBOT);OJF8 Máximo;00000000000001;00000000002018;-;POUND;DOLAR DOS EUA;20180117;SIM;SUCO DE LARANJA;0000000000,0100000000;MAXIMO;JOF8;COE
COMMODITIES;OJF8;ICE (NYBOT);OJF8 Fechamento;00000000000001;00000000002018;-;POUND;DOLAR DOS EUA;20180117;SIM;SUCO DE LARANJA;0000000000,0100000000;FECHAMENTO;JOF8;COE
COMMODITIES;OJF8;ICE (NYBOT);OJF8 Ajuste;00000000000001;00000000002018;-;POUND;DOLAR DOS EUA;20180117;SIM;SUCO DE LARANJA;0000000000,0100000000;AJUSTE;JOF8;COE
COMMODITIES;OJH7;ICE (NYBOT);OJh7 Ajuste;00000000000003;00000000002017;-;POUND;DOLAR DOS EUA;20170320;SIM;SUCO DE LARANJA;0000000001,0000000000;AJUSTE;JOH7;COE
COMMODITIES;OJK7;ICE (NYBOT);OJk7 Ajuste;00000000000005;00000000002017;-;POUND;DOLAR DOS EUA;20170517;SIM;SUCO DE LARANJA;0000000001,0000000000;AJUSTE;JOK7;COE
COMMODITIES;OJN7;ICE (NYBOT);OJn7 Ajuste;00000000000007;00000000002017;-;POUND;DOLAR DOS EUA;20170718;SIM;SUCO DE LARANJA;0000000001,0000000000;AJUSTE;JON7;COE
COMMODITIES;OJX7;ICE (NYBOT);OJX7 Minimo;00000000000011;00000000002017;-;POUND;DOLAR DOS EUA;20171117;SIM;SUCO DE LARANJA;0000000000,0100000000;MINIMO;JOX7;COE
COMMODITIES;OJX7;ICE (NYBOT);OJX7 Maximo;00000000000011;00000000002017;-;POUND;DOLAR DOS EUA;20171117;SIM;SUCO DE LARANJA;0000000000,0100000000;MAXIMO;JOX7;COE
COMMODITIES;OJX7;ICE (NYBOT);OJX7 Fechamento;00000000000011;00000000002017;-;POUND;DOLAR DOS EUA;20171117;SIM;SUCO DE LARANJA;0000000000,0100000000;FECHAMENTO;JOX7;COE
COMMODITIES;OJX7;ICE (NYBOT);OJX7 Ajuste;00000000000011;00000000002017;-;POUND;DOLAR DOS EUA;20171117;SIM;SUCO DE LARANJA;0000000000,0100000000;AJUSTE;JOX7;COE
COMMODITIES;PCRUDTB1;BLOOMBERG;PCRUDTB1;00000000000012;00000000002196;-;BARRIL;DOLAR DOS EUA;22001208;SIM;PLATTS;0000000001,0000000000;FECHAMENTO;PCRUDTB1;TER
COMMODITIES;PCRUDTB1;BLOOMBERG;PCRUDTB1 AJUSTE;00000000000012;00000000002200;EUROPEAN DATED BRENT CRUDE OIL;BARRIL;DOLAR DOS EUA;22000202;SIM;PLATTS;0000000001,0000000000;AJUSTE;PCRUDTB1;OPC
COMMODITIES;PCRUDTB1;BLOOMBERG;PCRUDTB1 AJUSTE;00000000000012;00000000002200;EUROPEAN DATED BRENT CRUDE OIL;BARRIL;DOLAR DOS EUA;22000202;SIM;PLATTS;0000000001,0000000000;AJUSTE;PCRUDTB1;TER
COMMODITIES;PCRUDTB1;BLOOMBERG;PCRUDTB1;00000000000012;00000000002196;-;BARRIL;DOLAR DOS EUA;22001208;SIM;PLATTS;0000000001,0000000000;FECHAMENTO;PCRUDTB1;OPC
COMMODITIES;PCWN6;NYMEX;PCWN6 AJUSTE;00000000000007;00000000002026;-;POUND;DOLAR DOS EUA;20260807;SIM;ETILENO;0000000001,0000000000;AJUSTE;PCWN6;TER
COMMODITIES;PCWN6;NYMEX;PCWN6 AJUSTE;00000000000007;00000000002026;-;POUND;DOLAR DOS EUA;20260807;SIM;ETILENO;0000000001,0000000000;AJUSTE;PCWN6;OPC
COMMODITIES;PCWQ6;NYMEX;PCWQ6 AJUSTE;00000000000008;00000000002026;-;POUND;DOLAR DOS EUA;20260908;SIM;ETILENO;0000000001,0000000000;AJUSTE;PCWQ6;TER
COMMODITIES;PCWQ6;NYMEX;PCWQ6 AJUSTE;00000000000008;00000000002026;-;POUND;DOLAR DOS EUA;20260908;SIM;ETILENO;0000000001,0000000000;AJUSTE;PCWQ6;OPC
COMMODITIES;PFATIOCH;BLOOMBERG;PFATIOCH Ajuste;00000000000012;00000000002222;TSI 62 PERCENTUAL FERRO;TONELADA METRICA;DOLAR DOS EUA;22221201;SIM;MINERIO DE FERRO;0000000001,0000000000;AJUSTE;PFATIOCH;TER
COMMODITIES;PFATIOCH;BLOOMBERG;PFATIOCH Ajuste;00000000000012;00000000002222;TSI 62 PERCENTUAL FERRO;TONELADA METRICA;DOLAR DOS EUA;22221201;SIM;MINERIO DE FERRO;0000000001,0000000000;AJUSTE;PFATIOCH;OPC
COMMODITIES;PGP1;NYMEX;PGP1 Ajuste;00000000000001;00000000002200;PRIMEIRO FUTURO PGP;POUND;DOLAR DOS EUA;22000102;SIM;PROPILENO;0000000001,0000000000;AJUSTE;PGP1;OPC
COMMODITIES;PGP1;NYMEX;PGP1 Ajuste;00000000000001;00000000002200;PRIMEIRO FUTURO PGP;POUND;DOLAR DOS EUA;22000102;SIM;PROPILENO;0000000001,0000000000;AJUSTE;PGP1;TER
COMMODITIES;PLDMLNPM;LPPM;XPD-1400-FIX Fechamento;00000000000012;00000000002199;FIXING DA TARDE;ONCA TROY;DOLAR DOS EUA;22000102;SIM;PALADIO;0000000001,0000000000;FECHAMENTO;PLDMLNPM;TER
COMMODITIES;PLDMLNPM;LPPM;XPD-1400-FIX Fechamento;00000000000012;00000000002199;FIXING DA TARDE;ONCA TROY;DOLAR DOS EUA;22000102;SIM;PALADIO;0000000001,0000000000;FECHAMENTO;PLDMLNPM;OPC
COMMODITIES;PLDMLNPM;LPPM;XPD-1400-FIX Ajuste;00000000000012;00000000002199;FIXING DA TARDE;ONCA TROY;DOLAR DOS EUA;22000102;SIM;PALADIO;0000000001,0000000000;AJUSTE;PLDMLNPM;TER
COMMODITIES;PLDMLNPM;LPPM;XPD-1400-FIX Minimo;00000000000012;00000000002199;FIXING DA TARDE;ONCA TROY;DOLAR DOS EUA;22000102;SIM;PALADIO;0000000001,0000000000;MINIMO;PLDMLNPM;TER
COMMODITIES;PLDMLNPM;LPPM;XPD-1400-FIX Ajuste;00000000000012;00000000002199;FIXING DA TARDE;ONCA TROY;DOLAR DOS EUA;22000102;SIM;PALADIO;0000000001,0000000000;AJUSTE;PLDMLNPM;OPC
COMMODITIES;PLDMLNPM;LPPM;XPD-1400-FIX Minimo;00000000000012;00000000002199;FIXING DA TARDE;ONCA TROY;DOLAR DOS EUA;22000102;SIM;PALADIO;0000000001,0000000000;MINIMO;PLDMLNPM;OPC
COMMODITIES;PLDMLNPM;LPPM;XPD-1400-FIX Maximo;00000000000012;00000000002199;FIXING DA TARDE;ONCA TROY;DOLAR DOS EUA;22000102;SIM;PALADIO;0000000001,0000000000;MAXIMO;PLDMLNPM;OPC
COMMODITIES;PLDMLNPM;LPPM;XPD-1400-FIX Maximo;00000000000012;00000000002199;FIXING DA TARDE;ONCA TROY;DOLAR DOS EUA;22000102;SIM;PALADIO;0000000001,0000000000;MAXIMO;PLDMLNPM;TER
COMMODITIES;PLTMLNPM;LPPM;XPT-1400-FIX Ajuste;00000000000012;00000000002199;FIXING DA TARDE;ONCA TROY;DOLAR DOS EUA;22000102;SIM;PLATINA;0000000001,0000000000;AJUSTE;PLTMLNPM;TER
COMMODITIES;PLTMLNPM;LPPM;XPT-1400-FIX Ajuste;00000000000012;00000000002199;FIXING DA TARDE;ONCA TROY;DOLAR DOS EUA;22000102;SIM;PLATINA;0000000001,0000000000;AJUSTE;PLTMLNPM;OPC
COMMODITIES;PLTMLNPM;LPPM;XPT-1400-FIX Maximo;00000000000012;00000000002199;FIXING DA TARDE;ONCA TROY;DOLAR DOS EUA;22000102;SIM;PLATINA;0000000001,0000000000;MAXIMO;PLTMLNPM;TER
COMMODITIES;PLTMLNPM;LPPM;XPT-1400-FIX Maximo;00000000000012;00000000002199;FIXING DA TARDE;ONCA TROY;DOLAR DOS EUA;22000102;SIM;PLATINA;0000000001,0000000000;MAXIMO;PLTMLNPM;OPC
COMMODITIES;PLTMLNPM;LPPM;XPT-1400-FIX Minimo;00000000000012;00000000002199;FIXING DA TARDE;ONCA TROY;DOLAR DOS EUA;22000102;SIM;PLATINA;0000000001,0000000000;MINIMO;PLTMLNPM;TER
COMMODITIES;PLTMLNPM;LPPM;XPT-1400-FIX Minimo;00000000000012;00000000002199;FIXING DA TARDE;ONCA TROY;DOLAR DOS EUA;22000102;SIM;PLATINA;0000000001,0000000000;MINIMO;PLTMLNPM;OPC
COMMODITIES;PLTMLNPM;LPPM;XPT-1400-FIX Fechamento;00000000000012;00000000002199;FIXING DA TARDE;ONCA TROY;DOLAR DOS EUA;22000102;SIM;PLATINA;0000000001,0000000000;FECHAMENTO;PLTMLNPM;TER
COMMODITIES;PLTMLNPM;LPPM;XPT-1400-FIX Fechamento;00000000000012;00000000002199;FIXING DA TARDE;ONCA TROY;DOLAR DOS EUA;22000102;SIM;PLATINA;0000000001,0000000000;FECHAMENTO;PLTMLNPM;OPC
COMMODITIES;PMMDGWPD;BLOOMBERG;PMMDGWPD;00000000000012;00000000002192;-;TONELADA METRICA;DOLAR DOS EUA;22000108;SIM;PLATTS;0000000001,0000000000;FECHAMENTO;PMMDGWPD;TER
COMMODITIES;PMMDGWPD;BLOOMBERG;PMMDGWPD;00000000000012;00000000002192;-;TONELADA METRICA;DOLAR DOS EUA;22000108;SIM;PLATTS;0000000001,0000000000;FECHAMENTO;PMMDGWPD;OPC
COMMODITIES;PMMUAKE0;BLOOMBERG;PMMUAKE0 AJUSTE;00000000000012;00000000002200;-;POUND;DOLAR DOS EUA;22001204;SIM;PLATTS;0000000000,0100000000;AJUSTE;PMMUAKE0;TER
COMMODITIES;PMMUAKE0;BLOOMBERG;PMMUAKE0;00000000000012;00000000002200;-;POUND;DOLAR DOS EUA;22001204;SIM;PLATTS;0000000000,0100000000;FECHAMENTO;PMMUAKE0;OPC
COMMODITIES;PMMUAKE0;BLOOMBERG;PMMUAKE0;00000000000012;00000000002200;-;POUND;DOLAR DOS EUA;22001204;SIM;PLATTS;0000000000,0100000000;FECHAMENTO;PMMUAKE0;TER
COMMODITIES;PMMUAKE0;BLOOMBERG;PMMUAKE0 AJUSTE;00000000000012;00000000002200;-;POUND;DOLAR DOS EUA;22001204;SIM;PLATTS;0000000000,0100000000;AJUSTE;PMMUAKE0;OPC
COMMODITIES;PMTCLAUS;BLOOMBERG;PMTCLAUS;00000000000012;00000000002186;-;-;DOLAR DOS EUA;22000108;SIM;PLATTS;0000000001,0000000000;FECHAMENTO;PMTCLAUS;TER
COMMODITIES;PMTCLAUS;BLOOMBERG;PMTCLAUS;00000000000012;00000000002186;-;-;DOLAR DOS EUA;22000108;SIM;PLATTS;0000000001,0000000000;FECHAMENTO;PMTCLAUS;OPC
COMMODITIES;PPMORHOD;BLOOMBERG;PPMORHOD Ajuste;00000000000012;00000000002200;FUTURO DE RODIO MENSAL;ONCA TROY;DOLAR DOS EUA;22000202;SIM;RODIO;0000000001,0000000000;AJUSTE;PPMORHOD;TER
COMMODITIES;PPMWRHOD;BLOOMBERG;PPMWRHOD Ajuste;00000000000012;00000000002200;FUTURO DE RODIO;ONCA TROY;DOLAR DOS EUA;22000202;SIM;RODIO;0000000001,0000000000;AJUSTE;PPMWRHOD;TER
COMMODITIES;PPMWRHOD;BLOOMBERG;PPMWRHOD Ajuste;00000000000012;00000000002200;FUTURO DE RODIO;ONCA TROY;DOLAR DOS EUA;22000202;SIM;RODIO;0000000001,0000000000;AJUSTE;PPMWRHOD;OPC
COMMODITIES;PULQ6;LME;PULQ6 AJUSTE;00000000000008;00000000002026;-;TONELADA METRICA;DOLAR DOS EUA;20260904;SIM;ALUMINIO;0000000001,0000000000;AJUSTE;PULQ6;OPC
COMMODITIES;PULQ6;LME;PULQ6 AJUSTE;00000000000008;00000000002026;-;TONELADA METRICA;DOLAR DOS EUA;20260904;SIM;ALUMINIO;0000000001,0000000000;AJUSTE;PULQ6;TER
COMMODITIES;PULU6;LME;PULU6 AJUSTE;00000000000009;00000000002026;-;TONELADA METRICA;DOLAR DOS EUA;20261007;SIM;ALUMINIO;0000000001,0000000000;AJUSTE;PULU6;TER
COMMODITIES;PULU6;LME;PULU6 AJUSTE;00000000000009;00000000002026;-;TONELADA METRICA;DOLAR DOS EUA;20261007;SIM;ALUMINIO;0000000001,0000000000;AJUSTE;PULU6;OPC
COMMODITIES;PULV6;LME;PULV6 AJUSTE;00000000000010;00000000002026;-;TONELADA METRICA;DOLAR DOS EUA;20261109;SIM;ALUMINIO;0000000001,0000000000;AJUSTE;PULV6;OPC
COMMODITIES;PULV6;LME;PULV6 AJUSTE;00000000000010;00000000002026;-;TONELADA METRICA;DOLAR DOS EUA;20261109;SIM;ALUMINIO;0000000001,0000000000;AJUSTE;PULV6;TER
COMMODITIES;PULX6;LME;PULX6 AJUSTE;00000000000011;00000000002026;-;TONELADA METRICA;DOLAR DOS EUA;20261207;SIM;ALUMINIO;0000000001,0000000000;AJUSTE;PULX6;OPC
COMMODITIES;PULX6;LME;PULX6 AJUSTE;00000000000011;00000000002026;-;TONELADA METRICA;DOLAR DOS EUA;20261207;SIM;ALUMINIO;0000000001,0000000000;AJUSTE;PULX6;TER
COMMODITIES;PULZ6;LME;PULZ6 AJUSTE;00000000000012;00000000002026;-;TONELADA METRICA;DOLAR DOS EUA;20270108;SIM;ALUMINIO;0000000001,0000000000;AJUSTE;PULZ6;TER
COMMODITIES;PULZ6;LME;PULZ6 AJUSTE;00000000000012;00000000002026;-;TONELADA METRICA;DOLAR DOS EUA;20270108;SIM;ALUMINIO;0000000001,0000000000;AJUSTE;PULZ6;OPC
COMMODITIES;PUSP54GP;BLOOMBERG;PUSP54GP Ajuste;00000000000012;00000000002220;JET KERO 54 USGC PROMPT PIPELINE;GALAO;DOLAR DOS EUA;22201202;SIM;OLEO;0000000000,0100000000;AJUSTE;PUSP54GP;OPC
COMMODITIES;PUSP54GP;BLOOMBERG;PUSP54GP Ajuste;00000000000012;00000000002220;JET KERO 54 USGC PROMPT PIPELINE;GALAO;DOLAR DOS EUA;22201202;SIM;OLEO;0000000000,0100000000;AJUSTE;PUSP54GP;TER
COMMODITIES;PYLQ6;DCE;PYLQ6 AJUSTE;00000000000008;00000000002026;-;TONELADA METRICA;IUAN RENMIMBI/CHI;20260821;SIM;POLIPROPILENO;0000000001,0000000000;AJUSTE;PYLQ6;TER
COMMODITIES;PYLQ6;DCE;PYLQ6 AJUSTE;00000000000008;00000000002026;-;TONELADA METRICA;IUAN RENMIMBI/CHI;20260821;SIM;POLIPROPILENO;0000000001,0000000000;AJUSTE;PYLQ6;OPC
COMMODITIES;PYLQ6;DCE;PYLQ6 Mínimo;00000000000008;00000000002026;-;TONELADA METRICA;IUAN RENMIMBI/CHI;20260821;SIM;POLIPROPILENO;0000000001,0000000000;MINIMO;PYLQ6;OPC
COMMODITIES;PYLQ6;DCE;PYLQ6 Mínimo;00000000000008;00000000002026;-;TONELADA METRICA;IUAN RENMIMBI/CHI;20260821;SIM;POLIPROPILENO;0000000001,0000000000;MINIMO;PYLQ6;TER
COMMODITIES;PYLQ6;DCE;PYLQ6 Máximo;00000000000008;00000000002026;-;TONELADA METRICA;IUAN RENMIMBI/CHI;20260821;SIM;POLIPROPILENO;0000000001,0000000000;MAXIMO;PYLQ6;OPC
COMMODITIES;PYLQ6;DCE;PYLQ6 Máximo;00000000000008;00000000002026;-;TONELADA METRICA;IUAN RENMIMBI/CHI;20260821;SIM;POLIPROPILENO;0000000001,0000000000;MAXIMO;PYLQ6;TER
COMMODITIES;PYLU6;DCE;PYLU6 Mínimo;00000000000009;00000000002026;-;TONELADA METRICA;IUAN RENMIMBI/CHI;20260921;SIM;POLIPROPILENO;0000000001,0000000000;MINIMO;PYLU6;TER
COMMODITIES;PYLU6;DCE;PYLU6 Máximo;00000000000009;00000000002026;-;TONELADA METRICA;IUAN RENMIMBI/CHI;20260921;SIM;POLIPROPILENO;0000000001,0000000000;MAXIMO;PYLU6;OPC
COMMODITIES;PYLU6;DCE;PYLU6 Máximo;00000000000009;00000000002026;-;TONELADA METRICA;IUAN RENMIMBI/CHI;20260921;SIM;POLIPROPILENO;0000000001,0000000000;MAXIMO;PYLU6;TER
COMMODITIES;PYLU6;DCE;PYLU6 AJUSTE;00000000000009;00000000002026;-;TONELADA METRICA;IUAN RENMIMBI/CHI;20260921;SIM;POLIPROPILENO;0000000001,0000000000;AJUSTE;PYLU6;OPC
COMMODITIES;PYLU6;DCE;PYLU6 AJUSTE;00000000000009;00000000002026;-;TONELADA METRICA;IUAN RENMIMBI/CHI;20260921;SIM;POLIPROPILENO;0000000001,0000000000;AJUSTE;PYLU6;TER
COMMODITIES;PYLU6;DCE;PYLU6 Mínimo;00000000000009;00000000002026;-;TONELADA METRICA;IUAN RENMIMBI/CHI;20260921;SIM;POLIPROPILENO;0000000001,0000000000;MINIMO;PYLU6;OPC
COMMODITIES;PYLV6;DCE;PYLV6 Mínimo;00000000000010;00000000002026;-;TONELADA METRICA;IUAN RENMIMBI/CHI;20261028;SIM;POLIPROPILENO;0000000001,0000000000;MINIMO;PYLV6;OPC
COMMODITIES;PYLV6;DCE;PYLV6 Máximo;00000000000010;00000000002026;-;TONELADA METRICA;IUAN RENMIMBI/CHI;20261028;SIM;POLIPROPILENO;0000000001,0000000000;MAXIMO;PYLV6;OPC
COMMODITIES;PYLV6;DCE;PYLV6 AJUSTE;00000000000010;00000000002026;-;TONELADA METRICA;IUAN RENMIMBI/CHI;20261028;SIM;POLIPROPILENO;0000000001,0000000000;AJUSTE;PYLV6;TER
COMMODITIES;PYLV6;DCE;PYLV6 AJUSTE;00000000000010;00000000002026;-;TONELADA METRICA;IUAN RENMIMBI/CHI;20261028;SIM;POLIPROPILENO;0000000001,0000000000;AJUSTE;PYLV6;OPC
COMMODITIES;PYLV6;DCE;PYLV6 Máximo;00000000000010;00000000002026;-;TONELADA METRICA;IUAN RENMIMBI/CHI;20261028;SIM;POLIPROPILENO;0000000001,0000000000;MAXIMO;PYLV6;TER
COMMODITIES;PYLV6;DCE;PYLV6 Mínimo;00000000000010;00000000002026;-;TONELADA METRICA;IUAN RENMIMBI/CHI;20261028;SIM;POLIPROPILENO;0000000001,0000000000;MINIMO;PYLV6;TER
COMMODITIES;PYLX6;DCE;PYLX6 AJUSTE;00000000000011;00000000002026;-;TONELADA METRICA;IUAN RENMIMBI/CHI;20261123;SIM;POLIPROPILENO;0000000001,0000000000;AJUSTE;PYLX6;OPC
COMMODITIES;PYLX6;DCE;PYLX6 AJUSTE;00000000000011;00000000002026;-;TONELADA METRICA;IUAN RENMIMBI/CHI;20261123;SIM;POLIPROPILENO;0000000001,0000000000;AJUSTE;PYLX6;TER
COMMODITIES;PYLX6;DCE;PYLX6 Máximo;00000000000011;00000000002026;-;TONELADA METRICA;IUAN RENMIMBI/CHI;20261123;SIM;POLIPROPILENO;0000000001,0000000000;MAXIMO;PYLX6;TER
COMMODITIES;PYLX6;DCE;PYLX6 Máximo;00000000000011;00000000002026;-;TONELADA METRICA;IUAN RENMIMBI/CHI;20261123;SIM;POLIPROPILENO;0000000001,0000000000;MAXIMO;PYLX6;OPC
COMMODITIES;PYLX6;DCE;PYLX6 Mínimo;00000000000011;00000000002026;-;TONELADA METRICA;IUAN RENMIMBI/CHI;20261123;SIM;POLIPROPILENO;0000000001,0000000000;MINIMO;PYLX6;TER
COMMODITIES;PYLX6;DCE;PYLX6 Mínimo;00000000000011;00000000002026;-;TONELADA METRICA;IUAN RENMIMBI/CHI;20261123;SIM;POLIPROPILENO;0000000001,0000000000;MINIMO;PYLX6;OPC
COMMODITIES;PYLZ6;DCE;PYLZ6 Mínimo;00000000000012;00000000002026;-;TONELADA METRICA;IUAN RENMIMBI/CHI;20261221;SIM;POLIPROPILENO;0000000001,0000000000;MINIMO;PYLZ6;OPC
COMMODITIES;PYLZ6;DCE;PYLZ6 AJUSTE;00000000000012;00000000002026;-;TONELADA METRICA;IUAN RENMIMBI/CHI;20261221;SIM;POLIPROPILENO;0000000001,0000000000;AJUSTE;PYLZ6;TER
COMMODITIES;PYLZ6;DCE;PYLZ6 Mínimo;00000000000012;00000000002026;-;TONELADA METRICA;IUAN RENMIMBI/CHI;20261221;SIM;POLIPROPILENO;0000000001,0000000000;MINIMO;PYLZ6;TER
COMMODITIES;PYLZ6;DCE;PYLZ6 Máximo;00000000000012;00000000002026;-;TONELADA METRICA;IUAN RENMIMBI/CHI;20261221;SIM;POLIPROPILENO;0000000001,0000000000;MAXIMO;PYLZ6;TER
COMMODITIES;PYLZ6;DCE;PYLZ6 Máximo;00000000000012;00000000002026;-;TONELADA METRICA;IUAN RENMIMBI/CHI;20261221;SIM;POLIPROPILENO;0000000001,0000000000;MAXIMO;PYLZ6;OPC
COMMODITIES;PYLZ6;DCE;PYLZ6 AJUSTE;00000000000012;00000000002026;-;TONELADA METRICA;IUAN RENMIMBI/CHI;20261221;SIM;POLIPROPILENO;0000000001,0000000000;AJUSTE;PYLZ6;OPC
COMMODITIES;QSF7;ICE (NYBOT);QSF7 AJUSTE;00000000000001;00000000002027;LOW SULPHUR GASOIL FUTURES;TONELADA METRICA;DOLAR DOS EUA;20270119;SIM;GASOLEO;0000000001,0000000000;AJUSTE;QSF7;TER
COMMODITIES;QSF7;ICE (NYBOT);QSF7 Mínimo;00000000000001;00000000002027;LOW SULPHUR GASOIL FUTURES;TONELADA METRICA;DOLAR DOS EUA;20270119;SIM;GASOLEO;0000000001,0000000000;MINIMO;QSF7;OPC
COMMODITIES;QSF7;ICE (NYBOT);QSF7 AJUSTE;00000000000001;00000000002027;LOW SULPHUR GASOIL FUTURES;TONELADA METRICA;DOLAR DOS EUA;20270119;SIM;GASOLEO;0000000001,0000000000;AJUSTE;QSF7;OPC
COMMODITIES;QSF7;ICE (NYBOT);QSF7 Mínimo;00000000000001;00000000002027;LOW SULPHUR GASOIL FUTURES;TONELADA METRICA;DOLAR DOS EUA;20270119;SIM;GASOLEO;0000000001,0000000000;MINIMO;QSF7;TER
COMMODITIES;QSF7;ICE (NYBOT);QSF7 Máximo;00000000000001;00000000002027;LOW SULPHUR GASOIL FUTURES;TONELADA METRICA;DOLAR DOS EUA;20270119;SIM;GASOLEO;0000000001,0000000000;MAXIMO;QSF7;OPC
COMMODITIES;QSF7;ICE (NYBOT);QSF7 Máximo;00000000000001;00000000002027;LOW SULPHUR GASOIL FUTURES;TONELADA METRICA;DOLAR DOS EUA;20270119;SIM;GASOLEO;0000000001,0000000000;MAXIMO;QSF7;TER
COMMODITIES;QSG7;ICE (NYBOT);QSG7 Mínimo;00000000000002;00000000002027;LOW SULPHUR GASOIL FUTURES;TONELADA METRICA;DOLAR DOS EUA;20270218;SIM;GASOLEO;0000000001,0000000000;MINIMO;QSG7;TER
COMMODITIES;QSG7;ICE (NYBOT);QSG7 Mínimo;00000000000002;00000000002027;LOW SULPHUR GASOIL FUTURES;TONELADA METRICA;DOLAR DOS EUA;20270218;SIM;GASOLEO;0000000001,0000000000;MINIMO;QSG7;OPC
COMMODITIES;QSG7;ICE (NYBOT);QSG7 AJUSTE;00000000000002;00000000002027;LOW SULPHUR GASOIL FUTURES;TONELADA METRICA;DOLAR DOS EUA;20270218;SIM;GASOLEO;0000000001,0000000000;AJUSTE;QSG7;OPC
COMMODITIES;QSG7;ICE (NYBOT);QSG7 Máximo;00000000000002;00000000002027;LOW SULPHUR GASOIL FUTURES;TONELADA METRICA;DOLAR DOS EUA;20270218;SIM;GASOLEO;0000000001,0000000000;MAXIMO;QSG7;OPC
COMMODITIES;QSG7;ICE (NYBOT);QSG7 AJUSTE;00000000000002;00000000002027;LOW SULPHUR GASOIL FUTURES;TONELADA METRICA;DOLAR DOS EUA;20270218;SIM;GASOLEO;0000000001,0000000000;AJUSTE;QSG7;TER
COMMODITIES;QSG7;ICE (NYBOT);QSG7 Máximo;00000000000002;00000000002027;LOW SULPHUR GASOIL FUTURES;TONELADA METRICA;DOLAR DOS EUA;20270218;SIM;GASOLEO;0000000001,0000000000;MAXIMO;QSG7;TER
COMMODITIES;QSH7;ICE (NYBOT);QSH7 AJUSTE;00000000000003;00000000002027;LOW SULPHUR GASOIL FUTURES;TONELADA METRICA;DOLAR DOS EUA;20270318;SIM;GASOLEO;0000000001,0000000000;AJUSTE;QSH7;TER
COMMODITIES;QSH7;ICE (NYBOT);QSH7 Mínimo;00000000000003;00000000002027;LOW SULPHUR GASOIL FUTURES;TONELADA METRICA;DOLAR DOS EUA;20270318;SIM;GASOLEO;0000000001,0000000000;MINIMO;QSH7;OPC
COMMODITIES;QSH7;ICE (NYBOT);QSH7 Mínimo;00000000000003;00000000002027;LOW SULPHUR GASOIL FUTURES;TONELADA METRICA;DOLAR DOS EUA;20270318;SIM;GASOLEO;0000000001,0000000000;MINIMO;QSH7;TER
COMMODITIES;QSH7;ICE (NYBOT);QSH7 Máximo;00000000000003;00000000002027;LOW SULPHUR GASOIL FUTURES;TONELADA METRICA;DOLAR DOS EUA;20270318;SIM;GASOLEO;0000000001,0000000000;MAXIMO;QSH7;OPC
COMMODITIES;QSH7;ICE (NYBOT);QSH7 AJUSTE;00000000000003;00000000002027;LOW SULPHUR GASOIL FUTURES;TONELADA METRICA;DOLAR DOS EUA;20270318;SIM;GASOLEO;0000000001,0000000000;AJUSTE;QSH7;OPC
COMMODITIES;QSH7;ICE (NYBOT);QSH7 Máximo;00000000000003;00000000002027;LOW SULPHUR GASOIL FUTURES;TONELADA METRICA;DOLAR DOS EUA;20270318;SIM;GASOLEO;0000000001,0000000000;MAXIMO;QSH7;TER
COMMODITIES;QSJ7;ICE (NYBOT);QSJ7 Máximo;00000000000004;00000000002027;LOW SULPHUR GASOIL FUTURES;TONELADA METRICA;DOLAR DOS EUA;20270419;SIM;GASOLEO;0000000001,0000000000;MAXIMO;QSJ7;OPC
COMMODITIES;QSJ7;ICE (NYBOT);QSJ7 Máximo;00000000000004;00000000002027;LOW SULPHUR GASOIL FUTURES;TONELADA METRICA;DOLAR DOS EUA;20270419;SIM;GASOLEO;0000000001,0000000000;MAXIMO;QSJ7;TER
COMMODITIES;QSJ7;ICE (NYBOT);QSJ7 AJUSTE;00000000000004;00000000002027;LOW SULPHUR GASOIL FUTURES;TONELADA METRICA;DOLAR DOS EUA;20270419;SIM;GASOLEO;0000000001,0000000000;AJUSTE;QSJ7;OPC
COMMODITIES;QSJ7;ICE (NYBOT);QSJ7 Mínimo;00000000000004;00000000002027;LOW SULPHUR GASOIL FUTURES;TONELADA METRICA;DOLAR DOS EUA;20270419;SIM;GASOLEO;0000000001,0000000000;MINIMO;QSJ7;TER
COMMODITIES;QSJ7;ICE (NYBOT);QSJ7 AJUSTE;00000000000004;00000000002027;LOW SULPHUR GASOIL FUTURES;TONELADA METRICA;DOLAR DOS EUA;20270419;SIM;GASOLEO;0000000001,0000000000;AJUSTE;QSJ7;TER
COMMODITIES;QSJ7;ICE (NYBOT);QSJ7 Mínimo;00000000000004;00000000002027;LOW SULPHUR GASOIL FUTURES;TONELADA METRICA;DOLAR DOS EUA;20270419;SIM;GASOLEO;0000000001,0000000000;MINIMO;QSJ7;OPC
COMMODITIES;QSK7;ICE (NYBOT);QSK7 Mínimo;00000000000005;00000000002027;LOW SULPHUR GASOIL FUTURES;TONELADA METRICA;DOLAR DOS EUA;20270519;SIM;GASOLEO;0000000001,0000000000;MINIMO;QSK7;TER
COMMODITIES;QSK7;ICE (NYBOT);QSK7 AJUSTE;00000000000005;00000000002027;LOW SULPHUR GASOIL FUTURES;TONELADA METRICA;DOLAR DOS EUA;20270519;SIM;GASOLEO;0000000001,0000000000;AJUSTE;QSK7;OPC
COMMODITIES;QSK7;ICE (NYBOT);QSK7 Máximo;00000000000005;00000000002027;LOW SULPHUR GASOIL FUTURES;TONELADA METRICA;DOLAR DOS EUA;20270519;SIM;GASOLEO;0000000001,0000000000;MAXIMO;QSK7;OPC
COMMODITIES;QSK7;ICE (NYBOT);QSK7 Máximo;00000000000005;00000000002027;LOW SULPHUR GASOIL FUTURES;TONELADA METRICA;DOLAR DOS EUA;20270519;SIM;GASOLEO;0000000001,0000000000;MAXIMO;QSK7;TER
COMMODITIES;QSK7;ICE (NYBOT);QSK7 AJUSTE;00000000000005;00000000002027;LOW SULPHUR GASOIL FUTURES;TONELADA METRICA;DOLAR DOS EUA;20270519;SIM;GASOLEO;0000000001,0000000000;AJUSTE;QSK7;TER
COMMODITIES;QSK7;ICE (NYBOT);QSK7 Mínimo;00000000000005;00000000002027;LOW SULPHUR GASOIL FUTURES;TONELADA METRICA;DOLAR DOS EUA;20270519;SIM;GASOLEO;0000000001,0000000000;MINIMO;QSK7;OPC
COMMODITIES;QSM7;ICE (NYBOT);QSM7 AJUSTE;00000000000006;00000000002027;LOW SULPHUR GASOIL FUTURES;TONELADA METRICA;DOLAR DOS EUA;20270617;SIM;GASOLEO;0000000001,0000000000;AJUSTE;QSM7;OPC
COMMODITIES;QSM7;ICE (NYBOT);QSM7 AJUSTE;00000000000006;00000000002027;LOW SULPHUR GASOIL FUTURES;TONELADA METRICA;DOLAR DOS EUA;20270617;SIM;GASOLEO;0000000001,0000000000;AJUSTE;QSM7;TER
COMMODITIES;QSM7;ICE (NYBOT);QSM7 Mínimo;00000000000006;00000000002027;LOW SULPHUR GASOIL FUTURES;TONELADA METRICA;DOLAR DOS EUA;20270617;SIM;GASOLEO;0000000001,0000000000;MINIMO;QSM7;OPC
COMMODITIES;QSM7;ICE (NYBOT);QSM7 Máximo;00000000000006;00000000002027;LOW SULPHUR GASOIL FUTURES;TONELADA METRICA;DOLAR DOS EUA;20270617;SIM;GASOLEO;0000000001,0000000000;MAXIMO;QSM7;TER
COMMODITIES;QSM7;ICE (NYBOT);QSM7 Mínimo;00000000000006;00000000002027;LOW SULPHUR GASOIL FUTURES;TONELADA METRICA;DOLAR DOS EUA;20270617;SIM;GASOLEO;0000000001,0000000000;MINIMO;QSM7;TER
COMMODITIES;QSM7;ICE (NYBOT);QSM7 Máximo;00000000000006;00000000002027;LOW SULPHUR GASOIL FUTURES;TONELADA METRICA;DOLAR DOS EUA;20270617;SIM;GASOLEO;0000000001,0000000000;MAXIMO;QSM7;OPC
COMMODITIES;QSN7;ICE (NYBOT);QSN7 AJUSTE;00000000000007;00000000002027;LOW SULPHUR GASOIL FUTURES;TONELADA METRICA;DOLAR DOS EUA;20270719;SIM;GASOLEO;0000000001,0000000000;AJUSTE;QSN7;OPC
COMMODITIES;QSN7;ICE (NYBOT);QSN7 AJUSTE;00000000000007;00000000002027;LOW SULPHUR GASOIL FUTURES;TONELADA METRICA;DOLAR DOS EUA;20270719;SIM;GASOLEO;0000000001,0000000000;AJUSTE;QSN7;TER
COMMODITIES;QSQ6;ICE (NYBOT);QSQ6 AJUSTE;00000000000008;00000000002026;LOW SULPHUR GASOIL FUTURES;TONELADA METRICA;DOLAR DOS EUA;20260819;SIM;GASOLEO;0000000001,0000000000;AJUSTE;QSQ6;TER
COMMODITIES;QSQ6;ICE (NYBOT);QSQ6 AJUSTE;00000000000008;00000000002026;LOW SULPHUR GASOIL FUTURES;TONELADA METRICA;DOLAR DOS EUA;20260819;SIM;GASOLEO;0000000001,0000000000;AJUSTE;QSQ6;OPC
COMMODITIES;QSQ6;ICE (NYBOT);QSQ6 Máximo;00000000000008;00000000002026;LOW SULPHUR GASOIL FUTURES;TONELADA METRICA;DOLAR DOS EUA;20260819;SIM;GASOLEO;0000000001,0000000000;MAXIMO;QSQ6;TER
COMMODITIES;QSQ6;ICE (NYBOT);QSQ6 Máximo;00000000000008;00000000002026;LOW SULPHUR GASOIL FUTURES;TONELADA METRICA;DOLAR DOS EUA;20260819;SIM;GASOLEO;0000000001,0000000000;MAXIMO;QSQ6;OPC
COMMODITIES;QSQ6;ICE (NYBOT);QSQ6 Mínimo;00000000000008;00000000002026;LOW SULPHUR GASOIL FUTURES;TONELADA METRICA;DOLAR DOS EUA;20260819;SIM;GASOLEO;0000000001,0000000000;MINIMO;QSQ6;OPC
COMMODITIES;QSQ6;ICE (NYBOT);QSQ6 Mínimo;00000000000008;00000000002026;LOW SULPHUR GASOIL FUTURES;TONELADA METRICA;DOLAR DOS EUA;20260819;SIM;GASOLEO;0000000001,0000000000;MINIMO;QSQ6;TER
COMMODITIES;QSQ7;ICE (NYBOT);QSQ7 AJUSTE;00000000000008;00000000002027;LOW SULPHUR GASOIL FUTURES;TONELADA METRICA;DOLAR DOS EUA;20270819;SIM;GASOLEO;0000000001,0000000000;AJUSTE;QSQ7;TER
COMMODITIES;QSQ7;ICE (NYBOT);QSQ7 AJUSTE;00000000000008;00000000002027;LOW SULPHUR GASOIL FUTURES;TONELADA METRICA;DOLAR DOS EUA;20270819;SIM;GASOLEO;0000000001,0000000000;AJUSTE;QSQ7;OPC
COMMODITIES;QSU6;ICE (NYBOT);QSU6 Mínimo;00000000000009;00000000002026;LOW SULPHUR GASOIL FUTURES;TONELADA METRICA;DOLAR DOS EUA;20260917;SIM;GASOLEO;0000000001,0000000000;MINIMO;QSU6;OPC
COMMODITIES;QSU6;ICE (NYBOT);QSU6 Mínimo;00000000000009;00000000002026;LOW SULPHUR GASOIL FUTURES;TONELADA METRICA;DOLAR DOS EUA;20260917;SIM;GASOLEO;0000000001,0000000000;MINIMO;QSU6;TER
COMMODITIES;QSU6;ICE (NYBOT);QSU6 AJUSTE;00000000000009;00000000002026;LOW SULPHUR GASOIL FUTURES;TONELADA METRICA;DOLAR DOS EUA;20260917;SIM;GASOLEO;0000000001,0000000000;AJUSTE;QSU6;OPC
COMMODITIES;QSU6;ICE (NYBOT);QSU6 AJUSTE;00000000000009;00000000002026;LOW SULPHUR GASOIL FUTURES;TONELADA METRICA;DOLAR DOS EUA;20260917;SIM;GASOLEO;0000000001,0000000000;AJUSTE;QSU6;TER
COMMODITIES;QSU6;ICE (NYBOT);QSU6 Máximo;00000000000009;00000000002026;LOW SULPHUR GASOIL FUTURES;TONELADA METRICA;DOLAR DOS EUA;20260917;SIM;GASOLEO;0000000001,0000000000;MAXIMO;QSU6;TER
COMMODITIES;QSU6;ICE (NYBOT);QSU6 Máximo;00000000000009;00000000002026;LOW SULPHUR GASOIL FUTURES;TONELADA METRICA;DOLAR DOS EUA;20260917;SIM;GASOLEO;0000000001,0000000000;MAXIMO;QSU6;OPC
COMMODITIES;QSU7;ICE (NYBOT);QSU7 AJUSTE;00000000000009;00000000002027;LOW SULPHUR GASOIL FUTURES;TONELADA METRICA;DOLAR DOS EUA;20270917;SIM;GASOLEO;0000000001,0000000000;AJUSTE;QSU7;TER
COMMODITIES;QSU7;ICE (NYBOT);QSU7 AJUSTE;00000000000009;00000000002027;LOW SULPHUR GASOIL FUTURES;TONELADA METRICA;DOLAR DOS EUA;20270917;SIM;GASOLEO;0000000001,0000000000;AJUSTE;QSU7;OPC
COMMODITIES;QSV6;ICE (NYBOT);QSV6 AJUSTE;00000000000010;00000000002026;LOW SULPHUR GASOIL FUTURES;TONELADA METRICA;DOLAR DOS EUA;20261019;SIM;GASOLEO;0000000001,0000000000;AJUSTE;QSV6;OPC
COMMODITIES;QSV6;ICE (NYBOT);QSV6 Mínimo;00000000000010;00000000002026;LOW SULPHUR GASOIL FUTURES;TONELADA METRICA;DOLAR DOS EUA;20261019;SIM;GASOLEO;0000000001,0000000000;MINIMO;QSV6;TER
COMMODITIES;QSV6;ICE (NYBOT);QSV6 Mínimo;00000000000010;00000000002026;LOW SULPHUR GASOIL FUTURES;TONELADA METRICA;DOLAR DOS EUA;20261019;SIM;GASOLEO;0000000001,0000000000;MINIMO;QSV6;OPC
COMMODITIES;QSV6;ICE (NYBOT);QSV6 AJUSTE;00000000000010;00000000002026;LOW SULPHUR GASOIL FUTURES;TONELADA METRICA;DOLAR DOS EUA;20261019;SIM;GASOLEO;0000000001,0000000000;AJUSTE;QSV6;TER
COMMODITIES;QSV6;ICE (NYBOT);QSV6 Máximo;00000000000010;00000000002026;LOW SULPHUR GASOIL FUTURES;TONELADA METRICA;DOLAR DOS EUA;20261019;SIM;GASOLEO;0000000001,0000000000;MAXIMO;QSV6;OPC
COMMODITIES;QSV6;ICE (NYBOT);QSV6 Máximo;00000000000010;00000000002026;LOW SULPHUR GASOIL FUTURES;TONELADA METRICA;DOLAR DOS EUA;20261019;SIM;GASOLEO;0000000001,0000000000;MAXIMO;QSV6;TER
COMMODITIES;QSV7;ICE (NYBOT);QSV7 AJUSTE;00000000000010;00000000002027;LOW SULPHUR GASOIL FUTURES;TONELADA METRICA;DOLAR DOS EUA;20271019;SIM;GASOLEO;0000000001,0000000000;AJUSTE;QSV7;OPC
COMMODITIES;QSV7;ICE (NYBOT);QSV7 AJUSTE;00000000000010;00000000002027;LOW SULPHUR GASOIL FUTURES;TONELADA METRICA;DOLAR DOS EUA;20271019;SIM;GASOLEO;0000000001,0000000000;AJUSTE;QSV7;TER
COMMODITIES;QSX6;ICE (NYBOT);QSX6 AJUSTE;00000000000011;00000000002026;LOW SULPHUR GASOIL FUTURES;TONELADA METRICA;DOLAR DOS EUA;20261119;SIM;GASOLEO;0000000001,0000000000;AJUSTE;QSX6;OPC
COMMODITIES;QSX6;ICE (NYBOT);QSX6 Máximo;00000000000011;00000000002026;LOW SULPHUR GASOIL FUTURES;TONELADA METRICA;DOLAR DOS EUA;20261119;SIM;GASOLEO;0000000001,0000000000;MAXIMO;QSX6;OPC
COMMODITIES;QSX6;ICE (NYBOT);QSX6 Máximo;00000000000011;00000000002026;LOW SULPHUR GASOIL FUTURES;TONELADA METRICA;DOLAR DOS EUA;20261119;SIM;GASOLEO;0000000001,0000000000;MAXIMO;QSX6;TER
COMMODITIES;QSX6;ICE (NYBOT);QSX6 Mínimo;00000000000011;00000000002026;LOW SULPHUR GASOIL FUTURES;TONELADA METRICA;DOLAR DOS EUA;20261119;SIM;GASOLEO;0000000001,0000000000;MINIMO;QSX6;TER
COMMODITIES;QSX6;ICE (NYBOT);QSX6 Mínimo;00000000000011;00000000002026;LOW SULPHUR GASOIL FUTURES;TONELADA METRICA;DOLAR DOS EUA;20261119;SIM;GASOLEO;0000000001,0000000000;MINIMO;QSX6;OPC
COMMODITIES;QSX6;ICE (NYBOT);QSX6 AJUSTE;00000000000011;00000000002026;LOW SULPHUR GASOIL FUTURES;TONELADA METRICA;DOLAR DOS EUA;20261119;SIM;GASOLEO;0000000001,0000000000;AJUSTE;QSX6;TER
COMMODITIES;QSX7;ICE (NYBOT);QSX7 AJUSTE;00000000000011;00000000002027;LOW SULPHUR GASOIL FUTURES;TONELADA METRICA;DOLAR DOS EUA;20271119;SIM;GASOLEO;0000000001,0000000000;AJUSTE;QSX7;TER
COMMODITIES;QSX7;ICE (NYBOT);QSX7 AJUSTE;00000000000011;00000000002027;LOW SULPHUR GASOIL FUTURES;TONELADA METRICA;DOLAR DOS EUA;20271119;SIM;GASOLEO;0000000001,0000000000;AJUSTE;QSX7;OPC
COMMODITIES;QSZ6;ICE (NYBOT);QSZ6 AJUSTE;00000000000012;00000000002026;LOW SULPHUR GASOIL FUTURES;TONELADA METRICA;DOLAR DOS EUA;20261217;SIM;GASOLEO;0000000001,0000000000;AJUSTE;QSZ6;OPC
COMMODITIES;QSZ6;ICE (NYBOT);QSZ6 AJUSTE;00000000000012;00000000002026;LOW SULPHUR GASOIL FUTURES;TONELADA METRICA;DOLAR DOS EUA;20261217;SIM;GASOLEO;0000000001,0000000000;AJUSTE;QSZ6;TER
COMMODITIES;QSZ6;ICE (NYBOT);QSZ6 Máximo;00000000000012;00000000002026;LOW SULPHUR GASOIL FUTURES;TONELADA METRICA;DOLAR DOS EUA;20261217;SIM;GASOLEO;0000000001,0000000000;MAXIMO;QSZ6;OPC
COMMODITIES;QSZ6;ICE (NYBOT);QSZ6 Máximo;00000000000012;00000000002026;LOW SULPHUR GASOIL FUTURES;TONELADA METRICA;DOLAR DOS EUA;20261217;SIM;GASOLEO;0000000001,0000000000;MAXIMO;QSZ6;TER
COMMODITIES;QSZ6;ICE (NYBOT);QSZ6 Mínimo;00000000000012;00000000002026;LOW SULPHUR GASOIL FUTURES;TONELADA METRICA;DOLAR DOS EUA;20261217;SIM;GASOLEO;0000000001,0000000000;MINIMO;QSZ6;OPC
COMMODITIES;QSZ6;ICE (NYBOT);QSZ6 Mínimo;00000000000012;00000000002026;LOW SULPHUR GASOIL FUTURES;TONELADA METRICA;DOLAR DOS EUA;20261217;SIM;GASOLEO;0000000001,0000000000;MINIMO;QSZ6;TER
COMMODITIES;QSZ7;ICE (NYBOT);QSZ7 Mínimo;00000000000012;00000000002027;LOW SULPHUR GASOIL FUTURES;TONELADA METRICA;DOLAR DOS EUA;20271217;SIM;GASOLEO;0000000001,0000000000;MINIMO;QSZ7;OPC
COMMODITIES;QSZ7;ICE (NYBOT);QSZ7 Mínimo;00000000000012;00000000002027;LOW SULPHUR GASOIL FUTURES;TONELADA METRICA;DOLAR DOS EUA;20271217;SIM;GASOLEO;0000000001,0000000000;MINIMO;QSZ7;TER
COMMODITIES;QSZ7;ICE (NYBOT);QSZ7 AJUSTE;00000000000012;00000000002027;LOW SULPHUR GASOIL FUTURES;TONELADA METRICA;DOLAR DOS EUA;20271217;SIM;GASOLEO;0000000001,0000000000;AJUSTE;QSZ7;TER
COMMODITIES;QSZ7;ICE (NYBOT);QSZ7 AJUSTE;00000000000012;00000000002027;LOW SULPHUR GASOIL FUTURES;TONELADA METRICA;DOLAR DOS EUA;20271217;SIM;GASOLEO;0000000001,0000000000;AJUSTE;QSZ7;OPC
COMMODITIES;QSZ7;ICE (NYBOT);QSZ7 Máximo;00000000000012;00000000002027;LOW SULPHUR GASOIL FUTURES;TONELADA METRICA;DOLAR DOS EUA;20271217;SIM;GASOLEO;0000000001,0000000000;MAXIMO;QSZ7;OPC
COMMODITIES;QSZ7;ICE (NYBOT);QSZ7 Máximo;00000000000012;00000000002027;LOW SULPHUR GASOIL FUTURES;TONELADA METRICA;DOLAR DOS EUA;20271217;SIM;GASOLEO;0000000001,0000000000;MAXIMO;QSZ7;TER
COMMODITIES;QS1;ICE (NYBOT);QS1 AJUSTE;00000000000012;00000000002200;LOW SULPHUR GASOIL FUTURES;TONELADA METRICA;DOLAR DOS EUA;22001231;SIM;GASOLEO;0000000001,0000000000;AJUSTE;QS1;OPC
COMMODITIES;QS1;ICE (NYBOT);QS1 AJUSTE;00000000000012;00000000002200;LOW SULPHUR GASOIL FUTURES;TONELADA METRICA;DOLAR DOS EUA;22001231;SIM;GASOLEO;0000000001,0000000000;AJUSTE;QS1;TER
COMMODITIES;QWH7;ICE (FEC);QWH7 AJUSTE;00000000000003;00000000002027;AÇÚCAR BRANCO;TONELADA METRICA;DOLAR DOS EUA;20270219;SIM;ACUCAR;0000000001,0000000000;AJUSTE;QWH7;OPC
COMMODITIES;QWH7;ICE (FEC);QWH7 AJUSTE;00000000000003;00000000002027;AÇÚCAR BRANCO;TONELADA METRICA;DOLAR DOS EUA;20270219;SIM;ACUCAR;0000000001,0000000000;AJUSTE;QWH7;TER
COMMODITIES;QWH8;ICE (FEC);QWH8 AJUSTE;00000000000012;00000000002028;AÇÚCAR BRANCO;TONELADA METRICA;DOLAR DOS EUA;20280221;SIM;ACUCAR;0000000001,0000000000;AJUSTE;QWH8;TER
COMMODITIES;QWH8;ICE (FEC);QWH8 AJUSTE;00000000000012;00000000002028;AÇÚCAR BRANCO;TONELADA METRICA;DOLAR DOS EUA;20280221;SIM;ACUCAR;0000000001,0000000000;AJUSTE;QWH8;OPC
COMMODITIES;QWK7;ICE (FEC);QWK7 AJUSTE;00000000000005;00000000002027;AÇÚCAR BRANCO;TONELADA METRICA;DOLAR DOS EUA;20270423;SIM;ACUCAR;0000000001,0000000000;AJUSTE;QWK7;TER
COMMODITIES;QWK7;ICE (FEC);QWK7 AJUSTE;00000000000005;00000000002027;AÇÚCAR BRANCO;TONELADA METRICA;DOLAR DOS EUA;20270423;SIM;ACUCAR;0000000001,0000000000;AJUSTE;QWK7;OPC
COMMODITIES;QWK8;ICE (FEC);QWK8 AJUSTE;00000000000012;00000000002028;AÇÚCAR BRANCO;TONELADA METRICA;DOLAR DOS EUA;20280424;SIM;ACUCAR;0000000001,0000000000;AJUSTE;QWK8;TER
COMMODITIES;QWK8;ICE (FEC);QWK8 AJUSTE;00000000000012;00000000002028;AÇÚCAR BRANCO;TONELADA METRICA;DOLAR DOS EUA;20280424;SIM;ACUCAR;0000000001,0000000000;AJUSTE;QWK8;OPC
COMMODITIES;QWQ7;ICE (FEC);QWQ7 AJUSTE;00000000000008;00000000002027;AÇÚCAR BRANCO;TONELADA METRICA;DOLAR DOS EUA;20270723;SIM;ACUCAR;0000000001,0000000000;AJUSTE;QWQ7;OPC
COMMODITIES;QWQ7;ICE (FEC);QWQ7 AJUSTE;00000000000008;00000000002027;AÇÚCAR BRANCO;TONELADA METRICA;DOLAR DOS EUA;20270723;SIM;ACUCAR;0000000001,0000000000;AJUSTE;QWQ7;TER
COMMODITIES;QWQ8;ICE (FEC);QWQ8 AJUSTE;00000000000012;00000000002028;AÇÚCAR BRANCO;TONELADA METRICA;DOLAR DOS EUA;20280721;SIM;ACUCAR;0000000001,0000000000;AJUSTE;QWQ8;OPC
COMMODITIES;QWQ8;ICE (FEC);QWQ8 AJUSTE;00000000000012;00000000002028;AÇÚCAR BRANCO;TONELADA METRICA;DOLAR DOS EUA;20280721;SIM;ACUCAR;0000000001,0000000000;AJUSTE;QWQ8;TER
COMMODITIES;QWV6;ICE (FEC);QWV6 AJUSTE;00000000000010;00000000002026;AÇÚCAR BRANCO;TONELADA METRICA;DOLAR DOS EUA;20260922;SIM;ACUCAR;0000000001,0000000000;AJUSTE;QWV6;OPC
COMMODITIES;QWV6;ICE (FEC);QWV6 AJUSTE;00000000000010;00000000002026;AÇÚCAR BRANCO;TONELADA METRICA;DOLAR DOS EUA;20260922;SIM;ACUCAR;0000000001,0000000000;AJUSTE;QWV6;TER
COMMODITIES;QWV7;ICE (FEC);QWV7 AJUSTE;00000000000010;00000000002027;AÇÚCAR BRANCO;TONELADA METRICA;DOLAR DOS EUA;20270922;SIM;ACUCAR;0000000001,0000000000;AJUSTE;QWV7;OPC
COMMODITIES;QWV7;ICE (FEC);QWV7 AJUSTE;00000000000010;00000000002027;AÇÚCAR BRANCO;TONELADA METRICA;DOLAR DOS EUA;20270922;SIM;ACUCAR;0000000001,0000000000;AJUSTE;QWV7;TER
COMMODITIES;QWV8;ICE (FEC);QWV8 AJUSTE;00000000000012;00000000002028;AÇÚCAR BRANCO;TONELADA METRICA;DOLAR DOS EUA;20280922;SIM;ACUCAR;0000000001,0000000000;AJUSTE;QWV8;TER
COMMODITIES;QWV8;ICE (FEC);QWV8 AJUSTE;00000000000012;00000000002028;AÇÚCAR BRANCO;TONELADA METRICA;DOLAR DOS EUA;20280922;SIM;ACUCAR;0000000001,0000000000;AJUSTE;QWV8;OPC
COMMODITIES;QWZ6;ICE (FEC);QWZ6 AJUSTE;00000000000012;00000000002026;AÇÚCAR BRANCO;TONELADA METRICA;DOLAR DOS EUA;20261123;SIM;ACUCAR;0000000001,0000000000;AJUSTE;QWZ6;OPC
COMMODITIES;QWZ6;ICE (FEC);QWZ6 AJUSTE;00000000000012;00000000002026;AÇÚCAR BRANCO;TONELADA METRICA;DOLAR DOS EUA;20261123;SIM;ACUCAR;0000000001,0000000000;AJUSTE;QWZ6;TER
COMMODITIES;QWZ7;ICE (FEC);QWZ7 AJUSTE;00000000000012;00000000002027;AÇÚCAR BRANCO;TONELADA METRICA;DOLAR DOS EUA;20271122;SIM;ACUCAR;0000000001,0000000000;AJUSTE;QWZ7;TER
COMMODITIES;QWZ7;ICE (FEC);QWZ7 AJUSTE;00000000000012;00000000002027;AÇÚCAR BRANCO;TONELADA METRICA;DOLAR DOS EUA;20271122;SIM;ACUCAR;0000000001,0000000000;AJUSTE;QWZ7;OPC
COMMODITIES;QWZ8;ICE (FEC);QWZ8 AJUSTE;00000000000012;00000000002028;AÇÚCAR BRANCO;TONELADA METRICA;DOLAR DOS EUA;20281122;SIM;ACUCAR;0000000001,0000000000;AJUSTE;QWZ8;TER
COMMODITIES;QWZ8;ICE (FEC);QWZ8 AJUSTE;00000000000012;00000000002028;AÇÚCAR BRANCO;TONELADA METRICA;DOLAR DOS EUA;20281122;SIM;ACUCAR;0000000001,0000000000;AJUSTE;QWZ8;OPC
COMMODITIES;QW1;ICE (FEC);QW1 AJUSTE;00000000000012;00000000002200;AÇÚCAR BRANCO;TONELADA METRICA;DOLAR DOS EUA;22001230;SIM;ACUCAR;0000000001,0000000000;AJUSTE;QW1;OPC
COMMODITIES;QW1;ICE (FEC);QW1 AJUSTE;00000000000012;00000000002200;AÇÚCAR BRANCO;TONELADA METRICA;DOLAR DOS EUA;22001230;SIM;ACUCAR;0000000001,0000000000;AJUSTE;QW1;TER
COMMODITIES;RBF8;NYMEX;RBF8 Ajuste;00000000000001;00000000002018;RBOB;GALAO;DOLAR DOS EUA;20180105;SIM;GASOLINA;0000000001,0000000000;AJUSTE;XBF8;COE
COMMODITIES;RBG8;NYMEX;RBG8 Ajuste;00000000000002;00000000002018;RBOB;GALAO;DOLAR DOS EUA;20180207;SIM;GASOLINA;0000000001,0000000000;AJUSTE;XBG8;COE
COMMODITIES;RBH8;NYMEX;RBH8 Ajuste;00000000000003;00000000002018;RBOB;GALAO;DOLAR DOS EUA;20180307;SIM;GASOLINA;0000000001,0000000000;AJUSTE;XBH8;COE
COMMODITIES;RDL1;SGX;RDL1 AJUSTE;00000000000012;00000000002200;-;TONELADA METRICA;DOLAR DOS EUA;22000810;SIM;ACO;0000000001,0000000000;AJUSTE;RDL1;TER
COMMODITIES;RDL1;SGX;RDL1 AJUSTE;00000000000012;00000000002200;-;TONELADA METRICA;DOLAR DOS EUA;22000810;SIM;ACO;0000000001,0000000000;AJUSTE;RDL1;OPC
COMMODITIES;RNF7;NYMEX;RNF7 AJUSTE;00000000000001;00000000002027;BRENT CLDR ICE SW;BARRIL;DOLAR DOS EUA;20270205;SIM;PETROLEO;0000000001,0000000000;AJUSTE;RNF7;OPC
COMMODITIES;RNF7;NYMEX;RNF7 AJUSTE;00000000000001;00000000002027;BRENT CLDR ICE SW;BARRIL;DOLAR DOS EUA;20270205;SIM;PETROLEO;0000000001,0000000000;AJUSTE;RNF7;TER
COMMODITIES;RNG7;NYMEX;RNG7 AJUSTE;00000000000002;00000000002027;BRENT CLDR ICE SW;BARRIL;DOLAR DOS EUA;20270305;SIM;PETROLEO;0000000001,0000000000;AJUSTE;RNG7;TER
COMMODITIES;RNG7;NYMEX;RNG7 AJUSTE;00000000000002;00000000002027;BRENT CLDR ICE SW;BARRIL;DOLAR DOS EUA;20270305;SIM;PETROLEO;0000000001,0000000000;AJUSTE;RNG7;OPC
COMMODITIES;RNH7;NYMEX;RNH7 AJUSTE;00000000000003;00000000002027;BRENT CLDR ICE SW;BARRIL;DOLAR DOS EUA;20270407;SIM;PETROLEO;0000000001,0000000000;AJUSTE;RNH7;OPC
COMMODITIES;RNH7;NYMEX;RNH7 AJUSTE;00000000000003;00000000002027;BRENT CLDR ICE SW;BARRIL;DOLAR DOS EUA;20270407;SIM;PETROLEO;0000000001,0000000000;AJUSTE;RNH7;TER
COMMODITIES;RNJ7;NYMEX;RNJ7 AJUSTE;00000000000004;00000000002027;BRENT CLDR ICE SW;BARRIL;DOLAR DOS EUA;20270507;SIM;PETROLEO;0000000001,0000000000;AJUSTE;RNJ7;OPC
COMMODITIES;RNJ7;NYMEX;RNJ7 AJUSTE;00000000000004;00000000002027;BRENT CLDR ICE SW;BARRIL;DOLAR DOS EUA;20270507;SIM;PETROLEO;0000000001,0000000000;AJUSTE;RNJ7;TER
COMMODITIES;RNK7;NYMEX;RNK7 AJUSTE;00000000000005;00000000002027;BRENT CLDR ICE SW;BARRIL;DOLAR DOS EUA;20270607;SIM;PETROLEO;0000000001,0000000000;AJUSTE;RNK7;TER
COMMODITIES;RNK7;NYMEX;RNK7 AJUSTE;00000000000005;00000000002027;BRENT CLDR ICE SW;BARRIL;DOLAR DOS EUA;20270607;SIM;PETROLEO;0000000001,0000000000;AJUSTE;RNK7;OPC
COMMODITIES;RNM7;NYMEX;RNM7 AJUSTE;00000000000006;00000000002027;BRENT CLDR ICE SW;BARRIL;DOLAR DOS EUA;20270707;SIM;PETROLEO;0000000001,0000000000;AJUSTE;RNM7;OPC
COMMODITIES;RNM7;NYMEX;RNM7 AJUSTE;00000000000006;00000000002027;BRENT CLDR ICE SW;BARRIL;DOLAR DOS EUA;20270707;SIM;PETROLEO;0000000001,0000000000;AJUSTE;RNM7;TER
COMMODITIES;RNN7;NYMEX;RNN7 AJUSTE;00000000000007;00000000002027;BRENT CLDR ICE SW;BARRIL;DOLAR DOS EUA;20270806;SIM;PETROLEO;0000000001,0000000000;AJUSTE;RNN7;OPC
COMMODITIES;RNN7;NYMEX;RNN7 AJUSTE;00000000000007;00000000002027;BRENT CLDR ICE SW;BARRIL;DOLAR DOS EUA;20270806;SIM;PETROLEO;0000000001,0000000000;AJUSTE;RNN7;TER
COMMODITIES;RNQ6;NYMEX;RNQ6 AJUSTE;00000000000008;00000000002026;BRENT CLDR ICE SW;BARRIL;DOLAR DOS EUA;20260908;SIM;PETROLEO;0000000001,0000000000;AJUSTE;RNQ6;TER
COMMODITIES;RNQ6;NYMEX;RNQ6 AJUSTE;00000000000008;00000000002026;BRENT CLDR ICE SW;BARRIL;DOLAR DOS EUA;20260908;SIM;PETROLEO;0000000001,0000000000;AJUSTE;RNQ6;OPC
COMMODITIES;RNQ7;NYMEX;RNQ7 AJUSTE;00000000000008;00000000002027;BRENT CLDR ICE SW;BARRIL;DOLAR DOS EUA;20270908;SIM;PETROLEO;0000000001,0000000000;AJUSTE;RNQ7;OPC
COMMODITIES;RNQ7;NYMEX;RNQ7 AJUSTE;00000000000008;00000000002027;BRENT CLDR ICE SW;BARRIL;DOLAR DOS EUA;20270908;SIM;PETROLEO;0000000001,0000000000;AJUSTE;RNQ7;TER
COMMODITIES;RNU6;NYMEX;RNU6 AJUSTE;00000000000009;00000000002026;BRENT CLDR ICE SW;BARRIL;DOLAR DOS EUA;20261007;SIM;PETROLEO;0000000001,0000000000;AJUSTE;RNU6;OPC
COMMODITIES;RNU6;NYMEX;RNU6 AJUSTE;00000000000009;00000000002026;BRENT CLDR ICE SW;BARRIL;DOLAR DOS EUA;20261007;SIM;PETROLEO;0000000001,0000000000;AJUSTE;RNU6;TER
COMMODITIES;RNU7;NYMEX;RNU7 AJUSTE;00000000000009;00000000002027;BRENT CLDR ICE SW;BARRIL;DOLAR DOS EUA;20271007;SIM;PETROLEO;0000000001,0000000000;AJUSTE;RNU7;TER
COMMODITIES;RNU7;NYMEX;RNU7 AJUSTE;00000000000009;00000000002027;BRENT CLDR ICE SW;BARRIL;DOLAR DOS EUA;20271007;SIM;PETROLEO;0000000001,0000000000;AJUSTE;RNU7;OPC
COMMODITIES;RNV6;NYMEX;RNV6 AJUSTE;00000000000010;00000000002026;BRENT CLDR ICE SW;BARRIL;DOLAR DOS EUA;20261109;SIM;PETROLEO;0000000001,0000000000;AJUSTE;RNV6;TER
COMMODITIES;RNV6;NYMEX;RNV6 AJUSTE;00000000000010;00000000002026;BRENT CLDR ICE SW;BARRIL;DOLAR DOS EUA;20261109;SIM;PETROLEO;0000000001,0000000000;AJUSTE;RNV6;OPC
COMMODITIES;RNX6;NYMEX;RNX6 AJUSTE;00000000000011;00000000002026;BRENT CLDR ICE SW;BARRIL;DOLAR DOS EUA;20261207;SIM;PETROLEO;0000000001,0000000000;AJUSTE;RNX6;OPC
COMMODITIES;RNX6;NYMEX;RNX6 AJUSTE;00000000000011;00000000002026;BRENT CLDR ICE SW;BARRIL;DOLAR DOS EUA;20261207;SIM;PETROLEO;0000000001,0000000000;AJUSTE;RNX6;TER
COMMODITIES;RNX7;NYMEX;RNX7 AJUSTE;00000000000011;00000000002027;BRENT CLDR ICE SW;BARRIL;DOLAR DOS EUA;20271207;SIM;PETROLEO;0000000001,0000000000;AJUSTE;RNX7;OPC
COMMODITIES;RNX7;NYMEX;RNX7 AJUSTE;00000000000011;00000000002027;BRENT CLDR ICE SW;BARRIL;DOLAR DOS EUA;20271207;SIM;PETROLEO;0000000001,0000000000;AJUSTE;RNX7;TER
COMMODITIES;RNZ6;NYMEX;RNZ6 AJUSTE;00000000000012;00000000002026;BRENT CLDR ICE SW;BARRIL;DOLAR DOS EUA;20270108;SIM;PETROLEO;0000000001,0000000000;AJUSTE;RNZ6;OPC
COMMODITIES;RNZ6;NYMEX;RNZ6 AJUSTE;00000000000012;00000000002026;BRENT CLDR ICE SW;BARRIL;DOLAR DOS EUA;20270108;SIM;PETROLEO;0000000001,0000000000;AJUSTE;RNZ6;TER
COMMODITIES;RNZ7;NYMEX;RNZ7 AJUSTE;00000000000012;00000000002027;BRENT CLDR ICE SW;BARRIL;DOLAR DOS EUA;20280107;SIM;PETROLEO;0000000001,0000000000;AJUSTE;RNZ7;TER
COMMODITIES;RNZ7;NYMEX;RNZ7 AJUSTE;00000000000012;00000000002027;BRENT CLDR ICE SW;BARRIL;DOLAR DOS EUA;20280107;SIM;PETROLEO;0000000001,0000000000;AJUSTE;RNZ7;OPC
COMMODITIES;RZO1;ICE (NYBOT);RZO1 AJUSTE;00000000000012;00000000002200;DUTCH TTF NATURAL GAS FUTURES;MWH;EURO/COM.EUROPEIA;22001208;SIM;GAS NATURAL;0000000001,0000000000;AJUSTE;RZO1;TER
COMMODITIES;RZO1;ICE (NYBOT);RZO1 AJUSTE;00000000000012;00000000002200;DUTCH TTF NATURAL GAS FUTURES;MWH;EURO/COM.EUROPEIA;22001208;SIM;GAS NATURAL;0000000001,0000000000;AJUSTE;RZO1;OPC
COMMODITIES;RZO1USEU;ICE (NYBOT);RZO1USEU U AJUSTE;00000000000012;00000000002200;-;MWH;DOLAR DOS EUA;22000115;SIM;GAS NATURAL EM USD;0000000001,0000000000;AJUSTE;.RZO1USEU F;COE
COMMODITIES;RZO1USEU;ICE (NYBOT);RZO1USEU U AJUSTE;00000000000012;00000000002200;-;MWH;DOLAR DOS EUA;22000115;SIM;GAS NATURAL EM USD;0000000001,0000000000;AJUSTE;.RZO1USEU F;TER
COMMODITIES;RZO1USEU;ICE (NYBOT);RZO1USEU U AJUSTE;00000000000012;00000000002200;-;MWH;DOLAR DOS EUA;22000115;SIM;GAS NATURAL EM USD;0000000001,0000000000;AJUSTE;.RZO1USEU F;OPC
COMMODITIES;S F7;CBOT;S F7 Máximo;00000000000001;00000000002027;EM GRAOS;BUSHELS;DOLAR DOS EUA;20270121;SIM;SOJA;0000000000,0100000000;MAXIMO;S F7;OPC
COMMODITIES;S F7;CBOT;S F7 Máximo;00000000000001;00000000002027;EM GRAOS;BUSHELS;DOLAR DOS EUA;20270121;SIM;SOJA;0000000000,0100000000;MAXIMO;S F7;TER
COMMODITIES;S F7;CBOT;S F7 Mínimo;00000000000001;00000000002027;EM GRAOS;BUSHELS;DOLAR DOS EUA;20270121;SIM;SOJA;0000000000,0100000000;MINIMO;S F7;TER
COMMODITIES;S F7;CBOT;S F7 Mínimo;00000000000001;00000000002027;EM GRAOS;BUSHELS;DOLAR DOS EUA;20270121;SIM;SOJA;0000000000,0100000000;MINIMO;S F7;OPC
COMMODITIES;S F7;CBOT;S F7 AJUSTE;00000000000001;00000000002027;EM GRAOS;BUSHELS;DOLAR DOS EUA;20270121;SIM;SOJA;0000000000,0100000000;AJUSTE;S F7;OPC
COMMODITIES;S F7;CBOT;S F7 AJUSTE;00000000000001;00000000002027;EM GRAOS;BUSHELS;DOLAR DOS EUA;20270121;SIM;SOJA;0000000000,0100000000;AJUSTE;S F7;TER
COMMODITIES;S F8;CBOT;S F8 AJUSTE;00000000000001;00000000002028;EM GRAOS;BUSHELS;DOLAR DOS EUA;20280121;SIM;SOJA;0000000000,0100000000;AJUSTE;S F8;TER
COMMODITIES;S F8;CBOT;S F8 AJUSTE;00000000000001;00000000002028;EM GRAOS;BUSHELS;DOLAR DOS EUA;20280121;SIM;SOJA;0000000000,0100000000;AJUSTE;S F8;OPC
COMMODITIES;S H7;CBOT;S H7 AJUSTE;00000000000003;00000000002027;EM GRAOS;BUSHELS;DOLAR DOS EUA;20270319;SIM;SOJA;0000000000,0100000000;AJUSTE;S H7;TER
COMMODITIES;S H7;CBOT;S H7 AJUSTE;00000000000003;00000000002027;EM GRAOS;BUSHELS;DOLAR DOS EUA;20270319;SIM;SOJA;0000000000,0100000000;AJUSTE;S H7;OPC
COMMODITIES;S H7;CBOT;S H7 Mínimo;00000000000003;00000000002027;EM GRAOS;BUSHELS;DOLAR DOS EUA;20270319;SIM;SOJA;0000000000,0100000000;MINIMO;S H7;TER
COMMODITIES;S H7;CBOT;S H7 Mínimo;00000000000003;00000000002027;EM GRAOS;BUSHELS;DOLAR DOS EUA;20270319;SIM;SOJA;0000000000,0100000000;MINIMO;S H7;OPC
COMMODITIES;S H7;CBOT;S H7 Máximo;00000000000003;00000000002027;EM GRAOS;BUSHELS;DOLAR DOS EUA;20270319;SIM;SOJA;0000000000,0100000000;MAXIMO;S H7;OPC
COMMODITIES;S H7;CBOT;S H7 Máximo;00000000000003;00000000002027;EM GRAOS;BUSHELS;DOLAR DOS EUA;20270319;SIM;SOJA;0000000000,0100000000;MAXIMO;S H7;TER
COMMODITIES;S H8;CBOT;S H8 Fechamento;00000000000003;00000000002028;EM GRAOS;BUSHELS;DOLAR DOS EUA;20280321;SIM;SOJA;0000000000,0100000000;FECHAMENTO;S H8;TER
COMMODITIES;S H8;CBOT;S H8 AJUSTE;00000000000003;00000000002028;EM GRAOS;BUSHELS;DOLAR DOS EUA;20280320;SIM;SOJA;0000000000,0100000000;AJUSTE;S H8;TER
COMMODITIES;S H8;CBOT;S H8 Fechamento;00000000000003;00000000002028;EM GRAOS;BUSHELS;DOLAR DOS EUA;20280321;SIM;SOJA;0000000000,0100000000;FECHAMENTO;S H8;OPC
COMMODITIES;S H8;CBOT;S H8 AJUSTE;00000000000003;00000000002028;EM GRAOS;BUSHELS;DOLAR DOS EUA;20280320;SIM;SOJA;0000000000,0100000000;AJUSTE;S H8;OPC
COMMODITIES;S K6;CBOT;S K6 AJUSTE;00000000000005;00000000002026;EM GRAOS;BUSHELS;DOLAR DOS EUA;20270119;SIM;SOJA;0000000000,0100000000;AJUSTE;S K6;TER
COMMODITIES;S K6;CBOT;S K6 Máximo;00000000000005;00000000002026;EM GRAOS;BUSHELS;DOLAR DOS EUA;20260521;SIM;SOJA;0000000000,0100000000;MAXIMO;S K6;OPC
COMMODITIES;S K6;CBOT;S K6 Máximo;00000000000005;00000000002026;EM GRAOS;BUSHELS;DOLAR DOS EUA;20260521;SIM;SOJA;0000000000,0100000000;MAXIMO;S K6;TER
COMMODITIES;S K6;CBOT;S K6 Mínimo;00000000000005;00000000002026;EM GRAOS;BUSHELS;DOLAR DOS EUA;20260521;SIM;SOJA;0000000000,0100000000;MINIMO;S K6;OPC
COMMODITIES;S K6;CBOT;S K6 Mínimo;00000000000005;00000000002026;EM GRAOS;BUSHELS;DOLAR DOS EUA;20260521;SIM;SOJA;0000000000,0100000000;MINIMO;S K6;TER
COMMODITIES;S K6;CBOT;S K6 AJUSTE;00000000000005;00000000002026;EM GRAOS;BUSHELS;DOLAR DOS EUA;20270119;SIM;SOJA;0000000000,0100000000;AJUSTE;S K6;OPC
COMMODITIES;S K7;CBOT;S K7 AJUSTE;00000000000005;00000000002027;EM GRAOS;BUSHELS;DOLAR DOS EUA;20270521;SIM;SOJA;0000000000,0100000000;AJUSTE;S K7;OPC
COMMODITIES;S K7;CBOT;S K7 Máximo;00000000000005;00000000002027;EM GRAOS;BUSHELS;DOLAR DOS EUA;20270521;SIM;SOJA;0000000000,0100000000;MAXIMO;S K7;OPC
COMMODITIES;S K7;CBOT;S K7 Mínimo;00000000000005;00000000002027;EM GRAOS;BUSHELS;DOLAR DOS EUA;20270521;SIM;SOJA;0000000000,0100000000;MINIMO;S K7;OPC
COMMODITIES;S K7;CBOT;S K7 Mínimo;00000000000005;00000000002027;EM GRAOS;BUSHELS;DOLAR DOS EUA;20270521;SIM;SOJA;0000000000,0100000000;MINIMO;S K7;TER
COMMODITIES;S K7;CBOT;S K7 AJUSTE;00000000000005;00000000002027;EM GRAOS;BUSHELS;DOLAR DOS EUA;20270521;SIM;SOJA;0000000000,0100000000;AJUSTE;S K7;TER
COMMODITIES;S K7;CBOT;S K7 Máximo;00000000000005;00000000002027;EM GRAOS;BUSHELS;DOLAR DOS EUA;20270521;SIM;SOJA;0000000000,0100000000;MAXIMO;S K7;TER
COMMODITIES;S K8;CBOT;S K8 AJUSTE;00000000000005;00000000002028;EM GRAOS;BUSHELS;DOLAR DOS EUA;20280519;SIM;SOJA;0000000000,0100000000;AJUSTE;S K8;TER
COMMODITIES;S K8;CBOT;S K8 Fechamento;00000000000005;00000000002028;EM GRAOS;BUSHELS;DOLAR DOS EUA;20280519;SIM;SOJA;0000000000,0100000000;FECHAMENTO;S K8;TER
COMMODITIES;S K8;CBOT;S K8 Fechamento;00000000000005;00000000002028;EM GRAOS;BUSHELS;DOLAR DOS EUA;20280519;SIM;SOJA;0000000000,0100000000;FECHAMENTO;S K8;OPC
COMMODITIES;S K8;CBOT;S K8 AJUSTE;00000000000005;00000000002028;EM GRAOS;BUSHELS;DOLAR DOS EUA;20280519;SIM;SOJA;0000000000,0100000000;AJUSTE;S K8;OPC
COMMODITIES;S N7;CBOT;S N7 Máximo;00000000000007;00000000002027;EM GRAOS;BUSHELS;DOLAR DOS EUA;20270721;SIM;SOJA;0000000000,0100000000;MAXIMO;S N7;OPC
COMMODITIES;S N7;CBOT;S N7 AJUSTE;00000000000007;00000000002027;EM GRAOS;BUSHELS;DOLAR DOS EUA;20270721;SIM;SOJA;0000000000,0100000000;AJUSTE;S N7;TER
COMMODITIES;S N7;CBOT;S N7 Mínimo;00000000000007;00000000002027;EM GRAOS;BUSHELS;DOLAR DOS EUA;20270721;SIM;SOJA;0000000000,0100000000;MINIMO;S N7;TER
COMMODITIES;S N7;CBOT;S N7 Mínimo;00000000000007;00000000002027;EM GRAOS;BUSHELS;DOLAR DOS EUA;20270721;SIM;SOJA;0000000000,0100000000;MINIMO;S N7;OPC
COMMODITIES;S N7;CBOT;S N7 AJUSTE;00000000000007;00000000002027;EM GRAOS;BUSHELS;DOLAR DOS EUA;20270721;SIM;SOJA;0000000000,0100000000;AJUSTE;S N7;OPC
COMMODITIES;S N7;CBOT;S N7 Máximo;00000000000007;00000000002027;EM GRAOS;BUSHELS;DOLAR DOS EUA;20270721;SIM;SOJA;0000000000,0100000000;MAXIMO;S N7;TER
COMMODITIES;S N8;CBOT;S N8 AJUSTE;00000000000007;00000000002028;EM GRAOS;BUSHELS;DOLAR DOS EUA;20280721;SIM;SOJA;0000000000,0100000000;AJUSTE;S N8;TER
COMMODITIES;S N8;CBOT;S N8 AJUSTE;00000000000007;00000000002028;EM GRAOS;BUSHELS;DOLAR DOS EUA;20280721;SIM;SOJA;0000000000,0100000000;AJUSTE;S N8;OPC
COMMODITIES;S Q6;CBOT;S Q6 AJUSTE;00000000000008;00000000002026;EM GRAOS;BUSHELS;DOLAR DOS EUA;20260821;SIM;SOJA;0000000000,0100000000;AJUSTE;S Q6;OPC
COMMODITIES;S Q6;CBOT;S Q6 Mínimo;00000000000008;00000000002026;EM GRAOS;BUSHELS;DOLAR DOS EUA;20260821;SIM;SOJA;0000000000,0100000000;MINIMO;S Q6;TER
COMMODITIES;S Q6;CBOT;S Q6 Mínimo;00000000000008;00000000002026;EM GRAOS;BUSHELS;DOLAR DOS EUA;20260821;SIM;SOJA;0000000000,0100000000;MINIMO;S Q6;OPC
COMMODITIES;S Q6;CBOT;S Q6 AJUSTE;00000000000008;00000000002026;EM GRAOS;BUSHELS;DOLAR DOS EUA;20260821;SIM;SOJA;0000000000,0100000000;AJUSTE;S Q6;TER
COMMODITIES;S Q6;CBOT;S Q6 Máximo;00000000000008;00000000002026;EM GRAOS;BUSHELS;DOLAR DOS EUA;20260821;SIM;SOJA;0000000000,0100000000;MAXIMO;S Q6;TER
COMMODITIES;S Q6;CBOT;S Q6 Máximo;00000000000008;00000000002026;EM GRAOS;BUSHELS;DOLAR DOS EUA;20260821;SIM;SOJA;0000000000,0100000000;MAXIMO;S Q6;OPC
COMMODITIES;S Q7;CBOT;S Q7 Mínimo;00000000000008;00000000002027;EM GRAOS;BUSHELS;DOLAR DOS EUA;20270820;SIM;SOJA;0000000000,0100000000;MINIMO;S Q7;TER
COMMODITIES;S Q7;CBOT;S Q7 Mínimo;00000000000008;00000000002027;EM GRAOS;BUSHELS;DOLAR DOS EUA;20270820;SIM;SOJA;0000000000,0100000000;MINIMO;S Q7;OPC
COMMODITIES;S Q7;CBOT;S Q7 AJUSTE;00000000000008;00000000002027;EM GRAOS;BUSHELS;DOLAR DOS EUA;20270820;SIM;SOJA;0000000000,0100000000;AJUSTE;S Q7;TER
COMMODITIES;S Q7;CBOT;S Q7 Máximo;00000000000008;00000000002027;EM GRAOS;BUSHELS;DOLAR DOS EUA;20270820;SIM;SOJA;0000000000,0100000000;MAXIMO;S Q7;TER
COMMODITIES;S Q7;CBOT;S Q7 Máximo;00000000000008;00000000002027;EM GRAOS;BUSHELS;DOLAR DOS EUA;20270820;SIM;SOJA;0000000000,0100000000;MAXIMO;S Q7;OPC
COMMODITIES;S Q7;CBOT;S Q7 AJUSTE;00000000000008;00000000002027;EM GRAOS;BUSHELS;DOLAR DOS EUA;20270820;SIM;SOJA;0000000000,0100000000;AJUSTE;S Q7;OPC
COMMODITIES;S Q8;CBOT;S Q8 Fechamento;00000000000008;00000000002028;EM GRAOS;BUSHELS;DOLAR DOS EUA;20280821;SIM;SOJA;0000000000,0100000000;FECHAMENTO;S Q8;OPC
COMMODITIES;S Q8;CBOT;S Q8 AJUSTE;00000000000008;00000000002028;EM GRAOS;BUSHELS;DOLAR DOS EUA;20280821;SIM;SOJA;0000000000,0100000000;AJUSTE;S Q8;TER
COMMODITIES;S Q8;CBOT;S Q8 AJUSTE;00000000000008;00000000002028;EM GRAOS;BUSHELS;DOLAR DOS EUA;20280821;SIM;SOJA;0000000000,0100000000;AJUSTE;S Q8;OPC
COMMODITIES;S Q8;CBOT;S Q8 Fechamento;00000000000008;00000000002028;EM GRAOS;BUSHELS;DOLAR DOS EUA;20280821;SIM;SOJA;0000000000,0100000000;FECHAMENTO;S Q8;TER
COMMODITIES;S U6;CBOT;S U6 Máximo;00000000000009;00000000002026;EM GRAOS;BUSHELS;DOLAR DOS EUA;20260921;SIM;SOJA;0000000000,0100000000;MAXIMO;S U6;OPC
COMMODITIES;S U6;CBOT;S U6 Máximo;00000000000009;00000000002026;EM GRAOS;BUSHELS;DOLAR DOS EUA;20260921;SIM;SOJA;0000000000,0100000000;MAXIMO;S U6;TER
COMMODITIES;S U6;CBOT;S U6 Mínimo;00000000000009;00000000002026;EM GRAOS;BUSHELS;DOLAR DOS EUA;20260921;SIM;SOJA;0000000000,0100000000;MINIMO;S U6;OPC
COMMODITIES;S U6;CBOT;S U6 Mínimo;00000000000009;00000000002026;EM GRAOS;BUSHELS;DOLAR DOS EUA;20260921;SIM;SOJA;0000000000,0100000000;MINIMO;S U6;TER
COMMODITIES;S U6;CBOT;S U6 AJUSTE;00000000000009;00000000002026;EM GRAOS;BUSHELS;DOLAR DOS EUA;20260921;SIM;SOJA;0000000000,0100000000;AJUSTE;S U6;TER
COMMODITIES;S U6;CBOT;S U6 AJUSTE;00000000000009;00000000002026;EM GRAOS;BUSHELS;DOLAR DOS EUA;20260921;SIM;SOJA;0000000000,0100000000;AJUSTE;S U6;OPC
COMMODITIES;S U7;CBOT;S U7 Mínimo;00000000000009;00000000002027;EM GRAOS;BUSHELS;DOLAR DOS EUA;20270921;SIM;SOJA;0000000000,0100000000;MINIMO;S U7;OPC
COMMODITIES;S U7;CBOT;S U7 Máximo;00000000000009;00000000002027;EM GRAOS;BUSHELS;DOLAR DOS EUA;20270921;SIM;SOJA;0000000000,0100000000;MAXIMO;S U7;OPC
COMMODITIES;S U7;CBOT;S U7 Máximo;00000000000009;00000000002027;EM GRAOS;BUSHELS;DOLAR DOS EUA;20270921;SIM;SOJA;0000000000,0100000000;MAXIMO;S U7;TER
COMMODITIES;S U7;CBOT;S U7 AJUSTE;00000000000009;00000000002027;EM GRAOS;BUSHELS;DOLAR DOS EUA;20270921;SIM;SOJA;0000000000,0100000000;AJUSTE;S U7;TER
COMMODITIES;S U7;CBOT;S U7 AJUSTE;00000000000009;00000000002027;EM GRAOS;BUSHELS;DOLAR DOS EUA;20270921;SIM;SOJA;0000000000,0100000000;AJUSTE;S U7;OPC
COMMODITIES;S U7;CBOT;S U7 Mínimo;00000000000009;00000000002027;EM GRAOS;BUSHELS;DOLAR DOS EUA;20270921;SIM;SOJA;0000000000,0100000000;MINIMO;S U7;TER
COMMODITIES;S U8;CBOT;S U8 AJUSTE;00000000000009;00000000002028;EM GRAOS;BUSHELS;DOLAR DOS EUA;20280921;SIM;SOJA;0000000000,0100000000;AJUSTE;S U8;OPC
COMMODITIES;S U8;CBOT;S U8 Fechamento;00000000000009;00000000002028;EM GRAOS;BUSHELS;DOLAR DOS EUA;20280921;SIM;SOJA;0000000000,0100000000;FECHAMENTO;S U8;TER
COMMODITIES;S U8;CBOT;S U8 Fechamento;00000000000009;00000000002028;EM GRAOS;BUSHELS;DOLAR DOS EUA;20280921;SIM;SOJA;0000000000,0100000000;FECHAMENTO;S U8;OPC
COMMODITIES;S U8;CBOT;S U8 AJUSTE;00000000000009;00000000002028;EM GRAOS;BUSHELS;DOLAR DOS EUA;20280921;SIM;SOJA;0000000000,0100000000;AJUSTE;S U8;TER
COMMODITIES;S X6;CBOT;S X6 AJUSTE;00000000000011;00000000002026;EM GRAOS;BUSHELS;DOLAR DOS EUA;20261119;SIM;SOJA;0000000000,0100000000;AJUSTE;S X6;OPC
COMMODITIES;S X6;CBOT;S X6 AJUSTE;00000000000011;00000000002026;EM GRAOS;BUSHELS;DOLAR DOS EUA;20261119;SIM;SOJA;0000000000,0100000000;AJUSTE;S X6;TER
COMMODITIES;S X6;CBOT;S X6 AJUSTE;00000000000011;00000000002026;EM GRAOS;BUSHELS;DOLAR DOS EUA;20261119;SIM;SOJA;0000000000,0100000000;AJUSTE;S X6;COE
COMMODITIES;S X7;CBOT;S X7 AJUSTE;00000000000011;00000000002027;EM GRAOS;BUSHELS;DOLAR DOS EUA;20271122;SIM;SOJA;0000000000,0100000000;AJUSTE;S X7;OPC
COMMODITIES;S X7;CBOT;S X7 Máximo;00000000000011;00000000002027;EM GRAOS;BUSHELS;DOLAR DOS EUA;20271122;SIM;SOJA;0000000000,0100000000;MAXIMO;S X7;TER
COMMODITIES;S X7;CBOT;S X7 Máximo;00000000000011;00000000002027;EM GRAOS;BUSHELS;DOLAR DOS EUA;20271122;SIM;SOJA;0000000000,0100000000;MAXIMO;S X7;OPC
COMMODITIES;S X7;CBOT;S X7 Mínimo;00000000000011;00000000002027;EM GRAOS;BUSHELS;DOLAR DOS EUA;20271122;SIM;SOJA;0000000000,0100000000;MINIMO;S X7;OPC
COMMODITIES;S X7;CBOT;S X7 Mínimo;00000000000011;00000000002027;EM GRAOS;BUSHELS;DOLAR DOS EUA;20271122;SIM;SOJA;0000000000,0100000000;MINIMO;S X7;TER
COMMODITIES;S X7;CBOT;S X7 AJUSTE;00000000000011;00000000002027;EM GRAOS;BUSHELS;DOLAR DOS EUA;20271122;SIM;SOJA;0000000000,0100000000;AJUSTE;S X7;TER
COMMODITIES;S X8;CBOT;S X8 Máximo;00000000000011;00000000002028;EM GRAOS;BUSHELS;DOLAR DOS EUA;20281122;SIM;SOJA;0000000000,0100000000;MAXIMO;S X8;OPC
COMMODITIES;S X8;CBOT;S X8 Mínimo;00000000000011;00000000002028;EM GRAOS;BUSHELS;DOLAR DOS EUA;20281122;SIM;SOJA;0000000000,0100000000;MINIMO;S X8;TER
COMMODITIES;S X8;CBOT;S X8 Mínimo;00000000000011;00000000002028;EM GRAOS;BUSHELS;DOLAR DOS EUA;20281122;SIM;SOJA;0000000000,0100000000;MINIMO;S X8;OPC
COMMODITIES;S X8;CBOT;S X8 AJUSTE;00000000000011;00000000002028;EM GRAOS;BUSHELS;DOLAR DOS EUA;20281122;SIM;SOJA;0000000000,0100000000;AJUSTE;S X8;TER
COMMODITIES;S X8;CBOT;S X8 AJUSTE;00000000000011;00000000002028;EM GRAOS;BUSHELS;DOLAR DOS EUA;20281122;SIM;SOJA;0000000000,0100000000;AJUSTE;S X8;OPC
COMMODITIES;S X8;CBOT;S X8 Máximo;00000000000011;00000000002028;EM GRAOS;BUSHELS;DOLAR DOS EUA;20281122;SIM;SOJA;0000000000,0100000000;MAXIMO;S X8;TER
COMMODITIES;S 1;CBOT;SC1 Ajuste;00000000000012;00000000002200;EM GRAOS;BUSHELS;DOLAR DOS EUA;22000102;SIM;SOJA;0000000000,0100000000;AJUSTE;S 1;OPC
COMMODITIES;S 1;CBOT;SC1 Ajuste;00000000000012;00000000002200;EM GRAOS;BUSHELS;DOLAR DOS EUA;22000102;SIM;SOJA;0000000000,0100000000;AJUSTE;S 1;TER
COMMODITIES;SBH0;ICE (NYBOT);SBH0 Ajuste;00000000000003;00000000002020;NUMERO 11;POUND;DOLAR DOS EUA;20200306;SIM;ACUCAR;0000000000,0100000000;AJUSTE;SBH0;COE
COMMODITIES;SBH19;ICE (NYBOT);SBH19 Ajuste;00000000000003;00000000002019;NUMERO 11;POUND;DOLAR DOS EUA;20190307;SIM;ACUCAR;0000000000,0100000000;AJUSTE;;COE
COMMODITIES;SBH7;ICE (NYBOT);SBH7 Mínimo;00000000000003;00000000002027;NUMERO 11;POUND;DOLAR DOS EUA;20270305;SIM;ACUCAR;0000000000,0100000000;MINIMO;SBH7;TER
COMMODITIES;SBH7;ICE (NYBOT);SBH7 AJUSTE;00000000000003;00000000002027;NUMERO 11;POUND;DOLAR DOS EUA;20270507;SIM;ACUCAR;0000000000,0100000000;AJUSTE;SBH7;TER
COMMODITIES;SBH7;ICE (NYBOT);SBH7 Mínimo;00000000000003;00000000002027;NUMERO 11;POUND;DOLAR DOS EUA;20270305;SIM;ACUCAR;0000000000,0100000000;MINIMO;SBH7;OPC
COMMODITIES;SBH7;ICE (NYBOT);SBH7 Máximo;00000000000003;00000000002027;NUMERO 11;POUND;DOLAR DOS EUA;20270305;SIM;ACUCAR;0000000000,0100000000;MAXIMO;SBH7;OPC
COMMODITIES;SBH7;ICE (NYBOT);SBH7 Máximo;00000000000003;00000000002027;NUMERO 11;POUND;DOLAR DOS EUA;20270305;SIM;ACUCAR;0000000000,0100000000;MAXIMO;SBH7;TER
COMMODITIES;SBH7;ICE (NYBOT);SBH7 AJUSTE;00000000000003;00000000002027;NUMERO 11;POUND;DOLAR DOS EUA;20270507;SIM;ACUCAR;0000000000,0100000000;AJUSTE;SBH7;OPC
COMMODITIES;SBH8;ICE (NYBOT);SBH8 AJUSTE;00000000000003;00000000002028;NUMERO 11;POUND;DOLAR DOS EUA;20280307;SIM;ACUCAR;0000000000,0100000000;AJUSTE;SBH8;OPC
COMMODITIES;SBH8;ICE (NYBOT);SBH8 AJUSTE;00000000000003;00000000002028;NUMERO 11;POUND;DOLAR DOS EUA;20280307;SIM;ACUCAR;0000000000,0100000000;AJUSTE;SBH8;TER
COMMODITIES;SBH9;ICE (NYBOT);SBH9 AJUSTE;00000000000003;00000000002029;-;POUND;DOLAR DOS EUA;20290307;SIM;ACUCAR;0000000000,0100000000;AJUSTE;SBH9;OPC
COMMODITIES;SBH9;ICE (NYBOT);SBH9 AJUSTE;00000000000003;00000000002029;-;POUND;DOLAR DOS EUA;20290307;SIM;ACUCAR;0000000000,0100000000;AJUSTE;SBH9;TER
COMMODITIES;SBK19;ICE (NYBOT);SBK19 Ajuste;00000000000005;00000000002019;NUMERO 11;POUND;DOLAR DOS EUA;20190508;SIM;ACUCAR;0000000000,0100000000;AJUSTE;SBK9;COE
COMMODITIES;SBK7;ICE (NYBOT);SBK7 AJUSTE;00000000000005;00000000002027;NUMERO 11;POUND;DOLAR DOS EUA;20270507;SIM;ACUCAR;0000000000,0100000000;AJUSTE;SBK7;OPC
COMMODITIES;SBK7;ICE (NYBOT);SBK7 AJUSTE;00000000000005;00000000002027;NUMERO 11;POUND;DOLAR DOS EUA;20270507;SIM;ACUCAR;0000000000,0100000000;AJUSTE;SBK7;TER
COMMODITIES;SBK7;ICE (NYBOT);SBK7 Máximo;00000000000005;00000000002027;NUMERO 11;POUND;DOLAR DOS EUA;20270507;SIM;ACUCAR;0000000000,0100000000;MAXIMO;SBK7;OPC
COMMODITIES;SBK7;ICE (NYBOT);SBK7 Máximo;00000000000005;00000000002027;NUMERO 11;POUND;DOLAR DOS EUA;20270507;SIM;ACUCAR;0000000000,0100000000;MAXIMO;SBK7;TER
COMMODITIES;SBK7;ICE (NYBOT);SBK7 Mínimo;00000000000005;00000000002027;NUMERO 11;POUND;DOLAR DOS EUA;20270507;SIM;ACUCAR;0000000000,0100000000;MINIMO;SBK7;TER
COMMODITIES;SBK7;ICE (NYBOT);SBK7 Mínimo;00000000000005;00000000002027;NUMERO 11;POUND;DOLAR DOS EUA;20270507;SIM;ACUCAR;0000000000,0100000000;MINIMO;SBK7;OPC
COMMODITIES;SBK8;ICE (NYBOT);SBK8 AJUSTE;00000000000003;00000000002028;NUMERO 11;POUND;DOLAR DOS EUA;20280508;SIM;ACUCAR;0000000000,0100000000;AJUSTE;SBK8;TER
COMMODITIES;SBK8;ICE (NYBOT);SBK8 AJUSTE;00000000000003;00000000002028;NUMERO 11;POUND;DOLAR DOS EUA;20280508;SIM;ACUCAR;0000000000,0100000000;AJUSTE;SBK8;OPC
COMMODITIES;SBN19;ICE (NYBOT);SBN19 Ajuste;00000000000007;00000000002019;NUMERO 11;POUND;DOLAR DOS EUA;20190705;SIM;ACUCAR;0000000000,0100000000;AJUSTE;SBN9;COE
COMMODITIES;SBN6;ICE (NYBOT);SBN6 Máximo;00000000000007;00000000002026;NUMERO 11;POUND;DOLAR DOS EUA;20260707;SIM;ACUCAR;0000000000,0100000000;MAXIMO;SBN6;TER
COMMODITIES;SBN6;ICE (NYBOT);SBN6 Mínimo;00000000000007;00000000002026;NUMERO 11;POUND;DOLAR DOS EUA;20260707;SIM;ACUCAR;0000000000,0100000000;MINIMO;SBN6;OPC
COMMODITIES;SBN6;ICE (NYBOT);SBN6 Mínimo;00000000000007;00000000002026;NUMERO 11;POUND;DOLAR DOS EUA;20260707;SIM;ACUCAR;0000000000,0100000000;MINIMO;SBN6;TER
COMMODITIES;SBN6;ICE (NYBOT);SBN6 AJUSTE;00000000000007;00000000002026;NUMERO 11;POUND;DOLAR DOS EUA;20260901;SIM;ACUCAR;0000000000,0100000000;AJUSTE;SBN6;OPC
COMMODITIES;SBN6;ICE (NYBOT);SBN6 AJUSTE;00000000000007;00000000002026;NUMERO 11;POUND;DOLAR DOS EUA;20260901;SIM;ACUCAR;0000000000,0100000000;AJUSTE;SBN6;TER
COMMODITIES;SBN6;ICE (NYBOT);SBN6 Máximo;00000000000007;00000000002026;NUMERO 11;POUND;DOLAR DOS EUA;20260707;SIM;ACUCAR;0000000000,0100000000;MAXIMO;SBN6;OPC
COMMODITIES;SBN7;ICE (NYBOT);SBN7 Mínimo;00000000000007;00000000002027;NUMERO 11;POUND;DOLAR DOS EUA;20270707;SIM;ACUCAR;0000000000,0100000000;MINIMO;SBN7;TER
COMMODITIES;SBN7;ICE (NYBOT);SBN7 AJUSTE;00000000000007;00000000002027;NUMERO 11;POUND;DOLAR DOS EUA;20270707;SIM;ACUCAR;0000000000,0100000000;AJUSTE;SBN7;OPC
COMMODITIES;SBN7;ICE (NYBOT);SBN7 AJUSTE;00000000000007;00000000002027;NUMERO 11;POUND;DOLAR DOS EUA;20270707;SIM;ACUCAR;0000000000,0100000000;AJUSTE;SBN7;TER
COMMODITIES;SBN7;ICE (NYBOT);SBN7 Máximo;00000000000007;00000000002027;NUMERO 11;POUND;DOLAR DOS EUA;20270707;SIM;ACUCAR;0000000000,0100000000;MAXIMO;SBN7;OPC
COMMODITIES;SBN7;ICE (NYBOT);SBN7 Máximo;00000000000007;00000000002027;NUMERO 11;POUND;DOLAR DOS EUA;20270707;SIM;ACUCAR;0000000000,0100000000;MAXIMO;SBN7;TER
COMMODITIES;SBN7;ICE (NYBOT);SBN7 Mínimo;00000000000007;00000000002027;NUMERO 11;POUND;DOLAR DOS EUA;20270707;SIM;ACUCAR;0000000000,0100000000;MINIMO;SBN7;OPC
COMMODITIES;SBN8;ICE (NYBOT);SBN8 AJUSTE;00000000000003;00000000002028;NUMERO 11;POUND;DOLAR DOS EUA;20280707;SIM;ACUCAR;0000000000,0100000000;AJUSTE;SBN8;OPC
COMMODITIES;SBN8;ICE (NYBOT);SBN8 AJUSTE;00000000000003;00000000002028;NUMERO 11;POUND;DOLAR DOS EUA;20280707;SIM;ACUCAR;0000000000,0100000000;AJUSTE;SBN8;TER
COMMODITIES;SBV6;ICE (NYBOT);SBV6 Máximo;00000000000010;00000000002026;NUMERO 11;POUND;DOLAR DOS EUA;20261007;SIM;ACUCAR;0000000000,0100000000;MAXIMO;SBV6;OPC
COMMODITIES;SBV6;ICE (NYBOT);SBV6 Máximo;00000000000010;00000000002026;NUMERO 11;POUND;DOLAR DOS EUA;20261007;SIM;ACUCAR;0000000000,0100000000;MAXIMO;SBV6;TER
COMMODITIES;SBV6;ICE (NYBOT);SBV6 AJUSTE;00000000000010;00000000002026;NUMERO 11;POUND;DOLAR DOS EUA;20261204;SIM;ACUCAR;0000000000,0100000000;AJUSTE;SBV6;OPC
COMMODITIES;SBV6;ICE (NYBOT);SBV6 AJUSTE;00000000000010;00000000002026;NUMERO 11;POUND;DOLAR DOS EUA;20261204;SIM;ACUCAR;0000000000,0100000000;AJUSTE;SBV6;TER
COMMODITIES;SBV6;ICE (NYBOT);SBV6 Mínimo;00000000000010;00000000002026;NUMERO 11;POUND;DOLAR DOS EUA;20261007;SIM;ACUCAR;0000000000,0100000000;MINIMO;SBV6;TER
COMMODITIES;SBV6;ICE (NYBOT);SBV6 Mínimo;00000000000010;00000000002026;NUMERO 11;POUND;DOLAR DOS EUA;20261007;SIM;ACUCAR;0000000000,0100000000;MINIMO;SBV6;OPC
COMMODITIES;SBV7;ICE (NYBOT);SBV7 Máximo;00000000000010;00000000002027;NUMERO 11;POUND;DOLAR DOS EUA;20271007;SIM;ACUCAR;0000000000,0100000000;MAXIMO;SBV7;TER
COMMODITIES;SBV7;ICE (NYBOT);SBV7 AJUSTE;00000000000010;00000000002027;NUMERO 11;POUND;DOLAR DOS EUA;20271007;SIM;ACUCAR;0000000000,0100000000;AJUSTE;SBV7;TER
COMMODITIES;SBV7;ICE (NYBOT);SBV7 AJUSTE;00000000000010;00000000002027;NUMERO 11;POUND;DOLAR DOS EUA;20271007;SIM;ACUCAR;0000000000,0100000000;AJUSTE;SBV7;OPC
COMMODITIES;SBV7;ICE (NYBOT);SBV7 Mínimo;00000000000010;00000000002027;NUMERO 11;POUND;DOLAR DOS EUA;20271007;SIM;ACUCAR;0000000000,0100000000;MINIMO;SBV7;OPC
COMMODITIES;SBV7;ICE (NYBOT);SBV7 Máximo;00000000000010;00000000002027;NUMERO 11;POUND;DOLAR DOS EUA;20271007;SIM;ACUCAR;0000000000,0100000000;MAXIMO;SBV7;OPC
COMMODITIES;SBV7;ICE (NYBOT);SBV7 Mínimo;00000000000010;00000000002027;NUMERO 11;POUND;DOLAR DOS EUA;20271007;SIM;ACUCAR;0000000000,0100000000;MINIMO;SBV7;TER
COMMODITIES;SBV8;ICE (NYBOT);SBV8 AJUSTE;00000000000010;00000000002028;NUMERO 11;POUND;DOLAR DOS EUA;20281006;SIM;ACUCAR;0000000000,0100000000;AJUSTE;SBV8;TER
COMMODITIES;SBV8;ICE (NYBOT);SBV8 AJUSTE;00000000000010;00000000002028;NUMERO 11;POUND;DOLAR DOS EUA;20281006;SIM;ACUCAR;0000000000,0100000000;AJUSTE;SBV8;OPC
COMMODITIES;SBV9;ICE (NYBOT);SBV9 Ajuste;00000000000010;00000000002019;NUMERO 11;POUND;DOLAR DOS EUA;20191007;SIM;ACUCAR;0000000000,0100000000;AJUSTE;SBV9;COE
COMMODITIES;SB1;ICE (NYBOT);SB1 Ajuste;00000000000012;00000000002200;NUMERO 11;POUND;DOLAR DOS EUA;22000109;SIM;ACUCAR;0000000000,0100000000;AJUSTE;SB1;OPC
COMMODITIES;SB1;ICE (NYBOT);SB1 Ajuste;00000000000012;00000000002200;NUMERO 11;POUND;DOLAR DOS EUA;22000109;SIM;ACUCAR;0000000000,0100000000;AJUSTE;SB1;TER
COMMODITIES;SB2;ICE (NYBOT);SB2 AJUSTE;00000000000012;00000000002202;NUMERO 11;POUND;DOLAR DOS EUA;22020109;SIM;ACUCAR;0000000000,0100000000;AJUSTE;SB2;OPC
COMMODITIES;SB2;ICE (NYBOT);SB2 AJUSTE;00000000000012;00000000002202;NUMERO 11;POUND;DOLAR DOS EUA;22020109;SIM;ACUCAR;0000000000,0100000000;AJUSTE;SB2;TER
COMMODITIES;SCOF7;SGX;SCOF7 AJUSTE;00000000000001;00000000002027;TSI PERCENTUAL FERRO;TONELADA METRICA;DOLAR DOS EUA;20270205;SIM;MINERIO DE FERRO;0000000001,0000000000;AJUSTE;SCOF7;TER
COMMODITIES;SCOF7;SGX;SCOF7 AJUSTE;00000000000001;00000000002027;TSI PERCENTUAL FERRO;TONELADA METRICA;DOLAR DOS EUA;20270205;SIM;MINERIO DE FERRO;0000000001,0000000000;AJUSTE;SCOF7;OPC
COMMODITIES;SCOG7;SGX;SCOG7 AJUSTE;00000000000002;00000000002027;TSI PERCENTUAL FERRO;TONELADA METRICA;DOLAR DOS EUA;20270305;SIM;MINERIO DE FERRO;0000000001,0000000000;AJUSTE;SCOG7;TER
COMMODITIES;SCOG7;SGX;SCOG7 AJUSTE;00000000000002;00000000002027;TSI PERCENTUAL FERRO;TONELADA METRICA;DOLAR DOS EUA;20270305;SIM;MINERIO DE FERRO;0000000001,0000000000;AJUSTE;SCOG7;OPC
COMMODITIES;SCOH7;SGX;SCOH7 AJUSTE;00000000000003;00000000002027;TSI PERCENTUAL FERRO;TONELADA METRICA;DOLAR DOS EUA;20270407;SIM;MINERIO DE FERRO;0000000001,0000000000;AJUSTE;SCOH7;TER
COMMODITIES;SCOH7;SGX;SCOH7 AJUSTE;00000000000003;00000000002027;TSI PERCENTUAL FERRO;TONELADA METRICA;DOLAR DOS EUA;20270407;SIM;MINERIO DE FERRO;0000000001,0000000000;AJUSTE;SCOH7;OPC
COMMODITIES;SCOJ7;SGX;SCOJ7 AJUSTE;00000000000004;00000000002027;TSI PERCENTUAL FERRO;TONELADA METRICA;DOLAR DOS EUA;20270507;SIM;MINERIO DE FERRO;0000000001,0000000000;AJUSTE;SCOJ7;OPC
COMMODITIES;SCOJ7;SGX;SCOJ7 AJUSTE;00000000000004;00000000002027;TSI PERCENTUAL FERRO;TONELADA METRICA;DOLAR DOS EUA;20270507;SIM;MINERIO DE FERRO;0000000001,0000000000;AJUSTE;SCOJ7;TER
COMMODITIES;SCOK7;SGX;SCOK7 AJUSTE;00000000000005;00000000002027;TSI PERCENTUAL FERRO;TONELADA METRICA;DOLAR DOS EUA;20270607;SIM;MINERIO DE FERRO;0000000001,0000000000;AJUSTE;SCOK7;OPC
COMMODITIES;SCOK7;SGX;SCOK7 AJUSTE;00000000000005;00000000002027;TSI PERCENTUAL FERRO;TONELADA METRICA;DOLAR DOS EUA;20270607;SIM;MINERIO DE FERRO;0000000001,0000000000;AJUSTE;SCOK7;TER
COMMODITIES;SCOM3;SGX;SCOM3 AJUSTE;00000000000006;00000000002023;TSI 62 PERCENTUAL FERRO;TONELADA METRICA;DOLAR DOS EUA;20230901;SIM;MINERIO DE FERRO;0000000001,0000000000;AJUSTE;SCOM3;COE
COMMODITIES;SCOM7;SGX;SCOM7 AJUSTE;00000000000006;00000000002027;TSI PERCENTUAL FERRO;TONELADA METRICA;DOLAR DOS EUA;20270707;SIM;MINERIO DE FERRO;0000000001,0000000000;AJUSTE;SCOM7;OPC
COMMODITIES;SCOM7;SGX;SCOM7 AJUSTE;00000000000006;00000000002027;TSI PERCENTUAL FERRO;TONELADA METRICA;DOLAR DOS EUA;20270707;SIM;MINERIO DE FERRO;0000000001,0000000000;AJUSTE;SCOM7;TER
COMMODITIES;SCON3;SGX;SCON3 Ajuste;00000000000007;00000000002023;TSI 62 PERCENTUAL FERRO;TONELADA METRICA;DOLAR DOS EUA;20231003;SIM;MINERIO DE FERRO;0000000001,0000000000;AJUSTE;SCON3;COE
COMMODITIES;SCON7;SGX;SCON7 AJUSTE;00000000000007;00000000002027;TSI PERCENTUAL FERRO;TONELADA METRICA;DOLAR DOS EUA;20270806;SIM;MINERIO DE FERRO;0000000001,0000000000;AJUSTE;SCON7;OPC
COMMODITIES;SCON7;SGX;SCON7 AJUSTE;00000000000007;00000000002027;TSI PERCENTUAL FERRO;TONELADA METRICA;DOLAR DOS EUA;20270806;SIM;MINERIO DE FERRO;0000000001,0000000000;AJUSTE;SCON7;TER
COMMODITIES;SCOQ3;SGX;SCOQ3 AJUSTE;00000000000008;00000000002023;TSI 62 PERCENTUAL FERRO;TONELADA METRICA;DOLAR DOS EUA;20231107;SIM;MINERIO DE FERRO;0000000001,0000000000;AJUSTE;SCOQ3;COE
COMMODITIES;SCOQ6;SGX;SCOQ6 AJUSTE;00000000000008;00000000002026;TSI PERCENTUAL FERRO;TONELADA METRICA;DOLAR DOS EUA;20260908;SIM;MINERIO DE FERRO;0000000001,0000000000;AJUSTE;SCOQ6;OPC
COMMODITIES;SCOQ6;SGX;SCOQ6 AJUSTE;00000000000008;00000000002026;TSI PERCENTUAL FERRO;TONELADA METRICA;DOLAR DOS EUA;20260908;SIM;MINERIO DE FERRO;0000000001,0000000000;AJUSTE;SCOQ6;TER
COMMODITIES;SCOQ7;SGX;SCOQ7 AJUSTE;00000000000008;00000000002027;TSI PERCENTUAL FERRO;TONELADA METRICA;DOLAR DOS EUA;20270908;SIM;MINERIO DE FERRO;0000000001,0000000000;AJUSTE;SCOQ7;OPC
COMMODITIES;SCOQ7;SGX;SCOQ7 AJUSTE;00000000000008;00000000002027;TSI PERCENTUAL FERRO;TONELADA METRICA;DOLAR DOS EUA;20270908;SIM;MINERIO DE FERRO;0000000001,0000000000;AJUSTE;SCOQ7;TER
COMMODITIES;SCOU3;SGX;SCOU3 AJUSTE;00000000000009;00000000002023;TSI 62 PERCENTUAL FERRO;TONELADA METRICA;DOLAR DOS EUA;20231206;SIM;MINERIO DE FERRO;0000000001,0000000000;AJUSTE;SCOU3;COE
COMMODITIES;SCOU6;SGX;SCOU6 AJUSTE;00000000000009;00000000002026;TSI PERCENTUAL FERRO;TONELADA METRICA;DOLAR DOS EUA;20261007;SIM;MINERIO DE FERRO;0000000001,0000000000;AJUSTE;SCOU6;OPC
COMMODITIES;SCOU6;SGX;SCOU6 AJUSTE;00000000000009;00000000002026;TSI PERCENTUAL FERRO;TONELADA METRICA;DOLAR DOS EUA;20261007;SIM;MINERIO DE FERRO;0000000001,0000000000;AJUSTE;SCOU6;TER
COMMODITIES;SCOU7;SGX;SCOU7 AJUSTE;00000000000009;00000000002027;TSI PERCENTUAL FERRO;TONELADA METRICA;DOLAR DOS EUA;20271007;SIM;MINERIO DE FERRO;0000000001,0000000000;AJUSTE;SCOU7;OPC
COMMODITIES;SCOU7;SGX;SCOU7 AJUSTE;00000000000009;00000000002027;TSI PERCENTUAL FERRO;TONELADA METRICA;DOLAR DOS EUA;20271007;SIM;MINERIO DE FERRO;0000000001,0000000000;AJUSTE;SCOU7;TER
COMMODITIES;SCOV3;SGX;SCOV3 AJUSTE;00000000000010;00000000002023;TSI 62 PERCENTUAL FERRO;TONELADA METRICA;DOLAR DOS EUA;20240108;SIM;MINERIO DE FERRO;0000000001,0000000000;AJUSTE;SCOV3;COE
COMMODITIES;SCOV6;SGX;SCOV6 AJUSTE;00000000000010;00000000002026;TSI PERCENTUAL FERRO;TONELADA METRICA;DOLAR DOS EUA;20261109;SIM;MINERIO DE FERRO;0000000001,0000000000;AJUSTE;SCOV6;OPC
COMMODITIES;SCOV6;SGX;SCOV6 AJUSTE;00000000000010;00000000002026;TSI PERCENTUAL FERRO;TONELADA METRICA;DOLAR DOS EUA;20261109;SIM;MINERIO DE FERRO;0000000001,0000000000;AJUSTE;SCOV6;TER
COMMODITIES;SCOV7;SGX;SCOV7 AJUSTE;00000000000010;00000000002027;TSI PERCENTUAL FERRO;TONELADA METRICA;DOLAR DOS EUA;20271105;SIM;MINERIO DE FERRO;0000000001,0000000000;AJUSTE;SCOV7;TER
COMMODITIES;SCOV7;SGX;SCOV7 AJUSTE;00000000000010;00000000002027;TSI PERCENTUAL FERRO;TONELADA METRICA;DOLAR DOS EUA;20271105;SIM;MINERIO DE FERRO;0000000001,0000000000;AJUSTE;SCOV7;OPC
COMMODITIES;SCOX3;SGX;SCOX3 AJUSTE;00000000000011;00000000002023;TSI 62 PERCENTUAL FERRO;TONELADA METRICA;DOLAR DOS EUA;20240205;SIM;MINERIO DE FERRO;0000000001,0000000000;AJUSTE;SCOX3;COE
COMMODITIES;SCOX6;SGX;SCOX6 AJUSTE;00000000000011;00000000002026;TSI PERCENTUAL FERRO;TONELADA METRICA;DOLAR DOS EUA;20261207;SIM;MINERIO DE FERRO;0000000001,0000000000;AJUSTE;SCOX6;OPC
COMMODITIES;SCOX6;SGX;SCOX6 AJUSTE;00000000000011;00000000002026;TSI PERCENTUAL FERRO;TONELADA METRICA;DOLAR DOS EUA;20261207;SIM;MINERIO DE FERRO;0000000001,0000000000;AJUSTE;SCOX6;TER
COMMODITIES;SCOX7;SGX;SCOX7 AJUSTE;00000000000011;00000000002027;TSI PERCENTUAL FERRO;TONELADA METRICA;DOLAR DOS EUA;20271207;SIM;MINERIO DE FERRO;0000000001,0000000000;AJUSTE;SCOX7;TER
COMMODITIES;SCOX7;SGX;SCOX7 AJUSTE;00000000000011;00000000002027;TSI PERCENTUAL FERRO;TONELADA METRICA;DOLAR DOS EUA;20271207;SIM;MINERIO DE FERRO;0000000001,0000000000;AJUSTE;SCOX7;OPC
COMMODITIES;SCOZ6;SGX;SCOZ6 AJUSTE;00000000000012;00000000002026;TSI PERCENTUAL FERRO;TONELADA METRICA;DOLAR DOS EUA;20270108;SIM;MINERIO DE FERRO;0000000001,0000000000;AJUSTE;SCOZ6;TER
COMMODITIES;SCOZ6;SGX;SCOZ6 AJUSTE;00000000000012;00000000002026;TSI PERCENTUAL FERRO;TONELADA METRICA;DOLAR DOS EUA;20270108;SIM;MINERIO DE FERRO;0000000001,0000000000;AJUSTE;SCOZ6;OPC
COMMODITIES;SCOZ7;SGX;SCOZ7 AJUSTE;00000000000012;00000000002027;TSI PERCENTUAL FERRO;TONELADA METRICA;DOLAR DOS EUA;20280107;SIM;MINERIO DE FERRO;0000000001,0000000000;AJUSTE;SCOZ7;OPC
COMMODITIES;SCOZ7;SGX;SCOZ7 AJUSTE;00000000000012;00000000002027;TSI PERCENTUAL FERRO;TONELADA METRICA;DOLAR DOS EUA;20280107;SIM;MINERIO DE FERRO;0000000001,0000000000;AJUSTE;SCOZ7;TER
COMMODITIES;SCO1;SGX;SCO1 Ajuste;00000000000012;00000000002199;TSI PERCENTUAL FERRO;TONELADA METRICA;DOLAR DOS EUA;22000102;SIM;MINERIO DE FERRO;0000000001,0000000000;AJUSTE;SCO1;TER
COMMODITIES;SCO1;SGX;SCO1 Ajuste;00000000000012;00000000002199;TSI PERCENTUAL FERRO;TONELADA METRICA;DOLAR DOS EUA;22000102;SIM;MINERIO DE FERRO;0000000001,0000000000;AJUSTE;SCO1;OPC
COMMODITIES;SCO1 AJUST;OUTROS;SX1 Ajuste__XX;00000000000011;00000000002011;OUTROS;BUSHELS;DOLAR DOS EUA;20111116;NÃO;SOJA;0000000000,0100000000;AJUSTE;;COE
COMMODITIES;SFJK5;BMF;SFJK5 Ajuste;00000000000005;00000000002015;EM GRAOS A GRANEL;SACA(60KG);DOLAR DOS EUA;20150507;SIM;SOJA;0000000001,0000000000;AJUSTE;IFSK5;COE
COMMODITIES;SF7;CBOT;SF17 Fechamento;00000000000001;00000000002017;EM GRAOS;BUSHELS;DOLAR DOS EUA;20170120;SIM;SOJA;0000000000,0100000000;FECHAMENTO;;COE
COMMODITIES;SF7;CBOT;SF17 Minimo;00000000000001;00000000002017;EM GRAOS;BUSHELS;DOLAR DOS EUA;20170120;SIM;SOJA;0000000000,0100000000;MINIMO;;COE
COMMODITIES;SF7;CBOT;SF17 Ajuste;00000000000001;00000000002017;EM GRAOS;BUSHELS;DOLAR DOS EUA;20170120;SIM;SOJA;0000000000,0100000000;AJUSTE;;COE
COMMODITIES;SF7;CBOT;SF17 Maximo;00000000000001;00000000002017;EM GRAOS;BUSHELS;DOLAR DOS EUA;20170120;SIM;SOJA;0000000000,0100000000;MAXIMO;;COE
COMMODITIES;SF8;CBOT;SF18 Ajuste;00000000000001;00000000002018;EM GRAOS;BUSHELS;DOLAR DOS EUA;20180119;SIM;SOJA;0000000000,0100000000;AJUSTE;;COE
COMMODITIES;SH8;CBOT;SH18 Ajuste;00000000000003;00000000002018;EM GRAOS;BUSHELS;DOLAR DOS EUA;20180321;SIM;SOJA;0000000000,0100000000;AJUSTE;;COE
COMMODITIES;SH9;CBOT;SH9 Ajuste;00000000000003;00000000002019;EM GRAOS;BUSHELS;DOLAR DOS EUA;20190325;SIM;SOJA;0000000000,0100000000;AJUSTE;S H9;COE
COMMODITIES;SIH4;CMX;SIH4 AJUSTE;00000000000003;00000000002024;-;ONCA TROY;DOLAR DOS EUA;20240531;SIM;PRATA;0000000001,0000000000;AJUSTE;SIH4;COE
COMMODITIES;SIQ6;CMX;SIQ6 AJUSTE;00000000000008;00000000002026;-;ONCA TROY;DOLAR DOS EUA;20260903;SIM;PRATA;0000000001,0000000000;AJUSTE;SIQ6;TER
COMMODITIES;SIQ6;CMX;SIQ6 AJUSTE;00000000000008;00000000002026;-;ONCA TROY;DOLAR DOS EUA;20260903;SIM;PRATA;0000000001,0000000000;AJUSTE;SIQ6;OPC
COMMODITIES;SIU6;CMX;SIU6 AJUSTE;00000000000009;00000000002026;-;ONCA TROY;DOLAR DOS EUA;20261005;SIM;PRATA;0000000001,0000000000;AJUSTE;SIU6;TER
COMMODITIES;SIU6;CMX;SIU6 AJUSTE;00000000000009;00000000002026;-;ONCA TROY;DOLAR DOS EUA;20261005;SIM;PRATA;0000000001,0000000000;AJUSTE;SIU6;OPC
COMMODITIES;SIV6;CMX;SIV6 AJUSTE;00000000000010;00000000002026;-;ONCA TROY;DOLAR DOS EUA;20261105;SIM;PRATA;0000000001,0000000000;AJUSTE;SIV6;TER
COMMODITIES;SIV6;CMX;SIV6 AJUSTE;00000000000010;00000000002026;-;ONCA TROY;DOLAR DOS EUA;20261105;SIM;PRATA;0000000001,0000000000;AJUSTE;SIV6;OPC
COMMODITIES;SIX6;CMX;SIX6 AJUSTE;00000000000011;00000000002026;-;ONCA TROY;DOLAR DOS EUA;20261202;SIM;PRATA;0000000001,0000000000;AJUSTE;SIX6;OPC
COMMODITIES;SIX6;CMX;SIX6 AJUSTE;00000000000011;00000000002026;-;ONCA TROY;DOLAR DOS EUA;20261202;SIM;PRATA;0000000001,0000000000;AJUSTE;SIX6;TER
COMMODITIES;SIY1;NYMEX;SIY1 AJUSTE;00000000000012;00000000002200;SINGAPORE FOB MARINE FUEL 0,5% (PLATTS) FUTURES;TONELADA METRICA;DOLAR DOS EUA;22010304;SIM;OLEO COMBUSTIVEL;0000000001,0000000000;AJUSTE;SIY1;TER
COMMODITIES;SIY1;NYMEX;SIY1 AJUSTE;00000000000012;00000000002200;SINGAPORE FOB MARINE FUEL 0,5% (PLATTS) FUTURES;TONELADA METRICA;DOLAR DOS EUA;22010304;SIM;OLEO COMBUSTIVEL;0000000001,0000000000;AJUSTE;SIY1;OPC
COMMODITIES;SIZ6;CMX;SIZ6 AJUSTE;00000000000012;00000000002026;-;ONCA TROY;DOLAR DOS EUA;20270106;SIM;PRATA;0000000001,0000000000;AJUSTE;SIZ6;TER
COMMODITIES;SIZ6;CMX;SIZ6 AJUSTE;00000000000012;00000000002026;-;ONCA TROY;DOLAR DOS EUA;20270106;SIM;PRATA;0000000001,0000000000;AJUSTE;SIZ6;OPC
COMMODITIES;SJCF7;BMF;SJCF7 AJUSTE;00000000000001;00000000002027;FUTURO MINI DE SOJA CME (SJC);SACA(60KG);DOLAR DOS EUA;20270106;SIM;SOJA;0000000001,0000000000;AJUSTE;SJCF7;OPC
COMMODITIES;SJCF7;BMF;SJCF7 AJUSTE;00000000000001;00000000002027;FUTURO MINI DE SOJA CME (SJC);SACA(60KG);DOLAR DOS EUA;20270106;SIM;SOJA;0000000001,0000000000;AJUSTE;SJCF7;TER
COMMODITIES;SJCH7;BMF;SJCH7 AJUSTE;00000000000003;00000000002027;FUTURO MINI DE SOJA CME (SJC);SACA(60KG);DOLAR DOS EUA;20270304;SIM;SOJA;0000000001,0000000000;AJUSTE;SJCH7;OPC
COMMODITIES;SJCH7;BMF;SJCH7 AJUSTE;00000000000003;00000000002027;FUTURO MINI DE SOJA CME (SJC);SACA(60KG);DOLAR DOS EUA;20270304;SIM;SOJA;0000000001,0000000000;AJUSTE;SJCH7;TER
COMMODITIES;SJCK17;BMF;SJCK17 Ajuste;00000000000005;00000000002017;FUTURO MINI DE SOJA CME (SJC);SACA(60KG);DOLAR DOS EUA;20170504;SIM;SOJA;0000000001,0000000000;AJUSTE;;COE
COMMODITIES;SJCK7;BMF;SJCK7 AJUSTE;00000000000005;00000000002027;FUTURO MINI DE SOJA CME (SJC);SACA(60KG);DOLAR DOS EUA;20270506;SIM;SOJA;0000000001,0000000000;AJUSTE;SJCK7;TER
COMMODITIES;SJCK7;BMF;SJCK7 AJUSTE;00000000000005;00000000002027;FUTURO MINI DE SOJA CME (SJC);SACA(60KG);DOLAR DOS EUA;20270506;SIM;SOJA;0000000001,0000000000;AJUSTE;SJCK7;OPC
COMMODITIES;SJCN7;BMF;SJCN7 AJUSTE;00000000000007;00000000002027;FUTURO MINI DE SOJA CME (SJC);SACA(60KG);DOLAR DOS EUA;20270706;SIM;SOJA;0000000001,0000000000;AJUSTE;SJCN7;TER
COMMODITIES;SJCN7;BMF;SJCN7 AJUSTE;00000000000007;00000000002027;FUTURO MINI DE SOJA CME (SJC);SACA(60KG);DOLAR DOS EUA;20270706;SIM;SOJA;0000000001,0000000000;AJUSTE;SJCN7;OPC
COMMODITIES;SJCQ7;BMF;SJCQ7 AJUSTE;00000000000008;00000000002027;FUTURO MINI DE SOJA CME (SJC);SACA(60KG);DOLAR DOS EUA;20270805;SIM;SOJA;0000000001,0000000000;AJUSTE;SJCQ7;OPC
COMMODITIES;SJCQ7;BMF;SJCQ7 AJUSTE;00000000000008;00000000002027;FUTURO MINI DE SOJA CME (SJC);SACA(60KG);DOLAR DOS EUA;20270805;SIM;SOJA;0000000001,0000000000;AJUSTE;SJCQ7;TER
COMMODITIES;SJCU6;BMF;SJCU6 AJUSTE;00000000000009;00000000002026;FUTURO MINI DE SOJA CME (SJC);SACA(60KG);DOLAR DOS EUA;20260904;SIM;SOJA;0000000001,0000000000;AJUSTE;SJCU6;OPC
COMMODITIES;SJCU6;BMF;SJCU6 AJUSTE;00000000000009;00000000002026;FUTURO MINI DE SOJA CME (SJC);SACA(60KG);DOLAR DOS EUA;20260904;SIM;SOJA;0000000001,0000000000;AJUSTE;SJCU6;TER
COMMODITIES;SJCX18;BMF;SJCX18 Ajuste;00000000000011;00000000002018;FUTURO MINI DE SOJA CME (SJC);SACA(60KG);DOLAR DOS EUA;20181106;SIM;SOJA;0000000001,0000000000;AJUSTE;SJCX8;COE
COMMODITIES;SJCX6;BMF;SJCX6 Mínimo;00000000000011;00000000002026;FUTURO MINI DE SOJA CME (SJC);SACA(60KG);DOLAR DOS EUA;20261106;SIM;SOJA;0000000001,0000000000;MINIMO;SJCX6;OPC
COMMODITIES;SJCX6;BMF;SJCX6 Máximo;00000000000011;00000000002026;FUTURO MINI DE SOJA CME (SJC);SACA(60KG);DOLAR DOS EUA;20261106;SIM;SOJA;0000000001,0000000000;MAXIMO;SJCX6;TER
COMMODITIES;SJCX6;BMF;SJCX6 Máximo;00000000000011;00000000002026;FUTURO MINI DE SOJA CME (SJC);SACA(60KG);DOLAR DOS EUA;20261106;SIM;SOJA;0000000001,0000000000;MAXIMO;SJCX6;OPC
COMMODITIES;SJCX6;BMF;SJCX6 AJUSTE;00000000000011;00000000002026;FUTURO MINI DE SOJA CME (SJC);SACA(60KG);DOLAR DOS EUA;20261106;SIM;SOJA;0000000001,0000000000;AJUSTE;SJCX6;TER
COMMODITIES;SJCX6;BMF;SJCX6 AJUSTE;00000000000011;00000000002026;FUTURO MINI DE SOJA CME (SJC);SACA(60KG);DOLAR DOS EUA;20261106;SIM;SOJA;0000000001,0000000000;AJUSTE;SJCX6;OPC
COMMODITIES;SJCX6;BMF;SJCX6 Mínimo;00000000000011;00000000002026;FUTURO MINI DE SOJA CME (SJC);SACA(60KG);DOLAR DOS EUA;20261106;SIM;SOJA;0000000001,0000000000;MINIMO;SJCX6;TER
COMMODITIES;SK8;CBOT;SK18 Ajuste;00000000000005;00000000002018;EM GRAOS;BUSHELS;DOLAR DOS EUA;20180521;SIM;SOJA;0000000000,0100000000;AJUSTE;;COE
COMMODITIES;SK8;CBOT;SK18 Fechamento;00000000000005;00000000002018;EM GRAOS;BUSHELS;DOLAR DOS EUA;20180521;SIM;SOJA;0000000000,0100000000;FECHAMENTO;;COE
COMMODITIES;SK9;CBOT;SK9 Ajuste;00000000000005;00000000002019;EM GRAOS;BUSHELS;DOLAR DOS EUA;20190521;SIM;SOJA;0000000000,0100000000;AJUSTE;S K9;COE
COMMODITIES;SLVRLN;LBMA;XAG-SPOT-FIX Ajuste;00000000000012;00000000002199;FIXING;ONCA TROY;DOLAR DOS EUA;22000102;SIM;PRATA;0000000000,0100000000;AJUSTE;SLVRLN;TER
COMMODITIES;SLVRLN;LBMA;XAG-SPOT-FIX Ajuste;00000000000012;00000000002199;FIXING;ONCA TROY;DOLAR DOS EUA;22000102;SIM;PRATA;0000000000,0100000000;AJUSTE;SLVRLN;OPC
COMMODITIES;SLVRLN;LBMA;XAG-SPOT-FIX Ajuste;00000000000012;00000000002199;FIXING;ONCA TROY;DOLAR DOS EUA;22000102;SIM;PRATA;0000000000,0100000000;AJUSTE;SLVRLN;COE
COMMODITIES;SLVRLN;LBMA;XAG-SPOT-FIX Fechamento;00000000000012;00000000002199;FIXING;ONCA TROY;DOLAR DOS EUA;22000102;SIM;PRATA;0000000000,0100000000;FECHAMENTO;SLVRLN;TER
COMMODITIES;SLVRLN;LBMA;XAG-SPOT-FIX Fechamento;00000000000012;00000000002199;FIXING;ONCA TROY;DOLAR DOS EUA;22000102;SIM;PRATA;0000000000,0100000000;FECHAMENTO;SLVRLN;OPC
COMMODITIES;SLVRLN;LBMA;XAG-SPOT-FIX Minimo;00000000000012;00000000002199;FIXING;ONCA TROY;DOLAR DOS EUA;22000102;SIM;PRATA;0000000000,0100000000;MINIMO;SLVRLN;COE
COMMODITIES;SLVRLN;LBMA;XAG-SPOT-FIX Maximo;00000000000012;00000000002199;FIXING;ONCA TROY;DOLAR DOS EUA;22000102;SIM;PRATA;0000000000,0100000000;MAXIMO;SLVRLN;TER
COMMODITIES;SLVRLN;LBMA;XAG-SPOT-FIX Maximo;00000000000012;00000000002199;FIXING;ONCA TROY;DOLAR DOS EUA;22000102;SIM;PRATA;0000000000,0100000000;MAXIMO;SLVRLN;OPC
COMMODITIES;SLVRLN;LBMA;XAG-SPOT-FIX Maximo;00000000000012;00000000002199;FIXING;ONCA TROY;DOLAR DOS EUA;22000102;SIM;PRATA;0000000000,0100000000;MAXIMO;SLVRLN;COE
COMMODITIES;SLVRLN;LBMA;XAG-SPOT-FIX Minimo;00000000000012;00000000002199;FIXING;ONCA TROY;DOLAR DOS EUA;22000102;SIM;PRATA;0000000000,0100000000;MINIMO;SLVRLN;TER
COMMODITIES;SLVRLN;LBMA;XAG-SPOT-FIX Minimo;00000000000012;00000000002199;FIXING;ONCA TROY;DOLAR DOS EUA;22000102;SIM;PRATA;0000000000,0100000000;MINIMO;SLVRLN;OPC
COMMODITIES;SLVRLN;LBMA;XAG-SPOT-FIX Fechamento;00000000000012;00000000002199;FIXING;ONCA TROY;DOLAR DOS EUA;22000102;SIM;PRATA;0000000000,0100000000;FECHAMENTO;SLVRLN;COE
COMMODITIES;SMF7;CBOT;SMF7 Mínimo;00000000000001;00000000002027;FARELO;SHORT TONELADA;DOLAR DOS EUA;20270121;SIM;SOJA;0000000001,0000000000;MINIMO;SMF7;OPC
COMMODITIES;SMF7;CBOT;SMF7 Mínimo;00000000000001;00000000002027;FARELO;SHORT TONELADA;DOLAR DOS EUA;20270121;SIM;SOJA;0000000001,0000000000;MINIMO;SMF7;COE
COMMODITIES;SMF7;CBOT;SMF7 Máximo;00000000000001;00000000002027;FARELO;SHORT TONELADA;DOLAR DOS EUA;20270121;SIM;SOJA;0000000001,0000000000;MAXIMO;SMF7;TER
COMMODITIES;SMF7;CBOT;SMF7 Máximo;00000000000001;00000000002027;FARELO;SHORT TONELADA;DOLAR DOS EUA;20270121;SIM;SOJA;0000000001,0000000000;MAXIMO;SMF7;OPC
COMMODITIES;SMF7;CBOT;SMF7 Máximo;00000000000001;00000000002027;FARELO;SHORT TONELADA;DOLAR DOS EUA;20270121;SIM;SOJA;0000000001,0000000000;MAXIMO;SMF7;COE
COMMODITIES;SMF7;CBOT;SMF7 AJUSTE;00000000000001;00000000002027;FARELO;SHORT TONELADA;DOLAR DOS EUA;20270121;SIM;SOJA;0000000001,0000000000;AJUSTE;SMF7;OPC
COMMODITIES;SMF7;CBOT;SMF7 AJUSTE;00000000000001;00000000002027;FARELO;SHORT TONELADA;DOLAR DOS EUA;20270121;SIM;SOJA;0000000001,0000000000;AJUSTE;SMF7;COE
COMMODITIES;SMF7;CBOT;SMF7 Mínimo;00000000000001;00000000002027;FARELO;SHORT TONELADA;DOLAR DOS EUA;20270121;SIM;SOJA;0000000001,0000000000;MINIMO;SMF7;TER
COMMODITIES;SMF7;CBOT;SMF7 AJUSTE;00000000000001;00000000002027;FARELO;SHORT TONELADA;DOLAR DOS EUA;20270121;SIM;SOJA;0000000001,0000000000;AJUSTE;SMF7;TER
COMMODITIES;SMF8;CBOT;SMF8 AJUSTE;00000000000012;00000000002028;FARELO;SHORT TONELADA;DOLAR DOS EUA;20280121;SIM;SOJA;0000000001,0000000000;AJUSTE;SMF8;TER
COMMODITIES;SMF8;CBOT;SMF8 AJUSTE;00000000000012;00000000002028;FARELO;SHORT TONELADA;DOLAR DOS EUA;20280121;SIM;SOJA;0000000001,0000000000;AJUSTE;SMF8;OPC
COMMODITIES;SMH7;CBOT;SMH7 AJUSTE;00000000000003;00000000002027;FARELO;SHORT TONELADA;DOLAR DOS EUA;20270324;SIM;SOJA;0000000001,0000000000;AJUSTE;SMH7;OPC
COMMODITIES;SMH7;CBOT;SMH7 Mínimo;00000000000003;00000000002027;FARELO;SHORT TONELADA;DOLAR DOS EUA;20270319;SIM;SOJA;0000000001,0000000000;MINIMO;SMH7;OPC
COMMODITIES;SMH7;CBOT;SMH7 Máximo;00000000000003;00000000002027;FARELO;SHORT TONELADA;DOLAR DOS EUA;20270319;SIM;SOJA;0000000001,0000000000;MAXIMO;SMH7;OPC
COMMODITIES;SMH7;CBOT;SMH7 Mínimo;00000000000003;00000000002027;FARELO;SHORT TONELADA;DOLAR DOS EUA;20270319;SIM;SOJA;0000000001,0000000000;MINIMO;SMH7;COE
COMMODITIES;SMH7;CBOT;SMH7 Mínimo;00000000000003;00000000002027;FARELO;SHORT TONELADA;DOLAR DOS EUA;20270319;SIM;SOJA;0000000001,0000000000;MINIMO;SMH7;TER
COMMODITIES;SMH7;CBOT;SMH7 Máximo;00000000000003;00000000002027;FARELO;SHORT TONELADA;DOLAR DOS EUA;20270319;SIM;SOJA;0000000001,0000000000;MAXIMO;SMH7;COE
COMMODITIES;SMH7;CBOT;SMH7 Máximo;00000000000003;00000000002027;FARELO;SHORT TONELADA;DOLAR DOS EUA;20270319;SIM;SOJA;0000000001,0000000000;MAXIMO;SMH7;TER
COMMODITIES;SMH7;CBOT;SMH7 AJUSTE;00000000000003;00000000002027;FARELO;SHORT TONELADA;DOLAR DOS EUA;20270324;SIM;SOJA;0000000001,0000000000;AJUSTE;SMH7;TER
COMMODITIES;SMH7;CBOT;SMH7 AJUSTE;00000000000003;00000000002027;FARELO;SHORT TONELADA;DOLAR DOS EUA;20270324;SIM;SOJA;0000000001,0000000000;AJUSTE;SMH7;COE
COMMODITIES;SMH8;CBOT;SMH8 AJUSTE;00000000000012;00000000002028;FARELO;SHORT TONELADA;DOLAR DOS EUA;20280321;SIM;SOJA;0000000001,0000000000;AJUSTE;SMH8;OPC
COMMODITIES;SMH8;CBOT;SMH8 AJUSTE;00000000000012;00000000002028;FARELO;SHORT TONELADA;DOLAR DOS EUA;20280321;SIM;SOJA;0000000001,0000000000;AJUSTE;SMH8;TER
COMMODITIES;SMK7;CBOT;SMK7 Mínimo;00000000000005;00000000002027;FARELO;SHORT TONELADA;DOLAR DOS EUA;20270521;SIM;SOJA;0000000001,0000000000;MINIMO;SMK7;OPC
COMMODITIES;SMK7;CBOT;SMK7 Mínimo;00000000000005;00000000002027;FARELO;SHORT TONELADA;DOLAR DOS EUA;20270521;SIM;SOJA;0000000001,0000000000;MINIMO;SMK7;COE
COMMODITIES;SMK7;CBOT;SMK7 Mínimo;00000000000005;00000000002027;FARELO;SHORT TONELADA;DOLAR DOS EUA;20270521;SIM;SOJA;0000000001,0000000000;MINIMO;SMK7;TER
COMMODITIES;SMK7;CBOT;SMK7 AJUSTE;00000000000005;00000000002027;FARELO;SHORT TONELADA;DOLAR DOS EUA;20270521;SIM;SOJA;0000000001,0000000000;AJUSTE;SMK7;OPC
COMMODITIES;SMK7;CBOT;SMK7 AJUSTE;00000000000005;00000000002027;FARELO;SHORT TONELADA;DOLAR DOS EUA;20270521;SIM;SOJA;0000000001,0000000000;AJUSTE;SMK7;TER
COMMODITIES;SMK7;CBOT;SMK7 AJUSTE;00000000000005;00000000002027;FARELO;SHORT TONELADA;DOLAR DOS EUA;20270521;SIM;SOJA;0000000001,0000000000;AJUSTE;SMK7;COE
COMMODITIES;SMK7;CBOT;SMK7 Máximo;00000000000005;00000000002027;FARELO;SHORT TONELADA;DOLAR DOS EUA;20270521;SIM;SOJA;0000000001,0000000000;MAXIMO;SMK7;OPC
COMMODITIES;SMK7;CBOT;SMK7 Máximo;00000000000005;00000000002027;FARELO;SHORT TONELADA;DOLAR DOS EUA;20270521;SIM;SOJA;0000000001,0000000000;MAXIMO;SMK7;TER
COMMODITIES;SMK7;CBOT;SMK7 Máximo;00000000000005;00000000002027;FARELO;SHORT TONELADA;DOLAR DOS EUA;20270521;SIM;SOJA;0000000001,0000000000;MAXIMO;SMK7;COE
COMMODITIES;SMK8;CBOT;SMK8 AJUSTE;00000000000012;00000000002028;FARELO;SHORT TONELADA;DOLAR DOS EUA;20280519;SIM;SOJA;0000000001,0000000000;AJUSTE;SMK8;TER
COMMODITIES;SMK8;CBOT;SMK8 AJUSTE;00000000000012;00000000002028;FARELO;SHORT TONELADA;DOLAR DOS EUA;20280519;SIM;SOJA;0000000001,0000000000;AJUSTE;SMK8;OPC
COMMODITIES;SMN7;CBOT;SMN7 Máximo;00000000000007;00000000002027;FARELO;SHORT TONELADA;DOLAR DOS EUA;20270721;SIM;SOJA;0000000001,0000000000;MAXIMO;SMN7;TER
COMMODITIES;SMN7;CBOT;SMN7 Máximo;00000000000007;00000000002027;FARELO;SHORT TONELADA;DOLAR DOS EUA;20270721;SIM;SOJA;0000000001,0000000000;MAXIMO;SMN7;COE
COMMODITIES;SMN7;CBOT;SMN7 AJUSTE;00000000000007;00000000002027;FARELO;SHORT TONELADA;DOLAR DOS EUA;20270721;SIM;SOJA;0000000001,0000000000;AJUSTE;SMN7;COE
COMMODITIES;SMN7;CBOT;SMN7 AJUSTE;00000000000007;00000000002027;FARELO;SHORT TONELADA;DOLAR DOS EUA;20270721;SIM;SOJA;0000000001,0000000000;AJUSTE;SMN7;TER
COMMODITIES;SMN7;CBOT;SMN7 Mínimo;00000000000007;00000000002027;FARELO;SHORT TONELADA;DOLAR DOS EUA;20270721;SIM;SOJA;0000000001,0000000000;MINIMO;SMN7;COE
COMMODITIES;SMN7;CBOT;SMN7 AJUSTE;00000000000007;00000000002027;FARELO;SHORT TONELADA;DOLAR DOS EUA;20270721;SIM;SOJA;0000000001,0000000000;AJUSTE;SMN7;OPC
COMMODITIES;SMN7;CBOT;SMN7 Máximo;00000000000007;00000000002027;FARELO;SHORT TONELADA;DOLAR DOS EUA;20270721;SIM;SOJA;0000000001,0000000000;MAXIMO;SMN7;OPC
COMMODITIES;SMN7;CBOT;SMN7 Mínimo;00000000000007;00000000002027;FARELO;SHORT TONELADA;DOLAR DOS EUA;20270721;SIM;SOJA;0000000001,0000000000;MINIMO;SMN7;TER
COMMODITIES;SMN7;CBOT;SMN7 Mínimo;00000000000007;00000000002027;FARELO;SHORT TONELADA;DOLAR DOS EUA;20270721;SIM;SOJA;0000000001,0000000000;MINIMO;SMN7;OPC
COMMODITIES;SMN8;CBOT;SMN8 AJUSTE;00000000000012;00000000002028;FARELO;SHORT TONELADA;DOLAR DOS EUA;20280721;SIM;SOJA;0000000001,0000000000;AJUSTE;SMN8;OPC
COMMODITIES;SMN8;CBOT;SMN8 AJUSTE;00000000000012;00000000002028;FARELO;SHORT TONELADA;DOLAR DOS EUA;20280721;SIM;SOJA;0000000001,0000000000;AJUSTE;SMN8;TER
COMMODITIES;SMQ27;CBOT;SMQ2 Ajuste;00000000000008;00000000002022;FARELO;SHORT TONELADA;DOLAR DOS EUA;20220819;SIM;SOJA;0000000001,0000000000;AJUSTE;SMQ2;COE
COMMODITIES;SMQ6;CBOT;SMQ6 AJUSTE;00000000000008;00000000002026;FARELO;SHORT TONELADA;DOLAR DOS EUA;20260821;SIM;SOJA;0000000001,0000000000;AJUSTE;SMQ6;OPC
COMMODITIES;SMQ6;CBOT;SMQ6 AJUSTE;00000000000008;00000000002026;FARELO;SHORT TONELADA;DOLAR DOS EUA;20260821;SIM;SOJA;0000000001,0000000000;AJUSTE;SMQ6;TER
COMMODITIES;SMQ7;CBOT;SMQ7 AJUSTE;00000000000008;00000000002027;FARELO;SHORT TONELADA;DOLAR DOS EUA;20270820;SIM;SOJA;0000000001,0000000000;AJUSTE;SMQ7;OPC
COMMODITIES;SMQ7;CBOT;SMQ7 AJUSTE;00000000000008;00000000002027;FARELO;SHORT TONELADA;DOLAR DOS EUA;20270820;SIM;SOJA;0000000001,0000000000;AJUSTE;SMQ7;TER
COMMODITIES;SMQ8;CBOT;SMQ8 AJUSTE;00000000000012;00000000002028;FARELO;SHORT TONELADA;DOLAR DOS EUA;20280821;SIM;SOJA;0000000001,0000000000;AJUSTE;SMQ8;OPC
COMMODITIES;SMQ8;CBOT;SMQ8 AJUSTE;00000000000012;00000000002028;FARELO;SHORT TONELADA;DOLAR DOS EUA;20280821;SIM;SOJA;0000000001,0000000000;AJUSTE;SMQ8;TER
COMMODITIES;SMU6;CBOT;SMU6 Mínimo;00000000000009;00000000002026;FARELO;SHORT TONELADA;DOLAR DOS EUA;20260921;SIM;SOJA;0000000001,0000000000;MINIMO;SMU6;TER
COMMODITIES;SMU6;CBOT;SMU6 Máximo;00000000000009;00000000002026;FARELO;SHORT TONELADA;DOLAR DOS EUA;20260921;SIM;SOJA;0000000001,0000000000;MAXIMO;SMU6;OPC
COMMODITIES;SMU6;CBOT;SMU6 Máximo;00000000000009;00000000002026;FARELO;SHORT TONELADA;DOLAR DOS EUA;20260921;SIM;SOJA;0000000001,0000000000;MAXIMO;SMU6;TER
COMMODITIES;SMU6;CBOT;SMU6 Máximo;00000000000009;00000000002026;FARELO;SHORT TONELADA;DOLAR DOS EUA;20260921;SIM;SOJA;0000000001,0000000000;MAXIMO;SMU6;COE
COMMODITIES;SMU6;CBOT;SMU6 Mínimo;00000000000009;00000000002026;FARELO;SHORT TONELADA;DOLAR DOS EUA;20260921;SIM;SOJA;0000000001,0000000000;MINIMO;SMU6;OPC
COMMODITIES;SMU6;CBOT;SMU6 AJUSTE;00000000000009;00000000002026;FARELO;SHORT TONELADA;DOLAR DOS EUA;20260921;SIM;SOJA;0000000001,0000000000;AJUSTE;SMU6;TER
COMMODITIES;SMU6;CBOT;SMU6 AJUSTE;00000000000009;00000000002026;FARELO;SHORT TONELADA;DOLAR DOS EUA;20260921;SIM;SOJA;0000000001,0000000000;AJUSTE;SMU6;OPC
COMMODITIES;SMU6;CBOT;SMU6 Mínimo;00000000000009;00000000002026;FARELO;SHORT TONELADA;DOLAR DOS EUA;20260921;SIM;SOJA;0000000001,0000000000;MINIMO;SMU6;COE
COMMODITIES;SMU6;CBOT;SMU6 AJUSTE;00000000000009;00000000002026;FARELO;SHORT TONELADA;DOLAR DOS EUA;20260921;SIM;SOJA;0000000001,0000000000;AJUSTE;SMU6;COE
COMMODITIES;SMU7;CBOT;SMU7 AJUSTE;00000000000009;00000000002027;FARELO;SHORT TONELADA;DOLAR DOS EUA;20270921;SIM;SOJA;0000000001,0000000000;AJUSTE;SMU7;TER
COMMODITIES;SMU7;CBOT;SMU7 AJUSTE;00000000000009;00000000002027;FARELO;SHORT TONELADA;DOLAR DOS EUA;20270921;SIM;SOJA;0000000001,0000000000;AJUSTE;SMU7;OPC
COMMODITIES;SMU8;CBOT;SMU8 AJUSTE;00000000000012;00000000002028;FARELO;SHORT TONELADA;DOLAR DOS EUA;20280921;SIM;SOJA;0000000001,0000000000;AJUSTE;SMU8;OPC
COMMODITIES;SMU8;CBOT;SMU8 AJUSTE;00000000000012;00000000002028;FARELO;SHORT TONELADA;DOLAR DOS EUA;20280921;SIM;SOJA;0000000001,0000000000;AJUSTE;SMU8;TER
COMMODITIES;SMV6;CBOT;SMV6 AJUSTE;00000000000010;00000000002026;FARELO;SHORT TONELADA;DOLAR DOS EUA;20261021;SIM;SOJA;0000000001,0000000000;AJUSTE;SMV6;TER
COMMODITIES;SMV6;CBOT;SMV6 AJUSTE;00000000000010;00000000002026;FARELO;SHORT TONELADA;DOLAR DOS EUA;20261021;SIM;SOJA;0000000001,0000000000;AJUSTE;SMV6;COE
COMMODITIES;SMV6;CBOT;SMV6 AJUSTE;00000000000010;00000000002026;FARELO;SHORT TONELADA;DOLAR DOS EUA;20261021;SIM;SOJA;0000000001,0000000000;AJUSTE;SMV6;OPC
COMMODITIES;SMV7;CBOT;SMV7 AJUSTE;00000000000010;00000000002027;FARELO;SHORT TONELADA;DOLAR DOS EUA;20271021;SIM;SOJA;0000000001,0000000000;AJUSTE;SMV7;TER
COMMODITIES;SMV7;CBOT;SMV7 AJUSTE;00000000000010;00000000002027;FARELO;SHORT TONELADA;DOLAR DOS EUA;20271021;SIM;SOJA;0000000001,0000000000;AJUSTE;SMV7;OPC
COMMODITIES;SMV8;CBOT;SMV8 AJUSTE;00000000000012;00000000002028;FARELO;SHORT TONELADA;DOLAR DOS EUA;20281020;SIM;SOJA;0000000001,0000000000;AJUSTE;SMV8;TER
COMMODITIES;SMV8;CBOT;SMV8 AJUSTE;00000000000012;00000000002028;FARELO;SHORT TONELADA;DOLAR DOS EUA;20281020;SIM;SOJA;0000000001,0000000000;AJUSTE;SMV8;OPC
COMMODITIES;SMZ27;CBOT;SMZ08 Ajuste;00000000000012;00000000002008;FARELO;TONELADA;DOLAR DOS EUA;20081212;SIM;SOJA;0000000001,0000000000;AJUSTE;;COE
COMMODITIES;SMZ6;CBOT;SMZ6 Máximo;00000000000012;00000000002026;FARELO;SHORT TONELADA;DOLAR DOS EUA;20261221;SIM;SOJA;0000000001,0000000000;MAXIMO;SMZ6;TER
COMMODITIES;SMZ6;CBOT;SMZ6 Mínimo;00000000000012;00000000002026;FARELO;SHORT TONELADA;DOLAR DOS EUA;20261221;SIM;SOJA;0000000001,0000000000;MINIMO;SMZ6;OPC
COMMODITIES;SMZ6;CBOT;SMZ6 AJUSTE;00000000000012;00000000002026;FARELO;SHORT TONELADA;DOLAR DOS EUA;20261221;SIM;SOJA;0000000001,0000000000;AJUSTE;SMZ6;OPC
COMMODITIES;SMZ6;CBOT;SMZ6 AJUSTE;00000000000012;00000000002026;FARELO;SHORT TONELADA;DOLAR DOS EUA;20261221;SIM;SOJA;0000000001,0000000000;AJUSTE;SMZ6;TER
COMMODITIES;SMZ6;CBOT;SMZ6 Máximo;00000000000012;00000000002026;FARELO;SHORT TONELADA;DOLAR DOS EUA;20261221;SIM;SOJA;0000000001,0000000000;MAXIMO;SMZ6;OPC
COMMODITIES;SMZ6;CBOT;SMZ6 Mínimo;00000000000012;00000000002026;FARELO;SHORT TONELADA;DOLAR DOS EUA;20261221;SIM;SOJA;0000000001,0000000000;MINIMO;SMZ6;TER
COMMODITIES;SMZ7;CBOT;SMZ7 AJUSTE;00000000000012;00000000002027;FARELO;SHORT TONELADA;DOLAR DOS EUA;20271221;SIM;SOJA;0000000001,0000000000;AJUSTE;SMZ7;TER
COMMODITIES;SMZ7;CBOT;SMZ7 AJUSTE;00000000000012;00000000002027;FARELO;SHORT TONELADA;DOLAR DOS EUA;20271221;SIM;SOJA;0000000001,0000000000;AJUSTE;SMZ7;OPC
COMMODITIES;SMZ8;CBOT;SMZ8 AJUSTE;00000000000012;00000000002028;FARELO;SHORT TONELADA;DOLAR DOS EUA;20281221;SIM;SOJA;0000000001,0000000000;AJUSTE;SMZ8;OPC
COMMODITIES;SMZ8;CBOT;SMZ8 AJUSTE;00000000000012;00000000002028;FARELO;SHORT TONELADA;DOLAR DOS EUA;20281221;SIM;SOJA;0000000001,0000000000;AJUSTE;SMZ8;TER
COMMODITIES;SN7;CBOT;SN17 Ajuste;00000000000007;00000000002017;EM GRAOS;BUSHELS;DOLAR DOS EUA;20170721;SIM;SOJA;0000000000,0100000000;AJUSTE;;COE
COMMODITIES;SN7;CBOT;SN17 Fechamento;00000000000007;00000000002017;EM GRAOS;BUSHELS;DOLAR DOS EUA;20170721;SIM;SOJA;0000000000,0100000000;FECHAMENTO;;COE
COMMODITIES;SN7;CBOT;SN17 Maximo;00000000000007;00000000002017;EM GRAOS;BUSHELS;DOLAR DOS EUA;20170721;SIM;SOJA;0000000000,0100000000;MAXIMO;;COE
COMMODITIES;SN7;CBOT;SN17 Minimo;00000000000007;00000000002017;EM GRAOS;BUSHELS;DOLAR DOS EUA;20170721;SIM;SOJA;0000000000,0100000000;MINIMO;;COE
COMMODITIES;SN8;CBOT;SN18 Maximo;00000000000007;00000000002018;EM GRAOS;BUSHELS;DOLAR DOS EUA;20180720;SIM;SOJA;0000000000,0100000000;MAXIMO;;COE
COMMODITIES;SN8;CBOT;SN18 Minimo;00000000000007;00000000002018;EM GRAOS;BUSHELS;DOLAR DOS EUA;20180720;SIM;SOJA;0000000000,0100000000;MINIMO;;COE
COMMODITIES;SN8;CBOT;SN18 Ajuste;00000000000007;00000000002018;EM GRAOS;BUSHELS;DOLAR DOS EUA;20180720;SIM;SOJA;0000000000,0100000000;AJUSTE;;COE
COMMODITIES;SN8;CBOT;SN18 Fechamento;00000000000007;00000000002018;EM GRAOS;BUSHELS;DOLAR DOS EUA;20180720;SIM;SOJA;0000000000,0100000000;FECHAMENTO;;COE
COMMODITIES;SN9;CBOT;SN9 Ajuste;00000000000007;00000000002019;EM GRAOS;BUSHELS;DOLAR DOS EUA;20190719;SIM;SOJA;0000000000,0100000000;AJUSTE;S N9;COE
COMMODITIES;SQK4;BMF;SFJK4 Ajuste;00000000000005;00000000002014;EM GRAOS A GRANEL;SACA(60KG);DOLAR DOS EUA;20140507;SIM;SOJA;0000000001,0000000000;AJUSTE;SQK4;COE
COMMODITIES;SQK4;BMF;SFJK4 Fechamento;00000000000005;00000000002014;EM GRAOS A GRANEL;SACA(60KG);DOLAR DOS EUA;20140507;SIM;SOJA;0000000001,0000000000;FECHAMENTO;SQK4;COE
COMMODITIES;SQK4;BMF;SFJK4 Maximo;00000000000005;00000000002014;EM GRAOS A GRANEL;SACA(60KG);DOLAR DOS EUA;20140507;SIM;SOJA;0000000001,0000000000;MAXIMO;SQK4;COE
COMMODITIES;SQK4;BMF;SFJK4 Minimo;00000000000005;00000000002014;EM GRAOS A GRANEL;SACA(60KG);DOLAR DOS EUA;20140507;SIM;SOJA;0000000001,0000000000;MINIMO;SQK4;COE
COMMODITIES;SQ6;CBOT;SQ16 Minimo;00000000000008;00000000002016;EM GRAOS;BUSHELS;DOLAR DOS EUA;20160819;SIM;SOJA;0000000000,0100000000;MINIMO;;COE
COMMODITIES;SQ6;CBOT;SQ16 Ajuste;00000000000008;00000000002016;EM GRAOS;BUSHELS;DOLAR DOS EUA;20160819;SIM;SOJA;0000000000,0100000000;AJUSTE;;COE
COMMODITIES;SQ6;CBOT;SQ16 Fechamento;00000000000008;00000000002016;EM GRAOS;BUSHELS;DOLAR DOS EUA;20160819;SIM;SOJA;0000000000,0100000000;FECHAMENTO;;COE
COMMODITIES;SQ6;CBOT;SQ16 Maximo;00000000000008;00000000002016;EM GRAOS;BUSHELS;DOLAR DOS EUA;20160819;SIM;SOJA;0000000000,0100000000;MAXIMO;;COE
COMMODITIES;SQ7;CBOT;SQ17 Ajuste;00000000000008;00000000002017;EM GRAOS;BUSHELS;DOLAR DOS EUA;20170814;SIM;SOJA;0000000000,0100000000;AJUSTE;;COE
COMMODITIES;SQ8;CBOT;SQ18 Minimo;00000000000008;00000000002018;EM GRAOS;BUSHELS;DOLAR DOS EUA;20180821;SIM;SOJA;0000000000,0100000000;MINIMO;;COE
COMMODITIES;SQ8;CBOT;SQ18 Fechamento;00000000000008;00000000002018;EM GRAOS;BUSHELS;DOLAR DOS EUA;20180821;SIM;SOJA;0000000000,0100000000;FECHAMENTO;;COE
COMMODITIES;SQ8;CBOT;SQ18 Ajuste;00000000000008;00000000002018;EM GRAOS;BUSHELS;DOLAR DOS EUA;20180821;SIM;SOJA;0000000000,0100000000;AJUSTE;;COE
COMMODITIES;SQ8;CBOT;SQ18 Maximo;00000000000008;00000000002018;EM GRAOS;BUSHELS;DOLAR DOS EUA;20180821;SIM;SOJA;0000000000,0100000000;MAXIMO;;COE
COMMODITIES;SU6;CBOT;SU16 Fechamento;00000000000009;00000000002016;EM GRAOS;BUSHELS;DOLAR DOS EUA;20160921;SIM;SOJA;0000000000,0100000000;FECHAMENTO;;COE
COMMODITIES;SU6;CBOT;SU16 Minimo;00000000000009;00000000002016;EM GRAOS;BUSHELS;DOLAR DOS EUA;20160921;SIM;SOJA;0000000000,0100000000;MINIMO;;COE
COMMODITIES;SU6;CBOT;SU16 Ajuste;00000000000009;00000000002016;EM GRAOS;BUSHELS;DOLAR DOS EUA;20160921;SIM;SOJA;0000000000,0100000000;AJUSTE;;COE
COMMODITIES;SU6;CBOT;SU16 Maximo;00000000000009;00000000002016;EM GRAOS;BUSHELS;DOLAR DOS EUA;20160921;SIM;SOJA;0000000000,0100000000;MAXIMO;;COE
COMMODITIES;SU7;CBOT;SU17 Ajuste;00000000000009;00000000002017;EM GRAOS;BUSHELS;DOLAR DOS EUA;20170921;SIM;SOJA;0000000000,0100000000;AJUSTE;;COE
COMMODITIES;SU8;CBOT;SU18 Maximo;00000000000009;00000000002018;EM GRAOS;BUSHELS;DOLAR DOS EUA;20180921;SIM;SOJA;0000000000,0100000000;MAXIMO;;COE
COMMODITIES;SU8;CBOT;SU18 Minimo;00000000000009;00000000002018;EM GRAOS;BUSHELS;DOLAR DOS EUA;20180921;SIM;SOJA;0000000000,0100000000;MINIMO;;COE
COMMODITIES;SU8;CBOT;SU18 Ajuste;00000000000009;00000000002018;EM GRAOS;BUSHELS;DOLAR DOS EUA;20180921;SIM;SOJA;0000000000,0100000000;AJUSTE;;COE
COMMODITIES;SU8;CBOT;SU18 Fechamento;00000000000009;00000000002018;EM GRAOS;BUSHELS;DOLAR DOS EUA;20180921;SIM;SOJA;0000000000,0100000000;FECHAMENTO;;COE
COMMODITIES;SX7;CBOT;SX17 Ajuste;00000000000011;00000000002017;EM GRAOS;BUSHELS;DOLAR DOS EUA;20171123;SIM;SOJA;0000000000,0100000000;AJUSTE;;COE
COMMODITIES;THEF7;BMF;THEF7 AJUSTE;00000000000001;00000000002027;HIDRATADO;METRO CUBICO;REAL;20270205;SIM;ETANOL;0000000001,0000000000;AJUSTE;THEF7;TER
COMMODITIES;THEF7;BMF;THEF7 AJUSTE;00000000000001;00000000002027;HIDRATADO;METRO CUBICO;REAL;20270205;SIM;ETANOL;0000000001,0000000000;AJUSTE;THEF7;OPC
COMMODITIES;THEG7;BMF;THEG7 AJUSTE;00000000000002;00000000002027;HIDRATADO;METRO CUBICO;REAL;20270305;SIM;ETANOL;0000000001,0000000000;AJUSTE;THEG7;TER
COMMODITIES;THEG7;BMF;THEG7 AJUSTE;00000000000002;00000000002027;HIDRATADO;METRO CUBICO;REAL;20270305;SIM;ETANOL;0000000001,0000000000;AJUSTE;THEG7;OPC
COMMODITIES;THEH7;BMF;THEH7 AJUSTE;00000000000003;00000000002027;HIDRATADO;METRO CUBICO;REAL;20270407;SIM;ETANOL;0000000001,0000000000;AJUSTE;THEH7;OPC
COMMODITIES;THEH7;BMF;THEH7 AJUSTE;00000000000003;00000000002027;HIDRATADO;METRO CUBICO;REAL;20270407;SIM;ETANOL;0000000001,0000000000;AJUSTE;THEH7;TER
COMMODITIES;THEQ6;BMF;THEQ6 AJUSTE;00000000000008;00000000002026;HIDRATADO;METRO CUBICO;REAL;20260908;SIM;ETANOL;0000000001,0000000000;AJUSTE;THEQ6;OPC
COMMODITIES;THEQ6;BMF;THEQ6 AJUSTE;00000000000008;00000000002026;HIDRATADO;METRO CUBICO;REAL;20260908;SIM;ETANOL;0000000001,0000000000;AJUSTE;THEQ6;TER
COMMODITIES;THEU6;BMF;THEU6 AJUSTE;00000000000009;00000000002026;HIDRATADO;METRO CUBICO;REAL;20261007;SIM;ETANOL;0000000001,0000000000;AJUSTE;THEU6;TER
COMMODITIES;THEU6;BMF;THEU6 AJUSTE;00000000000009;00000000002026;HIDRATADO;METRO CUBICO;REAL;20261007;SIM;ETANOL;0000000001,0000000000;AJUSTE;THEU6;OPC
COMMODITIES;THEV6;BMF;THEV6 AJUSTE;00000000000010;00000000002026;HIDRATADO;METRO CUBICO;REAL;20261109;SIM;ETANOL;0000000001,0000000000;AJUSTE;THEV6;OPC
COMMODITIES;THEV6;BMF;THEV6 AJUSTE;00000000000010;00000000002026;HIDRATADO;METRO CUBICO;REAL;20261109;SIM;ETANOL;0000000001,0000000000;AJUSTE;THEV6;TER
COMMODITIES;THEX6;BMF;THEX6 AJUSTE;00000000000011;00000000002026;HIDRATADO;METRO CUBICO;REAL;20261207;SIM;ETANOL;0000000001,0000000000;AJUSTE;THEX6;OPC
COMMODITIES;THEX6;BMF;THEX6 AJUSTE;00000000000011;00000000002026;HIDRATADO;METRO CUBICO;REAL;20261207;SIM;ETANOL;0000000001,0000000000;AJUSTE;THEX6;TER
COMMODITIES;THEZ6;BMF;THEZ6 AJUSTE;00000000000012;00000000002026;HIDRATADO;METRO CUBICO;REAL;20270107;SIM;ETANOL;0000000001,0000000000;AJUSTE;THEZ6;TER
COMMODITIES;THEZ6;BMF;THEZ6 AJUSTE;00000000000012;00000000002026;HIDRATADO;METRO CUBICO;REAL;20270107;SIM;ETANOL;0000000001,0000000000;AJUSTE;THEZ6;OPC
COMMODITIES;THE1;BMF;THE1 AJUSTE;00000000000012;00000000002200;HIDRATADO;METRO CUBICO;REAL;22001208;SIM;ETANOL;0000000001,0000000000;AJUSTE;THE1;TER
COMMODITIES;THE1;BMF;THE1 AJUSTE;00000000000012;00000000002200;HIDRATADO;METRO CUBICO;REAL;22001208;SIM;ETANOL;0000000001,0000000000;AJUSTE;THE1;OPC
COMMODITIES;TRU6;NYMEX;TRU6 Ajuste;00000000000009;00000000002026;ASIA NY HARBOR ULSD FINANCIAL FUTURES (TR);GALAO;DOLAR DOS EUA;20261007;SIM;OLEO;0000000001,0000000000;AJUSTE;TRU6;TER
COMMODITIES;TRU6;NYMEX;TRU6 Ajuste;00000000000009;00000000002026;ASIA NY HARBOR ULSD FINANCIAL FUTURES (TR);GALAO;DOLAR DOS EUA;20261007;SIM;OLEO;0000000001,0000000000;AJUSTE;TRU6;OPC
COMMODITIES;UFCF7;CBOT;UFCF7 AJUSTE;00000000000001;00000000002027;UREA (GRANULAR) FOB US GULF FUTURES;SHORT TONELADA;DOLAR DOS EUA;20270205;SIM;UREIA;0000000001,0000000000;AJUSTE;UFCF7;OPC
COMMODITIES;UFCF7;CBOT;UFCF7 AJUSTE;00000000000001;00000000002027;UREA (GRANULAR) FOB US GULF FUTURES;SHORT TONELADA;DOLAR DOS EUA;20270205;SIM;UREIA;0000000001,0000000000;AJUSTE;UFCF7;TER
COMMODITIES;UFCG7;CBOT;UFCG7 AJUSTE;00000000000002;00000000002027;UREA (GRANULAR) FOB US GULF FUTURES;SHORT TONELADA;DOLAR DOS EUA;20270305;SIM;UREIA;0000000001,0000000000;AJUSTE;UFCG7;TER
COMMODITIES;UFCG7;CBOT;UFCG7 AJUSTE;00000000000002;00000000002027;UREA (GRANULAR) FOB US GULF FUTURES;SHORT TONELADA;DOLAR DOS EUA;20270305;SIM;UREIA;0000000001,0000000000;AJUSTE;UFCG7;OPC
COMMODITIES;UFCH7;CBOT;UFCH7 AJUSTE;00000000000003;00000000002027;UREA (GRANULAR) FOB US GULF FUTURES;SHORT TONELADA;DOLAR DOS EUA;20270407;SIM;UREIA;0000000001,0000000000;AJUSTE;UFCH7;OPC
COMMODITIES;UFCH7;CBOT;UFCH7 AJUSTE;00000000000003;00000000002027;UREA (GRANULAR) FOB US GULF FUTURES;SHORT TONELADA;DOLAR DOS EUA;20270407;SIM;UREIA;0000000001,0000000000;AJUSTE;UFCH7;TER
COMMODITIES;UFCQ6;CBOT;UFCQ6 AJUSTE;00000000000008;00000000002026;UREA (GRANULAR) FOB US GULF FUTURES;SHORT TONELADA;DOLAR DOS EUA;20260904;SIM;UREIA;0000000001,0000000000;AJUSTE;UFCQ6;TER
COMMODITIES;UFCQ6;CBOT;UFCQ6 AJUSTE;00000000000008;00000000002026;UREA (GRANULAR) FOB US GULF FUTURES;SHORT TONELADA;DOLAR DOS EUA;20260904;SIM;UREIA;0000000001,0000000000;AJUSTE;UFCQ6;OPC
COMMODITIES;UFCU6;CBOT;UFCU6 AJUSTE;00000000000009;00000000002026;UREA (GRANULAR) FOB US GULF FUTURES;SHORT TONELADA;DOLAR DOS EUA;20261007;SIM;UREIA;0000000001,0000000000;AJUSTE;UFCU6;TER
COMMODITIES;UFCU6;CBOT;UFCU6 AJUSTE;00000000000009;00000000002026;UREA (GRANULAR) FOB US GULF FUTURES;SHORT TONELADA;DOLAR DOS EUA;20261007;SIM;UREIA;0000000001,0000000000;AJUSTE;UFCU6;OPC
COMMODITIES;UFCV6;CBOT;UFCV6 AJUSTE;00000000000010;00000000002026;UREA (GRANULAR) FOB US GULF FUTURES;SHORT TONELADA;DOLAR DOS EUA;20261109;SIM;UREIA;0000000001,0000000000;AJUSTE;UFCV6;TER
COMMODITIES;UFCV6;CBOT;UFCV6 AJUSTE;00000000000010;00000000002026;UREA (GRANULAR) FOB US GULF FUTURES;SHORT TONELADA;DOLAR DOS EUA;20261109;SIM;UREIA;0000000001,0000000000;AJUSTE;UFCV6;OPC
COMMODITIES;UFCX6;CBOT;UFCX6 AJUSTE;00000000000011;00000000002026;UREA (GRANULAR) FOB US GULF FUTURES;SHORT TONELADA;DOLAR DOS EUA;20261207;SIM;UREIA;0000000001,0000000000;AJUSTE;UFCX6;OPC
COMMODITIES;UFCX6;CBOT;UFCX6 AJUSTE;00000000000011;00000000002026;UREA (GRANULAR) FOB US GULF FUTURES;SHORT TONELADA;DOLAR DOS EUA;20261207;SIM;UREIA;0000000001,0000000000;AJUSTE;UFCX6;TER
COMMODITIES;UFCZ6;CBOT;UFCZ6 AJUSTE;00000000000012;00000000002026;UREA (GRANULAR) FOB US GULF FUTURES;SHORT TONELADA;DOLAR DOS EUA;20270104;SIM;UREIA;0000000001,0000000000;AJUSTE;UFCZ6;OPC
COMMODITIES;UFCZ6;CBOT;UFCZ6 AJUSTE;00000000000012;00000000002026;UREA (GRANULAR) FOB US GULF FUTURES;SHORT TONELADA;DOLAR DOS EUA;20270104;SIM;UREIA;0000000001,0000000000;AJUSTE;UFCZ6;TER
COMMODITIES;UFC1;CBOT;UFC1 Ajuste;00000000000012;00000000002199;UREA (GRANULAR) FOB US GULF FUTURES;SHORT TONELADA;DOLAR DOS EUA;21991208;SIM;UREIA;0000000001,0000000000;AJUSTE;UFC1;OPC
COMMODITIES;UFC1;CBOT;UFC1 Ajuste;00000000000012;00000000002199;UREA (GRANULAR) FOB US GULF FUTURES;SHORT TONELADA;DOLAR DOS EUA;21991208;SIM;UREIA;0000000001,0000000000;AJUSTE;UFC1;TER
COMMODITIES;UFE1;CBOT;UFE1 Ajuste;00000000000012;00000000002199;UREA (GRANULAR) CFR BRAZIL FUTURES;TONELADA METRICA;DOLAR DOS EUA;21991208;SIM;UREIA;0000000001,0000000000;AJUSTE;UFE1;TER
COMMODITIES;UFE1;CBOT;UFE1 Ajuste;00000000000012;00000000002199;UREA (GRANULAR) CFR BRAZIL FUTURES;TONELADA METRICA;DOLAR DOS EUA;21991208;SIM;UREIA;0000000001,0000000000;AJUSTE;UFE1;OPC
COMMODITIES;UFI1;CBOT;UFI1 Ajuste;00000000000012;00000000002199;DAP FOB NOLA FUTURES;SHORT TONELADA;DOLAR DOS EUA;21991208;SIM;FOSFATO;0000000001,0000000000;AJUSTE;UFI1;TER
COMMODITIES;UFI1;CBOT;UFI1 Ajuste;00000000000012;00000000002199;DAP FOB NOLA FUTURES;SHORT TONELADA;DOLAR DOS EUA;21991208;SIM;FOSFATO;0000000001,0000000000;AJUSTE;UFI1;OPC
COMMODITIES;UFL1;CBOT;UFL1 Ajuste;00000000000012;00000000002199;MAP CFR BRAZIL FUTURES;TONELADA METRICA;DOLAR DOS EUA;21991208;SIM;UREIA;0000000001,0000000000;AJUSTE;UFL1;OPC
COMMODITIES;UFL1;CBOT;UFL1 Ajuste;00000000000012;00000000002199;MAP CFR BRAZIL FUTURES;TONELADA METRICA;DOLAR DOS EUA;21991208;SIM;UREIA;0000000001,0000000000;AJUSTE;UFL1;TER
COMMODITIES;UMP1;CBOT;UMP1 Ajuste;00000000000012;00000000002199;UREA (GRANULAR) FOB MIDDLE EAST FUTURES;TONELADA METRICA;DOLAR DOS EUA;21991208;SIM;UREIA;0000000001,0000000000;AJUSTE;UMP1;TER
COMMODITIES;UMP1;CBOT;UMP1 Ajuste;00000000000012;00000000002199;UREA (GRANULAR) FOB MIDDLE EAST FUTURES;TONELADA METRICA;DOLAR DOS EUA;21991208;SIM;UREIA;0000000001,0000000000;AJUSTE;UMP1;OPC
COMMODITIES;VH1;NYMEX;VH1 AJUSTE;00000000000012;00000000002202;OLEO CRU - WTI;BARRIL;DOLAR DOS EUA;22020109;SIM;PETROLEO;0000000001,0000000000;AJUSTE;VH1;OPC
COMMODITIES;VH1;NYMEX;VH1 AJUSTE;00000000000012;00000000002202;OLEO CRU - WTI;BARRIL;DOLAR DOS EUA;22020109;SIM;PETROLEO;0000000001,0000000000;AJUSTE;VH1;TER
COMMODITIES;W H7;CBOT;W H7 Máximo;00000000000003;00000000002027;SRW;BUSHELS;DOLAR DOS EUA;20270319;SIM;TRIGO;0000000000,0100000000;MAXIMO;W H7;TER
COMMODITIES;W H7;CBOT;W H7 AJUSTE;00000000000003;00000000002027;SRW;BUSHELS;DOLAR DOS EUA;20270319;SIM;TRIGO;0000000000,0100000000;AJUSTE;W H7;TER
COMMODITIES;W H7;CBOT;W H7 Mínimo;00000000000003;00000000002027;SRW;BUSHELS;DOLAR DOS EUA;20270319;SIM;TRIGO;0000000000,0100000000;MINIMO;W H7;OPC
COMMODITIES;W H7;CBOT;W H7 Mínimo;00000000000003;00000000002027;SRW;BUSHELS;DOLAR DOS EUA;20270319;SIM;TRIGO;0000000000,0100000000;MINIMO;W H7;TER
COMMODITIES;W H7;CBOT;W H7 AJUSTE;00000000000003;00000000002027;SRW;BUSHELS;DOLAR DOS EUA;20270319;SIM;TRIGO;0000000000,0100000000;AJUSTE;W H7;OPC
COMMODITIES;W H7;CBOT;W H7 Máximo;00000000000003;00000000002027;SRW;BUSHELS;DOLAR DOS EUA;20270319;SIM;TRIGO;0000000000,0100000000;MAXIMO;W H7;OPC
COMMODITIES;W H8;CBOT;W H8 Ajuste;00000000000003;00000000002028;SRW;BUSHELS;DOLAR DOS EUA;20280314;SIM;TRIGO;0000000000,0100000000;AJUSTE;W H8;TER
COMMODITIES;W H8;CBOT;W H8 Ajuste;00000000000003;00000000002028;SRW;BUSHELS;DOLAR DOS EUA;20280314;SIM;TRIGO;0000000000,0100000000;AJUSTE;W H8;OPC
COMMODITIES;W H9;CBOT;W H9 Ajuste;00000000000003;00000000002029;SRW;BUSHELS;DOLAR DOS EUA;20290314;SIM;TRIGO;0000000000,0100000000;AJUSTE;W H9;TER
COMMODITIES;W H9;CBOT;W H9 Ajuste;00000000000003;00000000002029;SRW;BUSHELS;DOLAR DOS EUA;20290314;SIM;TRIGO;0000000000,0100000000;AJUSTE;W H9;OPC
COMMODITIES;W H9;CBOT;W H9 Máximo;00000000000003;00000000002029;SRW;BUSHELS;DOLAR DOS EUA;20290314;SIM;TRIGO;0000000000,0100000000;MAXIMO;W H9;TER
COMMODITIES;W H9;CBOT;W H9 Máximo;00000000000003;00000000002029;SRW;BUSHELS;DOLAR DOS EUA;20290314;SIM;TRIGO;0000000000,0100000000;MAXIMO;W H9;OPC
COMMODITIES;W H9;CBOT;W H9 Mínimo;00000000000003;00000000002029;SRW;BUSHELS;DOLAR DOS EUA;20290314;SIM;TRIGO;0000000000,0100000000;MINIMO;W H9;TER
COMMODITIES;W H9;CBOT;W H9 Mínimo;00000000000003;00000000002029;SRW;BUSHELS;DOLAR DOS EUA;20290314;SIM;TRIGO;0000000000,0100000000;MINIMO;W H9;OPC
COMMODITIES;W K7;CBOT;W K7 Mínimo;00000000000005;00000000002027;SRW;BUSHELS;DOLAR DOS EUA;20270521;SIM;TRIGO;0000000000,0100000000;MINIMO;W K7;OPC
COMMODITIES;W K7;CBOT;W K7 AJUSTE;00000000000005;00000000002027;SRW;BUSHELS;DOLAR DOS EUA;20270521;SIM;TRIGO;0000000000,0100000000;AJUSTE;W K7;TER
COMMODITIES;W K7;CBOT;W K7 Mínimo;00000000000005;00000000002027;SRW;BUSHELS;DOLAR DOS EUA;20270521;SIM;TRIGO;0000000000,0100000000;MINIMO;W K7;TER
COMMODITIES;W K7;CBOT;W K7 AJUSTE;00000000000005;00000000002027;SRW;BUSHELS;DOLAR DOS EUA;20270521;SIM;TRIGO;0000000000,0100000000;AJUSTE;W K7;OPC
COMMODITIES;W K7;CBOT;W K7 Máximo;00000000000005;00000000002027;SRW;BUSHELS;DOLAR DOS EUA;20270521;SIM;TRIGO;0000000000,0100000000;MAXIMO;W K7;TER
COMMODITIES;W K7;CBOT;W K7 Máximo;00000000000005;00000000002027;SRW;BUSHELS;DOLAR DOS EUA;20270521;SIM;TRIGO;0000000000,0100000000;MAXIMO;W K7;OPC
COMMODITIES;W K8;CBOT;W K8 AJUSTE;00000000000005;00000000002028;SRW;BUSHELS;DOLAR DOS EUA;20280519;SIM;TRIGO;0000000000,0100000000;AJUSTE;W K8;OPC
COMMODITIES;W K8;CBOT;W K8 AJUSTE;00000000000005;00000000002028;SRW;BUSHELS;DOLAR DOS EUA;20280519;SIM;TRIGO;0000000000,0100000000;AJUSTE;W K8;TER
COMMODITIES;W K9;CBOT;W K9 AJUSTE;00000000000004;00000000002029;SRW;BUSHELS;DOLAR DOS EUA;20290521;SIM;TRIGO;0000000000,0100000000;AJUSTE;W K9;TER
COMMODITIES;W K9;CBOT;W K9 Mínimo;00000000000004;00000000002029;SRW;BUSHELS;DOLAR DOS EUA;20290521;SIM;TRIGO;0000000000,0100000000;MINIMO;W K9;OPC
COMMODITIES;W K9;CBOT;W K9 Mínimo;00000000000004;00000000002029;SRW;BUSHELS;DOLAR DOS EUA;20290521;SIM;TRIGO;0000000000,0100000000;MINIMO;W K9;TER
COMMODITIES;W K9;CBOT;W K9 Máximo;00000000000004;00000000002029;SRW;BUSHELS;DOLAR DOS EUA;20290521;SIM;TRIGO;0000000000,0100000000;MAXIMO;W K9;OPC
COMMODITIES;W K9;CBOT;W K9 Máximo;00000000000004;00000000002029;SRW;BUSHELS;DOLAR DOS EUA;20290521;SIM;TRIGO;0000000000,0100000000;MAXIMO;W K9;TER
COMMODITIES;W K9;CBOT;W K9 AJUSTE;00000000000004;00000000002029;SRW;BUSHELS;DOLAR DOS EUA;20290521;SIM;TRIGO;0000000000,0100000000;AJUSTE;W K9;OPC
COMMODITIES;W N7;CBOT;W N7 AJUSTE;00000000000007;00000000002027;SRW;BUSHELS;DOLAR DOS EUA;20270721;SIM;TRIGO;0000000000,0100000000;AJUSTE;W N7;TER
COMMODITIES;W N7;CBOT;W N7 AJUSTE;00000000000007;00000000002027;SRW;BUSHELS;DOLAR DOS EUA;20270721;SIM;TRIGO;0000000000,0100000000;AJUSTE;W N7;OPC
COMMODITIES;W N7;CBOT;W N7 Máximo;00000000000007;00000000002027;SRW;BUSHELS;DOLAR DOS EUA;20270721;SIM;TRIGO;0000000000,0100000000;MAXIMO;W N7;TER
COMMODITIES;W N7;CBOT;W N7 Máximo;00000000000007;00000000002027;SRW;BUSHELS;DOLAR DOS EUA;20270721;SIM;TRIGO;0000000000,0100000000;MAXIMO;W N7;OPC
COMMODITIES;W N7;CBOT;W N7 Mínimo;00000000000007;00000000002027;SRW;BUSHELS;DOLAR DOS EUA;20270721;SIM;TRIGO;0000000000,0100000000;MINIMO;W N7;TER
COMMODITIES;W N7;CBOT;W N7 Mínimo;00000000000007;00000000002027;SRW;BUSHELS;DOLAR DOS EUA;20270721;SIM;TRIGO;0000000000,0100000000;MINIMO;W N7;OPC
COMMODITIES;W U6;CBOT;W U6 Máximo;00000000000009;00000000002026;SRW;BUSHELS;DOLAR DOS EUA;20260921;SIM;TRIGO;0000000000,0100000000;MAXIMO;W U6;TER
COMMODITIES;W U6;CBOT;W U6 Máximo;00000000000009;00000000002026;SRW;BUSHELS;DOLAR DOS EUA;20260921;SIM;TRIGO;0000000000,0100000000;MAXIMO;W U6;OPC
COMMODITIES;W U6;CBOT;W U6 Mínimo;00000000000009;00000000002026;SRW;BUSHELS;DOLAR DOS EUA;20260921;SIM;TRIGO;0000000000,0100000000;MINIMO;W U6;OPC
COMMODITIES;W U6;CBOT;W U6 Mínimo;00000000000009;00000000002026;SRW;BUSHELS;DOLAR DOS EUA;20260921;SIM;TRIGO;0000000000,0100000000;MINIMO;W U6;TER
COMMODITIES;W U6;CBOT;W U6 AJUSTE;00000000000009;00000000002026;SRW;BUSHELS;DOLAR DOS EUA;20260921;SIM;TRIGO;0000000000,0100000000;AJUSTE;W U6;OPC
COMMODITIES;W U6;CBOT;W U6 AJUSTE;00000000000009;00000000002026;SRW;BUSHELS;DOLAR DOS EUA;20260921;SIM;TRIGO;0000000000,0100000000;AJUSTE;W U6;TER
COMMODITIES;W U7;CBOT;W U7 Máximo;00000000000009;00000000002027;SRW;BUSHELS;DOLAR DOS EUA;20270921;SIM;TRIGO;0000000000,0100000000;MAXIMO;W U7;TER
COMMODITIES;W U7;CBOT;W U7 AJUSTE;00000000000009;00000000002027;SRW;BUSHELS;DOLAR DOS EUA;20270921;SIM;TRIGO;0000000000,0100000000;AJUSTE;W U7;TER
COMMODITIES;W U7;CBOT;W U7 AJUSTE;00000000000009;00000000002027;SRW;BUSHELS;DOLAR DOS EUA;20270921;SIM;TRIGO;0000000000,0100000000;AJUSTE;W U7;OPC
COMMODITIES;W U7;CBOT;W U7 Máximo;00000000000009;00000000002027;SRW;BUSHELS;DOLAR DOS EUA;20270921;SIM;TRIGO;0000000000,0100000000;MAXIMO;W U7;OPC
COMMODITIES;W U7;CBOT;W U7 Mínimo;00000000000009;00000000002027;SRW;BUSHELS;DOLAR DOS EUA;20270921;SIM;TRIGO;0000000000,0100000000;MINIMO;W U7;TER
COMMODITIES;W U7;CBOT;W U7 Mínimo;00000000000009;00000000002027;SRW;BUSHELS;DOLAR DOS EUA;20270921;SIM;TRIGO;0000000000,0100000000;MINIMO;W U7;OPC
COMMODITIES;W Z6;CBOT;W Z6 AJUSTE;00000000000012;00000000002026;SRW;BUSHELS;DOLAR DOS EUA;20261221;SIM;TRIGO;0000000000,0100000000;AJUSTE;W Z6;OPC
COMMODITIES;W Z6;CBOT;W Z6 AJUSTE;00000000000012;00000000002026;SRW;BUSHELS;DOLAR DOS EUA;20261221;SIM;TRIGO;0000000000,0100000000;AJUSTE;W Z6;TER
COMMODITIES;W Z6;CBOT;W Z6 Máximo;00000000000012;00000000002026;SRW;BUSHELS;DOLAR DOS EUA;20261221;SIM;TRIGO;0000000000,0100000000;MAXIMO;W Z6;OPC
COMMODITIES;W Z6;CBOT;W Z6 Mínimo;00000000000012;00000000002026;SRW;BUSHELS;DOLAR DOS EUA;20261221;SIM;TRIGO;0000000000,0100000000;MINIMO;W Z6;OPC
COMMODITIES;W Z6;CBOT;W Z6 Máximo;00000000000012;00000000002026;SRW;BUSHELS;DOLAR DOS EUA;20261221;SIM;TRIGO;0000000000,0100000000;MAXIMO;W Z6;TER
COMMODITIES;W Z6;CBOT;W Z6 Mínimo;00000000000012;00000000002026;SRW;BUSHELS;DOLAR DOS EUA;20261221;SIM;TRIGO;0000000000,0100000000;MINIMO;W Z6;TER
COMMODITIES;W Z7;CBOT;W Z7 AJUSTE;00000000000012;00000000002027;SRW;BUSHELS;DOLAR DOS EUA;20271221;SIM;TRIGO;0000000000,0100000000;AJUSTE;W Z7;TER
COMMODITIES;W Z7;CBOT;W Z7 Mínimo;00000000000012;00000000002027;SRW;BUSHELS;DOLAR DOS EUA;20271221;SIM;TRIGO;0000000000,0100000000;MINIMO;W Z7;OPC
COMMODITIES;W Z7;CBOT;W Z7 Mínimo;00000000000012;00000000002027;SRW;BUSHELS;DOLAR DOS EUA;20271221;SIM;TRIGO;0000000000,0100000000;MINIMO;W Z7;TER
COMMODITIES;W Z7;CBOT;W Z7 Máximo;00000000000012;00000000002027;SRW;BUSHELS;DOLAR DOS EUA;20271221;SIM;TRIGO;0000000000,0100000000;MAXIMO;W Z7;OPC
COMMODITIES;W Z7;CBOT;W Z7 Máximo;00000000000012;00000000002027;SRW;BUSHELS;DOLAR DOS EUA;20271221;SIM;TRIGO;0000000000,0100000000;MAXIMO;W Z7;TER
COMMODITIES;W Z7;CBOT;W Z7 AJUSTE;00000000000012;00000000002027;SRW;BUSHELS;DOLAR DOS EUA;20271221;SIM;TRIGO;0000000000,0100000000;AJUSTE;W Z7;OPC
COMMODITIES;W 1;CBOT;W 1 AJUSTE;00000000000012;00000000002200;SRW;BUSHELS;DOLAR DOS EUA;22001201;SIM;TRIGO;0000000000,0100000000;AJUSTE;W 1;TER
COMMODITIES;W 1;CBOT;W 1 AJUSTE;00000000000012;00000000002200;SRW;BUSHELS;DOLAR DOS EUA;22001201;SIM;TRIGO;0000000000,0100000000;AJUSTE;W 1;OPC
COMMODITIES;WHC1;ISF - ICE;WHC1 AJUSTE;00000000000003;00000000002200;TC14 FFA;TONELADA METRICA;DOLAR DOS EUA;22000408;SIM;FRETE DE ROTA;0000000001,0000000000;AJUSTE;WHC1;OPC
COMMODITIES;WHC1;ISF - ICE;WHC1 AJUSTE;00000000000003;00000000002200;TC14 FFA;TONELADA METRICA;DOLAR DOS EUA;22000408;SIM;FRETE DE ROTA;0000000001,0000000000;AJUSTE;WHC1;TER
COMMODITIES;XAU_LBMA;LBMA;XAU_LBMA;00000000000012;00000000002200;-;ONCA TROY;DOLAR DOS EUA;22001208;SIM;OURO;0000000001,0000000000;FECHAMENTO;GOLDLNPM;COE
COMMODITIES;XAUUSD;BLOOMBERG;XAUUSD;00000000000012;00000000002200;-;ONCA TROY;DOLAR DOS EUA;22001208;SIM;OURO;0000000001,0000000000;FECHAMENTO;;OPC
COMMODITIES;XAUUSD;BLOOMBERG;XAUUSD;00000000000012;00000000002200;-;ONCA TROY;DOLAR DOS EUA;22001208;SIM;OURO;0000000001,0000000000;FECHAMENTO;;COE
COMMODITIES;XAUUSD;BLOOMBERG;XAUUSD;00000000000012;00000000002200;-;ONCA TROY;DOLAR DOS EUA;22001208;SIM;OURO;0000000001,0000000000;FECHAMENTO;;TER
COMMODITIES;XBF7;NYMEX;XBF7 Máximo;00000000000001;00000000002027;RBOB;GALAO;DOLAR DOS EUA;20270108;SIM;GASOLINA;0000000000,0100000000;MAXIMO;XBF7;OPC
COMMODITIES;XBF7;NYMEX;XBF7 Máximo;00000000000001;00000000002027;RBOB;GALAO;DOLAR DOS EUA;20270108;SIM;GASOLINA;0000000000,0100000000;MAXIMO;XBF7;TER
COMMODITIES;XBF7;NYMEX;XBF7 Mínimo;00000000000001;00000000002027;RBOB;GALAO;DOLAR DOS EUA;20270108;SIM;GASOLINA;0000000000,0100000000;MINIMO;XBF7;OPC
COMMODITIES;XBF7;NYMEX;XBF7 AJUSTE;00000000000001;00000000002027;RBOB;GALAO;DOLAR DOS EUA;20270108;SIM;GASOLINA;0000000000,0100000000;AJUSTE;XBF7;TER
COMMODITIES;XBF7;NYMEX;XBF7 AJUSTE;00000000000001;00000000002027;RBOB;GALAO;DOLAR DOS EUA;20270108;SIM;GASOLINA;0000000000,0100000000;AJUSTE;XBF7;OPC
COMMODITIES;XBF7;NYMEX;XBF7 Mínimo;00000000000001;00000000002027;RBOB;GALAO;DOLAR DOS EUA;20270108;SIM;GASOLINA;0000000000,0100000000;MINIMO;XBF7;TER
COMMODITIES;XBG7;NYMEX;XBG7 Máximo;00000000000002;00000000002027;RBOB;GALAO;DOLAR DOS EUA;20270205;SIM;GASOLINA;0000000000,0100000000;MAXIMO;XBG7;TER
COMMODITIES;XBG7;NYMEX;XBG7 Máximo;00000000000002;00000000002027;RBOB;GALAO;DOLAR DOS EUA;20270205;SIM;GASOLINA;0000000000,0100000000;MAXIMO;XBG7;OPC
COMMODITIES;XBG7;NYMEX;XBG7 AJUSTE;00000000000002;00000000002027;RBOB;GALAO;DOLAR DOS EUA;20270205;SIM;GASOLINA;0000000000,0100000000;AJUSTE;XBG7;OPC
COMMODITIES;XBG7;NYMEX;XBG7 AJUSTE;00000000000002;00000000002027;RBOB;GALAO;DOLAR DOS EUA;20270205;SIM;GASOLINA;0000000000,0100000000;AJUSTE;XBG7;TER
COMMODITIES;XBG7;NYMEX;XBG7 Mínimo;00000000000002;00000000002027;RBOB;GALAO;DOLAR DOS EUA;20270205;SIM;GASOLINA;0000000000,0100000000;MINIMO;XBG7;OPC
COMMODITIES;XBG7;NYMEX;XBG7 Mínimo;00000000000002;00000000002027;RBOB;GALAO;DOLAR DOS EUA;20270205;SIM;GASOLINA;0000000000,0100000000;MINIMO;XBG7;TER
COMMODITIES;XBH7;NYMEX;XBH7 Mínimo;00000000000003;00000000002027;RBOB;GALAO;DOLAR DOS EUA;20270305;SIM;GASOLINA;0000000000,0100000000;MINIMO;XBH7;TER
COMMODITIES;XBH7;NYMEX;XBH7 Máximo;00000000000003;00000000002027;RBOB;GALAO;DOLAR DOS EUA;20270305;SIM;GASOLINA;0000000000,0100000000;MAXIMO;XBH7;TER
COMMODITIES;XBH7;NYMEX;XBH7 AJUSTE;00000000000003;00000000002027;RBOB;GALAO;DOLAR DOS EUA;20270305;SIM;GASOLINA;0000000000,0100000000;AJUSTE;XBH7;TER
COMMODITIES;XBH7;NYMEX;XBH7 AJUSTE;00000000000003;00000000002027;RBOB;GALAO;DOLAR DOS EUA;20270305;SIM;GASOLINA;0000000000,0100000000;AJUSTE;XBH7;OPC
COMMODITIES;XBH7;NYMEX;XBH7 Mínimo;00000000000003;00000000002027;RBOB;GALAO;DOLAR DOS EUA;20270305;SIM;GASOLINA;0000000000,0100000000;MINIMO;XBH7;OPC
COMMODITIES;XBH7;NYMEX;XBH7 Máximo;00000000000003;00000000002027;RBOB;GALAO;DOLAR DOS EUA;20270305;SIM;GASOLINA;0000000000,0100000000;MAXIMO;XBH7;OPC
COMMODITIES;XBJ7;NYMEX;XBJ7 AJUSTE;00000000000004;00000000002027;RBOB;GALAO;DOLAR DOS EUA;20270407;SIM;GASOLINA;0000000000,0100000000;AJUSTE;XBJ7;OPC
COMMODITIES;XBJ7;NYMEX;XBJ7 AJUSTE;00000000000004;00000000002027;RBOB;GALAO;DOLAR DOS EUA;20270407;SIM;GASOLINA;0000000000,0100000000;AJUSTE;XBJ7;TER
COMMODITIES;XBK7;NYMEX;XBK7 Máximo;00000000000005;00000000002027;RBOB;GALAO;DOLAR DOS EUA;20270507;SIM;GASOLINA;0000000000,0100000000;MAXIMO;XBK7;TER
COMMODITIES;XBK7;NYMEX;XBK7 Mínimo;00000000000005;00000000002027;RBOB;GALAO;DOLAR DOS EUA;20270507;SIM;GASOLINA;0000000000,0100000000;MINIMO;XBK7;TER
COMMODITIES;XBK7;NYMEX;XBK7 Máximo;00000000000005;00000000002027;RBOB;GALAO;DOLAR DOS EUA;20270507;SIM;GASOLINA;0000000000,0100000000;MAXIMO;XBK7;OPC
COMMODITIES;XBK7;NYMEX;XBK7 Mínimo;00000000000005;00000000002027;RBOB;GALAO;DOLAR DOS EUA;20270507;SIM;GASOLINA;0000000000,0100000000;MINIMO;XBK7;OPC
COMMODITIES;XBK7;NYMEX;XBK7 AJUSTE;00000000000005;00000000002027;RBOB;GALAO;DOLAR DOS EUA;20270507;SIM;GASOLINA;0000000000,0100000000;AJUSTE;XBK7;OPC
COMMODITIES;XBK7;NYMEX;XBK7 AJUSTE;00000000000005;00000000002027;RBOB;GALAO;DOLAR DOS EUA;20270507;SIM;GASOLINA;0000000000,0100000000;AJUSTE;XBK7;TER
COMMODITIES;XBM7;NYMEX;XBM7 Mínimo;00000000000006;00000000002027;RBOB;GALAO;DOLAR DOS EUA;20270604;SIM;GASOLINA;0000000000,0100000000;MINIMO;XBM7;TER
COMMODITIES;XBM7;NYMEX;XBM7 Mínimo;00000000000006;00000000002027;RBOB;GALAO;DOLAR DOS EUA;20270604;SIM;GASOLINA;0000000000,0100000000;MINIMO;XBM7;OPC
COMMODITIES;XBM7;NYMEX;XBM7 AJUSTE;00000000000006;00000000002027;RBOB;GALAO;DOLAR DOS EUA;20270604;SIM;GASOLINA;0000000000,0100000000;AJUSTE;XBM7;OPC
COMMODITIES;XBM7;NYMEX;XBM7 AJUSTE;00000000000006;00000000002027;RBOB;GALAO;DOLAR DOS EUA;20270604;SIM;GASOLINA;0000000000,0100000000;AJUSTE;XBM7;TER
COMMODITIES;XBM7;NYMEX;XBM7 Máximo;00000000000006;00000000002027;RBOB;GALAO;DOLAR DOS EUA;20270604;SIM;GASOLINA;0000000000,0100000000;MAXIMO;XBM7;OPC
COMMODITIES;XBM7;NYMEX;XBM7 Máximo;00000000000006;00000000002027;RBOB;GALAO;DOLAR DOS EUA;20270604;SIM;GASOLINA;0000000000,0100000000;MAXIMO;XBM7;TER
COMMODITIES;XBN7;NYMEX;XBN7 AJUSTE;00000000000007;00000000002027;RBOB;GALAO;DOLAR DOS EUA;20270707;SIM;GASOLINA;0000000000,0100000000;AJUSTE;XBN7;TER
COMMODITIES;XBN7;NYMEX;XBN7 AJUSTE;00000000000007;00000000002027;RBOB;GALAO;DOLAR DOS EUA;20270707;SIM;GASOLINA;0000000000,0100000000;AJUSTE;XBN7;COE
COMMODITIES;XBN7;NYMEX;XBN7 AJUSTE;00000000000007;00000000002027;RBOB;GALAO;DOLAR DOS EUA;20270707;SIM;GASOLINA;0000000000,0100000000;AJUSTE;XBN7;OPC
COMMODITIES;XBQ7;NYMEX;XBQ7 AJUSTE;00000000000008;00000000002027;RBOB;GALAO;DOLAR DOS EUA;20270806;SIM;GASOLINA;0000000000,0100000000;AJUSTE;XBQ7;TER
COMMODITIES;XBQ7;NYMEX;XBQ7 AJUSTE;00000000000008;00000000002027;RBOB;GALAO;DOLAR DOS EUA;20270806;SIM;GASOLINA;0000000000,0100000000;AJUSTE;XBQ7;OPC
COMMODITIES;XBU6;NYMEX;XBU6 Máximo;00000000000009;00000000002026;RBOB;GALAO;DOLAR DOS EUA;20260908;SIM;GASOLINA;0000000000,0100000000;MAXIMO;XBU6;TER
COMMODITIES;XBU6;NYMEX;XBU6 Mínimo;00000000000009;00000000002026;RBOB;GALAO;DOLAR DOS EUA;20260908;SIM;GASOLINA;0000000000,0100000000;MINIMO;XBU6;OPC
COMMODITIES;XBU6;NYMEX;XBU6 Mínimo;00000000000009;00000000002026;RBOB;GALAO;DOLAR DOS EUA;20260908;SIM;GASOLINA;0000000000,0100000000;MINIMO;XBU6;TER
COMMODITIES;XBU6;NYMEX;XBU6 AJUSTE;00000000000009;00000000002026;RBOB;GALAO;DOLAR DOS EUA;20260908;SIM;GASOLINA;0000000000,0100000000;AJUSTE;XBU6;OPC
COMMODITIES;XBU6;NYMEX;XBU6 AJUSTE;00000000000009;00000000002026;RBOB;GALAO;DOLAR DOS EUA;20260908;SIM;GASOLINA;0000000000,0100000000;AJUSTE;XBU6;TER
COMMODITIES;XBU6;NYMEX;XBU6 Máximo;00000000000009;00000000002026;RBOB;GALAO;DOLAR DOS EUA;20260908;SIM;GASOLINA;0000000000,0100000000;MAXIMO;XBU6;OPC
COMMODITIES;XBU7;NYMEX;XBU7 AJUSTE;00000000000009;00000000002027;RBOB;GALAO;DOLAR DOS EUA;20270908;SIM;GASOLINA;0000000000,0100000000;AJUSTE;XBU7;OPC
COMMODITIES;XBU7;NYMEX;XBU7 AJUSTE;00000000000009;00000000002027;RBOB;GALAO;DOLAR DOS EUA;20270908;SIM;GASOLINA;0000000000,0100000000;AJUSTE;XBU7;TER
COMMODITIES;XBV6;NYMEX;XBV6 Mínimo;00000000000010;00000000002026;RBOB;GALAO;DOLAR DOS EUA;20261007;SIM;GASOLINA;0000000000,0100000000;MINIMO;XBV6;TER
COMMODITIES;XBV6;NYMEX;XBV6 AJUSTE;00000000000010;00000000002026;RBOB;GALAO;DOLAR DOS EUA;20261007;SIM;GASOLINA;0000000000,0100000000;AJUSTE;XBV6;OPC
COMMODITIES;XBV6;NYMEX;XBV6 AJUSTE;00000000000010;00000000002026;RBOB;GALAO;DOLAR DOS EUA;20261007;SIM;GASOLINA;0000000000,0100000000;AJUSTE;XBV6;TER
COMMODITIES;XBV6;NYMEX;XBV6 Máximo;00000000000010;00000000002026;RBOB;GALAO;DOLAR DOS EUA;20261007;SIM;GASOLINA;0000000000,0100000000;MAXIMO;XBV6;OPC
COMMODITIES;XBV6;NYMEX;XBV6 Máximo;00000000000010;00000000002026;RBOB;GALAO;DOLAR DOS EUA;20261007;SIM;GASOLINA;0000000000,0100000000;MAXIMO;XBV6;TER
COMMODITIES;XBV6;NYMEX;XBV6 Mínimo;00000000000010;00000000002026;RBOB;GALAO;DOLAR DOS EUA;20261007;SIM;GASOLINA;0000000000,0100000000;MINIMO;XBV6;OPC
COMMODITIES;XBV7;NYMEX;XBV7 AJUSTE;00000000000010;00000000002027;RBOB;GALAO;DOLAR DOS EUA;20271007;SIM;GASOLINA;0000000000,0100000000;AJUSTE;XBV7;TER
COMMODITIES;XBV7;NYMEX;XBV7 AJUSTE;00000000000010;00000000002027;RBOB;GALAO;DOLAR DOS EUA;20271007;SIM;GASOLINA;0000000000,0100000000;AJUSTE;XBV7;OPC
COMMODITIES;XBV7;NYMEX;XBV7 AJUSTE;00000000000010;00000000002027;RBOB;GALAO;DOLAR DOS EUA;20271007;SIM;GASOLINA;0000000000,0100000000;AJUSTE;XBV7;COE
COMMODITIES;XBX6;NYMEX;XBX6 Mínimo;00000000000011;00000000002026;RBOB;GALAO;DOLAR DOS EUA;20261109;SIM;GASOLINA;0000000000,0100000000;MINIMO;XBX6;OPC
COMMODITIES;XBX6;NYMEX;XBX6 AJUSTE;00000000000011;00000000002026;RBOB;GALAO;DOLAR DOS EUA;20261109;SIM;GASOLINA;0000000000,0100000000;AJUSTE;XBX6;TER
COMMODITIES;XBX6;NYMEX;XBX6 Máximo;00000000000011;00000000002026;RBOB;GALAO;DOLAR DOS EUA;20261109;SIM;GASOLINA;0000000000,0100000000;MAXIMO;XBX6;TER
COMMODITIES;XBX6;NYMEX;XBX6 AJUSTE;00000000000011;00000000002026;RBOB;GALAO;DOLAR DOS EUA;20261109;SIM;GASOLINA;0000000000,0100000000;AJUSTE;XBX6;OPC
COMMODITIES;XBX6;NYMEX;XBX6 Mínimo;00000000000011;00000000002026;RBOB;GALAO;DOLAR DOS EUA;20261109;SIM;GASOLINA;0000000000,0100000000;MINIMO;XBX6;TER
COMMODITIES;XBX6;NYMEX;XBX6 Máximo;00000000000011;00000000002026;RBOB;GALAO;DOLAR DOS EUA;20261109;SIM;GASOLINA;0000000000,0100000000;MAXIMO;XBX6;OPC
COMMODITIES;XBX7;NYMEX;XBX7 AJUSTE;00000000000011;00000000002027;RBOB;GALAO;DOLAR DOS EUA;20271108;SIM;GASOLINA;0000000000,0100000000;AJUSTE;XBX7;TER
COMMODITIES;XBX7;NYMEX;XBX7 AJUSTE;00000000000011;00000000002027;RBOB;GALAO;DOLAR DOS EUA;20271108;SIM;GASOLINA;0000000000,0100000000;AJUSTE;XBX7;OPC
COMMODITIES;XBX7;NYMEX;XBX7 AJUSTE;00000000000011;00000000002027;RBOB;GALAO;DOLAR DOS EUA;20271108;SIM;GASOLINA;0000000000,0100000000;AJUSTE;XBX7;COE
COMMODITIES;XBZ6;NYMEX;XBZ6 Máximo;00000000000012;00000000002026;RBOB;GALAO;DOLAR DOS EUA;20261207;SIM;GASOLINA;0000000000,0100000000;MAXIMO;XBZ6;OPC
COMMODITIES;XBZ6;NYMEX;XBZ6 Máximo;00000000000012;00000000002026;RBOB;GALAO;DOLAR DOS EUA;20261207;SIM;GASOLINA;0000000000,0100000000;MAXIMO;XBZ6;TER
COMMODITIES;XBZ6;NYMEX;XBZ6 AJUSTE;00000000000012;00000000002026;RBOB;GALAO;DOLAR DOS EUA;20261207;SIM;GASOLINA;0000000000,0100000000;AJUSTE;XBZ6;TER
COMMODITIES;XBZ6;NYMEX;XBZ6 AJUSTE;00000000000012;00000000002026;RBOB;GALAO;DOLAR DOS EUA;20261207;SIM;GASOLINA;0000000000,0100000000;AJUSTE;XBZ6;OPC
COMMODITIES;XBZ6;NYMEX;XBZ6 Mínimo;00000000000012;00000000002026;RBOB;GALAO;DOLAR DOS EUA;20261207;SIM;GASOLINA;0000000000,0100000000;MINIMO;XBZ6;OPC
COMMODITIES;XBZ6;NYMEX;XBZ6 Mínimo;00000000000012;00000000002026;RBOB;GALAO;DOLAR DOS EUA;20261207;SIM;GASOLINA;0000000000,0100000000;MINIMO;XBZ6;TER
COMMODITIES;XB1;NYMEX;XB1 Ajuste;00000000000012;00000000002199;RBOB;GALAO;DOLAR DOS EUA;22000102;SIM;GASOLINA;0000000000,0100000000;AJUSTE;XB1;OPC
COMMODITIES;XB1;NYMEX;XB1 Ajuste;00000000000012;00000000002199;RBOB;GALAO;DOLAR DOS EUA;22000102;SIM;GASOLINA;0000000000,0100000000;AJUSTE;XB1;TER
COMMODITIES;XPDUSD;BLOOMBERG;XPDUSD;00000000000012;00000000002200;-;ONCA TROY;DOLAR DOS EUA;22000115;SIM;PALADIO;0000000001,0000000000;FECHAMENTO;;TER
COMMODITIES;XPDUSD;BLOOMBERG;XPDUSD;00000000000012;00000000002200;-;ONCA TROY;DOLAR DOS EUA;22000115;SIM;PALADIO;0000000001,0000000000;FECHAMENTO;;OPC
COMMODITIES;YCTK8;ICE (NYBOT);YCTK8 AJUSTE;00000000000005;00000000002028;ARABICO;TONELADA METRICA;DOLAR DOS EUA;20280525;SIM;CAFE;0000000001,0000000000;AJUSTE;YCTK8;TER
COMMODITIES;YCTK8;ICE (NYBOT);YCTK8 AJUSTE;00000000000005;00000000002028;ARABICO;TONELADA METRICA;DOLAR DOS EUA;20280525;SIM;CAFE;0000000001,0000000000;AJUSTE;YCTK8;OPC
COMMODITIES;YCT1;ICE (NYBOT);YCT1 AJUSTE;00000000000012;00000000002200;ARABICO;TONELADA METRICA;DOLAR DOS EUA;22001202;SIM;CAFE;0000000001,0000000000;AJUSTE;YCT1;TER
COMMODITIES;YCT1;ICE (NYBOT);YCT1 AJUSTE;00000000000012;00000000002200;ARABICO;TONELADA METRICA;DOLAR DOS EUA;22001202;SIM;CAFE;0000000001,0000000000;AJUSTE;YCT1;OPC
COMMODITIES;ZAE1;NYMEX;ZAE1 AJUSTE;00000000000012;00000000002200;CLEARPORT EHANOL (PLATTS) T2 FOB ROTTERDAM;METRO CUBICO;EURO/COM.EUROPEIA;22001208;SIM;ETANOL;0000000001,0000000000;AJUSTE;ZAE1;TER
COMMODITIES;ZAE1;NYMEX;ZAE1 AJUSTE;00000000000012;00000000002200;CLEARPORT EHANOL (PLATTS) T2 FOB ROTTERDAM;METRO CUBICO;EURO/COM.EUROPEIA;22001208;SIM;ETANOL;0000000001,0000000000;AJUSTE;ZAE1;OPC
INDICES;ABMGA2A LX;BLOOMBERG;ABMGA2A LX;;;-;;EURO/COM.EUROPEIA;;SIM;;;;;COE
INDICES;ALSFFCT LX;BLOOMBERG;ALSFFCT LX;;;-;;EURO/COM.EUROPEIA;;SIM;;;;;COE
INDICES;ATIVOCOE39;REUTERS;ATIVOCOE39;;;OUTROS;;REAL;;NÃO;;;;;COE
INDICES;ATIVOCOE40;REUTERS;ATIVOCOE40;;;OUTROS;;REAL;;NÃO;;;;;COE
INDICES;ATIVOCOE45;REUTERS;ATIVOCOE45;;;OUTROS;;REAL;;NÃO;;;;;COE
INDICES;ATIVOCOE49;REUTERS;ATIVOCOE49;;;-;;REAL;;NÃO;;;;;COE
INDICES;BKRSPEA LX;BLOOMBERG;BKRSPEA LX;;;-;;EURO/COM.EUROPEIA;;SIM;;;;;COE
INDICES;BNPIECFT;BLOOMBERG;BNPIECFT;;;-;;EURO/COM.EUROPEIA;;SIM;;;;;COE
INDICES;B3;B3;INDICE DI - B3;;;Apuração CETIP;;REAL;;SIM;;;;;OPC
INDICES;B3;B3;INDICE DI - B3;;;Apuração CETIP;;REAL;;SIM;;;;;COE
INDICES;CALP FI;REUTERS;CALP FI;;;-;;DOLAR DOS EUA;;NÃO;;;;;COE
INDICES;CALP FI 2;REUTERS;CALP FI 2;;;-;;DOLAR DOS EUA;;NÃO;;;;;COE
INDICES;COE 1 PRE;BLOOMBERG;COE 1 PRE FUNDO DE INVESTIMENTOS RENDA FIXA FECHAMENTO;;;-;;REAL;;NÃO;;;;;COE
INDICES;COE 2 PRE;BLOOMBERG;COE 2 PRE FUNDO DE INVESTIMENTO RENDA FIXA;;;-;;REAL;;NÃO;;;;;COE
INDICES;COE 7 RF;BLOOMBERG;COE 7 RF;;;-;;REAL;;NÃO;;;;;COE
INDICES;COE10FIFRF;BLOOMBERG;COE10FIFRF;;;-;;REAL;;NÃO;;;;;COE
INDICES;COE11FIFRF;BLOOMBERG;COE11FIFRF;;;-;;REAL;;NÃO;;;;;COE
INDICES;COE12FIFRF;BLOOMBERG;COE12FIFRF;;;-;;REAL;;NÃO;;;;;COE
INDICES;COE13FIFRF;REUTERS;COE13FIFRF;;;-;;REAL;;SIM;;;;;COE
INDICES;COE14FIFRF;REUTERS;COE14FIFRF;;;-;;REAL;;SIM;;;;;COE
INDICES;COE3 PRE;BLOOMBERG;COE3 PRE FUNDO DE INVESTIMENTO RENDA FIXA;;;-;;REAL;;NÃO;;;;;COE
INDICES;COE4 PRE;BLOOMBERG;COE4 PRE;;;-;;REAL;;NÃO;;;;;COE
INDICES;COE5 PRE;BLOOMBERG;COE5 PRE;;;-;;REAL;;NÃO;;;;;COE
INDICES;COE6FIRF;BLOOMBERG;COE6FIRF;;;-;;REAL;;NÃO;;;;;COE
INDICES;COE8FIFRF;BLOOMBERG;COE8FIFRF;;;-;;REAL;;NÃO;;;;;COE
INDICES;COE9FIFRF;BLOOMBERG;COE9FIFRF;;;-;;REAL;;NÃO;;;;;COE
INDICES;COPOM;B3;ULTIMA REUNIAO COPOM;;;-;;REAL;;NÃO;;;;;COE
INDICES;CSEAB19E;BLOOMBERG;CSEAB19E;;;-;;REAL;;SIM;;;;;COE
INDICES;DIICELC LX;BLOOMBERG;DIICELC LX;;;-;;EURO/COM.EUROPEIA;;SIM;;;;;COE
INDICES;EURBARR LX;BLOOMBERG;EURBARR LX;;;-;;EURO/COM.EUROPEIA;;SIM;;;;;COE
INDICES;FDIPFCI;BLOOMBERG;FDIPFCI BZ;;;-;;REAL;;NÃO;;;;;COE
INDICES;FIIPRFC BZ;BLOOMBERG;FIIPRFC BZ;;;-;;REAL;;NÃO;;;;;COE
INDICES;FORD FIDC;BLOOMBERG;FORD USD FIDC FECHAMENTO;;;-;;DOLAR DOS EUA;;NÃO;;;;;COE
INDICES;FPFIRC BZ;BLOOMBERG;FPFIRC BZ;;;-;;REAL;;NÃO;;;;;COE
INDICES;GAMSCOE ID;BLOOMBERG;GAMSCOE ID;;;-;;EURO/COM.EUROPEIA;;SIM;;;;;COE
INDICES;GMATDEA ID;BLOOMBERG;GMATDEA ID;;;-;;EURO/COM.EUROPEIA;;SIM;;;;;COE
INDICES;GSCBBZEC;BLOOMBERG;GSCBBZEC;;;-;;REAL;;SIM;;;;;OPC
INDICES;GSCBBZEC;BLOOMBERG;GSCBBZEC;;;-;;REAL;;SIM;;;;;COE
INDICES;GSCBBZEN;BLOOMBERG;GSCBBZEN;;;-;;REAL;;SIM;;;;;COE
INDICES;GSCBBZEN;BLOOMBERG;GSCBBZEN;;;-;;REAL;;SIM;;;;;OPC
INDICES;GSCBBZEX;BLOOMBERG;GSCBBZEX;;;-;;REAL;;SIM;;;;;OPC
INDICES;GSCBBZEX;BLOOMBERG;GSCBBZEX;;;-;;REAL;;SIM;;;;;COE
INDICES;GSIS180V;BLOOMBERG;GSIS180V;;;-;;DOLAR DOS EUA;;NÃO;;;;;COE
INDICES;GSXFBREOBZ;BLOOMBERG;GSXFBREO;;;-;;REAL;;NÃO;;;;;COE
INDICES;HEJSA2J LX;BLOOMBERG;HEJSA2J LX;;;-;;IENE;;SIM;;;;;COE
INDICES;IBOV_DECI;BLOOMBERG;IBOV_DECI Máximo;;;-;;REAL;;SIM;;;;;COE
INDICES;IBOV_DECI;BLOOMBERG;IBOV_DECI;;;-;;REAL;;SIM;;;;;COE
INDICES;IBOV_DECI;BLOOMBERG;IBOV_DECI Mínimo;;;-;;REAL;;SIM;;;;;COE
INDICES;IBOVESPA;CETIP;IBOV FECHAMENTO;;;Apuração CETIP;;REAL;;SIM;;;;;COE
INDICES;IBOVESPA;CETIP;IBOV FECHAMENTO;;;Apuração CETIP;;REAL;;SIM;;;;;OPC
INDICES;IBOVESPA;CETIP;INDICE IBOVESPA MINIMO;;;Apuração CETIP;;REAL;;SIM;;;;;COE
INDICES;IBOVESPA;CETIP;INDICE IBOVESPA MINIMO;;;Apuração CETIP;;REAL;;SIM;;;;;OPC
INDICES;IBOVESPA;CETIP;INDICE IBOVESPA MAXIMO;;;Apuração CETIP;;REAL;;SIM;;;;;COE
INDICES;IBOVESPA;CETIP;INDICE IBOVESPA MAXIMO;;;Apuração CETIP;;REAL;;SIM;;;;;OPC
INDICES;IBOV_LIQ;REUTERS;IBOVESPA Máximo;;;INEXISTENTE;;REAL;;SIM;;;;;COE
INDICES;IBOV_LIQ;REUTERS;IBOVESPA Máximo;;;INEXISTENTE;;REAL;;SIM;;;;;OPC
INDICES;IBOV_LIQ;REUTERS;IBOVESPA LIQUIDACAO;;;INEXISTENTE;;REAL;;SIM;;;;;OPC
INDICES;IBOV_LIQ;REUTERS;IBOVESPA LIQUIDACAO;;;INEXISTENTE;;REAL;;SIM;;;;;COE
INDICES;IBOV_LIQ;REUTERS;IBOVESPA Mínimo;;;INEXISTENTE;;REAL;;SIM;;;;;OPC
INDICES;IBOV_LIQ;REUTERS;IBOVESPA Mínimo;;;INEXISTENTE;;REAL;;SIM;;;;;COE
INDICES;IBRX 50;REUTERS;IBRX 50 Fechamento;;;INEXISTENTE;;REAL;;SIM;;;;;COE
INDICES;IBRX 50;REUTERS;IBRX 50 Maximo;;;INEXISTENTE;;REAL;;SIM;;;;;COE
INDICES;IBRX 50;REUTERS;IBRX 50 Minimo;;;INEXISTENTE;;REAL;;SIM;;;;;COE
INDICES;IDI BMF;CETIP;INDICE DI - BMF;;;Apuração CETIP;;REAL;;NÃO;;;;;COE
INDICES;IDI BMF D0;REUTERS;IDI BMF D0;;;-;;REAL;;SIM;;;;;COE
INDICES;IDI BMF D0;REUTERS;IDI BMF D0;;;-;;REAL;;SIM;;;;;OPC
INDICES;INDICE DI;CETIP;INDICE DI;;;Apuração CETIP;;REAL;;SIM;;;;;COE
INDICES;IPCA-IBGE;IBGE;INDICE DE PRECO AO CONSUMIDOR AMPLO IBGE;;;AMPLO;;REAL;;NÃO;;;;;COE
INDICES;JPGIAEA LX;REUTERS;JPGIAEA LX;;;-;;EURO/COM.EUROPEIA;;SIM;;;;;COE
INDICES;JPMECAA LX;BLOOMBERG;JPMECAA LX;;;-;;EURO/COM.EUROPEIA;;SIM;;;;;COE
INDICES;JP_1;BLOOMBERG;JP_1;;;-;;EURO/COM.EUROPEIA;;NÃO;;;;;COE
INDICES;JUPLEUR LX;BLOOMBERG;JUPLEUR LX;;;-;;EURO/COM.EUROPEIA;;SIM;;;;;COE
INDICES;LEODEUB LX;BLOOMBERG;LEODEUB LX;;;-;;EURO/COM.EUROPEIA;;SIM;;;;;COE
INDICES;MAHYODE ID;BLOOMBERG;MAHYODE ID;;;-;;EURO/COM.EUROPEIA;;NÃO;;;;;COE
INDICES;MATRDHC ID;BLOOMBERG;MATRDHC ID;;;-;;FRANCO SUICO;;SIM;;;;;COE
INDICES;MERGAAA LX;BLOOMBERG;MERGAAA LX;;;-;;EURO/COM.EUROPEIA;;SIM;;;;;COE
INDICES;MGOIEAA LX;BLOOMBERG;MGOIEAA LX;;;-;;EURO/COM.EUROPEIA;;SIM;;;;;COE
INDICES;MORAMAH LX;BLOOMBERG;MORAMAH LX;;;-;;EURO/COM.EUROPEIA;;SIM;;;;;COE
INDICES;MSGBRCA LX;BLOOMBERG;MSGBRCA LX;;;-;;EURO/COM.EUROPEIA;;SIM;;;;;COE
INDICES;MSGOPAH LX;BLOOMBERG;MSGOPAH LX;;;-;;EURO/COM.EUROPEIA;;SIM;;;;;COE
INDICES;MSUEGAH LX;BLOOMBERG;MSUEGAH LX;;;-;;EURO/COM.EUROPEIA;;SIM;;;;;COE
INDICES;MSUSBZ20;BLOOMBERG;MSUSBZ20;;;-;;REAL;;SIM;;;;;COE
INDICES;MSUSMPT6;BLOOMBERG;MSUSMPT6;;;-;;DOLAR DOS EUA;;SIM;;;;;COE
INDICES;MSUSMT6M_6;REUTERS;MSUSMT6M;;;-;;DOLAR DOS EUA;;NÃO;;;;;COE
INDICES;NH2ADRC FP;BLOOMBERG;NH2ADRC FP;;;-;;EURO/COM.EUROPEIA;;SIM;;;;;COE
INDICES;NIMEHYB LX;BLOOMBERG;NIMEHYB LX;;;-;;EURO/COM.EUROPEIA;;SIM;;;;;COE
INDICES;NOCEBPE LX;BLOOMBERG;NOCEBPE LX;;;-;;EURO/COM.EUROPEIA;;SIM;;;;;COE
INDICES;NORMABP LX;BLOOMBERG;NORMABP LX;;;-;;EURO/COM.EUROPEIA;;SIM;;;;;COE
INDICES;OMEAEHA ID;BLOOMBERG;OMEAEHA ID;;;-;;EURO/COM.EUROPEIA;;SIM;;;;;COE
INDICES;PETBRA II;REUTERS;PETBRA PRÉ II FECHAMENTO;;;-;;REAL;;NÃO;;;;;COE
INDICES;PETBRA III;BLOOMBERG;PETBRA III FI RF FECHAMENTO;;;-;;REAL;;NÃO;;;;;COE
INDICES;PFSECPC LX;BLOOMBERG;PFSECPC LX;;;-;;EURO/COM.EUROPEIA;;SIM;;;;;COE
INDICES;PGIPSVA ID;BLOOMBERG;PGIPSVA ID;;;-;;EURO/COM.EUROPEIA;;SIM;;;;;COE
INDICES;PINEEHA ID;BLOOMBERG;PINEEHA ID;;;-;;EURO/COM.EUROPEIA;;SIM;;;;;COE
INDICES;PINEEHAMB;BLOOMBERG;PINEEHAMB;;;-;;EURO/COM.EUROPEIA;;NÃO;;;;;COE
INDICES;PMX PRE FI;BLOOMBERG;PMX PRE FI;;;-;;REAL;;NÃO;;;;;COE
INDICES;PMX PRE II;BLOOMBERG;PMX PRE II;;;-;;REAL;;NÃO;;;;;COE
INDICES;PTBAFIF BZ;BMF;PTBAFIF BZ;;;-;;REAL;;NÃO;;;;;COE
INDICES;SCHEHIA LX;BLOOMBERG;SCHEHIA LX;;;-;;EURO/COM.EUROPEIA;;SIM;;;;;COE
INDICES;SCHGCAH LX;BLOOMBERG;SCHGCAH LX;;;-;;EURO/COM.EUROPEIA;;SIM;;;;;COE
INDICES;SCIEHYA;BLOOMBERG;SCIEHYA LX;;;-;;EURO/COM.EUROPEIA;;SIM;;;;;COE
INDICES;SPX QUANTO;BLOOMBERG;SPX QUANTO;;;-;;REAL;;SIM;;;;;COE
INDICES;TRKPRE FI;BLOOMBERG;TRKPRE FI;;;-;;REAL;;NÃO;;;;;COE
INDICES;US STEEL;BLOOMBERG;US STEEL FI;;;-;;REAL;;NÃO;;;;;COE
INDICES;US STEEL P;REUTERS;US STEEL PRE;;;-;;DOLAR DOS EUA;;NÃO;;;;;COE
INDICES;US STEELP2;REUTERS;US STEELP2;;;-;;DOLAR DOS EUA;;NÃO;;;;;COE
INDICES;US STEELP3;REUTERS;US STEELP3;;;-;;DOLAR DOS EUA;;NÃO;;;;;COE
INDICES;US STEELP4;REUTERS;US STEELP4;;;-;;DOLAR DOS EUA;;NÃO;;;;;COE
INDICES;USIBOV;BLOOMBERG;USIBOV;;;-;;DOLAR DOS EUA;;SIM;;;;;COE
INDICES;VV PRE FIR;BLOOMBERG;VV PRE FIRF;;;-;;REAL;;NÃO;;;;;COE
INDICES;WAMOAHE ID;BLOOMBERG;WAMOAHE ID;;;-;;EURO/COM.EUROPEIA;;SIM;;;;;COE
INDICES DE PRECOS;IPCA;IBGE;INDICE DE PRECO AO CONSUMIDOR AMPLO;;;AMPLO;;REAL;;SIM;;;;;TER
INDICES INTERNACIONAIS;AAXJ UP;REUTERS;AAXJ UP;;;-;;DOLAR DOS EUA;;SIM;;;;;COE
INDICES INTERNACIONAIS;AAXJ UP;REUTERS;AAXJ UP Mínimo;;;-;;DOLAR DOS EUA;;SIM;;;;;COE
INDICES INTERNACIONAIS;AAXJ UP;REUTERS;AAXJ UP Máximo;;;-;;DOLAR DOS EUA;;SIM;;;;;COE
INDICES INTERNACIONAIS;AAXJ UQ;REUTERS;AAXJ UQ MAX;;;-;;DOLAR DOS EUA;;SIM;;;;;COE
INDICES INTERNACIONAIS;AAXJ UQ;REUTERS;AAXJ UQ Mínimo;;;-;;DOLAR DOS EUA;;SIM;;;;;COE
INDICES INTERNACIONAIS;AAXJ UQ;REUTERS;AAXJ UQ;;;-;;DOLAR DOS EUA;;SIM;;;;;COE
INDICES INTERNACIONAIS;AAXJ US;REUTERS;AAXJ US Máximo;;;-;;DOLAR DOS EUA;;SIM;;;;;COE
INDICES INTERNACIONAIS;AAXJ US;REUTERS;AAXJ US Mínimo;;;-;;DOLAR DOS EUA;;SIM;;;;;COE
INDICES INTERNACIONAIS;AAXJ US;REUTERS;AAXJ US;;;-;;DOLAR DOS EUA;;SIM;;;;;COE
INDICES INTERNACIONAIS;ABGSCAR2;BLOOMBERG;ABGSCAR2;;;-;;DOLAR DOS EUA;;NÃO;;;;;COE
INDICES INTERNACIONAIS;ABGSCCC8;BLOOMBERG;ABGSCCC8;;;-;;DOLAR DOS EUA;;NÃO;;;;;COE
INDICES INTERNACIONAIS;ABGSCRV9;BLOOMBERG;ABGSCRV9;;;-;;DOLAR DOS EUA;;NÃO;;;;;COE
INDICES INTERNACIONAIS;ABGS1099;REUTERS;ABGS1099;;;-;;DOLAR DOS EUA;;SIM;;;;;COE
INDICES INTERNACIONAIS;ABGS1176;BLOOMBERG;ABGS1176;;;-;;DOLAR DOS EUA;;NÃO;;;;;COE
INDICES INTERNACIONAIS;ABGS1286;REUTERS;ABGS1286;;;-;;DOLAR DOS EUA;;SIM;;;;;COE
INDICES INTERNACIONAIS;ABGS1286;REUTERS;ABGS1286;;;-;;DOLAR DOS EUA;;SIM;;;;;OPC
INDICES INTERNACIONAIS;ACWI UQ;BLOOMBERG;ACWI UQ;;;-;;DOLAR DOS EUA;;SIM;;;;;COE
INDICES INTERNACIONAIS;AIGC LN;REUTERS;AIGC LN;;;-;;DOLAR DOS EUA;;SIM;;;;;COE
INDICES INTERNACIONAIS;AIGC LN;REUTERS;AIGC LN Mínimo;;;-;;DOLAR DOS EUA;;SIM;;;;;COE
INDICES INTERNACIONAIS;AIGC LN;REUTERS;AIGC LN Máximo;;;-;;DOLAR DOS EUA;;SIM;;;;;COE
INDICES INTERNACIONAIS;AIJPXAT5;BLOOMBERG;AIJPXAT5;;;-;;DOLAR DOS EUA;;NÃO;;;;;COE
INDICES INTERNACIONAIS;AIQ UQ;BLOOMBERG;AIQ UQ Mínimo;;;-;;DOLAR DOS EUA;;SIM;;;;;COE
INDICES INTERNACIONAIS;AIQ UQ;BLOOMBERG;AIQ UQ Máximo;;;-;;DOLAR DOS EUA;;SIM;;;;;COE
INDICES INTERNACIONAIS;AIQ UQ;BLOOMBERG;AIQ UQ;;;-;;DOLAR DOS EUA;;SIM;;;;;COE
INDICES INTERNACIONAIS;AIQ US;REUTERS;AIQ US Mínimo;;;-;;DOLAR DOS EUA;;SIM;;;;;COE
INDICES INTERNACIONAIS;AIQ US;REUTERS;AIQ US Máximo;;;-;;DOLAR DOS EUA;;SIM;;;;;COE
INDICES INTERNACIONAIS;AIQ US;REUTERS;AIQ US;;;-;;DOLAR DOS EUA;;SIM;;;;;COE
INDICES INTERNACIONAIS;AIQ_UP;REUTERS;AIQ UP;;;-;;DOLAR DOS EUA;;SIM;;;;;COE
INDICES INTERNACIONAIS;AIQ_UP;REUTERS;AIQ UP Máximo;;;-;;DOLAR DOS EUA;;SIM;;;;;COE
INDICES INTERNACIONAIS;AIQ_UP;REUTERS;AIQ UP Mínimo;;;-;;DOLAR DOS EUA;;SIM;;;;;COE
INDICES INTERNACIONAIS;APP US;REUTERS;APP US Máximo;;;-;;DOLAR DOS EUA;;SIM;;;;;COE
INDICES INTERNACIONAIS;APP US;REUTERS;APP US Mínimo;;;-;;DOLAR DOS EUA;;SIM;;;;;COE
INDICES INTERNACIONAIS;APP US;REUTERS;APP US Máximo;;;-;;DOLAR DOS EUA;;SIM;;;;;OPC
INDICES INTERNACIONAIS;APP US;REUTERS;APP US;;;-;;DOLAR DOS EUA;;SIM;;;;;COE
INDICES INTERNACIONAIS;APP US;REUTERS;APP US;;;-;;DOLAR DOS EUA;;SIM;;;;;OPC
INDICES INTERNACIONAIS;APP US;REUTERS;APP US Mínimo;;;-;;DOLAR DOS EUA;;SIM;;;;;OPC
INDICES INTERNACIONAIS;AQFRAEF LX;BLOOMBERG;AQFRAEF LX;;;-;;EURO/COM.EUROPEIA;;SIM;;;;;COE
INDICES INTERNACIONAIS;ARGT UP;BLOOMBERG;ARGT UP;;;-;;DOLAR DOS EUA;;SIM;;;;;COE
INDICES INTERNACIONAIS;ARGT UP;BLOOMBERG;ARGT UP Mínimo;;;-;;DOLAR DOS EUA;;SIM;;;;;COE
INDICES INTERNACIONAIS;ARGT UP;BLOOMBERG;ARGT UP Máximo;;;-;;DOLAR DOS EUA;;SIM;;;;;COE
INDICES INTERNACIONAIS;ARKG UF;REUTERS;ARKG UF;;;-;;DOLAR DOS EUA;;SIM;;;;;COE
INDICES INTERNACIONAIS;ARKG UF;REUTERS;ARKG UF Máximo;;;-;;DOLAR DOS EUA;;SIM;;;;;COE
INDICES INTERNACIONAIS;ARKG UF;REUTERS;ARKG UF Mínimo;;;-;;DOLAR DOS EUA;;SIM;;;;;COE
INDICES INTERNACIONAIS;ARKG UP;REUTERS;ARKG UP Mínimo;;;-;;DOLAR DOS EUA;;SIM;;;;;COE
INDICES INTERNACIONAIS;ARKG UP;REUTERS;ARKG UP Máximo;;;-;;DOLAR DOS EUA;;SIM;;;;;COE
INDICES INTERNACIONAIS;ARKG UP;REUTERS;ARKG UP;;;-;;DOLAR DOS EUA;;SIM;;;;;COE
INDICES INTERNACIONAIS;ARKK UP;REUTERS;ARKK UP Mínimo;;;-;;DOLAR DOS EUA;;SIM;;;;;COE
INDICES INTERNACIONAIS;ARKK UP;REUTERS;ARKK UP;;;-;;DOLAR DOS EUA;;SIM;;;;;COE
INDICES INTERNACIONAIS;ARKK UP;REUTERS;ARKK UP Máximo;;;-;;DOLAR DOS EUA;;SIM;;;;;COE
INDICES INTERNACIONAIS;ARKQ US;REUTERS;ARKQ US Máximo;;;-;;DOLAR DOS EUA;;SIM;;;;;COE
INDICES INTERNACIONAIS;ARKQ US;REUTERS;ARKQ US Mínimo;;;-;;DOLAR DOS EUA;;SIM;;;;;COE
INDICES INTERNACIONAIS;ARKQ US;REUTERS;ARKQ US;;;-;;DOLAR DOS EUA;;SIM;;;;;COE
INDICES INTERNACIONAIS;ASHR UP;REUTERS;ASHR UP;;;-;;DOLAR DOS EUA;;SIM;;;;;COE
INDICES INTERNACIONAIS;ASHR UP;REUTERS;ASHR UP Máximo;;;-;;DOLAR DOS EUA;;SIM;;;;;COE
INDICES INTERNACIONAIS;ASHR UP;REUTERS;ASHR UP Mínimo;;;-;;DOLAR DOS EUA;;SIM;;;;;COE
INDICES INTERNACIONAIS;ASHR US;REUTERS;ASHR US Mínimo;;;-;;DOLAR DOS EUA;;SIM;;;;;COE
INDICES INTERNACIONAIS;ASHR US;REUTERS;ASHR US Máximo;;;-;;DOLAR DOS EUA;;SIM;;;;;COE
INDICES INTERNACIONAIS;ASHR US;REUTERS;ASHR US;;;-;;DOLAR DOS EUA;;SIM;;;;;COE
INDICES INTERNACIONAIS;BCOMSB;BLOOMBERG;BCOMSB Máximo;;;-;;DOLAR DOS EUA;;SIM;;;;;COE
INDICES INTERNACIONAIS;BCOMSB;BLOOMBERG;BCOMSB Mínimo;;;-;;DOLAR DOS EUA;;SIM;;;;;COE
INDICES INTERNACIONAIS;BCOMSB;BLOOMBERG;BCOMSB;;;-;;DOLAR DOS EUA;;SIM;;;;;COE
INDICES INTERNACIONAIS;BCOMXAL;BLOOMBERG;BCOMXAL Mínimo;;;-;;DOLAR DOS EUA;;SIM;;;;;COE
INDICES INTERNACIONAIS;BCOMXAL;BLOOMBERG;BCOMXAL Máximo;;;-;;DOLAR DOS EUA;;SIM;;;;;COE
INDICES INTERNACIONAIS;BCOMXAL;BLOOMBERG;BCOMXAL;;;-;;DOLAR DOS EUA;;SIM;;;;;COE
INDICES INTERNACIONAIS;BETZ UP;REUTERS;BETZ UP Máximo;;;-;;DOLAR DOS EUA;;SIM;;;;;COE
INDICES INTERNACIONAIS;BETZ UP;REUTERS;BETZ UP;;;-;;DOLAR DOS EUA;;SIM;;;;;COE
INDICES INTERNACIONAIS;BETZ UP;REUTERS;BETZ UP Mínimo;;;-;;DOLAR DOS EUA;;SIM;;;;;COE
INDICES INTERNACIONAIS;BILLIONS;BLOOMBERG;BILLIONS;;;-;;DOLAR DOS EUA;;SIM;;;;;COE
INDICES INTERNACIONAIS;BITO UP;REUTERS;BITO UP Máximo;;;-;;DOLAR DOS EUA;;SIM;;;;;COE
INDICES INTERNACIONAIS;BITO UP;REUTERS;BITO UP;;;-;;DOLAR DOS EUA;;SIM;;;;;OPC
INDICES INTERNACIONAIS;BITO UP;REUTERS;BITO UP;;;-;;DOLAR DOS EUA;;SIM;;;;;COE
INDICES INTERNACIONAIS;BITO UP;REUTERS;BITO UP Máximo;;;-;;DOLAR DOS EUA;;SIM;;;;;OPC
INDICES INTERNACIONAIS;BITO UP;REUTERS;BITO UP Mínimo;;;-;;DOLAR DOS EUA;;SIM;;;;;OPC
INDICES INTERNACIONAIS;BITO UP;REUTERS;BITO UP Mínimo;;;-;;DOLAR DOS EUA;;SIM;;;;;COE
INDICES INTERNACIONAIS;BITQ UP;REUTERS;BITQ UP;;;-;;DOLAR DOS EUA;;SIM;;;;;OPC
INDICES INTERNACIONAIS;BITQ UP;REUTERS;BITQ UP Mínimo;;;-;;DOLAR DOS EUA;;SIM;;;;;COE
INDICES INTERNACIONAIS;BITQ UP;REUTERS;BITQ UP Mínimo;;;-;;DOLAR DOS EUA;;SIM;;;;;OPC
INDICES INTERNACIONAIS;BITQ UP;REUTERS;BITQ UP Máximo;;;-;;DOLAR DOS EUA;;SIM;;;;;COE
INDICES INTERNACIONAIS;BITQ UP;REUTERS;BITQ UP Máximo;;;-;;DOLAR DOS EUA;;SIM;;;;;OPC
INDICES INTERNACIONAIS;BITQ UP;REUTERS;BITQ UP;;;-;;DOLAR DOS EUA;;SIM;;;;;COE
INDICES INTERNACIONAIS;BLOK UP;REUTERS;BLOK UP Mínimo;;;-;;DOLAR DOS EUA;;NÃO;;;;;COE
INDICES INTERNACIONAIS;BLOK UP;REUTERS;BLOK UP Máximo;;;-;;DOLAR DOS EUA;;NÃO;;;;;COE
INDICES INTERNACIONAIS;BLOK UP;REUTERS;BLOK UP;;;-;;DOLAR DOS EUA;;NÃO;;;;;COE
INDICES INTERNACIONAIS;BNPIAPCEWP;BLOOMBERG;BNPIAPCE_WP;;;-;;EURO/COM.EUROPEIA;;NÃO;;;;;COE
INDICES INTERNACIONAIS;BNPICASE;REUTERS;BNPICASE;;;-;;EURO/COM.EUROPEIA;;SIM;;;;;COE
INDICES INTERNACIONAIS;BNPIC52V;REUTERS;BNPIC52V;;;-;;DOLAR DOS EUA;;SIM;;;;;COE
INDICES INTERNACIONAIS;BNPIGIFT;REUTERS;BNPIGIFT;;;-;;EURO/COM.EUROPEIA;;NÃO;;;;;COE
INDICES INTERNACIONAIS;BNPIHFAC;BLOOMBERG;BNPIHFAC;;;-;;DOLAR DOS EUA;;NÃO;;;;;COE
INDICES INTERNACIONAIS;BNPIICFT;REUTERS;BNPIICFT Fechamento;;;-;;EURO/COM.EUROPEIA;;SIM;;;;;COE
INDICES INTERNACIONAIS;BNPIMAC4;BLOOMBERG;BNPIMAC4;;;-;;DOLAR DOS EUA;;NÃO;;;;;COE
INDICES INTERNACIONAIS;BNPIMAD5;BLOOMBERG;BNPIMAD5;;;-;;DOLAR DOS EUA;;SIM;;;;;COE
INDICES INTERNACIONAIS;BNPIMAU5;REUTERS;BNPIMAU5;;;-;;DOLAR DOS EUA;;SIM;;;;;COE
INDICES INTERNACIONAIS;BNPIMIFB;BLOOMBERG;BNPIMIFB;;;-;;EURO/COM.EUROPEIA;;SIM;;;;;COE
INDICES INTERNACIONAIS;BNPIMOMA;BLOOMBERG;BNPIMOMA;;;-;;DOLAR DOS EUA;;SIM;;;;;COE
INDICES INTERNACIONAIS;BNPISFIN;BLOOMBERG;BNPISFIN;;;-;;EURO/COM.EUROPEIA;;NÃO;;;;;COE
INDICES INTERNACIONAIS;BNPITEC5;BLOOMBERG;BNPITEC5;;;-;;DOLAR DOS EUA;;NÃO;;;;;COE
INDICES INTERNACIONAIS;BNPIUIL5;REUTERS;BNPIUIL5;;;-;;DOLAR DOS EUA;;SIM;;;;;COE
INDICES INTERNACIONAIS;BNPIWA8U;REUTERS;BNPIWA8U;;;-;;DOLAR DOS EUA;;SIM;;;;;COE
INDICES INTERNACIONAIS;BNPXCXRP;BLOOMBERG;BNPXCXRP;;;-;;DOLAR DOS EUA;;NÃO;;;;;COE
INDICES INTERNACIONAIS;BNPXFIB8;BLOOMBERG;BNPXFIB8;;;-;;DOLAR DOS EUA;;NÃO;;;;;COE
INDICES INTERNACIONAIS;BNPXTRAI;BLOOMBERG;BNPXTRAI;;;-;;DOLAR DOS EUA;;NÃO;;;;;COE
INDICES INTERNACIONAIS;BOTZ UQ;REUTERS;BOTZ UQ;;;-;;DOLAR DOS EUA;;SIM;;;;;COE
INDICES INTERNACIONAIS;BOTZ UQ;REUTERS;BOTZ UQ Mínimo;;;-;;DOLAR DOS EUA;;SIM;;;;;COE
INDICES INTERNACIONAIS;BOTZ UQ;REUTERS;BOTZ UQ Máximo;;;-;;DOLAR DOS EUA;;SIM;;;;;COE
INDICES INTERNACIONAIS;BOTZ US;REUTERS;BOTZ US;;;-;;DOLAR DOS EUA;;SIM;;;;;COE
INDICES INTERNACIONAIS;BOTZ US;REUTERS;BOTZ US Máximo;;;-;;DOLAR DOS EUA;;SIM;;;;;COE
INDICES INTERNACIONAIS;BOTZ US;REUTERS;BOTZ US Mínimo;;;-;;DOLAR DOS EUA;;SIM;;;;;COE
INDICES INTERNACIONAIS;BOTZ_UP;REUTERS;BOTZ UP;;;-;;DOLAR DOS EUA;;SIM;;;;;COE
INDICES INTERNACIONAIS;BOTZ_UP;REUTERS;BOTZ UP Mínimo;;;-;;DOLAR DOS EUA;;SIM;;;;;COE
INDICES INTERNACIONAIS;BOTZ_UP;REUTERS;BOTZ UP Máximo;;;-;;DOLAR DOS EUA;;SIM;;;;;COE
INDICES INTERNACIONAIS;BRNT LN;BLOOMBERG;BRNT LN Máximo;;;-;;DOLAR DOS EUA;;SIM;;;;;COE
INDICES INTERNACIONAIS;BRNT LN;BLOOMBERG;BRNT LN Mínimo;;;-;;DOLAR DOS EUA;;SIM;;;;;COE
INDICES INTERNACIONAIS;BRNT LN;BLOOMBERG;BRNT LN;;;-;;DOLAR DOS EUA;;SIM;;;;;COE
INDICES INTERNACIONAIS;BRR;BLOOMBERG;BRR Mínimo;;;-;;DOLAR DOS EUA;;SIM;;;;;COE
INDICES INTERNACIONAIS;BRR;BLOOMBERG;BRR;;;-;;DOLAR DOS EUA;;SIM;;;;;COE
INDICES INTERNACIONAIS;BRR;BLOOMBERG;BRR Máximo;;;-;;DOLAR DOS EUA;;SIM;;;;;COE
INDICES INTERNACIONAIS;BRRAP;REUTERS;BRRAP;;;-;;DOLAR DOS EUA;;SIM;;;;;OPC
INDICES INTERNACIONAIS;BTC;REUTERS;BTC Mínimo;;;-;;DOLAR DOS EUA;;SIM;;;;;OPC
INDICES INTERNACIONAIS;BTC;REUTERS;BTC;;;-;;DOLAR DOS EUA;;SIM;;;;;COE
INDICES INTERNACIONAIS;BTC;REUTERS;BTC;;;-;;DOLAR DOS EUA;;SIM;;;;;OPC
INDICES INTERNACIONAIS;BTC;REUTERS;BTC Máximo;;;-;;DOLAR DOS EUA;;SIM;;;;;COE
INDICES INTERNACIONAIS;BTC;REUTERS;BTC Máximo;;;-;;DOLAR DOS EUA;;SIM;;;;;OPC
INDICES INTERNACIONAIS;BTC;REUTERS;BTC Mínimo;;;-;;DOLAR DOS EUA;;SIM;;;;;COE
INDICES INTERNACIONAIS;BTGVT11E;REUTERS;BTGVT11E;;;-;;DOLAR DOS EUA;;NÃO;;;;;COE
INDICES INTERNACIONAIS;CAC 40;REUTERS;CAC 40 Mínimo;;;-;;EURO/COM.EUROPEIA;;SIM;;;;;COE
INDICES INTERNACIONAIS;CAC 40;REUTERS;CAC 40 Máximo;;;-;;EURO/COM.EUROPEIA;;SIM;;;;;COE
INDICES INTERNACIONAIS;CAC 40;REUTERS;CAC 40;;;-;;EURO/COM.EUROPEIA;;SIM;;;;;COE
INDICES INTERNACIONAIS;CBRZ1U5;BLOOMBERG;CBRZ1U5 CBIN;;;-;;DOLAR DOS EUA;;SIM;;;;;COE
INDICES INTERNACIONAIS;CESTA 12 U;REUTERS;CESTA 12 U;;;-;;DOLAR DOS EUA;;SIM;;;;;COE
INDICES INTERNACIONAIS;CESTA 22 U;REUTERS;CESTA 22 U;;;-;;DOLAR DOS EUA;;SIM;;;;;COE
INDICES INTERNACIONAIS;CESTA 32 U;REUTERS;CESTA 32 U;;;-;;DOLAR DOS EUA;;SIM;;;;;COE
INDICES INTERNACIONAIS;CESTASDR U;BLOOMBERG;CESTASDR U;;;-;;DOLAR DOS EUA;;SIM;;;;;OPC
INDICES INTERNACIONAIS;CESTA11 U;BLOOMBERG;CESTA11 U;;;-;;DOLAR DOS EUA;;SIM;;;;;COE
INDICES INTERNACIONAIS;CESTA21 U;BLOOMBERG;CESTA21 U;;;-;;DOLAR DOS EUA;;SIM;;;;;COE
INDICES INTERNACIONAIS;CESTA31 U;BLOOMBERG;CESTA31 U;;;-;;DOLAR DOS EUA;;SIM;;;;;COE
INDICES INTERNACIONAIS;CIBR US;NASDAQ GM;CIBR US Mínimo;;;-;;DOLAR DOS EUA;;SIM;;;;;COE
INDICES INTERNACIONAIS;CIBR US;NASDAQ GM;CIBR US;;;-;;DOLAR DOS EUA;;SIM;;;;;COE
INDICES INTERNACIONAIS;CIBR US;NASDAQ GM;CIBR US Máximo;;;-;;DOLAR DOS EUA;;SIM;;;;;COE
INDICES INTERNACIONAIS;CIEQDUV1;REUTERS;CIEQDUV1;;;-;;DOLAR DOS EUA;;NÃO;;;;;COE
INDICES INTERNACIONAIS;CIEQDV12;BLOOMBERG;CIEQDV12;;;-;;DOLAR DOS EUA;;SIM;;;;;COE
INDICES INTERNACIONAIS;CIEQDV16;BLOOMBERG;CIEQDV16;;;-;;DOLAR DOS EUA;;SIM;;;;;COE
INDICES INTERNACIONAIS;CIEQESUS;BLOOMBERG;CIEQESUS;;;-;;DOLAR DOS EUA;;SIM;;;;;COE
INDICES INTERNACIONAIS;CIFXEUR1;BLOOMBERG;CIFXEUR1;;;-;;DOLAR DOS EUA;;SIM;;;;;COE
INDICES INTERNACIONAIS;CIIRBFUU;BLOOMBERG;CIIRBFUU;;;-;;DOLAR DOS EUA;;NÃO;;;;;COE
INDICES INTERNACIONAIS;CIIRBF2U;BLOOMBERG;CIIRBF2U;;;-;;DOLAR DOS EUA;;NÃO;;;;;COE
INDICES INTERNACIONAIS;CIIRBT1U;BLOOMBERG;CIIRBT1U;;;-;;DOLAR DOS EUA;;SIM;;;;;COE
INDICES INTERNACIONAIS;CIIRBT5U;BLOOMBERG;CIIRBT5U;;;-;;DOLAR DOS EUA;;SIM;;;;;COE
INDICES INTERNACIONAIS;CIIRSAF1;REUTERS;CIIRSAF1;;;-;;DOLAR DOS EUA;;NÃO;;;;;COE
INDICES INTERNACIONAIS;CIIRSUT3;BLOOMBERG;CIIRSUT3;;;-;;DOLAR DOS EUA;;NÃO;;;;;COE
INDICES INTERNACIONAIS;CIMAAGD5;BLOOMBERG;CIMAAGD5;;;-;;DOLAR DOS EUA;;SIM;;;;;COE
INDICES INTERNACIONAIS;CIMAAIAI;BLOOMBERG;CIMAAIAI;;;-;;DOLAR DOS EUA;;SIM;;;;;COE
INDICES INTERNACIONAIS;CIMABSA1;REUTERS;CIMABSA1 FECHAMENTO;;;-;;DOLAR DOS EUA;;SIM;;;;;COE
INDICES INTERNACIONAIS;CIMAITPS;BLOOMBERG;CIMAITPS;;;-;;DOLAR DOS EUA;;NÃO;;;;;COE
INDICES INTERNACIONAIS;CIMAJUB1;BLOOMBERG;CIMAJUB1;;;-;;DOLAR DOS EUA;;SIM;;;;;COE
INDICES INTERNACIONAIS;CIMARPI2;BLOOMBERG;CIMARPI2;;;-;;DOLAR DOS EUA;;NÃO;;;;;COE
INDICES INTERNACIONAIS;CIMATH01;REUTERS;CIMATH01;;;-;;DOLAR DOS EUA;;NÃO;;;;;COE
INDICES INTERNACIONAIS;CITIGRND;BLOOMBERG;CITIGRND;;;-;;DOLAR DOS EUA;;SIM;;;;;COE
INDICES INTERNACIONAIS;CIXBPFB5;BLOOMBERG;CB CIXBPFB5;;;-;;DOLAR DOS EUA;;SIM;;;;;COE
INDICES INTERNACIONAIS;CMTUSD10;REUTERS;CMTUSD10;;;-;;DOLAR DOS EUA;;SIM;;;;;COE
INDICES INTERNACIONAIS;COPX UP;REUTERS;COPX UP;;;-;;DOLAR DOS EUA;;SIM;;;;;COE
INDICES INTERNACIONAIS;COPX UP;REUTERS;COPX UP Máximo;;;-;;DOLAR DOS EUA;;SIM;;;;;COE
INDICES INTERNACIONAIS;COPX UP;REUTERS;COPX UP Mínimo;;;-;;DOLAR DOS EUA;;SIM;;;;;COE
INDICES INTERNACIONAIS;CORN US;REPLICA;CORN US Mínimo;;;-;;DOLAR DOS EUA;;SIM;;;;;OPC
INDICES INTERNACIONAIS;CORN US;REPLICA;CORN US Mínimo;;;-;;DOLAR DOS EUA;;SIM;;;;;COE
INDICES INTERNACIONAIS;CORN US;REPLICA;CORN US;;;-;;DOLAR DOS EUA;;SIM;;;;;COE
INDICES INTERNACIONAIS;CORN US;REPLICA;CORN US Máximo;;;-;;DOLAR DOS EUA;;SIM;;;;;COE
INDICES INTERNACIONAIS;CORN US;REPLICA;CORN US;;;-;;DOLAR DOS EUA;;SIM;;;;;OPC
INDICES INTERNACIONAIS;CORN US;REPLICA;CORN US Máximo;;;-;;DOLAR DOS EUA;;SIM;;;;;OPC
INDICES INTERNACIONAIS;CPURNSA;REUTERS;CPURNSA;;;-;;DOLAR DOS EUA;;NÃO;;;;;COE
INDICES INTERNACIONAIS;CSEADAI1;BLOOMBERG;CSEADAI1;;;-;;EURO/COM.EUROPEIA;;SIM;;;;;COE
INDICES INTERNACIONAIS;CSEADHEE;BLOOMBERG;CSEADHEE;;;-;;EURO/COM.EUROPEIA;;SIM;;;;;OPC
INDICES INTERNACIONAIS;CSEADHEE;BLOOMBERG;CSEADHEE;;;-;;EURO/COM.EUROPEIA;;SIM;;;;;COE
INDICES INTERNACIONAIS;CSEAGETR;BLOOMBERG;CSEAGETR;;;-;;EURO/COM.EUROPEIA;;NÃO;;;;;COE
INDICES INTERNACIONAIS;CSEAGG20;REUTERS;CSEAGG20;;;-;;DOLAR DOS EUA;;NÃO;;;;;COE
INDICES INTERNACIONAIS;CSEAGG20;REUTERS;CSEAGG20;;;-;;DOLAR DOS EUA;;NÃO;;;;;OPC
INDICES INTERNACIONAIS;CSEAMAMA;REUTERS;CSEAMAMA;;;-;;EURO/COM.EUROPEIA;;SIM;;;;;COE
INDICES INTERNACIONAIS;CSEAMA14;REUTERS;CSEAMA14;;;-;;DOLAR DOS EUA;;NÃO;;;;;COE
INDICES INTERNACIONAIS;CSEAMFBA;BLOOMBERG;CSEAMFBA;;;-;;EURO/COM.EUROPEIA;;SIM;;;;;COE
INDICES INTERNACIONAIS;CSEAROBO;REUTERS;CSEAROBO;;;-;;EURO/COM.EUROPEIA;;SIM;;;;;COE
INDICES INTERNACIONAIS;CSEAROBS;BLOOMBERG;CSEAROBS;;;-;;DOLAR DOS EUA;;SIM;;;;;COE
INDICES INTERNACIONAIS;CSEASGCE;BLOOMBERG;CSEASGCE;;;-;;EURO/COM.EUROPEIA;;SIM;;;;;COE
INDICES INTERNACIONAIS;CSEASSAE;BLOOMBERG;CSEASSAE;;;-;;EURO/COM.EUROPEIA;;SIM;;;;;COE
INDICES INTERNACIONAIS;CSTREND5;BLOOMBERG;CSTREND5;;;-;;DOLAR DOS EUA;;SIM;;;;;COE
INDICES INTERNACIONAIS;CVICA0GC;BLOOMBERG;CVICA0GC;;;-;;DOLAR DOS EUA;;SIM;;;;;COE
INDICES INTERNACIONAIS;CX353210;BLOOMBERG;CX353210 CBIN;;;-;;DOLAR DOS EUA;;NÃO;;;;;COE
INDICES INTERNACIONAIS;CX353306;BLOOMBERG;CX353306 CBIN;;;-;;DOLAR DOS EUA;;NÃO;;;;;COE
INDICES INTERNACIONAIS;CX760539 C;BLOOMBERG;CX760539 CBIN;;;-;;DOLAR DOS EUA;;SIM;;;;;COE
INDICES INTERNACIONAIS;CY444762;BLOOMBERG;CY444762;;;-;;EURO/COM.EUROPEIA;;NÃO;;;;;COE
INDICES INTERNACIONAIS;DAX;REUTERS;DAX;;;-;;EURO/COM.EUROPEIA;;SIM;;;;;COE
INDICES INTERNACIONAIS;DAX;REUTERS;DAX MAXIMO;;;-;;EURO/COM.EUROPEIA;;SIM;;;;;COE
INDICES INTERNACIONAIS;DAX;REUTERS;DAX MINIMO;;;-;;EURO/COM.EUROPEIA;;SIM;;;;;COE
INDICES INTERNACIONAIS;DAXK;REUTERS;DAXK Mínimo;;;-;;EURO/COM.EUROPEIA;;SIM;;;;;COE
INDICES INTERNACIONAIS;DAXK;REUTERS;DAXK;;;-;;EURO/COM.EUROPEIA;;SIM;;;;;COE
INDICES INTERNACIONAIS;DAXK;REUTERS;DAXK Máximo;;;-;;EURO/COM.EUROPEIA;;SIM;;;;;COE
INDICES INTERNACIONAIS;DBA UP;REUTERS;DBA UP;;;-;;DOLAR DOS EUA;;SIM;;;;;COE
INDICES INTERNACIONAIS;DBA UP;REUTERS;DBA UP Mínimo;;;-;;DOLAR DOS EUA;;SIM;;;;;COE
INDICES INTERNACIONAIS;DBA UP;REUTERS;DBA UP Máximo;;;ALUMINA FOB AUSTRALIA;;DOLAR DOS EUA;;SIM;;;;;COE
INDICES INTERNACIONAIS;DBA US;BLOOMBERG;DBA US Mínimo;;;-;;DOLAR DOS EUA;;SIM;;;;;COE
INDICES INTERNACIONAIS;DBA US;BLOOMBERG;DBA US Máximo;;;-;;DOLAR DOS EUA;;SIM;;;;;COE
INDICES INTERNACIONAIS;DBA US;BLOOMBERG;DBA US;;;-;;DOLAR DOS EUA;;SIM;;;;;COE
INDICES INTERNACIONAIS;DBB_US;REUTERS;DBB US;;;-;;DOLAR DOS EUA;;SIM;;;;;OPC
INDICES INTERNACIONAIS;DBB_US;REUTERS;DBB US;;;-;;DOLAR DOS EUA;;SIM;;;;;COE
INDICES INTERNACIONAIS;DBB_US;REUTERS;DBB US Máximo;;;-;;DOLAR DOS EUA;;SIM;;;;;OPC
INDICES INTERNACIONAIS;DBB_US;REUTERS;DBB US Máximo;;;-;;DOLAR DOS EUA;;SIM;;;;;COE
INDICES INTERNACIONAIS;DBB_US;REUTERS;DBB US Mínimo;;;-;;DOLAR DOS EUA;;SIM;;;;;COE
INDICES INTERNACIONAIS;DBB_US;REUTERS;DBB US Mínimo;;;-;;DOLAR DOS EUA;;SIM;;;;;OPC
INDICES INTERNACIONAIS;DBC UP;REUTERS;DBC UP Máximo;;;-;;DOLAR DOS EUA;;SIM;;;;;COE
INDICES INTERNACIONAIS;DBC UP;REUTERS;DBC UP Mínimo;;;-;;DOLAR DOS EUA;;SIM;;;;;COE
INDICES INTERNACIONAIS;DBC UP;REUTERS;DBC UP;;;-;;DOLAR DOS EUA;;SIM;;;;;COE
INDICES INTERNACIONAIS;DBC US;REUTERS;DBC US Mínimo;;;-;;DOLAR DOS EUA;;SIM;;;;;OPC
INDICES INTERNACIONAIS;DBC US;REUTERS;DBC US Máximo;;;-;;DOLAR DOS EUA;;SIM;;;;;OPC
INDICES INTERNACIONAIS;DBC US;REUTERS;DBC US;;;-;;DOLAR DOS EUA;;SIM;;;;;OPC
INDICES INTERNACIONAIS;DBC US;REUTERS;DBC US;;;-;;DOLAR DOS EUA;;SIM;;;;;COE
INDICES INTERNACIONAIS;DBC US;REUTERS;DBC US Mínimo;;;-;;DOLAR DOS EUA;;SIM;;;;;COE
INDICES INTERNACIONAIS;DBC US;REUTERS;DBC US Máximo;;;-;;DOLAR DOS EUA;;SIM;;;;;COE
INDICES INTERNACIONAIS;DEDZ0;BLOOMBERG;DEDZ0;;;-;;EURO/COM.EUROPEIA;;SIM;;;;;COE
INDICES INTERNACIONAIS;DEDZ3;BLOOMBERG;DEDZ3;;;-;;EURO/COM.EUROPEIA;;SIM;;;;;COE
INDICES INTERNACIONAIS;DEDZ9;BLOOMBERG;DEDZ9;;;-;;EURO/COM.EUROPEIA;;SIM;;;;;COE
INDICES INTERNACIONAIS;DIA US;REUTERS;DIA US Máximo;;;-;;DOLAR DOS EUA;;SIM;;;;;COE
INDICES INTERNACIONAIS;DIA US;REUTERS;DIA US Mínimo;;;-;;DOLAR DOS EUA;;SIM;;;;;COE
INDICES INTERNACIONAIS;DIA US;REUTERS;DIA US;;;-;;DOLAR DOS EUA;;SIM;;;;;COE
INDICES INTERNACIONAIS;DJI;REUTERS;DJI Máximo;;;-;;DOLAR DOS EUA;;SIM;;;;;COE
INDICES INTERNACIONAIS;DJI;REUTERS;DJI Mínimo;;;-;;DOLAR DOS EUA;;SIM;;;;;COE
INDICES INTERNACIONAIS;DJI;REUTERS;DJI;;;-;;DOLAR DOS EUA;;SIM;;;;;COE
INDICES INTERNACIONAIS;DRIV UQ;REUTERS;DRIV UQ;;;-;;DOLAR DOS EUA;;SIM;;;;;COE
INDICES INTERNACIONAIS;DRIV UQ;REUTERS;DRIV UQ Máximo;;;-;;DOLAR DOS EUA;;SIM;;;;;COE
INDICES INTERNACIONAIS;DRIV UQ;REUTERS;DRIV UQ Mínimo;;;-;;DOLAR DOS EUA;;SIM;;;;;COE
INDICES INTERNACIONAIS;DSI UP;BLOOMBERG;DSI UP;;;-;;DOLAR DOS EUA;;SIM;;;;;COE
INDICES INTERNACIONAIS;DSI UP;BLOOMBERG;DSI UP Máximo;;;-;;DOLAR DOS EUA;;SIM;;;;;COE
INDICES INTERNACIONAIS;DSI UP;BLOOMBERG;DSI UP Mínimo;;;-;;DOLAR DOS EUA;;SIM;;;;;COE
INDICES INTERNACIONAIS;DXJ UP;REUTERS;DXJ UP Mínimo;;;-;;DOLAR DOS EUA;;SIM;;;;;COE
INDICES INTERNACIONAIS;DXJ UP;REUTERS;DXJ UP Máximo;;;-;;DOLAR DOS EUA;;SIM;;;;;COE
INDICES INTERNACIONAIS;DXJ UP;REUTERS;DXJ UP;;;-;;DOLAR DOS EUA;;SIM;;;;;COE
INDICES INTERNACIONAIS;DXJ US;REUTERS;DXJ US Minimo;;;-;;DOLAR DOS EUA;;SIM;;;;;COE
INDICES INTERNACIONAIS;DXJ US;REUTERS;DXJ US Maximo;;;-;;DOLAR DOS EUA;;SIM;;;;;COE
INDICES INTERNACIONAIS;DXJ US;REUTERS;DXJ US;;;-;;DOLAR DOS EUA;;SIM;;;;;COE
INDICES INTERNACIONAIS;DXY;BLOOMBERG;DXY;;;-;;DOLAR DOS EUA;;SIM;;;;;COE
INDICES INTERNACIONAIS;DXY;BLOOMBERG;DXY;;;-;;DOLAR DOS EUA;;SIM;;;;;OPC
INDICES INTERNACIONAIS;EEM UP;REUTERS;EEM UP;;;-;;DOLAR DOS EUA;;SIM;;;;;COE
INDICES INTERNACIONAIS;EEM UP;REUTERS;EEM UP MÍNIMO;;;-;;DOLAR DOS EUA;;SIM;;;;;COE
INDICES INTERNACIONAIS;EEM UP;REUTERS;EEM UP MÁXIMO;;;-;;DOLAR DOS EUA;;SIM;;;;;COE
INDICES INTERNACIONAIS;EEM US;REUTERS;EEM US;;;-;;DOLAR DOS EUA;;SIM;;;;;COE
INDICES INTERNACIONAIS;EEM US;REUTERS;EEM US Máximo;;;-;;DOLAR DOS EUA;;SIM;;;;;COE
INDICES INTERNACIONAIS;EEM US;REUTERS;EEM US Mínimo;;;-;;DOLAR DOS EUA;;SIM;;;;;COE
INDICES INTERNACIONAIS;EFA US;BLOOMBERG;EFA US;;;-;;DOLAR DOS EUA;;SIM;;;;;COE
INDICES INTERNACIONAIS;EFIV UP;REUTERS;EFIV UP Mínimo;;;-;;DOLAR DOS EUA;;SIM;;;;;COE
INDICES INTERNACIONAIS;EFIV UP;REUTERS;EFIV UP;;;-;;DOLAR DOS EUA;;SIM;;;;;COE
INDICES INTERNACIONAIS;EFIV UP;REUTERS;EFIV UP Máximo;;;-;;DOLAR DOS EUA;;SIM;;;;;COE
INDICES INTERNACIONAIS;EFJPFE5N;REUTERS;EFJPFE5N;;;-;;EURO/COM.EUROPEIA;;SIM;;;;;COE
INDICES INTERNACIONAIS;EFJPFU5E;REUTERS;EFJPFU5E;;;-;;EURO/COM.EUROPEIA;;SIM;;;;;COE
INDICES INTERNACIONAIS;EMB UP;REUTERS;EMB UP Máximo;;;-;;DOLAR DOS EUA;;SIM;;;;;COE
INDICES INTERNACIONAIS;EMB UP;REUTERS;EMB UP Mínimo;;;-;;DOLAR DOS EUA;;SIM;;;;;COE
INDICES INTERNACIONAIS;EMB UP;REUTERS;EMB UP Fechamento;;;-;;DOLAR DOS EUA;;SIM;;;;;COE
INDICES INTERNACIONAIS;EMB US;REUTERS;EMB US Mínimo;;;-;;DOLAR DOS EUA;;SIM;;;;;COE
INDICES INTERNACIONAIS;EMB US;REUTERS;EMB US;;;-;;DOLAR DOS EUA;;SIM;;;;;COE
INDICES INTERNACIONAIS;EMB US;REUTERS;EMB US Máximo;;;-;;DOLAR DOS EUA;;SIM;;;;;COE
INDICES INTERNACIONAIS;EMDOZHE LX;BLOOMBERG;EMDOZHE LX;;;-;;EURO/COM.EUROPEIA;;SIM;;;;;COE
INDICES INTERNACIONAIS;EMLC UP;REUTERS;EMLC UP Mínimo;;;-;;DOLAR DOS EUA;;SIM;;;;;COE
INDICES INTERNACIONAIS;EMLC UP;REUTERS;EMLC UP;;;-;;DOLAR DOS EUA;;SIM;;;;;COE
INDICES INTERNACIONAIS;EMLC UP;REUTERS;EMLC UP Máximo;;;-;;DOLAR DOS EUA;;SIM;;;;;COE
INDICES INTERNACIONAIS;EMXC UQ;BLOOMBERG;EMXC UQ;;;-;;DOLAR DOS EUA;;SIM;;;;;COE
INDICES INTERNACIONAIS;EMXC UQ;BLOOMBERG;EMXC UQ Mínimo;;;-;;DOLAR DOS EUA;;SIM;;;;;COE
INDICES INTERNACIONAIS;EMXC UQ;BLOOMBERG;EMXC UQ Máximo;;;-;;DOLAR DOS EUA;;SIM;;;;;COE
INDICES INTERNACIONAIS;ENHABDAP;REUTERS;ENHABDAP;;;-;;EURO/COM.EUROPEIA;;SIM;;;;;COE
INDICES INTERNACIONAIS;ENHAEMD5;REUTERS;ENHAEMD5;;;-;;EURO/COM.EUROPEIA;;SIM;;;;;COE
INDICES INTERNACIONAIS;ENHAEMOKWP;BLOOMBERG;ENHAEMOK_WP;;;-;;EURO/COM.EUROPEIA;;NÃO;;;;;COE
INDICES INTERNACIONAIS;ESGU UQ;BLOOMBERG;ESGU UQ;;;-;;DOLAR DOS EUA;;SIM;;;;;COE
INDICES INTERNACIONAIS;ESPO US;REUTERS;ESPO US Mínimo;;;-;;DOLAR DOS EUA;;SIM;;;;;COE
INDICES INTERNACIONAIS;ESPO US;REUTERS;ESPO US Máximo;;;-;;DOLAR DOS EUA;;SIM;;;;;COE
INDICES INTERNACIONAIS;ESPO US;REUTERS;ESPO US;;;-;;DOLAR DOS EUA;;SIM;;;;;COE
INDICES INTERNACIONAIS;ETHUSDAP;REUTERS;ETHUSDAP;;;-;;DOLAR DOS EUA;;SIM;;;;;COE
INDICES INTERNACIONAIS;ETHUSDAP;REUTERS;ETHUSDAP;;;-;;DOLAR DOS EUA;;SIM;;;;;OPC
INDICES INTERNACIONAIS;EUO US;REUTERS;EUO US Mínimo;;;-;;DOLAR DOS EUA;;SIM;;;;;COE
INDICES INTERNACIONAIS;EUO US;REUTERS;EUO US Mínimo;;;-;;DOLAR DOS EUA;;SIM;;;;;OPC
INDICES INTERNACIONAIS;EUO US;REUTERS;EUO US;;;-;;DOLAR DOS EUA;;SIM;;;;;OPC
INDICES INTERNACIONAIS;EUO US;REUTERS;EUO US Máximo;;;-;;DOLAR DOS EUA;;SIM;;;;;OPC
INDICES INTERNACIONAIS;EUO US;REUTERS;EUO US Máximo;;;-;;DOLAR DOS EUA;;SIM;;;;;COE
INDICES INTERNACIONAIS;EUO US;REUTERS;EUO US;;;-;;DOLAR DOS EUA;;SIM;;;;;COE
INDICES INTERNACIONAIS;EURO STOXX;REUTERS;EURO STOXX Mínimo;;;OUTROS;;EURO/COM.EUROPEIA;;SIM;;;;;OPC
INDICES INTERNACIONAIS;EURO STOXX;REUTERS;EURO STOXX Máximo;;;OUTROS;;EURO/COM.EUROPEIA;;SIM;;;;;OPC
INDICES INTERNACIONAIS;EURO STOXX;REUTERS;EURO STOXX;;;OUTROS;;EURO/COM.EUROPEIA;;SIM;;;;;COE
INDICES INTERNACIONAIS;EURO STOXX;REUTERS;EURO STOXX;;;OUTROS;;EURO/COM.EUROPEIA;;SIM;;;;;OPC
INDICES INTERNACIONAIS;EURO STOXX;REUTERS;EURO STOXX Máximo;;;OUTROS;;EURO/COM.EUROPEIA;;SIM;;;;;COE
INDICES INTERNACIONAIS;EURO STOXX;REUTERS;EURO STOXX Mínimo;;;OUTROS;;EURO/COM.EUROPEIA;;SIM;;;;;COE
INDICES INTERNACIONAIS;EWG US;REUTERS;EWG US Mínimo;;;-;;DOLAR DOS EUA;;SIM;;;;;COE
INDICES INTERNACIONAIS;EWG US;REUTERS;EWG US;;;-;;DOLAR DOS EUA;;SIM;;;;;COE
INDICES INTERNACIONAIS;EWG US;REUTERS;EWG US Máximo;;;-;;DOLAR DOS EUA;;SIM;;;;;COE
INDICES INTERNACIONAIS;EWH UP;REUTERS;EWH UP Mínimo;;;-;;DOLAR DOS EUA;;SIM;;;;;COE
INDICES INTERNACIONAIS;EWH UP;REUTERS;EWH UP;;;-;;DOLAR DOS EUA;;SIM;;;;;COE
INDICES INTERNACIONAIS;EWH UP;REUTERS;EWH UP Máximo;;;-;;DOLAR DOS EUA;;SIM;;;;;COE
INDICES INTERNACIONAIS;EWH US;REUTERS;EWH US Máximo;;;-;;DOLAR DOS EUA;;SIM;;;;;COE
INDICES INTERNACIONAIS;EWH US;REUTERS;EWH US;;;-;;DOLAR DOS EUA;;SIM;;;;;COE
INDICES INTERNACIONAIS;EWH US;REUTERS;EWH US Mínimo;;;-;;DOLAR DOS EUA;;SIM;;;;;COE
INDICES INTERNACIONAIS;EWJ UP;REUTERS;EWJ UP Máximo;;;OUTROS;;DOLAR DOS EUA;;SIM;;;;;COE
INDICES INTERNACIONAIS;EWJ UP;REUTERS;EWJ UP;;;OUTROS;;DOLAR DOS EUA;;SIM;;;;;COE
INDICES INTERNACIONAIS;EWJ UP;REUTERS;EWJ UP Mínimo;;;OUTROS;;DOLAR DOS EUA;;SIM;;;;;COE
INDICES INTERNACIONAIS;EWT UP;REUTERS;EWT UP;;;-;;DOLAR DOS EUA;;SIM;;;;;COE
INDICES INTERNACIONAIS;EWT UP;REUTERS;EWT UP Máximo;;;-;;DOLAR DOS EUA;;SIM;;;;;COE
INDICES INTERNACIONAIS;EWT UP;REUTERS;EWT UP Mínimo;;;-;;DOLAR DOS EUA;;SIM;;;;;COE
INDICES INTERNACIONAIS;EWT US;REUTERS;EWT US Mínimo;;;-;;DOLAR DOS EUA;;SIM;;;;;COE
INDICES INTERNACIONAIS;EWT US;REUTERS;EWT US Máximo;;;-;;DOLAR DOS EUA;;SIM;;;;;COE
INDICES INTERNACIONAIS;EWT US;REUTERS;EWT US;;;-;;DOLAR DOS EUA;;SIM;;;;;COE
INDICES INTERNACIONAIS;EWU US;REUTERS;EWU US Mínimo;;;-;;DOLAR DOS EUA;;SIM;;;;;COE
INDICES INTERNACIONAIS;EWU US;REUTERS;EWU US Máximo;;;-;;DOLAR DOS EUA;;SIM;;;;;COE
INDICES INTERNACIONAIS;EWU US;REUTERS;EWU US;;;-;;DOLAR DOS EUA;;SIM;;;;;COE
INDICES INTERNACIONAIS;EWW UP;REUTERS;EWW UP Máximo;;;-;;DOLAR DOS EUA;;SIM;;;;;COE
INDICES INTERNACIONAIS;EWW UP;REUTERS;EWW UP Mínimo;;;-;;DOLAR DOS EUA;;SIM;;;;;COE
INDICES INTERNACIONAIS;EWW UP;REUTERS;EWW UP;;;-;;DOLAR DOS EUA;;SIM;;;;;COE
INDICES INTERNACIONAIS;EWY UP;REUTERS;EWY UP Mínimo;;;-;;DOLAR DOS EUA;;SIM;;;;;COE
INDICES INTERNACIONAIS;EWY UP;REUTERS;EWY UP Máximo;;;-;;DOLAR DOS EUA;;SIM;;;;;COE
INDICES INTERNACIONAIS;EWY UP;REUTERS;EWY UP;;;-;;DOLAR DOS EUA;;SIM;;;;;COE
INDICES INTERNACIONAIS;EWY US;REUTERS;EWY US;;;-;;DOLAR DOS EUA;;SIM;;;;;COE
INDICES INTERNACIONAIS;EWY US;REUTERS;EWY US Máximo;;;-;;DOLAR DOS EUA;;SIM;;;;;COE
INDICES INTERNACIONAIS;EWY US;REUTERS;EWY US Mínimo;;;-;;DOLAR DOS EUA;;SIM;;;;;COE
INDICES INTERNACIONAIS;EWZ UN;BLOOMBERG;EWZ UN Máximo;;;-;;DOLAR DOS EUA;;SIM;;;;;COE
INDICES INTERNACIONAIS;EWZ UN;BLOOMBERG;EWZ UN;;;-;;DOLAR DOS EUA;;SIM;;;;;COE
INDICES INTERNACIONAIS;EWZ UN;BLOOMBERG;EWZ UN Mínimo;;;-;;DOLAR DOS EUA;;SIM;;;;;COE
INDICES INTERNACIONAIS;EWZ UP;REUTERS;EWZ UP;;;-;;DOLAR DOS EUA;;SIM;;;;;COE
INDICES INTERNACIONAIS;EWZ UP;REUTERS;EWZ UP Máximo;;;-;;DOLAR DOS EUA;;SIM;;;;;COE
INDICES INTERNACIONAIS;EWZ UP;REUTERS;EWZ UP Mínimo;;;-;;DOLAR DOS EUA;;SIM;;;;;COE
INDICES INTERNACIONAIS;EWZ US;REUTERS;EWZ US;;;-;;DOLAR DOS EUA;;SIM;;;;;COE
INDICES INTERNACIONAIS;EWZ US;REUTERS;EWZ US Mínimo;;;-;;DOLAR DOS EUA;;SIM;;;;;OPC
INDICES INTERNACIONAIS;EWZ US;REUTERS;EWZ US Mínimo;;;-;;DOLAR DOS EUA;;SIM;;;;;COE
INDICES INTERNACIONAIS;EWZ US;REUTERS;EWZ US Máximo;;;-;;DOLAR DOS EUA;;SIM;;;;;OPC
INDICES INTERNACIONAIS;EWZ US;REUTERS;EWZ US Máximo;;;-;;DOLAR DOS EUA;;SIM;;;;;COE
INDICES INTERNACIONAIS;EWZ US;REUTERS;EWZ US;;;-;;DOLAR DOS EUA;;SIM;;;;;OPC
INDICES INTERNACIONAIS;EWZ_EWW;BLOOMBERG;EWZ_EWW;;;-;;DOLAR DOS EUA;;SIM;;;;;COE
INDICES INTERNACIONAIS;EWZS UQ;BLOOMBERG;EWZS UQ Mínimo;;;-;;DOLAR DOS EUA;;SIM;;;;;OPC
INDICES INTERNACIONAIS;EWZS UQ;BLOOMBERG;EWZS UQ Mínimo;;;-;;DOLAR DOS EUA;;SIM;;;;;TER
INDICES INTERNACIONAIS;EWZS UQ;BLOOMBERG;EWZS UQ Mínimo;;;-;;DOLAR DOS EUA;;SIM;;;;;COE
INDICES INTERNACIONAIS;EWZS UQ;BLOOMBERG;EWZS UQ Máximo;;;-;;DOLAR DOS EUA;;SIM;;;;;OPC
INDICES INTERNACIONAIS;EWZS UQ;BLOOMBERG;EWZS UQ Máximo;;;-;;DOLAR DOS EUA;;SIM;;;;;TER
INDICES INTERNACIONAIS;EWZS UQ;BLOOMBERG;EWZS UQ;;;-;;DOLAR DOS EUA;;SIM;;;;;OPC
INDICES INTERNACIONAIS;EWZS UQ;BLOOMBERG;EWZS UQ Máximo;;;-;;DOLAR DOS EUA;;SIM;;;;;COE
INDICES INTERNACIONAIS;EWZS UQ;BLOOMBERG;EWZS UQ;;;-;;DOLAR DOS EUA;;SIM;;;;;COE
INDICES INTERNACIONAIS;EWZS UQ;BLOOMBERG;EWZS UQ;;;-;;DOLAR DOS EUA;;SIM;;;;;TER
INDICES INTERNACIONAIS;EZU US;REUTERS;EZU US;;;-;;DOLAR DOS EUA;;SIM;;;;;COE
INDICES INTERNACIONAIS;EZU US;REUTERS;EZU US Máximo;;;-;;DOLAR DOS EUA;;SIM;;;;;COE
INDICES INTERNACIONAIS;EZU US;REUTERS;EZU US Mínimo;;;-;;DOLAR DOS EUA;;SIM;;;;;COE
INDICES INTERNACIONAIS;FEZ UP;REUTERS;FEZ UP Mínimo;;;-;;DOLAR DOS EUA;;SIM;;;;;COE
INDICES INTERNACIONAIS;FEZ UP;REUTERS;FEZ UP Máximo;;;-;;DOLAR DOS EUA;;SIM;;;;;COE
INDICES INTERNACIONAIS;FEZ UP;REUTERS;FEZ UP;;;-;;DOLAR DOS EUA;;SIM;;;;;COE
INDICES INTERNACIONAIS;FEZ US;REUTERS;FEZ US Máximo;;;-;;DOLAR DOS EUA;;SIM;;;;;OPC
INDICES INTERNACIONAIS;FEZ US;REUTERS;FEZ US Mínimo;;;-;;DOLAR DOS EUA;;SIM;;;;;COE
INDICES INTERNACIONAIS;FEZ US;REUTERS;FEZ US Máximo;;;-;;DOLAR DOS EUA;;SIM;;;;;COE
INDICES INTERNACIONAIS;FEZ US;REUTERS;FEZ US;;;-;;DOLAR DOS EUA;;SIM;;;;;OPC
INDICES INTERNACIONAIS;FEZ US;REUTERS;FEZ US;;;-;;DOLAR DOS EUA;;SIM;;;;;COE
INDICES INTERNACIONAIS;FEZ US;REUTERS;FEZ US Mínimo;;;-;;DOLAR DOS EUA;;SIM;;;;;OPC
INDICES INTERNACIONAIS;FGIND;REUTERS;FGIND Máximo;;;-;;EURO/COM.EUROPEIA;;SIM;;;;;COE
INDICES INTERNACIONAIS;FGIND;REUTERS;FGIND Mínimo;;;-;;EURO/COM.EUROPEIA;;SIM;;;;;COE
INDICES INTERNACIONAIS;FGIND;REUTERS;FGIND;;;-;;EURO/COM.EUROPEIA;;SIM;;;;;COE
INDICES INTERNACIONAIS;FTSE 100;DOW JONES/UBS;FTSE 100 MINIMO;;;OUTROS;;LIBRA ESTERLINA;;SIM;;;;;COE
INDICES INTERNACIONAIS;FTSE 100;DOW JONES/UBS;FTSE 100 MAXIMO;;;OUTROS;;LIBRA ESTERLINA;;SIM;;;;;COE
INDICES INTERNACIONAIS;FTSE 100;DOW JONES/UBS;FTSE 100;;;OUTROS;;LIBRA ESTERLINA;;SIM;;;;;COE
INDICES INTERNACIONAIS;FXE US;REUTERS;FXE US;;;-;;DOLAR DOS EUA;;SIM;;;;;OPC
INDICES INTERNACIONAIS;FXE US;REUTERS;FXE US Máximo;;;-;;DOLAR DOS EUA;;SIM;;;;;OPC
INDICES INTERNACIONAIS;FXE US;REUTERS;FXE US Mínimo;;;-;;DOLAR DOS EUA;;SIM;;;;;COE
INDICES INTERNACIONAIS;FXE US;REUTERS;FXE US Mínimo;;;-;;DOLAR DOS EUA;;SIM;;;;;OPC
INDICES INTERNACIONAIS;FXE US;REUTERS;FXE US;;;-;;DOLAR DOS EUA;;SIM;;;;;COE
INDICES INTERNACIONAIS;FXE US;REUTERS;FXE US Máximo;;;-;;DOLAR DOS EUA;;SIM;;;;;COE
INDICES INTERNACIONAIS;FXI UP;REUTERS;FXI UP Minimo;;;-;;DOLAR DOS EUA;;SIM;;;;;COE
INDICES INTERNACIONAIS;FXI UP;REUTERS;FXI UP;;;-;;DOLAR DOS EUA;;SIM;;;;;COE
INDICES INTERNACIONAIS;FXI UP;REUTERS;FXI UP Maximo;;;-;;DOLAR DOS EUA;;SIM;;;;;COE
INDICES INTERNACIONAIS;FXI US;REUTERS;FXI US;;;-;;DOLAR DOS EUA;;SIM;;;;;COE
INDICES INTERNACIONAIS;FXY US;REUTERS;FXY US;;;-;;DOLAR DOS EUA;;SIM;;;;;OPC
INDICES INTERNACIONAIS;FXY US;REUTERS;FXY US Máximo;;;-;;DOLAR DOS EUA;;SIM;;;;;COE
INDICES INTERNACIONAIS;FXY US;REUTERS;FXY US Mínimo;;;-;;DOLAR DOS EUA;;SIM;;;;;OPC
INDICES INTERNACIONAIS;FXY US;REUTERS;FXY US;;;-;;DOLAR DOS EUA;;SIM;;;;;COE
INDICES INTERNACIONAIS;FXY US;REUTERS;FXY US Máximo;;;-;;DOLAR DOS EUA;;SIM;;;;;OPC
INDICES INTERNACIONAIS;FXY US;REUTERS;FXY US Mínimo;;;-;;DOLAR DOS EUA;;SIM;;;;;COE
INDICES INTERNACIONAIS;GDX UP;REUTERS;GDX UP Mínimo;;;-;;DOLAR DOS EUA;;SIM;;;;;COE
INDICES INTERNACIONAIS;GDX UP;REUTERS;GDX UP;;;-;;DOLAR DOS EUA;;SIM;;;;;COE
INDICES INTERNACIONAIS;GDX UP;REUTERS;GDX UP Máximo;;;-;;DOLAR DOS EUA;;SIM;;;;;COE
INDICES INTERNACIONAIS;GDX US EQ;REUTERS;GDX US Máximo;;;-;;DOLAR DOS EUA;;SIM;;;;;COE
INDICES INTERNACIONAIS;GDX US EQ;REUTERS;GDX US;;;-;;DOLAR DOS EUA;;SIM;;;;;COE
INDICES INTERNACIONAIS;GDX US EQ;REUTERS;GDX US Mínimo;;;-;;DOLAR DOS EUA;;SIM;;;;;COE
INDICES INTERNACIONAIS;GLD UP;REUTERS;GLD UP Mínimo;;;OUTROS;;DOLAR DOS EUA;;SIM;;;;;OPC
INDICES INTERNACIONAIS;GLD UP;REUTERS;GLD UP Máximo;;;OUTROS;;DOLAR DOS EUA;;SIM;;;;;COE
INDICES INTERNACIONAIS;GLD UP;REUTERS;GLD UP Máximo;;;OUTROS;;DOLAR DOS EUA;;SIM;;;;;OPC
INDICES INTERNACIONAIS;GLD UP;REUTERS;GLD UP;;;OUTROS;;DOLAR DOS EUA;;SIM;;;;;COE
INDICES INTERNACIONAIS;GLD UP;REUTERS;GLD UP;;;OUTROS;;DOLAR DOS EUA;;SIM;;;;;OPC
INDICES INTERNACIONAIS;GLD UP;REUTERS;GLD UP Mínimo;;;OUTROS;;DOLAR DOS EUA;;SIM;;;;;COE
INDICES INTERNACIONAIS;GLD US;REUTERS;GLD US Maximo;;;-;;DOLAR DOS EUA;;SIM;;;;;COE
INDICES INTERNACIONAIS;GLD US;REUTERS;GLD US Maximo;;;-;;DOLAR DOS EUA;;SIM;;;;;OPC
INDICES INTERNACIONAIS;GLD US;REUTERS;GLD US Minimo;;;-;;DOLAR DOS EUA;;SIM;;;;;COE
INDICES INTERNACIONAIS;GLD US;REUTERS;GLD US Minimo;;;-;;DOLAR DOS EUA;;SIM;;;;;OPC
INDICES INTERNACIONAIS;GLD US;REUTERS;GLD US;;;-;;DOLAR DOS EUA;;SIM;;;;;COE
INDICES INTERNACIONAIS;GLD US;REUTERS;GLD US;;;-;;DOLAR DOS EUA;;SIM;;;;;OPC
INDICES INTERNACIONAIS;GLTR US;REUTERS;GLTR US Máximo;;;-;;DOLAR DOS EUA;;SIM;;;;;OPC
INDICES INTERNACIONAIS;GLTR US;REUTERS;GLTR US Mínimo;;;-;;DOLAR DOS EUA;;SIM;;;;;COE
INDICES INTERNACIONAIS;GLTR US;REUTERS;GLTR US Mínimo;;;-;;DOLAR DOS EUA;;SIM;;;;;OPC
INDICES INTERNACIONAIS;GLTR US;REUTERS;GLTR US Máximo;;;-;;DOLAR DOS EUA;;SIM;;;;;COE
INDICES INTERNACIONAIS;GLTR US;REUTERS;GLTR US;;;-;;DOLAR DOS EUA;;SIM;;;;;OPC
INDICES INTERNACIONAIS;GLTR US;REUTERS;GLTR US;;;-;;DOLAR DOS EUA;;SIM;;;;;COE
INDICES INTERNACIONAIS;GOVT UF;BLOOMBERG;GOVT UF;;;-;;DOLAR DOS EUA;;SIM;;;;;COE
INDICES INTERNACIONAIS;GSFXCA02;REUTERS;GSFXCA02;;;-;;DOLAR DOS EUA;;NÃO;;;;;COE
INDICES INTERNACIONAIS;GSFXTIC1;BLOOMBERG;GSFXTIC1;;;-;;DOLAR DOS EUA;;NÃO;;;;;COE
INDICES INTERNACIONAIS;GSIIGFSC;BLOOMBERG;GSIIGFSC;;;-;;EURO/COM.EUROPEIA;;SIM;;;;;COE
INDICES INTERNACIONAIS;GSIRTR01;BLOOMBERG;GSIRTR01;;;-;;DOLAR DOS EUA;;NÃO;;;;;COE
INDICES INTERNACIONAIS;GSIRTR02;BLOOMBERG;GSIRTR02;;;-;;DOLAR DOS EUA;;NÃO;;;;;COE
INDICES INTERNACIONAIS;GSISDRV1;REUTERS;GSISDRV1;;;-;;DOLAR DOS EUA;;SIM;;;;;COE
INDICES INTERNACIONAIS;GSISDRV2;BLOOMBERG;GSISDRV2;;;-;;DOLAR DOS EUA;;NÃO;;;;;COE
INDICES INTERNACIONAIS;GSISDRV4;REUTERS;GSISDRV4;;;-;;DOLAR DOS EUA;;SIM;;;;;COE
INDICES INTERNACIONAIS;GSISI306;BLOOMBERG;GSISI306;;;-;;DOLAR DOS EUA;;NÃO;;;;;COE
INDICES INTERNACIONAIS;GSISMAC1;BLOOMBERG;GSISMAC1;;;-;;DOLAR DOS EUA;;NÃO;;;;;OPC
INDICES INTERNACIONAIS;GSISMAC1;BLOOMBERG;GSISMAC1;;;-;;DOLAR DOS EUA;;NÃO;;;;;COE
INDICES INTERNACIONAIS;GSISMAC5;REUTERS;GSISMAC5;;;-;;DOLAR DOS EUA;;NÃO;;;;;COE
INDICES INTERNACIONAIS;GSISM37E;BLOOMBERG;GSISM37E;;;-;;DOLAR DOS EUA;;NÃO;;;;;COE
INDICES INTERNACIONAIS;GSISSK1D;BLOOMBERG;GSISSK1D;;;-;;DOLAR DOS EUA;;NÃO;;;;;COE
INDICES INTERNACIONAIS;GSISXC04;BLOOMBERG;GSISXC04;;;-;;DOLAR DOS EUA;;NÃO;;;;;COE
INDICES INTERNACIONAIS;GSIS216W;REUTERS;GSIS216W;;;-;;DOLAR DOS EUA;;NÃO;;;;;COE
INDICES INTERNACIONAIS;GSIS239E;REUTERS;GSIS239E;;;-;;DOLAR DOS EUA;;SIM;;;;;COE
INDICES INTERNACIONAIS;GSMACVBR;BLOOMBERG;GSMACVBR;;;-;;DOLAR DOS EUA;;NÃO;;;;;COE
INDICES INTERNACIONAIS;GSMAC5BR;BLOOMBERG;GSMAC5BR;;;-;;DOLAR DOS EUA;;NÃO;;;;;COE
INDICES INTERNACIONAIS;GSMBMA5S;REUTERS;GSMBMA5S Maximo;;;-;;DOLAR DOS EUA;;SIM;;;;;COE
INDICES INTERNACIONAIS;GSMBMA5S;REUTERS;GSMBMA5S Minimo;;;-;;DOLAR DOS EUA;;SIM;;;;;COE
INDICES INTERNACIONAIS;GSMBMA5S;REUTERS;GSMBMA5S;;;-;;DOLAR DOS EUA;;SIM;;;;;COE
INDICES INTERNACIONAIS;GSVIBRC1;REUTERS;GSVIBRC1;;;-;;DOLAR DOS EUA;;SIM;;;;;COE
INDICES INTERNACIONAIS;GSVIBRC2;REUTERS;GSVIBRC2;;;-;;DOLAR DOS EUA;;SIM;;;;;COE
INDICES INTERNACIONAIS;GSVICQ1E;BLOOMBERG;GSVICQ1E;;;-;;DOLAR DOS EUA;;NÃO;;;;;COE
INDICES INTERNACIONAIS;GSVICQ2E;BLOOMBERG;GSVICQ2E;;;-;;DOLAR DOS EUA;;NÃO;;;;;COE
INDICES INTERNACIONAIS;GSVICVC2;BLOOMBERG;GSVICVC2;;;-;;DOLAR DOS EUA;;NÃO;;;;;COE
INDICES INTERNACIONAIS;GSVIDO01;BLOOMBERG;GSVIDO01;;;-;;DOLAR DOS EUA;;NÃO;;;;;COE
INDICES INTERNACIONAIS;GSVIKY5E;REUTERS;GSVIKY5E;;;-;;DOLAR DOS EUA;;NÃO;;;;;COE
INDICES INTERNACIONAIS;GSVISK1D;BLOOMBERG;GSVISK1D;;;-;;DOLAR DOS EUA;;NÃO;;;;;COE
INDICES INTERNACIONAIS;GSVISK2D;BLOOMBERG;GSVISK2D;;;-;;DOLAR DOS EUA;;NÃO;;;;;COE
INDICES INTERNACIONAIS;GSVIU107;BLOOMBERG;GSVIU107;;;-;;DOLAR DOS EUA;;NÃO;;;;;COE
INDICES INTERNACIONAIS;GSVIVV11;BLOOMBERG;GSVIVV11;;;-;;DOLAR DOS EUA;;NÃO;;;;;COE
INDICES INTERNACIONAIS;GSVIVV12;BLOOMBERG;GSVIVV12;;;-;;DOLAR DOS EUA;;NÃO;;;;;COE
INDICES INTERNACIONAIS;GSVI15UE;BLOOMBERG;GSVI15UE;;;-;;DOLAR DOS EUA;;NÃO;;;;;COE
INDICES INTERNACIONAIS;GSVLIB24;REUTERS;GSVLIB24;;;-;;DOLAR DOS EUA;;NÃO;;;;;COE
INDICES INTERNACIONAIS;GSVLSUB1;REUTERS;GSVLSUB1;;;-;;DOLAR DOS EUA;;NÃO;;;;;COE
INDICES INTERNACIONAIS;HACK UP;REUTERS;HACK UP Mínimo;;;-;;DOLAR DOS EUA;;SIM;;;;;COE
INDICES INTERNACIONAIS;HACK UP;REUTERS;HACK UP Máximo;;;-;;DOLAR DOS EUA;;SIM;;;;;COE
INDICES INTERNACIONAIS;HACK UP;REUTERS;HACK UP;;;-;;DOLAR DOS EUA;;SIM;;;;;COE
INDICES INTERNACIONAIS;HEDJ UP;REUTERS;HEDJ UP MÍNIMO;;;-;;DOLAR DOS EUA;;SIM;;;;;COE
INDICES INTERNACIONAIS;HEDJ UP;REUTERS;HEDJ UP MÁXIMO;;;-;;DOLAR DOS EUA;;SIM;;;;;COE
INDICES INTERNACIONAIS;HEDJ UP;REUTERS;HEDJ UP;;;-;;DOLAR DOS EUA;;SIM;;;;;COE
INDICES INTERNACIONAIS;HEDJ US;REUTERS;HEDJ US Mínimo;;;-;;DOLAR DOS EUA;;SIM;;;;;COE
INDICES INTERNACIONAIS;HEDJ US;REUTERS;HEDJ US;;;-;;DOLAR DOS EUA;;SIM;;;;;COE
INDICES INTERNACIONAIS;HEDJ US;REUTERS;HEDJ US Máximo;;;-;;DOLAR DOS EUA;;SIM;;;;;COE
INDICES INTERNACIONAIS;HEWJ US;REUTERS;HEWJ US;;;-;;DOLAR DOS EUA;;SIM;;;;;COE
INDICES INTERNACIONAIS;HEWJ US;REUTERS;HEWJ US Mínimo;;;-;;DOLAR DOS EUA;;SIM;;;;;COE
INDICES INTERNACIONAIS;HEWJ US;REUTERS;HEWJ US Máximo;;;-;;DOLAR DOS EUA;;SIM;;;;;COE
INDICES INTERNACIONAIS;HSTECH;BLOOMBERG;HSTECH Mínimo;;;-;;DOLAR/HONG-KONG;;SIM;;;;;COE
INDICES INTERNACIONAIS;HSTECH;BLOOMBERG;HSTECH Máximo;;;-;;DOLAR/HONG-KONG;;SIM;;;;;COE
INDICES INTERNACIONAIS;HSTECH;BLOOMBERG;HSTECH;;;-;;DOLAR/HONG-KONG;;SIM;;;;;COE
INDICES INTERNACIONAIS;HYG UP;REUTERS;HYG UP Máximo;;;-;;DOLAR DOS EUA;;SIM;;;;;COE
INDICES INTERNACIONAIS;HYG UP;REUTERS;HYG UP;;;-;;DOLAR DOS EUA;;SIM;;;;;COE
INDICES INTERNACIONAIS;HYG UP;REUTERS;HYG UP Mínimo;;;-;;DOLAR DOS EUA;;SIM;;;;;COE
INDICES INTERNACIONAIS;HYG US;REUTERS;HYG US Máximo;;;-;;DOLAR DOS EUA;;SIM;;;;;COE
INDICES INTERNACIONAIS;HYG US;REUTERS;HYG US;;;-;;DOLAR DOS EUA;;SIM;;;;;COE
INDICES INTERNACIONAIS;HYG US;REUTERS;HYG US Mínimo;;;-;;DOLAR DOS EUA;;SIM;;;;;COE
INDICES INTERNACIONAIS;H15T10Y;REUTERS;H15T10Y;;;-;;DOLAR DOS EUA;;SIM;;;;;COE
INDICES INTERNACIONAIS;IBB_UP;REUTERS;IBB_UP;;;-;;DOLAR DOS EUA;;SIM;;;;;COE
INDICES INTERNACIONAIS;IBB_UP;REUTERS;IBB_UP Mínimo;;;-;;DOLAR DOS EUA;;SIM;;;;;COE
INDICES INTERNACIONAIS;IBB_UP;REUTERS;IBB_UP Máximo;;;-;;DOLAR DOS EUA;;SIM;;;;;COE
INDICES INTERNACIONAIS;IBBUQ;REUTERS;IBB UQ Mínimo;;;-;;DOLAR DOS EUA;;SIM;;;;;COE
INDICES INTERNACIONAIS;IBBUQ;REUTERS;IBB UQ Máximo;;;-;;DOLAR DOS EUA;;SIM;;;;;COE
INDICES INTERNACIONAIS;IBBUQ;REUTERS;IBB UQ;;;-;;DOLAR DOS EUA;;SIM;;;;;COE
INDICES INTERNACIONAIS;IBIT UQ;BLOOMBERG;IBIT UQ Máximo;;;-;;DOLAR DOS EUA;;SIM;;;;;COE
INDICES INTERNACIONAIS;IBIT UQ;BLOOMBERG;IBIT UQ Mínimo;;;-;;DOLAR DOS EUA;;SIM;;;;;COE
INDICES INTERNACIONAIS;IBIT UQ;BLOOMBERG;IBIT UQ;;;-;;DOLAR DOS EUA;;SIM;;;;;COE
INDICES INTERNACIONAIS;IBIT US;REUTERS;IBIT US Mínimo;;;-;;DOLAR DOS EUA;;SIM;;;;;COE
INDICES INTERNACIONAIS;IBIT US;REUTERS;IBIT US;;;-;;DOLAR DOS EUA;;SIM;;;;;COE
INDICES INTERNACIONAIS;IBIT US;REUTERS;IBIT US Máximo;;;-;;DOLAR DOS EUA;;SIM;;;;;COE
INDICES INTERNACIONAIS;IBOXHY;REUTERS;IBOXHY Fechamento;;;-;;DOLAR DOS EUA;;SIM;;;;;COE
INDICES INTERNACIONAIS;IBOXIG;REUTERS;IBOXIG Fechamento;;;-;;DOLAR DOS EUA;;SIM;;;;;COE
INDICES INTERNACIONAIS;IBXXLLTR;REUTERS;IBXXLLTR Fechamento;;;-;;DOLAR DOS EUA;;SIM;;;;;COE
INDICES INTERNACIONAIS;ICLN UP;REUTERS;ICLN UP;;;-;;DOLAR DOS EUA;;SIM;;;;;COE
INDICES INTERNACIONAIS;ICLN UP;REUTERS;ICLN UP Mínimo;;;-;;DOLAR DOS EUA;;SIM;;;;;COE
INDICES INTERNACIONAIS;ICLN UP;REUTERS;ICLN UP Máximo;;;-;;DOLAR DOS EUA;;SIM;;;;;COE
INDICES INTERNACIONAIS;ICLN UQ;REUTERS;ICLN UQ;;;-;;DOLAR DOS EUA;;SIM;;;;;COE
INDICES INTERNACIONAIS;ICLN UQ;REUTERS;ICLN UQ Mínimo;;;-;;DOLAR DOS EUA;;SIM;;;;;COE
INDICES INTERNACIONAIS;ICLN UQ;REUTERS;ICLN UQ Máximo;;;-;;DOLAR DOS EUA;;SIM;;;;;COE
INDICES INTERNACIONAIS;ICLN US;REUTERS;ICLN US Mínimo;;;-;;DOLAR DOS EUA;;SIM;;;;;COE
INDICES INTERNACIONAIS;ICLN US;REUTERS;ICLN US;;;-;;DOLAR DOS EUA;;SIM;;;;;COE
INDICES INTERNACIONAIS;ICLN US;REUTERS;ICLN US Máximo;;;-;;DOLAR DOS EUA;;SIM;;;;;COE
INDICES INTERNACIONAIS;IEF UP;REUTERS;IEF UP;;;-;;DOLAR DOS EUA;;SIM;;;;;COE
INDICES INTERNACIONAIS;IEF UP;REUTERS;IEF UP Mínimo;;;-;;DOLAR DOS EUA;;SIM;;;;;COE
INDICES INTERNACIONAIS;IEF UP;REUTERS;IEF UP Máximo;;;-;;DOLAR DOS EUA;;SIM;;;;;COE
INDICES INTERNACIONAIS;IEF UQ;REUTERS;IEF UQ;;;-;;DOLAR DOS EUA;;SIM;;;;;COE
INDICES INTERNACIONAIS;IEF UQ;REUTERS;IEF UQ Mínimo;;;-;;DOLAR DOS EUA;;SIM;;;;;COE
INDICES INTERNACIONAIS;IEF UQ;REUTERS;IEF UQ Máximo;;;-;;DOLAR DOS EUA;;SIM;;;;;COE
INDICES INTERNACIONAIS;IEI US;BLOOMBERG;IEI US Máximo;;;-;;DOLAR DOS EUA;;SIM;;;;;COE
INDICES INTERNACIONAIS;IEI US;BLOOMBERG;IEI US;;;-;;DOLAR DOS EUA;;SIM;;;;;COE
INDICES INTERNACIONAIS;IEI US;BLOOMBERG;IEI US Mínimo;;;-;;DOLAR DOS EUA;;SIM;;;;;COE
INDICES INTERNACIONAIS;INDA UP;REUTERS;INDA UP Mínimo;;;OUTROS;;DOLAR DOS EUA;;SIM;;;;;COE
INDICES INTERNACIONAIS;INDA UP;REUTERS;INDA UP;;;OUTROS;;DOLAR DOS EUA;;SIM;;;;;COE
INDICES INTERNACIONAIS;INDA UP;REUTERS;INDA UP Máximo;;;OUTROS;;DOLAR DOS EUA;;SIM;;;;;COE
INDICES INTERNACIONAIS;INDU;REUTERS;INDU Máximo;;;-;;DOLAR DOS EUA;;SIM;;;;;COE
INDICES INTERNACIONAIS;INDU;REUTERS;INDU Mínimo;;;-;;DOLAR DOS EUA;;SIM;;;;;COE
INDICES INTERNACIONAIS;INDU;REUTERS;INDU;;;-;;DOLAR DOS EUA;;SIM;;;;;COE
INDICES INTERNACIONAIS;IPO UP;REUTERS;IPO UP Máximo;;;-;;DOLAR DOS EUA;;SIM;;;;;COE
INDICES INTERNACIONAIS;IPO UP;REUTERS;IPO UP Mínimo;;;-;;DOLAR DOS EUA;;SIM;;;;;COE
INDICES INTERNACIONAIS;IPO UP;REUTERS;IPO UP;;;-;;DOLAR DOS EUA;;SIM;;;;;COE
INDICES INTERNACIONAIS;ISCLESG;BLOOMBERG;ISCLESG Mínimo;;;-;;EURO/COM.EUROPEIA;;SIM;;;;;COE
INDICES INTERNACIONAIS;ISCLESG;BLOOMBERG;ISCLESG Máximo;;;-;;EURO/COM.EUROPEIA;;SIM;;;;;COE
INDICES INTERNACIONAIS;ISCLESG;BLOOMBERG;ISCLESG;;;-;;EURO/COM.EUROPEIA;;SIM;;;;;COE
INDICES INTERNACIONAIS;ISXE50D;BLOOMBERG;ISXE50D Mínimo;;;-;;EURO/COM.EUROPEIA;;SIM;;;;;COE
INDICES INTERNACIONAIS;ISXE50D;BLOOMBERG;ISXE50D Máximo;;;-;;EURO/COM.EUROPEIA;;SIM;;;;;COE
INDICES INTERNACIONAIS;ISXE50D;BLOOMBERG;ISXE50D;;;-;;EURO/COM.EUROPEIA;;SIM;;;;;COE
INDICES INTERNACIONAIS;ISXE50E4;REUTERS;ISXE50E4 Mínimo;;;-;;EURO/COM.EUROPEIA;;SIM;;;;;COE
INDICES INTERNACIONAIS;ISXE50E4;REUTERS;ISXE50E4;;;-;;EURO/COM.EUROPEIA;;SIM;;;;;COE
INDICES INTERNACIONAIS;ISXE50E4;REUTERS;ISXE50E4 Máximo;;;-;;EURO/COM.EUROPEIA;;SIM;;;;;COE
INDICES INTERNACIONAIS;ITA US;REUTERS;ITA US;;;-;;DOLAR DOS EUA;;SIM;;;;;OPC
INDICES INTERNACIONAIS;ITA US;REUTERS;ITA US Máximo;;;-;;DOLAR DOS EUA;;SIM;;;;;COE
INDICES INTERNACIONAIS;ITA US;REUTERS;ITA US;;;-;;DOLAR DOS EUA;;SIM;;;;;COE
INDICES INTERNACIONAIS;ITA US;REUTERS;ITA US Mínimo;;;-;;DOLAR DOS EUA;;SIM;;;;;OPC
INDICES INTERNACIONAIS;ITA US;REUTERS;ITA US Mínimo;;;-;;DOLAR DOS EUA;;SIM;;;;;COE
INDICES INTERNACIONAIS;ITA US;REUTERS;ITA US Máximo;;;-;;DOLAR DOS EUA;;SIM;;;;;OPC
INDICES INTERNACIONAIS;ITB UF;REUTERS;ITB UF Mínimo;;;-;;DOLAR DOS EUA;;SIM;;;;;COE
INDICES INTERNACIONAIS;ITB UF;REUTERS;ITB UF Máximo;;;-;;DOLAR DOS EUA;;SIM;;;;;COE
INDICES INTERNACIONAIS;ITB UF;REUTERS;ITB UF;;;-;;DOLAR DOS EUA;;SIM;;;;;COE
INDICES INTERNACIONAIS;IVE US;REUTERS;IVE US Máximo;;;-;;DOLAR DOS EUA;;SIM;;;;;COE
INDICES INTERNACIONAIS;IVE US;REUTERS;IVE US Mínimo;;;-;;DOLAR DOS EUA;;SIM;;;;;COE
INDICES INTERNACIONAIS;IVE US;REUTERS;IVE US;;;-;;DOLAR DOS EUA;;SIM;;;;;COE
INDICES INTERNACIONAIS;IVV US;REUTERS;IVV US Mínimo;;;-;;DOLAR DOS EUA;;SIM;;;;;COE
INDICES INTERNACIONAIS;IVV US;REUTERS;IVV US Máximo;;;-;;DOLAR DOS EUA;;SIM;;;;;COE
INDICES INTERNACIONAIS;IVV US;REUTERS;IVV US Fechamento;;;-;;DOLAR DOS EUA;;SIM;;;;;COE
INDICES INTERNACIONAIS;IWD US;REUTERS;IWD US;;;-;;DOLAR DOS EUA;;SIM;;;;;COE
INDICES INTERNACIONAIS;IWD US;REUTERS;IWD US Mínimo;;;-;;DOLAR DOS EUA;;SIM;;;;;COE
INDICES INTERNACIONAIS;IWD US;REUTERS;IWD US Máximo;;;-;;DOLAR DOS EUA;;SIM;;;;;COE
INDICES INTERNACIONAIS;IWF UP;REUTERS;IWF UP;;;-;;DOLAR DOS EUA;;SIM;;;;;COE
INDICES INTERNACIONAIS;IWF UP;REUTERS;IWF UP Mínimo;;;-;;DOLAR DOS EUA;;SIM;;;;;COE
INDICES INTERNACIONAIS;IWF UP;REUTERS;IWF UP Máximo;;;-;;DOLAR DOS EUA;;SIM;;;;;COE
INDICES INTERNACIONAIS;IWO UP;REUTERS;IWO UP Mínimo;;;-;;DOLAR DOS EUA;;SIM;;;;;COE
INDICES INTERNACIONAIS;IWO UP;REUTERS;IWO UP Máximo;;;-;;DOLAR DOS EUA;;SIM;;;;;COE
INDICES INTERNACIONAIS;IWO UP;REUTERS;IWO UP;;;-;;DOLAR DOS EUA;;SIM;;;;;COE
INDICES INTERNACIONAIS;IXN UP;REUTERS;IXN UP Mínimo;;;-;;DOLAR DOS EUA;;SIM;;;;;COE
INDICES INTERNACIONAIS;IXN UP;REUTERS;IXN UP;;;-;;DOLAR DOS EUA;;SIM;;;;;COE
INDICES INTERNACIONAIS;IXN UP;REUTERS;IXN UP Máximo;;;-;;DOLAR DOS EUA;;SIM;;;;;COE
INDICES INTERNACIONAIS;IYE UP;BLOOMBERG;IYE UP;;;-;;DOLAR DOS EUA;;SIM;;;;;COE
INDICES INTERNACIONAIS;IYE UP;BLOOMBERG;IYE UP Máximo;;;-;;DOLAR DOS EUA;;SIM;;;;;COE
INDICES INTERNACIONAIS;IYE UP;BLOOMBERG;IYE UP Mínimo;;;-;;DOLAR DOS EUA;;SIM;;;;;COE
INDICES INTERNACIONAIS;IYR UP;REUTERS;IYR UP Máximo;;;-;;DOLAR DOS EUA;;SIM;;;;;COE
INDICES INTERNACIONAIS;IYR UP;REUTERS;IYR UP;;;-;;DOLAR DOS EUA;;SIM;;;;;COE
INDICES INTERNACIONAIS;IYR UP;REUTERS;IYR UP Mínimo;;;-;;DOLAR DOS EUA;;SIM;;;;;COE
INDICES INTERNACIONAIS;IYR US;REUTERS;IYR US Mínimo;;;-;;DOLAR DOS EUA;;SIM;;;;;COE
INDICES INTERNACIONAIS;IYR US;REUTERS;IYR US;;;-;;DOLAR DOS EUA;;SIM;;;;;COE
INDICES INTERNACIONAIS;IYR US;REUTERS;IYR US Máximo;;;-;;DOLAR DOS EUA;;SIM;;;;;COE
INDICES INTERNACIONAIS;IYT US;REUTERS;IYT US;;;-;;DOLAR DOS EUA;;SIM;;;;;COE
INDICES INTERNACIONAIS;IYT US;REUTERS;IYT US Mínimo;;;-;;DOLAR DOS EUA;;SIM;;;;;COE
INDICES INTERNACIONAIS;IYT US;REUTERS;IYT US Máximo;;;-;;DOLAR DOS EUA;;SIM;;;;;COE
INDICES INTERNACIONAIS;IYW UP;REUTERS;IYW UP Máximo;;;-;;DOLAR DOS EUA;;SIM;;;;;COE
INDICES INTERNACIONAIS;IYW UP;REUTERS;IYW UP;;;-;;DOLAR DOS EUA;;SIM;;;;;COE
INDICES INTERNACIONAIS;IYW UP;REUTERS;IYW UP Mínimo;;;-;;DOLAR DOS EUA;;SIM;;;;;COE
INDICES INTERNACIONAIS;JPMRFTED;BLOOMBERG;JPMRFTED;;;-;;DOLAR DOS EUA;;SIM;;;;;COE
INDICES INTERNACIONAIS;JPUSFTRC;REUTERS;JPUSFTRC;;;-;;EURO/COM.EUROPEIA;;SIM;;;;;COE
INDICES INTERNACIONAIS;KORU_US;REUTERS;KORU US Máximo;;;-;;DOLAR DOS EUA;;SIM;;;;;COE
INDICES INTERNACIONAIS;KORU_US;REUTERS;KORU US;;;-;;DOLAR DOS EUA;;SIM;;;;;OPC
INDICES INTERNACIONAIS;KORU_US;REUTERS;KORU US Máximo;;;-;;DOLAR DOS EUA;;SIM;;;;;TER
INDICES INTERNACIONAIS;KORU_US;REUTERS;KORU US Máximo;;;-;;DOLAR DOS EUA;;SIM;;;;;OPC
INDICES INTERNACIONAIS;KORU_US;REUTERS;KORU US;;;-;;DOLAR DOS EUA;;SIM;;;;;TER
INDICES INTERNACIONAIS;KORU_US;REUTERS;KORU US Mínimo;;;-;;DOLAR DOS EUA;;SIM;;;;;TER
INDICES INTERNACIONAIS;KORU_US;REUTERS;KORU US Mínimo;;;-;;DOLAR DOS EUA;;SIM;;;;;OPC
INDICES INTERNACIONAIS;KORU_US;REUTERS;KORU US;;;-;;DOLAR DOS EUA;;SIM;;;;;COE
INDICES INTERNACIONAIS;KORU_US;REUTERS;KORU US Mínimo;;;-;;DOLAR DOS EUA;;SIM;;;;;COE
INDICES INTERNACIONAIS;KOSPI2;BLOOMBERG;KOSPI2 Mínimo;;;-;;WON/COREIA SUL;;SIM;;;;;COE
INDICES INTERNACIONAIS;KOSPI2;BLOOMBERG;KOSPI2;;;-;;WON/COREIA SUL;;SIM;;;;;COE
INDICES INTERNACIONAIS;KOSPI2;BLOOMBERG;KOSPI2 Máximo;;;-;;WON/COREIA SUL;;SIM;;;;;COE
INDICES INTERNACIONAIS;KRBN UP;REUTERS;KRBN UP;;;-;;DOLAR DOS EUA;;SIM;;;;;COE
INDICES INTERNACIONAIS;KRBN UP;REUTERS;KRBN UP Mínimo;;;-;;DOLAR DOS EUA;;SIM;;;;;COE
INDICES INTERNACIONAIS;KRBN UP;REUTERS;KRBN UP Máximo;;;-;;DOLAR DOS EUA;;SIM;;;;;COE
INDICES INTERNACIONAIS;KRBN US;REUTERS;KRBN US Mínimo;;;-;;DOLAR DOS EUA;;SIM;;;;;COE
INDICES INTERNACIONAIS;KRBN US;REUTERS;KRBN US Máximo;;;-;;DOLAR DOS EUA;;SIM;;;;;COE
INDICES INTERNACIONAIS;KRBN US;REUTERS;KRBN US;;;-;;DOLAR DOS EUA;;SIM;;;;;COE
INDICES INTERNACIONAIS;KWEB UP;REUTERS;KWEB UP Mínimo;;;-;;DOLAR DOS EUA;;SIM;;;;;COE
INDICES INTERNACIONAIS;KWEB UP;REUTERS;KWEB UP Máximo;;;-;;DOLAR DOS EUA;;SIM;;;;;COE
INDICES INTERNACIONAIS;KWEB UP;REUTERS;KWEB UP;;;-;;DOLAR DOS EUA;;SIM;;;;;COE
INDICES INTERNACIONAIS;LIT UP;REUTERS;LIT UP Máximo;;;-;;DOLAR DOS EUA;;SIM;;;;;COE
INDICES INTERNACIONAIS;LIT UP;REUTERS;LIT UP Mínimo;;;-;;DOLAR DOS EUA;;SIM;;;;;COE
INDICES INTERNACIONAIS;LIT UP;REUTERS;LIT UP;;;-;;DOLAR DOS EUA;;SIM;;;;;COE
INDICES INTERNACIONAIS;LIT US;REUTERS;LIT US;;;-;;DOLAR DOS EUA;;SIM;;;;;COE
INDICES INTERNACIONAIS;LIT US;REUTERS;LIT US Mínimo;;;-;;DOLAR DOS EUA;;SIM;;;;;COE
INDICES INTERNACIONAIS;LIT US;REUTERS;LIT US Máximo;;;-;;DOLAR DOS EUA;;SIM;;;;;COE
INDICES INTERNACIONAIS;LQD UP;REUTERS;LQD UP;;;-;;DOLAR DOS EUA;;SIM;;;;;COE
INDICES INTERNACIONAIS;LQD UP;REUTERS;LQD UP Mínimo;;;-;;DOLAR DOS EUA;;SIM;;;;;COE
INDICES INTERNACIONAIS;LQD UP;REUTERS;LQD UP Máximo;;;-;;DOLAR DOS EUA;;SIM;;;;;COE
INDICES INTERNACIONAIS;LQD US;REUTERS;LQD US;;;-;;DOLAR DOS EUA;;SIM;;;;;COE
INDICES INTERNACIONAIS;LQD US;REUTERS;LQD US Máximo;;;-;;DOLAR DOS EUA;;SIM;;;;;COE
INDICES INTERNACIONAIS;LQD US;REUTERS;LQD US Mínimo;;;-;;DOLAR DOS EUA;;SIM;;;;;COE
INDICES INTERNACIONAIS;MAGS UF;BLOOMBERG;MAGS UF;;;-;;DOLAR DOS EUA;;SIM;;;;;COE
INDICES INTERNACIONAIS;MAGS UF;BLOOMBERG;MAGS UF;;;-;;DOLAR DOS EUA;;SIM;;;;;OPC
INDICES INTERNACIONAIS;MAGS UF;BLOOMBERG;MAGS UF Mínimo;;;-;;DOLAR DOS EUA;;SIM;;;;;COE
INDICES INTERNACIONAIS;MAGS UF;BLOOMBERG;MAGS UF Mínimo;;;-;;DOLAR DOS EUA;;SIM;;;;;OPC
INDICES INTERNACIONAIS;MAGS UF;BLOOMBERG;MAGS UF Máximo;;;-;;DOLAR DOS EUA;;SIM;;;;;OPC
INDICES INTERNACIONAIS;MAGS UF;BLOOMBERG;MAGS UF Máximo;;;-;;DOLAR DOS EUA;;SIM;;;;;COE
INDICES INTERNACIONAIS;MAHYODE_ID;REUTERS;MAHYODE_ID;;;-;;EURO/COM.EUROPEIA;;SIM;;;;;COE
INDICES INTERNACIONAIS;MCHI UN;REUTERS;MCHI UN Máximo;;;-;;DOLAR DOS EUA;;SIM;;;;;COE
INDICES INTERNACIONAIS;MCHI UN;REUTERS;MCHI UN Mínimo;;;-;;DOLAR DOS EUA;;SIM;;;;;COE
INDICES INTERNACIONAIS;MCHI UN;REUTERS;MCHI UN;;;-;;DOLAR DOS EUA;;SIM;;;;;COE
INDICES INTERNACIONAIS;MCHI UQ;BLOOMBERG;MCHI UQ Máximo;;;-;;DOLAR DOS EUA;;SIM;;;;;COE
INDICES INTERNACIONAIS;MCHI UQ;BLOOMBERG;MCHI UQ;;;-;;DOLAR DOS EUA;;SIM;;;;;COE
INDICES INTERNACIONAIS;MCHI UQ;BLOOMBERG;MCHI UQ Mínimo;;;-;;DOLAR DOS EUA;;SIM;;;;;COE
INDICES INTERNACIONAIS;MCHI US;BLOOMBERG;MCHI US;;;-;;DOLAR DOS EUA;;SIM;;;;;COE
INDICES INTERNACIONAIS;MCHI US;BLOOMBERG;MCHI US Mínimo;;;-;;DOLAR DOS EUA;;SIM;;;;;COE
INDICES INTERNACIONAIS;MCHI US;BLOOMBERG;MCHI US Máximo;;;-;;DOLAR DOS EUA;;SIM;;;;;COE
INDICES INTERNACIONAIS;MDY UP;REUTERS;MDY UP MÁXIMO;;;-;;DOLAR DOS EUA;;SIM;;;;;COE
INDICES INTERNACIONAIS;MDY UP;REUTERS;MDY UP MÍNIMO;;;-;;DOLAR DOS EUA;;SIM;;;;;COE
INDICES INTERNACIONAIS;MDY UP;REUTERS;MDY UP;;;-;;DOLAR DOS EUA;;SIM;;;;;COE
INDICES INTERNACIONAIS;METV UP;REUTERS;METV UP;;;-;;DOLAR DOS EUA;;SIM;;;;;COE
INDICES INTERNACIONAIS;METV UP;REUTERS;METV UP Máximo;;;-;;DOLAR DOS EUA;;SIM;;;;;COE
INDICES INTERNACIONAIS;METV UP;REUTERS;METV UP Mínimo;;;-;;DOLAR DOS EUA;;SIM;;;;;COE
INDICES INTERNACIONAIS;METV US;REUTERS;METV US Máximo;;;-;;DOLAR DOS EUA;;SIM;;;;;COE
INDICES INTERNACIONAIS;METV US;REUTERS;METV US;;;-;;DOLAR DOS EUA;;SIM;;;;;COE
INDICES INTERNACIONAIS;METV US;REUTERS;METV US Mínimo;;;-;;DOLAR DOS EUA;;SIM;;;;;COE
INDICES INTERNACIONAIS;MJ UN;REUTERS;MJ UN Máximo;;;-;;DOLAR DOS EUA;;SIM;;;;;COE
INDICES INTERNACIONAIS;MJ UN;REUTERS;MJ UN Mínimo;;;-;;DOLAR DOS EUA;;SIM;;;;;COE
INDICES INTERNACIONAIS;MJ UN;REUTERS;MJ UN;;;-;;DOLAR DOS EUA;;SIM;;;;;COE
INDICES INTERNACIONAIS;MJ US;REUTERS;MJ US;;;-;;DOLAR DOS EUA;;SIM;;;;;COE
INDICES INTERNACIONAIS;MJ US;REUTERS;MJ US Máximo;;;-;;DOLAR DOS EUA;;SIM;;;;;COE
INDICES INTERNACIONAIS;MJ US;REUTERS;MJ US Mínimo;;;-;;DOLAR DOS EUA;;SIM;;;;;COE
INDICES INTERNACIONAIS;MOO UP;REUTERS;MOO UP Máximo;;;-;;DOLAR DOS EUA;;SIM;;;;;COE
INDICES INTERNACIONAIS;MOO UP;REUTERS;MOO UP;;;-;;DOLAR DOS EUA;;SIM;;;;;COE
INDICES INTERNACIONAIS;MOO UP;REUTERS;MOO UP Mínimo;;;-;;DOLAR DOS EUA;;SIM;;;;;COE
INDICES INTERNACIONAIS;MORGBAH LX;BLOOMBERG;MORGBAH LX;;;-;;EURO/COM.EUROPEIA;;SIM;;;;;COE
INDICES INTERNACIONAIS;MQCP430F;BLOOMBERG;MQCP430F;;;-;;DOLAR DOS EUA;;SIM;;;;;COE
INDICES INTERNACIONAIS;MQMAXP6;REUTERS;MQMAXP6;;;-;;DOLAR DOS EUA;;SIM;;;;;COE
INDICES INTERNACIONAIS;MQMAXP6;REUTERS;MQMAXP6;;;-;;DOLAR DOS EUA;;SIM;;;;;OPC
INDICES INTERNACIONAIS;MQRPHYTU;BLOOMBERG;MQRPHYTU;;;-;;DOLAR DOS EUA;;NÃO;;;;;COE
INDICES INTERNACIONAIS;MSAIOPA LX;BLOOMBERG;MSAIOPA LX;;;-;;DOLAR DOS EUA;;SIM;;;;;COE
INDICES INTERNACIONAIS;MSDIUSP7;REUTERS;MSDIUSP7;;;-;;DOLAR DOS EUA;;SIM;;;;;COE
INDICES INTERNACIONAIS;MSEMLEA LX;BLOOMBERG;MSEMLEA LX;;;-;;DOLAR DOS EUA;;SIM;;;;;COE
INDICES INTERNACIONAIS;MSFDMSV9;BLOOMBERG;MSFDMSV9;;;-;;EURO/COM.EUROPEIA;;SIM;;;;;COE
INDICES INTERNACIONAIS;MSFDMSV9MA;BLOOMBERG;MSFDMSV9MA;;;-;;EURO/COM.EUROPEIA;;NÃO;;;;;COE
INDICES INTERNACIONAIS;MSFDMS11;BLOOMBERG;MSFDMS11;;;-;;EURO/COM.EUROPEIA;;SIM;;;;;COE
INDICES INTERNACIONAIS;MSFDVTAI;REUTERS;MSFDVTAI;;;-;;EURO/COM.EUROPEIA;;SIM;;;;;COE
INDICES INTERNACIONAIS;MSFDVT12;BLOOMBERG;MSFDVT12;;;-;;EURO/COM.EUROPEIA;;SIM;;;;;COE
INDICES INTERNACIONAIS;MSIFGUA LX;BLOOMBERG;MSIFGUA LX;;;-;;DOLAR DOS EUA;;SIM;;;;;COE
INDICES INTERNACIONAIS;MSIGLSA LX;BLOOMBERG;MSIGLSA LX;;;-;;DOLAR DOS EUA;;SIM;;;;;COE
INDICES INTERNACIONAIS;MSTEUCA LX;BLOOMBERG;MSTEUCA LX;;;-;;EURO/COM.EUROPEIA;;SIM;;;;;COE
INDICES INTERNACIONAIS;MSUSBS17;BLOOMBERG;MSUSBS17  Mínimo;;;-;;EURO/COM.EUROPEIA;;SIM;;;;;COE
INDICES INTERNACIONAIS;MSUSBS17;BLOOMBERG;MSUSBS17;;;-;;EURO/COM.EUROPEIA;;SIM;;;;;COE
INDICES INTERNACIONAIS;MSUSBS17;BLOOMBERG;MSUSBS17  Máximo;;;-;;EURO/COM.EUROPEIA;;SIM;;;;;COE
INDICES INTERNACIONAIS;MSUSBZ08;BLOOMBERG;MSUSBZ08;;;-;;REAL;;SIM;;;;;COE
INDICES INTERNACIONAIS;MSUSDSR5;REUTERS;MSUSDSR5;;;-;;DOLAR DOS EUA;;SIM;;;;;COE
INDICES INTERNACIONAIS;MSUSMSGP;BLOOMBERG;MSUSMSGP;;;-;;DOLAR DOS EUA;;NÃO;;;;;COE
INDICES INTERNACIONAIS;MSUSMT6E;BLOOMBERG;MSUSMT6E;;;-;;DOLAR DOS EUA;;SIM;;;;;COE
INDICES INTERNACIONAIS;MXCN;BLOOMBERG;MXCN;;;-;;IUAN RENMIMBI/CHI;;SIM;;;;;COE
INDICES INTERNACIONAIS;MXCNA50C;BLOOMBERG;MXCNA50C;;;-;;IUAN RENMIMBI/CHI;;SIM;;;;;COE
INDICES INTERNACIONAIS;MXWO;BLOOMBERG;MXWO MAXIMO;;;OUTROS;;DOLAR DOS EUA;;SIM;;;;;COE
INDICES INTERNACIONAIS;MXWO;BLOOMBERG;MXWO;;;OUTROS;;DOLAR DOS EUA;;SIM;;;;;COE
INDICES INTERNACIONAIS;MXWO;BLOOMBERG;MXWO MINIMO;;;OUTROS;;DOLAR DOS EUA;;SIM;;;;;COE
INDICES INTERNACIONAIS;MXWOHCPE;BLOOMBERG;MXWOHCPE Mínimo;00000000000012;;-;;EURO/COM.EUROPEIA;;SIM;;;;;COE
INDICES INTERNACIONAIS;MXWOHCPE;BLOOMBERG;MXWOHCPE Máximo;00000000000012;;-;;EURO/COM.EUROPEIA;;SIM;;;;;COE
INDICES INTERNACIONAIS;MXWOHCPE;BLOOMBERG;MXWOHCPE;00000000000012;;-;;EURO/COM.EUROPEIA;;SIM;;;;;COE
INDICES INTERNACIONAIS;MXWOTAPE;REUTERS;MXWOTAPE Máximo;;;-;;EURO/COM.EUROPEIA;;NÃO;;;;;COE
INDICES INTERNACIONAIS;MXWOTAPE;REUTERS;MXWOTAPE;;;-;;EURO/COM.EUROPEIA;;NÃO;;;;;COE
INDICES INTERNACIONAIS;MXWOTAPE;REUTERS;MXWOTAPE Mínimo;;;-;;EURO/COM.EUROPEIA;;NÃO;;;;;COE
INDICES INTERNACIONAIS;M1CXBRV;BLOOMBERG;M1CXBRV;;;-;;DOLAR DOS EUA;;SIM;;;;;COE
INDICES INTERNACIONAIS;NASA US;BLOOMBERG;NASA US Mínimo;;;-;;DOLAR DOS EUA;;SIM;;;;;COE
INDICES INTERNACIONAIS;NASA US;BLOOMBERG;NASA US;;;-;;DOLAR DOS EUA;;SIM;;;;;COE
INDICES INTERNACIONAIS;NASA US;BLOOMBERG;NASA US Máximo;;;-;;DOLAR DOS EUA;;SIM;;;;;COE
INDICES INTERNACIONAIS;NDUEACWF;BLOOMBERG;NDUEACWF;;;-;;DOLAR DOS EUA;;NÃO;;;;;COE
INDICES INTERNACIONAIS;NDUEEGF;BLOOMBERG;NDUEEGF;;;-;;DOLAR DOS EUA;;SIM;;;;;COE
INDICES INTERNACIONAIS;NDX;REUTERS;NDX Máximo;;;-;;DOLAR DOS EUA;;SIM;;;;;COE
INDICES INTERNACIONAIS;NDX;REUTERS;NDX Mínimo;;;-;;DOLAR DOS EUA;;SIM;;;;;COE
INDICES INTERNACIONAIS;NDX;REUTERS;NDX Máximo;;;-;;DOLAR DOS EUA;;SIM;;;;;OPC
INDICES INTERNACIONAIS;NDX;REUTERS;NDX;;;-;;DOLAR DOS EUA;;SIM;;;;;OPC
INDICES INTERNACIONAIS;NDX;REUTERS;NDX;;;-;;DOLAR DOS EUA;;SIM;;;;;COE
INDICES INTERNACIONAIS;NDX;REUTERS;NDX Mínimo;;;-;;DOLAR DOS EUA;;SIM;;;;;OPC
INDICES INTERNACIONAIS;NDXNQER;BLOOMBERG;NDXNQER;;;-;;DOLAR DOS EUA;;SIM;;;;;COE
INDICES INTERNACIONAIS;NDXNQER;BLOOMBERG;NDXNQER Mínimo;;;-;;DOLAR DOS EUA;;SIM;;;;;COE
INDICES INTERNACIONAIS;NDXNQER;BLOOMBERG;NDXNQER Máximo;;;-;;DOLAR DOS EUA;;SIM;;;;;COE
INDICES INTERNACIONAIS;NKY;REUTERS;NKY Maximo;;;-;;IENE;;SIM;;;;;COE
INDICES INTERNACIONAIS;NKY;REUTERS;NKY Minimo;;;-;;IENE;;SIM;;;;;COE
INDICES INTERNACIONAIS;NKY;REUTERS;NKY;;;-;;IENE;;SIM;;;;;COE
INDICES INTERNACIONAIS;NQSOL;BLOOMBERG;NQSOL Mínimo;;;-;;DOLAR DOS EUA;;SIM;;;;;OPC
INDICES INTERNACIONAIS;NQSOL;BLOOMBERG;NQSOL;;;-;;DOLAR DOS EUA;;SIM;;;;;OPC
INDICES INTERNACIONAIS;NQSOL;BLOOMBERG;NQSOL Máximo;;;-;;DOLAR DOS EUA;;SIM;;;;;OPC
INDICES INTERNACIONAIS;NYFANG;REUTERS;NYFANG Máximo;;;-;;DOLAR DOS EUA;;SIM;;;;;COE
INDICES INTERNACIONAIS;NYFANG;REUTERS;NYFANG;;;-;;DOLAR DOS EUA;;SIM;;;;;COE
INDICES INTERNACIONAIS;NYFANG;REUTERS;NYFANG Mínimo;;;-;;DOLAR DOS EUA;;SIM;;;;;COE
INDICES INTERNACIONAIS;PAVE US;BLOOMBERG;PAVE US Máximo;;;-;;DOLAR DOS EUA;;SIM;;;;;COE
INDICES INTERNACIONAIS;PAVE US;BLOOMBERG;PAVE US Mínimo;;;-;;DOLAR DOS EUA;;SIM;;;;;COE
INDICES INTERNACIONAIS;PAVE US;BLOOMBERG;PAVE US;;;-;;DOLAR DOS EUA;;SIM;;;;;COE
INDICES INTERNACIONAIS;PBR US_;REUTERS;PBR_US Máximo;;;-;;DOLAR DOS EUA;;SIM;;;;;COE
INDICES INTERNACIONAIS;PBR US_;REUTERS;PBR_US Mínimo;;;-;;DOLAR DOS EUA;;SIM;;;;;COE
INDICES INTERNACIONAIS;PBR US_;REUTERS;PBR_US;;;-;;DOLAR DOS EUA;;SIM;;;;;COE
INDICES INTERNACIONAIS;PCMAGOI LX;REUTERS;PCMAGOI LX;;;-;;EURO/COM.EUROPEIA;;SIM;;;;;COE
INDICES INTERNACIONAIS;PDBC UQ;REUTERS;PDBC UQ Mínimo;;;-;;DOLAR DOS EUA;;SIM;;;;;COE
INDICES INTERNACIONAIS;PDBC UQ;REUTERS;PDBC UQ Máximo;;;-;;DOLAR DOS EUA;;SIM;;;;;COE
INDICES INTERNACIONAIS;PDBC UQ;REUTERS;PDBC UQ;;;-;;DOLAR DOS EUA;;SIM;;;;;COE
INDICES INTERNACIONAIS;PDBC US;REUTERS;PDBC US Máximo;;;-;;DOLAR DOS EUA;;SIM;;;;;COE
INDICES INTERNACIONAIS;PDBC US;REUTERS;PDBC US;;;-;;DOLAR DOS EUA;;SIM;;;;;COE
INDICES INTERNACIONAIS;PDBC US;REUTERS;PDBC US Mínimo;;;-;;DOLAR DOS EUA;;SIM;;;;;COE
INDICES INTERNACIONAIS;PHO US;REUTERS;PHO US Mínimo;;;-;;DOLAR DOS EUA;;SIM;;;;;COE
INDICES INTERNACIONAIS;PHO US;REUTERS;PHO US Máximo;;;-;;DOLAR DOS EUA;;SIM;;;;;COE
INDICES INTERNACIONAIS;PHO US;REUTERS;PHO US;;;-;;DOLAR DOS EUA;;SIM;;;;;COE
INDICES INTERNACIONAIS;PICK UF;BLOOMBERG;PICK UF;;;-;;DOLAR DOS EUA;;SIM;;;;;COE
INDICES INTERNACIONAIS;PICK UF;BLOOMBERG;PICK UF Mínimo;;;-;;DOLAR DOS EUA;;SIM;;;;;COE
INDICES INTERNACIONAIS;PICK UF;BLOOMBERG;PICK UF Máximo;;;-;;DOLAR DOS EUA;;SIM;;;;;COE
INDICES INTERNACIONAIS;POLGTRU ID;BLOOMBERG;POLGTRU ID;;;-;;DOLAR DOS EUA;;SIM;;;;;COE
INDICES INTERNACIONAIS;PPH UQ;REUTERS;PPH UQ;;;-;;DOLAR DOS EUA;;SIM;;;;;COE
INDICES INTERNACIONAIS;PPH UQ;REUTERS;PPH UQ Mínimo;;;-;;DOLAR DOS EUA;;SIM;;;;;COE
INDICES INTERNACIONAIS;PPH UQ;REUTERS;PPH UQ Máximo;;;-;;DOLAR DOS EUA;;SIM;;;;;COE
INDICES INTERNACIONAIS;PPH US;REUTERS;PPH US Máximo;;;-;;DOLAR DOS EUA;;SIM;;;;;COE
INDICES INTERNACIONAIS;PPH US;REUTERS;PPH US Mínimo;;;-;;DOLAR DOS EUA;;SIM;;;;;COE
INDICES INTERNACIONAIS;PPH US;REUTERS;PPH US;;;-;;DOLAR DOS EUA;;SIM;;;;;COE
INDICES INTERNACIONAIS;PPLT UP;BLOOMBERG;PPLT UP Máximo;;;-;;DOLAR DOS EUA;;SIM;;;;;COE
INDICES INTERNACIONAIS;PPLT UP;BLOOMBERG;PPLT UP Mínimo;;;-;;DOLAR DOS EUA;;SIM;;;;;COE
INDICES INTERNACIONAIS;PPLT UP;BLOOMBERG;PPLT UP;;;-;;DOLAR DOS EUA;;SIM;;;;;COE
INDICES INTERNACIONAIS;PURESR5;REUTERS;PURESR5;;;-;;DOLAR DOS EUA;;SIM;;;;;COE
INDICES INTERNACIONAIS;PURESR5;REUTERS;PURESR5 Máximo;;;-;;DOLAR DOS EUA;;SIM;;;;;COE
INDICES INTERNACIONAIS;PURESR5;REUTERS;PURESR5 Mínimo;;;-;;DOLAR DOS EUA;;SIM;;;;;COE
INDICES INTERNACIONAIS;QCLN US;REUTERS;QCLN US;;;-;;DOLAR DOS EUA;;SIM;;;;;COE
INDICES INTERNACIONAIS;QCLN US;REUTERS;QCLN US Mínimo;;;-;;DOLAR DOS EUA;;SIM;;;;;COE
INDICES INTERNACIONAIS;QCLN US;REUTERS;QCLN US Máximo;;;-;;DOLAR DOS EUA;;SIM;;;;;COE
INDICES INTERNACIONAIS;QQQ UP;REUTERS;QQQ UP;;;-;;DOLAR DOS EUA;;SIM;;;;;COE
INDICES INTERNACIONAIS;QQQ UP;REUTERS;QQQ UP Máximo;;;-;;DOLAR DOS EUA;;SIM;;;;;COE
INDICES INTERNACIONAIS;QQQ UP;REUTERS;QQQ UP Mínimo;;;-;;DOLAR DOS EUA;;SIM;;;;;COE
INDICES INTERNACIONAIS;QQQ US;REUTERS;QQQ US;;;-;;DOLAR DOS EUA;;SIM;;;;;COE
INDICES INTERNACIONAIS;QQQJ US;REUTERS;QQQJ US Máximo;;;-;;DOLAR DOS EUA;;SIM;;;;;COE
INDICES INTERNACIONAIS;QQQJ US;REUTERS;QQQJ US;;;-;;DOLAR DOS EUA;;SIM;;;;;COE
INDICES INTERNACIONAIS;QQQJ US;REUTERS;QQQJ US Mínimo;;;-;;DOLAR DOS EUA;;SIM;;;;;COE
INDICES INTERNACIONAIS;QTUM US;BLOOMBERG;QTUM US Máximo;;;-;;DOLAR DOS EUA;;SIM;;;;;COE
INDICES INTERNACIONAIS;QTUM US;BLOOMBERG;QTUM US Mínimo;;;-;;DOLAR DOS EUA;;SIM;;;;;COE
INDICES INTERNACIONAIS;QTUM US;BLOOMBERG;QTUM US;;;-;;DOLAR DOS EUA;;SIM;;;;;COE
INDICES INTERNACIONAIS;RCXT216W;REUTERS;RCXT216W;;;-;;DOLAR DOS EUA;;NÃO;;;;;COE
INDICES INTERNACIONAIS;REMX UP;REUTERS;REMX UP Mínimo;;;-;;DOLAR DOS EUA;;SIM;;;;;COE
INDICES INTERNACIONAIS;REMX UP;REUTERS;REMX UP;;;-;;DOLAR DOS EUA;;SIM;;;;;COE
INDICES INTERNACIONAIS;REMX UP;REUTERS;REMX UP Máximo;;;-;;DOLAR DOS EUA;;SIM;;;;;COE
INDICES INTERNACIONAIS;REMX US;REUTERS;REMX US Máximo;;;-;;DOLAR DOS EUA;;SIM;;;;;OPC
INDICES INTERNACIONAIS;REMX US;REUTERS;REMX US Máximo;;;-;;DOLAR DOS EUA;;SIM;;;;;COE
INDICES INTERNACIONAIS;REMX US;REUTERS;REMX US;;;-;;DOLAR DOS EUA;;SIM;;;;;OPC
INDICES INTERNACIONAIS;REMX US;REUTERS;REMX US Mínimo;;;-;;DOLAR DOS EUA;;SIM;;;;;OPC
INDICES INTERNACIONAIS;REMX US;REUTERS;REMX US;;;-;;DOLAR DOS EUA;;SIM;;;;;COE
INDICES INTERNACIONAIS;REMX US;REUTERS;REMX US Mínimo;;;-;;DOLAR DOS EUA;;SIM;;;;;COE
INDICES INTERNACIONAIS;RSP UP;BLOOMBERG;RSP UP Mínimo;;;-;;DOLAR DOS EUA;;SIM;;;;;COE
INDICES INTERNACIONAIS;RSP UP;BLOOMBERG;RSP UP;;;-;;DOLAR DOS EUA;;SIM;;;;;COE
INDICES INTERNACIONAIS;RSP UP;BLOOMBERG;RSP UP Máximo;;;-;;DOLAR DOS EUA;;SIM;;;;;COE
INDICES INTERNACIONAIS;RTYFPE;BLOOMBERG;RTYFPE;;;-;;DOLAR DOS EUA;;SIM;;;;;COE
INDICES INTERNACIONAIS;SCHA UP;REUTERS;SCHA UP;;;-;;DOLAR DOS EUA;;SIM;;;;;COE
INDICES INTERNACIONAIS;SCHA UP;REUTERS;SCHA UP Mínimo;;;-;;DOLAR DOS EUA;;SIM;;;;;COE
INDICES INTERNACIONAIS;SCHA UP;REUTERS;SCHA UP Máximo;;;-;;DOLAR DOS EUA;;SIM;;;;;COE
INDICES INTERNACIONAIS;SDR;BLOOMBERG;SDR;;;-;;DOLAR DOS EUA;;SIM;;;;;OPC
INDICES INTERNACIONAIS;SKYY UP;REUTERS;SKYY UP;;;-;;DOLAR DOS EUA;;SIM;;;;;COE
INDICES INTERNACIONAIS;SKYY UP;REUTERS;SKYY UP Mínimo;;;-;;DOLAR DOS EUA;;SIM;;;;;COE
INDICES INTERNACIONAIS;SKYY UP;REUTERS;SKYY UP Máximo;;;-;;DOLAR DOS EUA;;SIM;;;;;COE
INDICES INTERNACIONAIS;SLV UP;REUTERS;SLV UP Mínimo;;;-;;DOLAR DOS EUA;;SIM;;;;;COE
INDICES INTERNACIONAIS;SLV UP;REUTERS;SLV UP Máximo;;;-;;DOLAR DOS EUA;;SIM;;;;;COE
INDICES INTERNACIONAIS;SLV UP;REUTERS;SLV UP;;;-;;DOLAR DOS EUA;;SIM;;;;;COE
INDICES INTERNACIONAIS;SLV US;REUTERS;SLV US Mínimo;;;-;;DOLAR DOS EUA;;SIM;;;;;COE
INDICES INTERNACIONAIS;SLV US;REUTERS;SLV US Máximo;;;-;;DOLAR DOS EUA;;SIM;;;;;COE
INDICES INTERNACIONAIS;SLV US;REUTERS;SLV US;;;-;;DOLAR DOS EUA;;SIM;;;;;COE
INDICES INTERNACIONAIS;SMH UP;REUTERS;SMH UP Mínimo;;;-;;DOLAR DOS EUA;;SIM;;;;;COE
INDICES INTERNACIONAIS;SMH UP;REUTERS;SMH UP;;;-;;DOLAR DOS EUA;;SIM;;;;;COE
INDICES INTERNACIONAIS;SMH UP;REUTERS;SMH UP Máximo;;;-;;DOLAR DOS EUA;;SIM;;;;;COE
INDICES INTERNACIONAIS;SMH UQ;REUTERS;SMH UQ Máximo;;;-;;DOLAR DOS EUA;;SIM;;;;;COE
INDICES INTERNACIONAIS;SMH UQ;REUTERS;SMH UQ;;;-;;DOLAR DOS EUA;;SIM;;;;;COE
INDICES INTERNACIONAIS;SMH UQ;REUTERS;SMH UQ Mínimo;;;-;;DOLAR DOS EUA;;SIM;;;;;COE
INDICES INTERNACIONAIS;SMI;REUTERS;SMI Mínimo;;;-;;FRANCO SUICO;;SIM;;;;;COE
INDICES INTERNACIONAIS;SMI;REUTERS;SMI;;;-;;FRANCO SUICO;;SIM;;;;;COE
INDICES INTERNACIONAIS;SMI;REUTERS;SMI Máximo;;;-;;FRANCO SUICO;;SIM;;;;;COE
INDICES INTERNACIONAIS;SOLAITER;REUTERS;SOLAITER;;;-;;DOLAR DOS EUA;;NÃO;;;;;COE
INDICES INTERNACIONAIS;SOLBCTH;BLOOMBERG;SOLBCTH;;;-;;DOLAR DOS EUA;;SIM;;;;;COE
INDICES INTERNACIONAIS;SOLBCTH;BLOOMBERG;SOLBCTH Máximo;;;-;;DOLAR DOS EUA;;SIM;;;;;COE
INDICES INTERNACIONAIS;SOLBCTH;BLOOMBERG;SOLBCTH Mínimo;;;-;;DOLAR DOS EUA;;SIM;;;;;COE
INDICES INTERNACIONAIS;SOLCYBV8;REUTERS;SOLCYBV8;;;-;;DOLAR DOS EUA;;SIM;;;;;COE
INDICES INTERNACIONAIS;SOLGIMRP;BLOOMBERG;SOLGIMRP;;;-;;DOLAR DOS EUA;;SIM;;;;;COE
INDICES INTERNACIONAIS;SOLUSDAP;BLOOMBERG;SOLUSDAP;;;-;;DOLAR DOS EUA;;SIM;;;;;OPC
INDICES INTERNACIONAIS;SOLWDEEP;BLOOMBERG;SOLWDEEP Máximo;;;-;;EURO/COM.EUROPEIA;;SIM;;;;;COE
INDICES INTERNACIONAIS;SOLWDEEP;BLOOMBERG;SOLWDEEP;;;-;;EURO/COM.EUROPEIA;;SIM;;;;;COE
INDICES INTERNACIONAIS;SOLWDEEP;BLOOMBERG;SOLWDEEP Mínimo;;;-;;EURO/COM.EUROPEIA;;SIM;;;;;COE
INDICES INTERNACIONAIS;SOLWDEEPMB;BLOOMBERG;SOLWDEEPMB;;;-;;EURO/COM.EUROPEIA;;NÃO;;;;;COE
INDICES INTERNACIONAIS;SOLWGOAL;REUTERS;SOLWGOAL;;;-;;EURO/COM.EUROPEIA;;SIM;;;;;COE
INDICES INTERNACIONAIS;SOLWGOAL;REUTERS;SOLWGOAL Mínimo;;;-;;EURO/COM.EUROPEIA;;SIM;;;;;COE
INDICES INTERNACIONAIS;SOLWGOAL;REUTERS;SOLWGOAL Máximo;;;-;;EURO/COM.EUROPEIA;;SIM;;;;;COE
INDICES INTERNACIONAIS;SOLXPCOM;REUTERS;SOLXPCOM;;;-;;DOLAR DOS EUA;;SIM;;;;;COE
INDICES INTERNACIONAIS;SOLXPESG;REUTERS;SOLXPESG;;;-;;DOLAR DOS EUA;;SIM;;;;;COE
INDICES INTERNACIONAIS;SOLXPGLV;REUTERS;SOLXPGLV;;;-;;DOLAR DOS EUA;;NÃO;;;;;COE
INDICES INTERNACIONAIS;SOLXPTEC;BLOOMBERG;SOLXPTEC;;;-;;DOLAR DOS EUA;;SIM;;;;;COE
INDICES INTERNACIONAIS;SONRGY21;REUTERS;SONRGY21;;;-;;EURO/COM.EUROPEIA;;NÃO;;;;;COE
INDICES INTERNACIONAIS;SONRGY21;REUTERS;SONRGY21 Minimo;;;-;;EURO/COM.EUROPEIA;;NÃO;;;;;COE
INDICES INTERNACIONAIS;SONRGY21;REUTERS;SONRGY21 Maximo;;;-;;EURO/COM.EUROPEIA;;NÃO;;;;;COE
INDICES INTERNACIONAIS;SOXX UQ;REUTERS;SOXX UQ;;;-;;DOLAR DOS EUA;;SIM;;;;;COE
INDICES INTERNACIONAIS;SOXX UQ;REUTERS;SOXX UQ Mínimo;;;-;;DOLAR DOS EUA;;SIM;;;;;COE
INDICES INTERNACIONAIS;SOXX UQ;REUTERS;SOXX UQ Máximo;;;-;;DOLAR DOS EUA;;SIM;;;;;COE
INDICES INTERNACIONAIS;SOYB US;REUTERS;SOYB US;;;-;;DOLAR DOS EUA;;SIM;;;;;COE
INDICES INTERNACIONAIS;SOYB US;REUTERS;SOYB US Mínimo;;;-;;DOLAR DOS EUA;;SIM;;;;;COE
INDICES INTERNACIONAIS;SOYB US;REUTERS;SOYB US;;;-;;DOLAR DOS EUA;;SIM;;;;;OPC
INDICES INTERNACIONAIS;SOYB US;REUTERS;SOYB US Mínimo;;;-;;DOLAR DOS EUA;;SIM;;;;;OPC
INDICES INTERNACIONAIS;SOYB US;REUTERS;SOYB US Máximo;;;-;;DOLAR DOS EUA;;SIM;;;;;OPC
INDICES INTERNACIONAIS;SOYB US;REUTERS;SOYB US Máximo;;;-;;DOLAR DOS EUA;;SIM;;;;;COE
INDICES INTERNACIONAIS;SPECFR6P;REUTERS;SPECFR6P;;;-;;DOLAR DOS EUA;;SIM;;;;;COE
INDICES INTERNACIONAIS;SPECFR6PMB;BLOOMBERG;SPECFR6PMB;;;-;;DOLAR DOS EUA;;NÃO;;;;;COE
INDICES INTERNACIONAIS;SPESG;REUTERS;SPESG Mínimo;;;-;;DOLAR DOS EUA;;SIM;;;;;COE
INDICES INTERNACIONAIS;SPESG;REUTERS;SPESG Máximo;;;-;;DOLAR DOS EUA;;SIM;;;;;COE
INDICES INTERNACIONAIS;SPESG;REUTERS;SPESG;;;-;;DOLAR DOS EUA;;SIM;;;;;COE
INDICES INTERNACIONAIS;SPE350UN;REUTERS;SPE350UN;;;-;;DOLAR DOS EUA;;SIM;;;;;COE
INDICES INTERNACIONAIS;SPGSCTP;REUTERS;SPGSCTP;;;-;;DOLAR DOS EUA;;SIM;;;;;COE
INDICES INTERNACIONAIS;SPGSCTP;REUTERS;SPGSCTP Máximo;;;-;;DOLAR DOS EUA;;SIM;;;;;COE
INDICES INTERNACIONAIS;SPGSCTP;REUTERS;SPGSCTP Mínimo;;;-;;DOLAR DOS EUA;;SIM;;;;;COE
INDICES INTERNACIONAIS;SPGSGCP;BLOOMBERG;SPGSGCP Máximo;;;-;;EURO/COM.EUROPEIA;;SIM;;;;;COE
INDICES INTERNACIONAIS;SPGSGCP;BLOOMBERG;SPGSGCP;;;-;;EURO/COM.EUROPEIA;;SIM;;;;;COE
INDICES INTERNACIONAIS;SPGSGCP;BLOOMBERG;SPGSGCP Mínimo;;;-;;EURO/COM.EUROPEIA;;SIM;;;;;COE
INDICES INTERNACIONAIS;SPLV UP;REUTERS;SPLV UP Mínimo;;;-;;DOLAR DOS EUA;;SIM;;;;;COE
INDICES INTERNACIONAIS;SPLV UP;REUTERS;SPLV UP;;;-;;DOLAR DOS EUA;;SIM;;;;;COE
INDICES INTERNACIONAIS;SPLV UP;REUTERS;SPLV UP Máximo;;;-;;DOLAR DOS EUA;;SIM;;;;;COE
INDICES INTERNACIONAIS;SPSIMMTR;NYSE;SPSIMMTR Máximo;;;-;;DOLAR DOS EUA;;NÃO;;;;;COE
INDICES INTERNACIONAIS;SPSIMMTR;NYSE;SPSIMMTR Mínimo;;;-;;DOLAR DOS EUA;;NÃO;;;;;COE
INDICES INTERNACIONAIS;SPSIMMTR;NYSE;SPSIMMTR;;;-;;DOLAR DOS EUA;;NÃO;;;;;COE
INDICES INTERNACIONAIS;SPW;BLOOMBERG;SPW Máximo;;;-;;DOLAR DOS EUA;;SIM;;;;;COE
INDICES INTERNACIONAIS;SPW;BLOOMBERG;SPW Mínimo;;;-;;DOLAR DOS EUA;;SIM;;;;;COE
INDICES INTERNACIONAIS;SPW;BLOOMBERG;SPW;;;-;;DOLAR DOS EUA;;SIM;;;;;COE
INDICES INTERNACIONAIS;SPXESUP;BLOOMBERG;SPXESUP Mínimo;;;-;;DOLAR DOS EUA;;SIM;;;;;COE
INDICES INTERNACIONAIS;SPXESUP;BLOOMBERG;SPXESUP;;;-;;DOLAR DOS EUA;;SIM;;;;;COE
INDICES INTERNACIONAIS;SPXESUP;BLOOMBERG;SPXESUP Máximo;;;-;;DOLAR DOS EUA;;SIM;;;;;COE
INDICES INTERNACIONAIS;SPXFP;REUTERS;SPXFP Máximo;;;-;;DOLAR DOS EUA;;SIM;;;;;COE
INDICES INTERNACIONAIS;SPXFP;REUTERS;SPXFP;;;-;;DOLAR DOS EUA;;SIM;;;;;COE
INDICES INTERNACIONAIS;SPXFP;REUTERS;SPXFP Mínimo;;;-;;DOLAR DOS EUA;;SIM;;;;;COE
INDICES INTERNACIONAIS;SPXFV35E;BLOOMBERG;SPXFV35E;;;-;;DOLAR DOS EUA;;SIM;;;;;COE
INDICES INTERNACIONAIS;SPXGR5UE;REUTERS;SPXGR5UE;;;-;;DOLAR DOS EUA;;SIM;;;;;COE
INDICES INTERNACIONAIS;SPX_R;REUTERS;SPX_R;;;-;;DOLAR DOS EUA;;NÃO;;;;;COE
INDICES INTERNACIONAIS;SPXRSF5E;BLOOMBERG;SPXRSF5E;;;-;;DOLAR DOS EUA;;SIM;;;;;COE
INDICES INTERNACIONAIS;SPXT10UE;REUTERS;SPXT10UE;;;-;;DOLAR DOS EUA;;SIM;;;;;COE
INDICES INTERNACIONAIS;SPY UP;REUTERS;SPY UP MÍNIMO;;;-;;DOLAR DOS EUA;;SIM;;;;;COE
INDICES INTERNACIONAIS;SPY UP;REUTERS;SPY UP;;;-;;DOLAR DOS EUA;;SIM;;;;;COE
INDICES INTERNACIONAIS;SPY UP;REUTERS;SPY UP MÁXIMO;;;-;;DOLAR DOS EUA;;SIM;;;;;COE
INDICES INTERNACIONAIS;SPY US;REUTERS;SPY US Máximo;;;-;;DOLAR DOS EUA;;SIM;;;;;OPC
INDICES INTERNACIONAIS;SPY US;REUTERS;SPY US Mínimo;;;-;;DOLAR DOS EUA;;SIM;;;;;COE
INDICES INTERNACIONAIS;SPY US;REUTERS;SPY US;;;-;;DOLAR DOS EUA;;SIM;;;;;COE
INDICES INTERNACIONAIS;SPY US;REUTERS;SPY US;;;-;;DOLAR DOS EUA;;SIM;;;;;OPC
INDICES INTERNACIONAIS;SPY US;REUTERS;SPY US Máximo;;;-;;DOLAR DOS EUA;;SIM;;;;;COE
INDICES INTERNACIONAIS;SPY US;REUTERS;SPY US Médio;;;-;;DOLAR DOS EUA;;SIM;;;;;OPC
INDICES INTERNACIONAIS;SPY US;REUTERS;SPY US Médio;;;-;;DOLAR DOS EUA;;SIM;;;;;COE
INDICES INTERNACIONAIS;SPY US;REUTERS;SPY US Mínimo;;;-;;DOLAR DOS EUA;;SIM;;;;;OPC
INDICES INTERNACIONAIS;S&P500;DOW JONES/UBS;S&P 500 MINIMO;;;OUTROS;;DOLAR DOS EUA;;SIM;;;;;OPC
INDICES INTERNACIONAIS;S&P500;REUTERS;S&P500;;;OUTROS;;DOLAR DOS EUA;;SIM;;;;;COE
INDICES INTERNACIONAIS;S&P500;DOW JONES/UBS;S&P 500 MAXIMO;;;OUTROS;;DOLAR DOS EUA;;SIM;;;;;OPC
INDICES INTERNACIONAIS;S&P500;DOW JONES/UBS;S&P 500 MAXIMO;;;OUTROS;;DOLAR DOS EUA;;SIM;;;;;COE
INDICES INTERNACIONAIS;S&P500;REUTERS;S&P500;;;OUTROS;;DOLAR DOS EUA;;SIM;;;;;OPC
INDICES INTERNACIONAIS;S&P500;DOW JONES/UBS;S&P 500 MINIMO;;;OUTROS;;DOLAR DOS EUA;;SIM;;;;;COE
INDICES INTERNACIONAIS;SUGA LN;REUTERS;SUGA LN;;;-;;DOLAR DOS EUA;;SIM;;;;;COE
INDICES INTERNACIONAIS;SUGA LN;REUTERS;SUGA LN Máximo;;;-;;DOLAR DOS EUA;;SIM;;;;;COE
INDICES INTERNACIONAIS;SUGA LN;REUTERS;SUGA LN Mínimo;;;-;;DOLAR DOS EUA;;SIM;;;;;COE
INDICES INTERNACIONAIS;SUSC UQ;REUTERS;SUSC UQ Mínimo;;;-;;DOLAR DOS EUA;;SIM;;;;;COE
INDICES INTERNACIONAIS;SUSC UQ;REUTERS;SUSC UQ;;;-;;DOLAR DOS EUA;;SIM;;;;;COE
INDICES INTERNACIONAIS;SUSC UQ;REUTERS;SUSC UQ Máximo;;;-;;DOLAR DOS EUA;;SIM;;;;;COE
INDICES INTERNACIONAIS;SXDE;REUTERS;SXDE Máximo;;;-;;EURO/COM.EUROPEIA;;SIM;;;;;COE
INDICES INTERNACIONAIS;SXDE;REUTERS;SXDE;;;-;;EURO/COM.EUROPEIA;;SIM;;;;;COE
INDICES INTERNACIONAIS;SXDE;REUTERS;SXDE Mínimo;;;-;;EURO/COM.EUROPEIA;;SIM;;;;;COE
INDICES INTERNACIONAIS;SXDP;REUTERS;SXDP Mínimo;;;-;;EURO/COM.EUROPEIA;;SIM;;;;;COE
INDICES INTERNACIONAIS;SXDP;REUTERS;SXDP;;;-;;EURO/COM.EUROPEIA;;SIM;;;;;COE
INDICES INTERNACIONAIS;SXDP;REUTERS;SXDP Máximo;;;-;;EURO/COM.EUROPEIA;;SIM;;;;;COE
INDICES INTERNACIONAIS;SXEEGSP;REUTERS;SXEEGSP;;;-;;EURO/COM.EUROPEIA;;SIM;;;;;COE
INDICES INTERNACIONAIS;SXEEGSP;REUTERS;SXEEGSP Máximo;;;-;;EURO/COM.EUROPEIA;;SIM;;;;;COE
INDICES INTERNACIONAIS;SXEEGSP;REUTERS;SXEEGSP Mínimo;;;-;;EURO/COM.EUROPEIA;;SIM;;;;;COE
INDICES INTERNACIONAIS;SXGEGSP;REUTERS;SXGEGSP;;;-;;EURO/COM.EUROPEIA;;SIM;;;;;COE
INDICES INTERNACIONAIS;SXGEGSP;REUTERS;SXGEGSP Maximo;;;-;;EURO/COM.EUROPEIA;;SIM;;;;;COE
INDICES INTERNACIONAIS;SXGEGSP;REUTERS;SXGEGSP Minimo;;;-;;EURO/COM.EUROPEIA;;SIM;;;;;COE
INDICES INTERNACIONAIS;SXXP;BLOOMBERG;SXXP;;;-;;EURO/COM.EUROPEIA;;SIM;;;;;COE
INDICES INTERNACIONAIS;SXXP;BLOOMBERG;SXXP Máximo;;;-;;EURO/COM.EUROPEIA;;SIM;;;;;COE
INDICES INTERNACIONAIS;SXXP;BLOOMBERG;SXXP Mínimo;;;-;;EURO/COM.EUROPEIA;;SIM;;;;;COE
INDICES INTERNACIONAIS;SXXSEP;BLOOMBERG;SXXSEP Mínimo;;;-;;EURO/COM.EUROPEIA;;SIM;;;;;COE
INDICES INTERNACIONAIS;SXXSEP;BLOOMBERG;SXXSEP;;;-;;EURO/COM.EUROPEIA;;SIM;;;;;COE
INDICES INTERNACIONAIS;SXXSEP;BLOOMBERG;SXXSEP Máximo;;;-;;EURO/COM.EUROPEIA;;SIM;;;;;COE
INDICES INTERNACIONAIS;SX5EEX GY;REUTERS;SX5EEX GY Mínimo;;;-;;EURO/COM.EUROPEIA;;SIM;;;;;COE
INDICES INTERNACIONAIS;SX5EEX GY;REUTERS;SX5EEX GY;;;-;;EURO/COM.EUROPEIA;;SIM;;;;;COE
INDICES INTERNACIONAIS;SX5EEX GY;REUTERS;SX5EEX GY Maximo;;;-;;EURO/COM.EUROPEIA;;SIM;;;;;COE
INDICES INTERNACIONAIS;SX5E_R;REUTERS;SX5E_R;;;-;;EURO/COM.EUROPEIA;;NÃO;;;;;COE
INDICES INTERNACIONAIS;SX7E;REUTERS;SX7E Minimo;;;-;;EURO/COM.EUROPEIA;;SIM;;;;;COE
INDICES INTERNACIONAIS;SX7E;REUTERS;SX7E Maximo;;;-;;EURO/COM.EUROPEIA;;SIM;;;;;COE
INDICES INTERNACIONAIS;SX7E;REUTERS;SX7E;;;-;;EURO/COM.EUROPEIA;;SIM;;;;;COE
INDICES INTERNACIONAIS;TA-35_Q;BLOOMBERG;TA-35_Q;;;-;;REAL;;SIM;;;;;COE
INDICES INTERNACIONAIS;TIP US;REUTERS;TIP US;;;-;;DOLAR DOS EUA;;SIM;;;;;COE
INDICES INTERNACIONAIS;TIP US;REUTERS;TIP US Máximo;;;-;;DOLAR DOS EUA;;SIM;;;;;COE
INDICES INTERNACIONAIS;TIP US;REUTERS;TIP US Mínimo;;;-;;DOLAR DOS EUA;;SIM;;;;;COE
INDICES INTERNACIONAIS;TLT UP;REUTERS;TLT UP;;;-;;DOLAR DOS EUA;;SIM;;;;;COE
INDICES INTERNACIONAIS;TLT UP;REUTERS;TLT UP Máximo;;;-;;DOLAR DOS EUA;;SIM;;;;;COE
INDICES INTERNACIONAIS;TLT UP;REUTERS;TLT UP Mínimo;;;-;;DOLAR DOS EUA;;SIM;;;;;COE
INDICES INTERNACIONAIS;TLT UQ;BLOOMBERG;TLT UQ Mínimo;;;-;;DOLAR DOS EUA;;SIM;;;;;COE
INDICES INTERNACIONAIS;TLT UQ;BLOOMBERG;TLT UQ Máximo;;;-;;DOLAR DOS EUA;;SIM;;;;;COE
INDICES INTERNACIONAIS;TLT UQ;BLOOMBERG;TLT UQ;;;-;;DOLAR DOS EUA;;SIM;;;;;COE
INDICES INTERNACIONAIS;TLT US;REUTERS;TLT US Mínimo;;;-;;DOLAR DOS EUA;;SIM;;;;;COE
INDICES INTERNACIONAIS;TLT US;REUTERS;TLT US;;;-;;DOLAR DOS EUA;;SIM;;;;;COE
INDICES INTERNACIONAIS;TLT US;REUTERS;TLT US Máximo;;;-;;DOLAR DOS EUA;;SIM;;;;;COE
INDICES INTERNACIONAIS;TOPIX;REUTERS;TOPIX;;;-;;IENE;;SIM;;;;;COE
INDICES INTERNACIONAIS;TOPIX;REUTERS;TOPIX Minimo;;;-;;IENE;;SIM;;;;;COE
INDICES INTERNACIONAIS;TOPIX;REUTERS;TOPIX Maximo;;;-;;IENE;;SIM;;;;;COE
INDICES INTERNACIONAIS;TOPIX_R;REUTERS;TOPIX_R;;;-;;IENE;;NÃO;;;;;COE
INDICES INTERNACIONAIS;TPX INDEX;REUTERS;TPX;;;-;;IENE;;SIM;;;;;COE
INDICES INTERNACIONAIS;UCAI15AH;REUTERS;UCAI15AH;;;-;;DOLAR DOS EUA;;SIM;;;;;COE
INDICES INTERNACIONAIS;UCAI15AH;REUTERS;UCAI15AH;;;-;;DOLAR DOS EUA;;SIM;;;;;OPC
INDICES INTERNACIONAIS;UCAI15AH;REUTERS;UCAI15AH Máximo;;;-;;DOLAR DOS EUA;;SIM;;;;;COE
INDICES INTERNACIONAIS;UCAI15AH;REUTERS;UCAI15AH Máximo;;;-;;DOLAR DOS EUA;;SIM;;;;;OPC
INDICES INTERNACIONAIS;UCAI15AH;REUTERS;UCAI15AH Mínimo;;;-;;DOLAR DOS EUA;;SIM;;;;;COE
INDICES INTERNACIONAIS;UCAI15AH;REUTERS;UCAI15AH Mínimo;;;-;;DOLAR DOS EUA;;SIM;;;;;OPC
INDICES INTERNACIONAIS;URA UP;REUTERS;URA UP Máximo;;;-;;DOLAR DOS EUA;;SIM;;;;;COE
INDICES INTERNACIONAIS;URA UP;REUTERS;URA UP Mínimo;;;-;;DOLAR DOS EUA;;SIM;;;;;COE
INDICES INTERNACIONAIS;URA UP;REUTERS;URA UP;;;-;;DOLAR DOS EUA;;SIM;;;;;COE
INDICES INTERNACIONAIS;URA US;REUTERS;URA US;;;-;;DOLAR DOS EUA;;SIM;;;;;COE
INDICES INTERNACIONAIS;URA US;REUTERS;URA US Máximo;;;-;;DOLAR DOS EUA;;SIM;;;;;COE
INDICES INTERNACIONAIS;URA US;REUTERS;URA US Mínimo;;;-;;DOLAR DOS EUA;;SIM;;;;;COE
INDICES INTERNACIONAIS;USCARN8E;REUTERS;USCARN8E Máximo;;;-;;DOLAR DOS EUA;;SIM;;;;;COE
INDICES INTERNACIONAIS;USCARN8E;REUTERS;USCARN8E Mínimo;;;-;;DOLAR DOS EUA;;SIM;;;;;COE
INDICES INTERNACIONAIS;USCARN8E;REUTERS;USCARN8E;;;-;;DOLAR DOS EUA;;SIM;;;;;COE
INDICES INTERNACIONAIS;USCARN8EWP;BLOOMBERG;USCARN8EWP;;;-;;EURO/COM.EUROPEIA;;NÃO;;;;;COE
INDICES INTERNACIONAIS;USISSO10;REUTERS;USISSO10;;;-;;DOLAR DOS EUA;;SIM;;;;;COE
INDICES INTERNACIONAIS;USMV US;REUTERS;USMV US Mínimo;;;-;;DOLAR DOS EUA;;SIM;;;;;COE
INDICES INTERNACIONAIS;USMV US;REUTERS;USMV US;;;-;;DOLAR DOS EUA;;SIM;;;;;COE
INDICES INTERNACIONAIS;USMV US;REUTERS;USMV US Máximo;;;-;;DOLAR DOS EUA;;SIM;;;;;COE
INDICES INTERNACIONAIS;USO UP;REUTERS;USO UP Máximo;;;-;;DOLAR DOS EUA;;SIM;;;;;COE
INDICES INTERNACIONAIS;USO UP;REUTERS;USO UP;;;-;;DOLAR DOS EUA;;SIM;;;;;COE
INDICES INTERNACIONAIS;USO UP;REUTERS;USO UP Mínimo;;;-;;DOLAR DOS EUA;;SIM;;;;;COE
INDICES INTERNACIONAIS;USO US;REUTERS;USO US Mínimo;;;-;;DOLAR DOS EUA;;SIM;;;;;COE
INDICES INTERNACIONAIS;USO US;REUTERS;USO US Máximo;;;-;;DOLAR DOS EUA;;SIM;;;;;COE
INDICES INTERNACIONAIS;USO US;REUTERS;USO US;;;-;;DOLAR DOS EUA;;SIM;;;;;COE
INDICES INTERNACIONAIS;UUP UP;REUTERS;UUP UP;;;-;;DOLAR DOS EUA;;SIM;;;;;COE
INDICES INTERNACIONAIS;UUP UP;REUTERS;UUP UP Máximo;;;-;;DOLAR DOS EUA;;SIM;;;;;COE
INDICES INTERNACIONAIS;UUP UP;REUTERS;UUP UP Mínimo;;;-;;DOLAR DOS EUA;;SIM;;;;;COE
INDICES INTERNACIONAIS;UUP US;REUTERS;UUP US MINIMO;;;-;;DOLAR DOS EUA;;NÃO;;;;;OPC
INDICES INTERNACIONAIS;UUP US;REUTERS;UUP US MINIMO;;;-;;DOLAR DOS EUA;;NÃO;;;;;COE
INDICES INTERNACIONAIS;UUP US;REUTERS;UUP US MAXIMO;;;-;;DOLAR DOS EUA;;NÃO;;;;;OPC
INDICES INTERNACIONAIS;UUP US;REUTERS;UUP US MAXIMO;;;-;;DOLAR DOS EUA;;NÃO;;;;;COE
INDICES INTERNACIONAIS;UUP US;REUTERS;UUP US;;;-;;DOLAR DOS EUA;;NÃO;;;;;OPC
INDICES INTERNACIONAIS;UUP US;REUTERS;UUP US;;;-;;DOLAR DOS EUA;;NÃO;;;;;COE
INDICES INTERNACIONAIS;VEGI UP;REUTERS;VEGI UP;;;-;;DOLAR DOS EUA;;SIM;;;;;COE
INDICES INTERNACIONAIS;VEGI UP;REUTERS;VEGI UP Mínimo;;;-;;DOLAR DOS EUA;;SIM;;;;;COE
INDICES INTERNACIONAIS;VEGI UP;REUTERS;VEGI UP Máximo;;;-;;DOLAR DOS EUA;;SIM;;;;;COE
INDICES INTERNACIONAIS;VGT UP;BLOOMBERG;VGT UP;;;-;;DOLAR DOS EUA;;SIM;;;;;COE
INDICES INTERNACIONAIS;VGT UP;BLOOMBERG;VGT UP Máximo;;;-;;DOLAR DOS EUA;;SIM;;;;;COE
INDICES INTERNACIONAIS;VGT UP;BLOOMBERG;VGT UP Mínimo;;;-;;DOLAR DOS EUA;;SIM;;;;;COE
INDICES INTERNACIONAIS;VIX;REUTERS;VIX Máximo;;;-;;DOLAR DOS EUA;;SIM;;;;;COE
INDICES INTERNACIONAIS;VIX;REUTERS;VIX Mínimo;;;-;;DOLAR DOS EUA;;SIM;;;;;COE
INDICES INTERNACIONAIS;VIX;REUTERS;VIX;;;-;;DOLAR DOS EUA;;SIM;;;;;COE
INDICES INTERNACIONAIS;VNQ UP;REUTERS;VNQ UP;;;-;;DOLAR DOS EUA;;SIM;;;;;COE
INDICES INTERNACIONAIS;VNQ UP;REUTERS;VNQ UP Máximo;;;-;;DOLAR DOS EUA;;SIM;;;;;COE
INDICES INTERNACIONAIS;VNQ UP;REUTERS;VNQ UP Mínimo;;;-;;DOLAR DOS EUA;;SIM;;;;;COE
INDICES INTERNACIONAIS;VT UP;REUTERS;VT UP Máximo;;;-;;DOLAR DOS EUA;;SIM;;;;;OPC
INDICES INTERNACIONAIS;VT UP;REUTERS;VT UP Mínimo;;;-;;DOLAR DOS EUA;;SIM;;;;;OPC
INDICES INTERNACIONAIS;VT UP;REUTERS;VT UP Mínimo;;;-;;DOLAR DOS EUA;;SIM;;;;;COE
INDICES INTERNACIONAIS;VT UP;REUTERS;VT UP Máximo;;;-;;DOLAR DOS EUA;;SIM;;;;;COE
INDICES INTERNACIONAIS;VT UP;REUTERS;VT UP;;;-;;DOLAR DOS EUA;;SIM;;;;;COE
INDICES INTERNACIONAIS;VT UP;REUTERS;VT UP;;;-;;DOLAR DOS EUA;;SIM;;;;;OPC
INDICES INTERNACIONAIS;WOOD UQ;REUTERS;WOOD UQ;;;-;;DOLAR DOS EUA;;SIM;;;;;COE
INDICES INTERNACIONAIS;WOOD UQ;REUTERS;WOOD UQ Mínimo;;;-;;DOLAR DOS EUA;;SIM;;;;;COE
INDICES INTERNACIONAIS;WOOD UQ;REUTERS;WOOD UQ Máximo;;;-;;DOLAR DOS EUA;;SIM;;;;;COE
INDICES INTERNACIONAIS;XBI US;REUTERS;XBI US Máximo;;;-;;DOLAR DOS EUA;;SIM;;;;;COE
INDICES INTERNACIONAIS;XBI US;REUTERS;XBI US Mínimo;;;-;;DOLAR DOS EUA;;SIM;;;;;COE
INDICES INTERNACIONAIS;XBI US;REUTERS;XBI US;;;-;;DOLAR DOS EUA;;SIM;;;;;COE
INDICES INTERNACIONAIS;XHB UP;REUTERS;XHB UP Máximo;;;-;;DOLAR DOS EUA;;SIM;;;;;COE
INDICES INTERNACIONAIS;XHB UP;REUTERS;XHB UP Mínimo;;;-;;DOLAR DOS EUA;;SIM;;;;;COE
INDICES INTERNACIONAIS;XHB UP;REUTERS;XHB UP;;;-;;DOLAR DOS EUA;;SIM;;;;;COE
INDICES INTERNACIONAIS;XLE UP;REUTERS;XLE UP Máximo;;;-;;DOLAR DOS EUA;;SIM;;;;;COE
INDICES INTERNACIONAIS;XLE UP;REUTERS;XLE UP Mínimo;;;-;;DOLAR DOS EUA;;SIM;;;;;COE
INDICES INTERNACIONAIS;XLE UP;REUTERS;XLE UP;;;-;;DOLAR DOS EUA;;SIM;;;;;COE
INDICES INTERNACIONAIS;XLF UP;REUTERS;XLF UP Máximo;;;-;;DOLAR DOS EUA;;SIM;;;;;COE
INDICES INTERNACIONAIS;XLF UP;REUTERS;XLF UP;;;-;;DOLAR DOS EUA;;SIM;;;;;COE
INDICES INTERNACIONAIS;XLF UP;REUTERS;XLF UP Mínimo;;;-;;DOLAR DOS EUA;;SIM;;;;;COE
INDICES INTERNACIONAIS;XLF US;REUTERS;XLF US;;;-;;DOLAR DOS EUA;;SIM;;;;;COE
INDICES INTERNACIONAIS;XLF US;REUTERS;XLF US Mínimo;;;-;;DOLAR DOS EUA;;SIM;;;;;COE
INDICES INTERNACIONAIS;XLF US;REUTERS;XLF US Máximo;;;-;;DOLAR DOS EUA;;SIM;;;;;COE
INDICES INTERNACIONAIS;XLG UP;REUTERS;XLG UP;;;-;;DOLAR DOS EUA;;SIM;;;;;COE
INDICES INTERNACIONAIS;XLG UP;REUTERS;XLG UP Mínimo;;;-;;DOLAR DOS EUA;;SIM;;;;;COE
INDICES INTERNACIONAIS;XLG UP;REUTERS;XLG UP Máximo;;;-;;DOLAR DOS EUA;;SIM;;;;;COE
INDICES INTERNACIONAIS;XLK US;REUTERS;XLK US;;;-;;DOLAR DOS EUA;;SIM;;;;;COE
INDICES INTERNACIONAIS;XLK US;REUTERS;XLK US Maximo;;;-;;DOLAR DOS EUA;;SIM;;;;;COE
INDICES INTERNACIONAIS;XLK US;REUTERS;XLK US Minimo;;;-;;DOLAR DOS EUA;;SIM;;;;;COE
INDICES INTERNACIONAIS;XLP_UP;BLOOMBERG;XLP_UP;;;-;;DOLAR DOS EUA;;SIM;;;;;COE
INDICES INTERNACIONAIS;XLP_UP;BLOOMBERG;XLP_UP Máximo;;;-;;DOLAR DOS EUA;;SIM;;;;;COE
INDICES INTERNACIONAIS;XLP_UP;BLOOMBERG;XLP_UP Mínimo;;;-;;DOLAR DOS EUA;;SIM;;;;;COE
INDICES INTERNACIONAIS;XLU UP;BLOOMBERG;XLU UP Mínimo;;;-;;DOLAR DOS EUA;;SIM;;;;;COE
INDICES INTERNACIONAIS;XLU UP;BLOOMBERG;XLU UP Máximo;;;-;;DOLAR DOS EUA;;SIM;;;;;COE
INDICES INTERNACIONAIS;XLU UP;BLOOMBERG;XLU UP;;;-;;DOLAR DOS EUA;;SIM;;;;;COE
INDICES INTERNACIONAIS;XLU US;REUTERS;XLU US Mínimo;;;-;;DOLAR DOS EUA;;SIM;;;;;OPC
INDICES INTERNACIONAIS;XLU US;REUTERS;XLU US Mínimo;;;-;;DOLAR DOS EUA;;SIM;;;;;COE
INDICES INTERNACIONAIS;XLU US;REUTERS;XLU US Máximo;;;-;;DOLAR DOS EUA;;SIM;;;;;OPC
INDICES INTERNACIONAIS;XLU US;REUTERS;XLU US Máximo;;;-;;DOLAR DOS EUA;;SIM;;;;;COE
INDICES INTERNACIONAIS;XLU US;REUTERS;XLU US;;;-;;DOLAR DOS EUA;;SIM;;;;;COE
INDICES INTERNACIONAIS;XLU US;REUTERS;XLU US;;;-;;DOLAR DOS EUA;;SIM;;;;;OPC
INDICES INTERNACIONAIS;XLV UP;REUTERS;XLV UP Minimo;;;-;;DOLAR DOS EUA;;SIM;;;;;COE
INDICES INTERNACIONAIS;XLV UP;REUTERS;XLV UP;;;-;;DOLAR DOS EUA;;SIM;;;;;COE
INDICES INTERNACIONAIS;XLV UP;REUTERS;XLV UP Maximo;;;-;;DOLAR DOS EUA;;SIM;;;;;COE
INDICES INTERNACIONAIS;XLV US;REUTERS;XLV US;;;-;;DOLAR DOS EUA;;SIM;;;;;OPC
INDICES INTERNACIONAIS;XLV US;REUTERS;XLV US Mínimo;;;-;;DOLAR DOS EUA;;SIM;;;;;OPC
INDICES INTERNACIONAIS;XLV US;REUTERS;XLV US;;;-;;DOLAR DOS EUA;;SIM;;;;;COE
INDICES INTERNACIONAIS;XLV US;REUTERS;XLV US Mínimo;;;-;;DOLAR DOS EUA;;SIM;;;;;COE
INDICES INTERNACIONAIS;XLV US;REUTERS;XLV US Máximo;;;-;;DOLAR DOS EUA;;SIM;;;;;OPC
INDICES INTERNACIONAIS;XLV US;REUTERS;XLV US Máximo;;;-;;DOLAR DOS EUA;;SIM;;;;;COE
INDICES INTERNACIONAIS;XME UP;BLOOMBERG;XME UP Mínimo;;;-;;DOLAR DOS EUA;;SIM;;;;;COE
INDICES INTERNACIONAIS;XME UP;BLOOMBERG;XME UP Máximo;;;-;;DOLAR DOS EUA;;SIM;;;;;COE
INDICES INTERNACIONAIS;XME UP;BLOOMBERG;XME UP;;;-;;DOLAR DOS EUA;;SIM;;;;;COE
INDICES INTERNACIONAIS;XPH UP;REUTERS;XPH UP Mínimo;;;-;;DOLAR DOS EUA;;SIM;;;;;COE
INDICES INTERNACIONAIS;XPH UP;REUTERS;XPH UP Máximo;;;-;;DOLAR DOS EUA;;SIM;;;;;COE
INDICES INTERNACIONAIS;XPH UP;REUTERS;XPH UP;;;-;;DOLAR DOS EUA;;SIM;;;;;COE
INDICES INTERNACIONAIS;XRPUSDAP;BLOOMBERG;XRPUSDAP;;;-;;DOLAR DOS EUA;;SIM;;;;;OPC
INDICES INTERNACIONAIS;XSOE UP;REUTERS;XSOE UP Máximo;;;-;;DOLAR DOS EUA;;SIM;;;;;COE
INDICES INTERNACIONAIS;XSOE UP;REUTERS;XSOE UP;;;-;;DOLAR DOS EUA;;SIM;;;;;COE
INDICES INTERNACIONAIS;XSOE UP;REUTERS;XSOE UP Mínimo;;;-;;DOLAR DOS EUA;;SIM;;;;;COE
JUROS;B3B8;REUTERS;BRSTNCNTB3B8;;;-;;REAL;;NÃO;;;;;COE
JUROS;B4U6;REUTERS;BRSTNCNTB4U6;;;-;;REAL;;NÃO;;;;;COE
JUROS;B4X0;REUTERS;BRSTNCNTB4X0;;;-;;REAL;;NÃO;;;;;COE
JUROS;DI1G27;BMF;DI1G27;;;-;;REAL;;NÃO;;;;;COE
JUROS;PRE;INEXISTENTE;PRE;;;INEXISTENTE;;TAXA JUROS MERCADO INTERNACIONAL;;NÃO;;;;;COE
JUROS;PRE ACT360;INEXISTENTE;PRE ACT 360;;;INEXISTENTE;;REAL;;NÃO;;;;;COE
JUROS;SELIC META;BMF;TAXA SELIC META;;;-;;REAL;;SIM;;;;;COE
JUROS;WLK35;BMF;WLK35;;;-;;REAL;;SIM;;;;;COE
JUROS;YCSW0089;BLOOMBERG;YCSW0089;;;-;;REAL;;SIM;;;;;COE
JUROS INTERNACIONAIS;SOFR;BLOOMBERG;SOFR RATE;;;-;;DOLAR DOS EUA;;SIM;;;;;SWAP
JUROS INTERNACIONAIS;SOFR 70BPS;BLOOMBERG;SOFR 70BPS;;;-;;DOLAR DOS EUA;;NÃO;;;;;COE
JUROS INTERNACIONAIS;SOFR 75BPS;BLOOMBERG;SOFR 75BPS;;;-;;DOLAR DOS EUA;;NÃO;;;;;COE
JUROS INTERNACIONAIS;SOFR-05BPS;BLOOMBERG;SOFR-05BPS;;;-;;DOLAR DOS EUA;;NÃO;;;;;COE
JUROS INTERNACIONAIS;SOFR100BPS;BLOOMBERG;SOFR100BPS;;;-;;DOLAR DOS EUA;;NÃO;;;;;COE
JUROS INTERNACIONAIS;SOFR-50BPS;BLOOMBERG;SOFR-50BPS;;;-;;DOLAR DOS EUA;;NÃO;;;;;COE
JUROS INTERNACIONAIS;TSFR1M;BLOOMBERG;TSFR1M;;;-;;DOLAR DOS EUA;;SIM;;;;;SWAP
JUROS INTERNACIONAIS;TSFR12M;BLOOMBERG;TSFR12M;;;-;;DOLAR DOS EUA;;SIM;;;;;SWAP
JUROS INTERNACIONAIS;TSFR3M;BLOOMBERG;TSFR3M;;;-;;DOLAR DOS EUA;;SIM;;;;;SWAP
JUROS INTERNACIONAIS;TSFR6M;BLOOMBERG;TSFR6M;;;-;;DOLAR DOS EUA;;SIM;;;;;SWAP
JUROS INTERNACIONAIS;USOSFR10_;BLOOMBERG;USOSFR10;;;-;;DOLAR DOS EUA;;SIM;;;;;COE
TAXAS DE CAMBIO;ARS;BACEN;Peso argentino venda;;;PTAX800;;REAL;;SIM;;;;;OPC
TAXAS DE CAMBIO;ARS;BACEN;Peso argentino venda;;;PTAX800;;REAL;;SIM;;;;;COE
TAXAS DE CAMBIO;AUD;BACEN;Dólar australiano venda;;;PTAX800;;REAL;;SIM;;;;;OPC
TAXAS DE CAMBIO;AUD;BACEN;Dólar australiano venda;;;PTAX800;;REAL;;SIM;;;;;COE
TAXAS DE CAMBIO;AUDUSDRWM;REUTERS;Dolar Australiano WMR;;;-;;REAL;;SIM;;;;;TER
TAXAS DE CAMBIO;BCRD_BRL;BLOOMBERG;BCRD_BRL;;;-;;REAL;;SIM;;;;;TER
TAXAS DE CAMBIO;BCRD_USD;BLOOMBERG;BCRD_USD;;;-;;REAL;;SIM;;;;;TER
TAXAS DE CAMBIO;BOB;BACEN;Boliviano venda;;;PTAX800;;REAL;;SIM;;;;;COE
TAXAS DE CAMBIO;BOB;BACEN;Boliviano venda;;;PTAX800;;REAL;;SIM;;;;;OPC
TAXAS DE CAMBIO;BRLCNH;BLOOMBERG;BRLCNH_BBG;;;-;;REAL;;SIM;;;;;TER
TAXAS DE CAMBIO;BRLCNH;BLOOMBERG;BRLCNH_BBG;;;-;;REAL;;SIM;;;;;OPC
TAXAS DE CAMBIO;BRL_COP;BLOOMBERG;BRL_COP;;;-;;REAL;;SIM;;;;;TER
TAXAS DE CAMBIO;BZFXEURO;BLOOMBERG;BZFXEURO;;;-;;REAL;;SIM;;;;;COE
TAXAS DE CAMBIO;CAD;BACEN;Dólar canadense venda;;;PTAX800;;REAL;;SIM;;;;;COE
TAXAS DE CAMBIO;CAD;BACEN;Dólar canadense venda;;;PTAX800;;REAL;;SIM;;;;;OPC
TAXAS DE CAMBIO;CHF;BACEN;Franco suíço venda;;;PTAX800;;REAL;;SIM;;;;;OPC
TAXAS DE CAMBIO;CHF;BACEN;Franco suíço venda;;;PTAX800;;REAL;;SIM;;;;;COE
TAXAS DE CAMBIO;CLP;BACEN;Peso chileno venda;;;PTAX800;;REAL;;SIM;;;;;COE
TAXAS DE CAMBIO;CLP;BACEN;Peso chileno venda;;;PTAX800;;REAL;;SIM;;;;;OPC
TAXAS DE CAMBIO;CLP10Y;REUTERS;CLP10Y;;;-;;REAL;;SIM;;;;;TER
TAXAS DE CAMBIO;CNH;BACEN;RENMINBI HONG KON - Venda;;;PTAX800;;REAL;;SIM;;;;;COE
TAXAS DE CAMBIO;CNH;BACEN;RENMINBI HONG KON - Venda;;;PTAX800;;REAL;;SIM;;;;;OPC
TAXAS DE CAMBIO;CNHBRL_WMR;REUTERS;CNHBRL_WMR;;;-;;REAL;;SIM;;;;;OPC
TAXAS DE CAMBIO;CNHBRL_WMR;REUTERS;CNHBRL_WMR;;;-;;REAL;;SIM;;;;;TER
TAXAS DE CAMBIO;CNY;BACEN;Iuan Renmimbi/China venda;;;PTAX800;;REAL;;SIM;;;;;COE
TAXAS DE CAMBIO;CNY;BACEN;Iuan Renmimbi/China venda;;;PTAX800;;REAL;;SIM;;;;;OPC
TAXAS DE CAMBIO;CNYMUSD;BLOOMBERG;CNYMUSD;;;-;;IUAN RENMIMBI/CHI;;SIM;;;;;TER
TAXAS DE CAMBIO;COP;BACEN;Peso colombiano venda;;;PTAX800;;REAL;;SIM;;;;;COE
TAXAS DE CAMBIO;COP;BACEN;Peso colombiano venda;;;PTAX800;;REAL;;SIM;;;;;OPC
TAXAS DE CAMBIO;CZK;BACEN;COROA TCHECA - Venda;;;PTAX800;;REAL;;SIM;;;;;TER
TAXAS DE CAMBIO;CZK;BACEN;COROA TCHECA - Venda;;;PTAX800;;REAL;;SIM;;;;;COE
TAXAS DE CAMBIO;CZK;BACEN;COROA TCHECA - Venda;;;PTAX800;;REAL;;SIM;;;;;OPC
TAXAS DE CAMBIO;DKK;BACEN;Coroa dinamarquesa venda;;;PTAX800;;REAL;;SIM;;;;;COE
TAXAS DE CAMBIO;DKK;BACEN;Coroa dinamarquesa venda;;;PTAX800;;REAL;;SIM;;;;;OPC
TAXAS DE CAMBIO;EUR;BACEN;Euro venda;;;PTAX800;;REAL;;SIM;;;;;COE
TAXAS DE CAMBIO;EUR;BACEN;Euro venda;;;PTAX800;;REAL;;SIM;;;;;TER
TAXAS DE CAMBIO;EUR;BACEN;Euro venda;;;PTAX800;;REAL;;SIM;;;;;OPC
TAXAS DE CAMBIO;EUR L160;BLOOMBERG;EUR L160;;;-;;DOLAR DOS EUA;;SIM;;;;;TER
TAXAS DE CAMBIO;EURO CROSS;INEXISTENTE;EURO CROSS;;;-;;REAL;;NÃO;;;;;COE
TAXAS DE CAMBIO;EUR_PAR;INEXISTENTE;EURO/COM.EUROPEIA - USDEUR;;;INEXISTENTE;;DOLAR DOS EUA;;NÃO;;;;;COE
TAXAS DE CAMBIO;EURWMR BRL;REUTERS;EURO WMR BRL;;;-;;REAL;;SIM;;;;;OPC
TAXAS DE CAMBIO;EURWMR BRL;REUTERS;EURO WMR BRL;;;-;;REAL;;SIM;;;;;COE
TAXAS DE CAMBIO;EURWMR BRL;REUTERS;EURO WMR BRL;;;-;;REAL;;SIM;;;;;TER
TAXAS DE CAMBIO;GBP;BACEN;Libra Esterlina venda;;;PTAX800;;REAL;;SIM;;;;;OPC
TAXAS DE CAMBIO;GBP;BACEN;Libra Esterlina venda;;;PTAX800;;REAL;;SIM;;;;;COE
TAXAS DE CAMBIO;GBPUSDRWM;REUTERS;Libra Esterlina WMR;;;-;;REAL;;SIM;;;;;TER
TAXAS DE CAMBIO;HKD;BACEN;Dólar/Hong-Kong venda;;;PTAX800;;REAL;;SIM;;;;;COE
TAXAS DE CAMBIO;HUF;BACEN;FORINT/HUNGRIA - Venda;;;PTAX800;;REAL;;SIM;;;;;COE
TAXAS DE CAMBIO;HUF;BACEN;FORINT/HUNGRIA - Venda;;;PTAX800;;REAL;;SIM;;;;;OPC
TAXAS DE CAMBIO;JPY;BACEN;Iene venda;;;PTAX800;;REAL;;SIM;;;;;COE
TAXAS DE CAMBIO;JPY;BACEN;Iene venda;;;PTAX800;;REAL;;SIM;;;;;OPC
TAXAS DE CAMBIO;KRW;BACEN;Won/Coréia do Sul venda;;;PTAX800;;REAL;;SIM;;;;;COE
TAXAS DE CAMBIO;KRW;BACEN;Won/Coréia do Sul venda;;;PTAX800;;REAL;;SIM;;;;;OPC
TAXAS DE CAMBIO;MXN;BACEN;Peso mexicano venda;;;PTAX800;;REAL;;SIM;;;;;COE
TAXAS DE CAMBIO;MXN;BACEN;Peso mexicano venda;;;PTAX800;;REAL;;SIM;;;;;OPC
TAXAS DE CAMBIO;MXN WMR;REUTERS;PESO MEXICANO WMR;00000000000005;;PTAX800;;REAL;;SIM;;;;;TER
TAXAS DE CAMBIO;NOK;BACEN;Coroa norueguesa venda;;;PTAX800;;REAL;;SIM;;;;;OPC
TAXAS DE CAMBIO;NOK;BACEN;Coroa norueguesa venda;;;PTAX800;;REAL;;SIM;;;;;COE
TAXAS DE CAMBIO;NOK;BACEN;Coroa norueguesa venda;;;PTAX800;;REAL;;SIM;;;;;TER
TAXAS DE CAMBIO;NZDUSDRWM;REUTERS;Nova Zelândia WMR;;;-;;REAL;;SIM;;;;;TER
TAXAS DE CAMBIO;PEN;BACEN;Novo-Sol venda;;;PTAX800;;REAL;;SIM;;;;;COE
TAXAS DE CAMBIO;PEN;BACEN;Novo-Sol venda;;;PTAX800;;REAL;;SIM;;;;;OPC
TAXAS DE CAMBIO;PHP;BACEN;PESO/FILIPINAS - Venda;;;PTAX800;;REAL;;SIM;;;;;OPC
TAXAS DE CAMBIO;PHP;BACEN;PESO/FILIPINAS - Venda;;;PTAX800;;REAL;;SIM;;;;;COE
TAXAS DE CAMBIO;PLN;BACEN;ZLOTY/POLONIA - Venda;;;PTAX800;;REAL;;SIM;;;;;COE
TAXAS DE CAMBIO;PLN;BACEN;ZLOTY/POLONIA - Venda;;;PTAX800;;REAL;;SIM;;;;;OPC
TAXAS DE CAMBIO;QAR;BACEN;RIAL/CATAR - Venda;;;PTAX800;;REAL;;SIM;;;;;COE
TAXAS DE CAMBIO;QAR;BACEN;RIAL/CATAR - Venda;;;PTAX800;;REAL;;SIM;;;;;OPC
TAXAS DE CAMBIO;SBN3 TER;BLOOMBERG;SBN13 TER_DEL;;;-;;REAL;;NÃO;;;;;COE
TAXAS DE CAMBIO;SEK;BACEN;Coroa sueca venda;;;PTAX800;;REAL;;SIM;;;;;COE
TAXAS DE CAMBIO;SEK;BACEN;Coroa sueca venda;;;PTAX800;;REAL;;SIM;;;;;OPC
TAXAS DE CAMBIO;SGD;BACEN;Dólar/Cingapura venda;;;PTAX800;;REAL;;SIM;;;;;COE
TAXAS DE CAMBIO;SGD;BACEN;Dólar/Cingapura venda;;;PTAX800;;REAL;;SIM;;;;;OPC
TAXAS DE CAMBIO;THB;BACEN;Bath/Tailândia venda;;;PTAX800;;REAL;;SIM;;;;;COE
TAXAS DE CAMBIO;THB;BACEN;Bath/Tailândia venda;;;PTAX800;;REAL;;SIM;;;;;OPC
TAXAS DE CAMBIO;TWD;BACEN;Novo Dólar/Taiwan venda;;;PTAX800;;REAL;;SIM;;;;;OPC
TAXAS DE CAMBIO;TWD;BACEN;Novo Dólar/Taiwan venda;;;PTAX800;;REAL;;SIM;;;;;COE
TAXAS DE CAMBIO;USD;BACEN;Dólar Fechamento Venda;;;PTAX800;;REAL;;SIM;;;;;TER
TAXAS DE CAMBIO;USD;BACEN;Dólar Fechamento Venda;;;PTAX800;;REAL;;SIM;;;;;OPC
TAXAS DE CAMBIO;USD;BACEN;Dólar Fechamento Venda;;;PTAX800;;REAL;;SIM;;;;;COE
TAXAS DE CAMBIO;USD_BBG;BLOOMBERG;USD_BBG Máximo;;;-;;REAL;;SIM;;;;;OPC
TAXAS DE CAMBIO;USD_BBG;BLOOMBERG;USD_BBG Fechamento;;;-;;REAL;;SIM;;;;;OPC
TAXAS DE CAMBIO;USD_BBG;BLOOMBERG;USD_BBG Mínimo;;;-;;REAL;;SIM;;;;;OPC
TAXAS DE CAMBIO;USDBRLRWM;REUTERS;Dolar WMR;;;-;;REAL;;SIM;;;;;TER
TAXAS DE CAMBIO;USDCADRWM;REUTERS;Dolar Canadense WMR;;;-;;REAL;;SIM;;;;;TER
TAXAS DE CAMBIO;USDCHFRWM;REUTERS;Dolar Franco Suiço WMR;;;-;;REAL;;SIM;;;;;TER
TAXAS DE CAMBIO;USDCLPRWM;REUTERS;Peso Chileno WMR;;;-;;REAL;;SIM;;;;;TER
TAXAS DE CAMBIO;USDCNHRWM;REUTERS;Dolar Renminbi HK WMR;;;-;;REAL;;SIM;;;;;TER
TAXAS DE CAMBIO;USDCNHRWM;REUTERS;Dolar Renminbi HK WMR;;;-;;REAL;;SIM;;;;;OPC
TAXAS DE CAMBIO;USD_COMPRA;BACEN;Dólar Fechamento Compra;00000000000001;;PTAX800;;REAL;;SIM;;;;;OPC
TAXAS DE CAMBIO;USD_COMPRA;BACEN;Dólar Fechamento Compra;00000000000001;;PTAX800;;REAL;;SIM;;;;;TER
TAXAS DE CAMBIO;USDJPYRWM;REUTERS;Iene WMR;;;-;;REAL;;SIM;;;;;TER
TAXAS DE CAMBIO;USDZARRWM;REUTERS;Africa do Sul WMR;;;-;;REAL;;SIM;;;;;TER
TAXAS DE CAMBIO;VEF;BACEN;BOLIVAR FORTE/VEN - Venda;;;PTAX800;;REAL;;SIM;;;;;OPC
TAXAS DE CAMBIO;VEF;BACEN;BOLIVAR FORTE/VEN - Venda;;;PTAX800;;REAL;;SIM;;;;;COE
TITULOS PRIVADOS;AEGEBZ0131;BLOOMBERG;AEGEBZ0131;;;-;;DOLAR DOS EUA;;NÃO;;;;;COE
TITULOS PRIVADOS;AEGEBZ0529;IBGE;INDICE DE PRECO AO CONSUMIDOR AMPLO NAO CAPITALIZADO;00000000000001;;AMPLO;;REAL;;SIM;;;;;COE
TITULOS PRIVADOS;AEGEBZ0529;REUTERS;AEGEBZ0529;;;-;;DOLAR DOS EUA;;NÃO;;;;;COE
TITULOS PRIVADOS;AENZA29;BLOOMBERG;AENZA29;;;-;;DOLAR DOS EUA;;NÃO;;;;;COE
TITULOS PRIVADOS;AERIBZ0726;BLOOMBERG;AERIBZ0726;;;-;;REAL;;NÃO;;;;;COE
TITULOS PRIVADOS;AES0530;BLOOMBERG;AES0530;;;-;;DOLAR DOS EUA;;NÃO;;;;;COE
TITULOS PRIVADOS;AMBIBZ0231;BLOOMBERG;AMBIBZ0231;;;-;;DOLAR DOS EUA;;NÃO;;;;;COE
TITULOS PRIVADOS;AMBIBZ0233;BLOOMBERG;AMBIBZ0233;;;-;;DOLAR DOS EUA;;NÃO;;;;;COE
TITULOS PRIVADOS;ARCO0132;BLOOMBERG;ARCO0132;;;-;;DOLAR DOS EUA;;NÃO;;;;;COE
TITULOS PRIVADOS;ASTONM2903;BLOOMBERG;ASTONM2903;;;-;;DOLAR DOS EUA;;NÃO;;;;;COE
TITULOS PRIVADOS;AVALCB0230;BLOOMBERG;AVALCB0230;;;-;;DOLAR DOS EUA;;NÃO;;;;;COE
TITULOS PRIVADOS;AZZA12;BLOOMBERG;AZZA12;;;-;;REAL;;NÃO;;;;;COE
TITULOS PRIVADOS;BEEFBZ0331;REUTERS;BEEFBZ0331;;;-;;DOLAR DOS EUA;;NÃO;;;;;COE
TITULOS PRIVADOS;BEEFBZ0933;BLOOMBERG;BEEFBZ0933;;;-;;DOLAR DOS EUA;;NÃO;;;;;COE
TITULOS PRIVADOS;BLMN0429;REUTERS;BLMN0429;;;-;;DOLAR DOS EUA;;NÃO;;;;;COE
TITULOS PRIVADOS;BNDES SA.;BLOOMBERG;BNDES SA.;;;-;;DOLAR DOS EUA;;NÃO;;;;;COE
TITULOS PRIVADOS;BRADES0130;BLOOMBERG;BRADES0130;;;-;;DOLAR DOS EUA;;NÃO;;;;;COE
TITULOS PRIVADOS;BRASKEM33;BLOOMBERG;BRASKEM33;;;-;;DOLAR DOS EUA;;NÃO;;;;;COE
TITULOS PRIVADOS;BRASKM0128;REUTERS;BRASKM0128;;;-;;DOLAR DOS EUA;;NÃO;;;;;COE
TITULOS PRIVADOS;BRASKM0130;BLOOMBERG;BRASKM0130;;;-;;REAL;;NÃO;;;;;COE
TITULOS PRIVADOS;BRASKM0131;BLOOMBERG;BRASKM0131;;;-;;DOLAR DOS EUA;;NÃO;;;;;COE
TITULOS PRIVADOS;BRASKM0233;REUTERS;BRASKM0233;;;-;;DOLAR DOS EUA;;NÃO;;;;;COE
TITULOS PRIVADOS;BRDSC S.A;BLOOMBERG;BRDSC S.A;;;-;;REAL;;NÃO;;;;;COE
TITULOS PRIVADOS;BRFSBZ0130;BLOOMBERG;BRFSBZ0130;;;-;;DOLAR DOS EUA;;NÃO;;;;;COE
TITULOS PRIVADOS;CEMIG S.A;REUTERS;CEMIG S.A;;;-;;DOLAR DOS EUA;;NÃO;;;;;COE
TITULOS PRIVADOS;CRWV0630;BLOOMBERG;CRWV0630;;;-;;DOLAR DOS EUA;;NÃO;;;;;COE
TITULOS PRIVADOS;CSANBZ0630;REUTERS;CSANBZ0630;;;-;;DOLAR DOS EUA;;NÃO;;;;;COE
TITULOS PRIVADOS;CSANBZ0631;BLOOMBERG;CSANBZ0631;;;-;;DOLAR DOS EUA;;NÃO;;;;;COE
TITULOS PRIVADOS;CSANBZ0929;REUTERS;CSANBZ0929;;;-;;DOLAR DOS EUA;;NÃO;;;;;COE
TITULOS PRIVADOS;CSNABZ0128;BLOOMBERG;CSNABZ0128;;;-;;DOLAR DOS EUA;;NÃO;;;;;COE
TITULOS PRIVADOS;CSNABZ0426;REUTERS;CSNABZ0426;;;-;;DOLAR DOS EUA;;NÃO;;;;;COE
TITULOS PRIVADOS;CSNABZ0432;BLOOMBERG;CSNABZ0432;;;-;;DOLAR DOS EUA;;NÃO;;;;;COE
TITULOS PRIVADOS;CSNABZ0631;REUTERS;CSNABZ0631;;;-;;DOLAR DOS EUA;;NÃO;;;;;COE
TITULOS PRIVADOS;DASA S.A;REUTERS;DASA S.A;;;-;;DOLAR DOS EUA;;NÃO;;;;;COE
TITULOS PRIVADOS;DEXCO S.A;REUTERS;DEXCO S.A;;;-;;DOLAR DOS EUA;;NÃO;;;;;COE
TITULOS PRIVADOS;ECOPET0133;REUTERS;ECOPET0133;;;-;;DOLAR DOS EUA;;NÃO;;;;;COE
TITULOS PRIVADOS;ELEBRA0230;BLOOMBERG;ELEBRA0230;;;-;;DOLAR DOS EUA;;NÃO;;;;;COE
TITULOS PRIVADOS;ELEBRA35;BLOOMBERG;ELEBRA35;;;-;;DOLAR DOS EUA;;NÃO;;;;;COE
TITULOS PRIVADOS;ELETROBRAS;BLOOMBERG;ELETROBRAS;;;-;;REAL;;NÃO;;;;;COE
TITULOS PRIVADOS;EMBRBZ0227;REUTERS;EMBRBZ0227;;;-;;DOLAR DOS EUA;;NÃO;;;;;COE
TITULOS PRIVADOS;ENERGISA;REUTERS;ENERGISA SA;;;-;;DOLAR DOS EUA;;NÃO;;;;;COE
TITULOS PRIVADOS;EQUATORIAL;REUTERS;EQUATORIAL S.A;;;-;;DOLAR DOS EUA;;NÃO;;;;;COE
TITULOS PRIVADOS;FL1029;BLOOMBERG;FL1029;;;-;;DOLAR DOS EUA;;NÃO;;;;;COE
TITULOS PRIVADOS;FORDMCLLC;BLOOMBERG;FORDMCLLC;;;-;;REAL;;NÃO;;;;;COE
TITULOS PRIVADOS;FSBIOE0231;BLOOMBERG;FSBIOE0231;;;-;;DOLAR DOS EUA;;NÃO;;;;;COE
TITULOS PRIVADOS;FSBIOE0633;BLOOMBERG;FSBIOE0633;;;-;;DOLAR DOS EUA;;NÃO;;;;;COE
TITULOS PRIVADOS;FSBIOE1225;REUTERS;FSBIOE1225;;;-;;REAL;;NÃO;;;;;COE
TITULOS PRIVADOS;FUNOTR0234;BLOOMBERG;FUNOTR0234;;;-;;DOLAR DOS EUA;;NÃO;;;;;COE
TITULOS PRIVADOS;F0235;REUTERS;F0235;;;-;;DOLAR DOS EUA;;NÃO;;;;;COE
TITULOS PRIVADOS;F51130529;REUTERS;F51130529 FECHAMENTO;;;-;;REAL;;NÃO;;;;;COE
TITULOS PRIVADOS;GEOPAR0127;BLOOMBERG;GEOPAR0127;;;-;;DOLAR DOS EUA;;NÃO;;;;;COE
TITULOS PRIVADOS;GEOPAR0130;BLOOMBERG;GEOPAR0130;;;-;;DOLAR DOS EUA;;NÃO;;;;;COE
TITULOS PRIVADOS;GLOPAR0130;BLOOMBERG;GLOPAR0130;;;-;;REAL;;NÃO;;;;;COE
TITULOS PRIVADOS;GLOPAR0132;BLOOMBERG;GLOPAR0132;;;-;;REAL;;NÃO;;;;;COE
TITULOS PRIVADOS;GTE1029;BLOOMBERG;GTE1029;;;-;;DOLAR DOS EUA;;NÃO;;;;;COE
TITULOS PRIVADOS;HIDRVS2031;REUTERS;HIDRVS2031;;;-;;DOLAR DOS EUA;;NÃO;;;;;COE
TITULOS PRIVADOS;IOCMXW0528;REUTERS;IOCMXW0528;;;-;;DOLAR DOS EUA;;NÃO;;;;;COE
TITULOS PRIVADOS;ITAU S.A;BLOOMBERG;ITAU S.A;;;-;;REAL;;NÃO;;;;;COE
TITULOS PRIVADOS;ITAU0230;BLOOMBERG;ITAU0230;;;-;;DOLAR DOS EUA;;NÃO;;;;;COE
TITULOS PRIVADOS;JBS S.A;REUTERS;JBS S.A;;;-;;DOLAR DOS EUA;;NÃO;;;;;COE
TITULOS PRIVADOS;KARAU0529;BLOOMBERG;KARAU0529;;;-;;DOLAR DOS EUA;;NÃO;;;;;COE
TITULOS PRIVADOS;KEDRIM0929;BLOOMBERG;KEDRIM0929;;;-;;DOLAR DOS EUA;;NÃO;;;;;COE
TITULOS PRIVADOS;KLAB0131;BLOOMBERG;KLAB0131;;;-;;DOLAR DOS EUA;;NÃO;;;;;COE
TITULOS PRIVADOS;KLAB091227;REUTERS;KLAB091227;;;-;;REAL;;NÃO;;;;;COE
TITULOS PRIVADOS;KSS0531;BLOOMBERG;KSS0531;;;-;;DOLAR DOS EUA;;NÃO;;;;;COE
TITULOS PRIVADOS;LETS18;BLOOMBERG;LETS18;;;-;;REAL;;NÃO;;;;;COE
TITULOS PRIVADOS;LIGTBZ0626;REUTERS;LIGTBZ0626;;;-;;REAL;;NÃO;;;;;COE
TITULOS PRIVADOS;LOAN;BLOOMBERG;LOAN;;;-;;DOLAR DOS EUA;;NÃO;;;;;COE
TITULOS PRIVADOS;MACYS0332;BLOOMBERG;MACYS0332;;;-;;DOLAR DOS EUA;;NÃO;;;;;COE
TITULOS PRIVADOS;MARFRIG SA;REUTERS;MARFRIG SA;;;-;;DOLAR DOS EUA;;NÃO;;;;;COE
TITULOS PRIVADOS;MINERVA;BLOOMBERG;MINERVA S.A;;;-;;REAL;;NÃO;;;;;COE
TITULOS PRIVADOS;MOVIBZ0231;REUTERS;MOVIBZ0231;;;-;;REAL;;NÃO;;;;;COE
TITULOS PRIVADOS;MOVIBZ0429;BLOOMBERG;MOVIBZ0429;;;-;;DOLAR DOS EUA;;NÃO;;;;;COE
TITULOS PRIVADOS;MOVIDA S.A;BLOOMBERG;MOVIDA S.A;;;-;;REAL;;NÃO;;;;;COE
TITULOS PRIVADOS;MRFGBZ0126;REUTERS;MRFGBZ0126;;;-;;DOLAR DOS EUA;;NÃO;;;;;COE
TITULOS PRIVADOS;MRFGBZ0131;REUTERS;MRFGBZ0131;;;-;;REAL;;NÃO;;;;;COE
TITULOS PRIVADOS;MRFGBZ0526;BLOOMBERG;MRFGBZ0526;;;-;;DOLAR DOS EUA;;NÃO;;;;;COE
TITULOS PRIVADOS;MRV S.A;REUTERS;MRV S.A;;;-;;DOLAR DOS EUA;;NÃO;;;;;COE
TITULOS PRIVADOS;NATURA0429;REUTERS;NATURA0429;;;-;;REAL;;NÃO;;;;;COE
TITULOS PRIVADOS;NATURA0528;REUTERS;NATURA0528;;;-;;DOLAR DOS EUA;;NÃO;;;;;COE
TITULOS PRIVADOS;NISSAN S.A;BLOOMBERG;NISSAN S.A;;;-;;DOLAR DOS EUA;;NÃO;;;;;COE
TITULOS PRIVADOS;NUSTREU LX;BLOOMBERG;NUSTREU LX Equity;;;-;;DOLAR DOS EUA;;NÃO;;;;;COE
TITULOS PRIVADOS;PBG S.A;BLOOMBERG;PBG S.A FECHAMENTO;;;-;;REAL;;NÃO;;;;;COE
TITULOS PRIVADOS;PEMEX0131;REUTERS;PEMEX0131;;;-;;DOLAR DOS EUA;;NÃO;;;;;COE
TITULOS PRIVADOS;PEMEX0228;BLOOMBERG;PEMEX 5.35 02/12/28 FECHAMENTO;;;-;;DOLAR DOS EUA;;NÃO;;;;;COE
TITULOS PRIVADOS;PEMEX0327;REUTERS;PEMEX 6 1/2 03/13/2027 Mínimo;;;-;;DOLAR DOS EUA;;NÃO;;;;;COE
TITULOS PRIVADOS;PEMEX0327;REUTERS;PEMEX 6 1/2 03/13/2027 Máximo;;;-;;DOLAR DOS EUA;;NÃO;;;;;COE
TITULOS PRIVADOS;PEMEX0327;REUTERS;PEMEX 6 1/2 03/13/2027;;;-;;DOLAR DOS EUA;;NÃO;;;;;COE
TITULOS PRIVADOS;PETBRA0128;REUTERS;PETBRA0128;;;-;;DOLAR DOS EUA;;NÃO;;;;;COE
TITULOS PRIVADOS;PETBRA0131;BLOOMBERG;PETBRA0131;;;-;;DOLAR DOS EUA;;NÃO;;;;;COE
TITULOS PRIVADOS;PETBRA0135;BLOOMBERG;PETBRA0135;;;-;;DOLAR DOS EUA;;NÃO;;;;;COE
TITULOS PRIVADOS;PETBRA0733;BLOOMBERG;PETBRA0733;;;-;;DOLAR DOS EUA;;NÃO;;;;;COE
TITULOS PRIVADOS;PETRBRAS31;BLOOMBERG;PETRBRAS31;;;-;;REAL;;NÃO;;;;;COE
TITULOS PRIVADOS;PETRBRAS33;BLOOMBERG;PETRBRAS33;;;-;;REAL;;NÃO;;;;;COE
TITULOS PRIVADOS;PETROBRAS;BLOOMBERG;PETROBRAS;;;-;;REAL;;NÃO;;;;;COE
TITULOS PRIVADOS;PRIOBZ0626;REUTERS;PRIOBZ0626;;;-;;DOLAR DOS EUA;;NÃO;;;;;COE
TITULOS PRIVADOS;RAILBZ0132;BLOOMBERG;RAILBZ0132;;;-;;DOLAR DOS EUA;;NÃO;;;;;COE
TITULOS PRIVADOS;RAIZBZ0334;BLOOMBERG;RAIZBZ0334;;;-;;DOLAR DOS EUA;;NÃO;;;;;COE
TITULOS PRIVADOS;RAIZEN S.A;BLOOMBERG;RAIZEN S.A;;;-;;DOLAR DOS EUA;;NÃO;;;;;COE
TITULOS PRIVADOS;RDEDOR0130;BLOOMBERG;RDEDOR0130;;;-;;DOLAR DOS EUA;;NÃO;;;;;COE
TITULOS PRIVADOS;REDE DOR;REUTERS;REDE DOR;;;-;;DOLAR DOS EUA;;NÃO;;;;;COE
TITULOS PRIVADOS;RRRPBZ0231;BLOOMBERG;RRRPBZ0231;;;-;;DOLAR DOS EUA;;NÃO;;;;;COE
TITULOS PRIVADOS;SABESP S.A;BLOOMBERG;SABESP S.A;;;-;;REAL;;NÃO;;;;;COE
TITULOS PRIVADOS;SIERRA0628;BLOOMBERG;SIERRA0628;;;-;;DOLAR DOS EUA;;NÃO;;;;;COE
TITULOS PRIVADOS;SIMPAR S.A;BLOOMBERG;SIMPAR S.A;;;-;;REAL;;NÃO;;;;;COE
TITULOS PRIVADOS;SIMPAR0131;REUTERS;SIMPAR0131;;;-;;DOLAR DOS EUA;;NÃO;;;;;COE
TITULOS PRIVADOS;STNE0628;REUTERS;STNE 3.95 06/16/28 Corp;;;-;;DOLAR DOS EUA;;NÃO;;;;;COE
TITULOS PRIVADOS;STONECO;BLOOMBERG;STONECO;;;-;;DOLAR DOS EUA;;NÃO;;;;;COE
TITULOS PRIVADOS;STONESA;BLOOMBERG;STONESA;;;-;;REAL;;NÃO;;;;;COE
TITULOS PRIVADOS;SUZB0131;BLOOMBERG;SUZB0131;;;-;;DOLAR DOS EUA;;NÃO;;;;;COE
TITULOS PRIVADOS;TIMTIN0128;REUTERS;TIMTIN0128;;;-;;DOLAR DOS EUA;;NÃO;;;;;COE
TITULOS PRIVADOS;TUPY0231;BLOOMBERG;TUPY0231;;;-;;DOLAR DOS EUA;;NÃO;;;;;COE
TITULOS PRIVADOS;USIM0132;BLOOMBERG;USIM0132;;;-;;DOLAR DOS EUA;;NÃO;;;;;COE
TITULOS PRIVADOS;USIM0726;BLOOMBERG;USIM0726;;;-;;DOLAR DOS EUA;;NÃO;;;;;COE
TITULOS PRIVADOS;VALE S.A;BLOOMBERG;VALE S.A FECHAMENTO;;;-;;REAL;;NÃO;;;;;COE
TITULOS PRIVADOS;VALEBZ0633;BLOOMBERG;VALEBZ0633;;;-;;DOLAR DOS EUA;;NÃO;;;;;COE
TITULOS PRIVADOS;VOLCAN0130;BLOOMBERG;VOLCAN0130;;;-;;DOLAR DOS EUA;;NÃO;;;;;COE
TITULOS PRIVADOS;VOLVO S.A;BLOOMBERG;VOLVO S.A;;;-;;DOLAR DOS EUA;;NÃO;;;;;COE
TITULOS PRIVADOS;VSCO0729;BLOOMBERG;VSCO0729;;;-;;DOLAR DOS EUA;;NÃO;;;;;COE
TITULOS PUBLICOS;BHRAIN1028;REUTERS;BHRAIN1028;;;-;;DOLAR DOS EUA;;NÃO;;;;;COE
TITULOS PUBLICOS;BNTNB0828;SELIC;BNTNB0828;;;-;;REAL;;NÃO;;;;;COE
TITULOS PUBLICOS;BRAZIL0128;REUTERS;BRAZIL0128;;;-;;DOLAR DOS EUA;;NÃO;;;;;COE
TITULOS PUBLICOS;BRAZIL0132;BLOOMBERG;BRAZIL0132;;;-;;DOLAR DOS EUA;;NÃO;;;;;COE
TITULOS PUBLICOS;BRAZIL0334;BLOOMBERG;BRAZIL0334;;;-;;DOLAR DOS EUA;;SIM;;;;;COE
TITULOS PUBLICOS;BRAZIL0335;BLOOMBERG;BRAZIL0335;;;-;;DOLAR DOS EUA;;NÃO;;;;;COE
TITULOS PUBLICOS;BRAZIL0426;REUTERS;BRAZIL0426;;;-;;DOLAR DOS EUA;;NÃO;;;;;COE
TITULOS PUBLICOS;BRAZIL0931;REUTERS;BRAZIL0931;;;-;;DOLAR DOS EUA;;NÃO;;;;;COE
TITULOS PUBLICOS;BRAZIL1033;REUTERS;BRAZIL1033;;;-;;DOLAR DOS EUA;;NÃO;;;;;COE
TITULOS PUBLICOS;BRZIL0331;BLOOMBERG;BRAZIL0331;;;-;;DOLAR DOS EUA;;NÃO;;;;;COE
TITULOS PUBLICOS;BZ011328;REUTERS;BRAZIL 4 5/8 01/13/2028 Mínimo;;;-;;DOLAR DOS EUA;;NÃO;;;;;COE
TITULOS PUBLICOS;BZ011328;REUTERS;BRAZIL 4 5/8 01/13/2028 Máximo;;;-;;DOLAR DOS EUA;;NÃO;;;;;COE
TITULOS PUBLICOS;BZ011328;REUTERS;BRAZIL 4 5/8 01/13/2028;;;-;;DOLAR DOS EUA;;NÃO;;;;;COE
TITULOS PUBLICOS;BZ061230;REUTERS;BRAZIL 3 7/8 06/12/2030 Mínimo;;;-;;DOLAR DOS EUA;;NÃO;;;;;COE
TITULOS PUBLICOS;BZ061230;REUTERS;BRAZIL 3 7/8 06/12/2030 Máximo;;;-;;DOLAR DOS EUA;;NÃO;;;;;COE
TITULOS PUBLICOS;BZ061230;REUTERS;BRAZIL 3 7/8 06/12/2030;;;-;;DOLAR DOS EUA;;NÃO;;;;;COE
TITULOS PUBLICOS;CGB-072526;REUTERS;CGB-072526;;;-;;IUAN RENMIMBI/CHI;;NÃO;;;;;COE
TITULOS PUBLICOS;CGB-080426;REUTERS;CGB-080426;;;-;;IUAN RENMIMBI/CHI;;NÃO;;;;;COE
TITULOS PUBLICOS;CGB-081226;REUTERS;CGB-081226;;;-;;IUAN RENMIMBI/CHI;;NÃO;;;;;COE
TITULOS PUBLICOS;COLOM0329;REUTERS;COLOM0329;;;-;;DOLAR DOS EUA;;NÃO;;;;;COE
TITULOS PUBLICOS;GOV BRASIL;BLOOMBERG;GOV BRASIL;;;-;;DOLAR DOS EUA;;NÃO;;;;;COE
TITULOS PUBLICOS;GOV COL;BLOOMBERG;GOV COL;;;-;;DOLAR DOS EUA;;NÃO;;;;;COE
CESTA;CESTA;;;;;;;;;;;;;;COE
