FIGURA;TITULO;ORDEM;CAMPO;DESCRICAO
COE001001;COE001001 - Call;1;Strike 1 (%);Campo de preenchimento obrigatório. Formato: Numérico percentual com 4 inteiros e 8 decimais, maior que 0. Percentual aplicado sobre o Valor Inicial do Ativo Subjacente.
COE001001;COE001001 - Call;2;Quantidade 1;Campo de preenchimento opcional. Informa a quantidade do ativo subjacente que é utilizado no cálculo de ajuste referente ao Strike 1. Formato: Numérico com 8 inteiros e 8 decimais.
COE001001;COE001001 - Call;3;Participação cenário de alta (%);Campo de preenchimento obrigatório. Número indicando percentual a ser aplicado sobre a valorização do ativo subjacente. Formato: Numérico com 4 inteiros e 4 decimais, maior que 0.
COE001001;COE001001 - Call;4;Período de captura do ativo subjacente para liquidação;Campo de preenchimento obrigatório. Campo com as opções: Data Única, Janela de Datas e Mais Datas. Indica como será formado o fixing no vencimento. Caso o ativo subjacente seja uma Cesta,não é permitido selecionar a opção “Janela de Datas” Se indicado Janela de Datas ou Mais Datas, será obrigatório o preenchimento do campo “Tipo de Fixing para Vencimento”. Caso seja indicado “Mais Datas” as datas serão indicadas na seção “Mais Datas”.
COE001001;COE001001 - Call;5;Data para fixing;"Campo de preenchimento obrigatório, se indicado ""Data única"". Formato: DD/MM/AAAA. Não preencher se a “Classe do Ativo Subjacente” for igual a “CESTA”."
COE001001;COE001001 - Call;6;Data inicial para fixing;"Campo de preenchimento obrigatório, se indicado ""Janela de datas"". Formato: DD/MM/AAAA. Não preencher se a “Classe do Ativo Subjacente” for igual a “CESTA”. É possível escolher uma data maior ou igual à “Data de Emissão” (ou “Emissão a Termo”), e menor que “Data Final para Fixing”."
COE001001;COE001001 - Call;7;Data final para fixing;"Campo de preenchimento obrigatório, se indicado ""Janela de datas"". Formato: DD/MM/AAAA. Não preencher se a “Classe do Ativo Subjacente” for igual a “CESTA”. Esta data deve ser posterior à indicada no campo “Data Inicial para Fixing”, sendo que o prazo máximo de dias entre a “Data Final para Fixing” e o vencimento é de 5 dias úteis e o prazo mínimo entre estas datas é 1 dia útil."
COE001001;COE001001 - Call;8;Tipo de Cotação para Liquidação;Campo de preenchimento obrigatório. Não preencher se a “Classe do Ativo Subjacente” for igual a “CESTA”. Indicação de qual será a cotação a ser considerada na liquidação da operação. Campo com as opções: Fechamento, Média, Máximo, Mínimo e Ajuste.
COE001001;COE001001 - Call;9;Tipo de Fixing para Vencimento;Campo de preenchimento obrigatório quando no campo “Período de captura do ativo subjacente para liquidação” for selecionado “Janela de Datas” ou “Mais Datas” . Campo com os domínios: Máxima no Período, Mínima no Período e Média no Período Indica como será formado o fixing para o vencimento do COE. • Máximo no período: O sistema irá verificar a cotação de todas as datas do intervalo da “Data fixing” (inclusive) até a “Data Fixing 2” (inclusive) e utilizará a maior cotação do intervalo como fixing do evento. • Mínimo no período: O sistema irá verificar a cotação de todas as datas do intervalo da “Data fixing” (inclusive) até a “Data Fixing 2” (inclusive) e utilizará a menor cotação do intervalo como fixing do evento. • Média no período: O sistema irá verificar a cotação de todas as datas do intervalo da “Data fixing” (inclusive) até a “Data Fixing 2” (inclusive) e utilizará a média de todas as cotações do intervalo como fixing do evento.
COE001002;COE001002 - Put;1;Strike 1 (%);Campo de preenchimento obrigatório. Formato: Numérico percentual com 4 inteiros e 8 decimais, maior que 0. Percentual aplicado sobre o Valor Inicial do Ativo Subjacente.
COE001002;COE001002 - Put;2;Quantidade 1;Campo de preenchimento opcional. Informa a quantidade do ativo subjacente que é utilizado no cálculo de ajuste referente ao Strike 1. Formato: Numérico com 8 inteiros e 8 decimais.
COE001002;COE001002 - Put;3;Participação cenário de baixa (%);Campo de preenchimento obrigatório. Número indicando percentual a ser aplicado sobre a desvalorização do ativo subjacente. Formato: Numérico com 4 inteiros e 4 decimais, maior que 0.
COE001002;COE001002 - Put;4;Período de captura do ativo subjacente para liquidação;Campo de preenchimento obrigatório. Campo com as opções: Data Única, Janela de Datas e Mais Datas. Indica como será formado o fixing no vencimento. Caso o ativo subjacente seja uma Cesta,não é permitido selecionar a opção “Janela de Datas” Se indicado Janela de Datas ou Mais Datas, será obrigatório o preenchimento do campo “Tipo de Fixing para Vencimento”. Caso seja indicado “Mais Datas” as datas serão indicadas na seção “Mais Datas”.
COE001002;COE001002 - Put;5;Data inicial para fixing;"Campo de preenchimento obrigatório, se indicado ""Janela de datas"". Formato: DD/MM/AAAA. Não preencher se a “Classe do Ativo Subjacente” for igual a “CESTA”. É possível escolher uma data maior ou igual à “Data de Emissão” (ou “Emissão a Termo”), e menor que “Data Final para Fixing”."
COE001002;COE001002 - Put;6;Data final para fixing;"Campo de preenchimento obrigatório, se indicado ""Janela de datas"". Formato: DD/MM/AAAA. Não preencher se a “Classe do Ativo Subjacente” for igual a “CESTA”. Esta data deve ser posterior à indicada no campo “Data Inicial para Fixing”, sendo que o prazo máximo de dias entre a “Data Final para Fixing” e o vencimento é de 5 dias úteis e o prazo mínimo entre estas datas é 1 dia útil."
COE001002;COE001002 - Put;7;Data para fixing;"Campo de preenchimento obrigatório, se indicado ""Data única"". Formato: DD/MM/AAAA. Não preencher se a “Classe do Ativo Subjacente” for igual a “CESTA”."
COE001002;COE001002 - Put;8;Tipo de Cotação para Liquidação;Campo de preenchimento obrigatório. Não preencher se a “Classe do Ativo Subjacente” for igual a “CESTA”. Indicação de qual será a cotação a ser considerada na liquidação da operação. Campo com as opções: Fechamento, Média, Máximo, Mínimo e Ajuste.
COE001002;COE001002 - Put;9;Tipo de Fixing para Vencimento;Campo de preenchimento obrigatório quando no campo “Período de captura do ativo subjacente para liquidação” for selecionado “Janela de Datas” ou “Mais Datas” . Campo com os domínios: Máxima no Período, Mínima no Período e Média no Período Indica como será formado o fixing para o vencimento do COE. • Máximo no período: O sistema irá verificar a cotação de todas as datas do intervalo da “Data fixing” (inclusive) até a “Data Fixing 2” (inclusive) e utilizará a maior cotação do intervalo como fixing do evento. • Mínimo no período: O sistema irá verificar a cotação de todas as datas do intervalo da “Data fixing” (inclusive) até a “Data Fixing 2” (inclusive) e utilizará a menor cotação do intervalo como fixing do evento. • Média no período: O sistema irá verificar a cotação de todas as datas do intervalo da “Data fixing” (inclusive) até a “Data Fixing 2” (inclusive) e utilizará a média de todas as cotações do intervalo como fixing do evento.
COE001003;COE001003 - Call KO;1;Strike 1 (%);Campo de preenchimento obrigatório. Formato: Numérico percentual com 4 inteiros e 8 decimais, maior que 0. Percentual aplicado sobre o Valor Inicial do Ativo Subjacente.
COE001003;COE001003 - Call KO;2;Quantidade 1;Campo de preenchimento opcional. Informa a quantidade do ativo subjacente que é utilizado no cálculo de ajuste referente ao Strike 1. Formato: Numérico com 8 inteiros e 8 decimais.
COE001003;COE001003 - Call KO;3;Participação cenário de alta (%);Campo de preenchimento obrigatório. Número indicando percentual a ser aplicado sobre a valorização do ativo subjacente. Formato: Numérico com 4 inteiros e 4 decimais, maior que 0.
COE001003;COE001003 - Call KO;4;Barreira no Cenário de Alta (%);Campo de preenchimento obrigatório. Formato: numérico com 4 inteiros e 8 decimais, sempre maior que zero. Indica o percentual a ser aplicado sobre o valor inicial do ativo.
COE001003;COE001003 - Call KO;5;Rebate no Cenário de Alta (%);Campo de preenchimento obrigatório. Formato: numérico com 4 inteiros e 4 decimais, sempre maior que zero. Indica o percentual a ser aplicado sobre o VFE quando detectado que a cotação for maior que a barreira no período de verificação.
COE001003;COE001003 - Call KO;6;Tipo de Cotação para Verificação de Barreiras no Cenário de Alta;Campo de preenchimento obrigatório. Não preencher se a “Classe do Ativo Subjacente” for igual a “CESTA”. Indicação de qual será a cotação a ser considerada. Campo com as opções: Fechamento, Média, Máximo, Mínimo e Ajuste.
COE001003;COE001003 - Call KO;7;Período de captura do ativo subjacente para liquidação;Campo de preenchimento obrigatório. Campo com as opções: Data Única, Janela de Datas e Mais Datas. Indica como será formado o fixing no vencimento. Caso o ativo subjacente seja uma Cesta,não é permitido selecionar a opção “Janela de Datas” Se indicado Janela de Datas ou Mais Datas, será obrigatório o preenchimento do campo “Tipo de Fixing para Vencimento”. Caso seja indicado “Mais Datas” as datas serão indicadas na seção “Mais Datas”.
COE001003;COE001003 - Call KO;8;Data inicial para fixing;"Campo de preenchimento obrigatório, se indicado ""Janela de datas"". Formato: DD/MM/AAAA. Não preencher se a “Classe do Ativo Subjacente” for igual a “CESTA”. É possível escolher uma data maior ou igual à “Data de Emissão” (ou “Emissão a Termo”), e menor que “Data Final para Fixing”."
COE001003;COE001003 - Call KO;9;Data final para fixing;"Campo de preenchimento obrigatório, se indicado ""Janela de datas"". Formato: DD/MM/AAAA. Não preencher se a “Classe do Ativo Subjacente” for igual a “CESTA”. Esta data deve ser posterior à indicada no campo “Data Inicial para Fixing”, sendo que o prazo máximo de dias entre a “Data Final para Fixing” e o vencimento é de 5 dias úteis e o prazo mínimo entre estas datas é 1 dia útil."
COE001003;COE001003 - Call KO;10;Data para fixing;"Campo de preenchimento obrigatório, se indicado ""Data única"". Formato: DD/MM/AAAA. Não preencher se a “Classe do Ativo Subjacente” for igual a “CESTA”."
COE001003;COE001003 - Call KO;11;Tipo de Cotação para Liquidação;Campo de preenchimento obrigatório. Não preencher se a “Classe do Ativo Subjacente” for igual a “CESTA”. Indicação de qual será a cotação a ser considerada na liquidação da operação. Campo com as opções: Fechamento, Média, Máximo, Mínimo e Ajuste.
COE001003;COE001003 - Call KO;12;Período de Pagamento;"Campo de preenchimento obrigatório. Campo com as opções: Ato e Vencimento. Se indicado “Ato” e houver disparo do trigger, o pagamento do COE será antecipado 'a data do disparo. Se indicado ""Vencimento"" e houver disparo do trigger, o contrato será marcado sendo o pagamento efetuado apenas no vencimento."
COE001003;COE001003 - Call KO;13;Período de Verificação de Barreiras;Campo de preenchimento obrigatório. Campo com as opções: Americana e Europeia. Se indicado “Europeia” apenas a “Data para Fixing” pode ser preenchido. Se indicado “Americana” apenas a “Data Inicial para Verificação” e “Data Final para Verificação” podem ser preenchidos.
COE001003;COE001003 - Call KO;14;Data Inicial para Verificação;Campo de preenchimento obrigatório, se indicado “Americana”. A partir de D+1 da “Data de Emissão” (ou “Emissão a Termo”) e menor que “Data Final para Verificação” Formato: DD/MM/AAAA.
COE001003;COE001003 - Call KO;15;Data Final para Verificação;Campo de preenchimento obrigatório, se indicado “Americana”. Essa data deve ser posterior à indicada no campo “Data Inicial para Verificação”, sendo que o prazo mínimo de dias entre as datas deve ser de 1 dia útil. Formato: DD/MM/AAAA.
COE001003;COE001003 - Call KO;16;Tipo de Fixing para Vencimento;Campo de preenchimento obrigatório quando no campo “Período de captura do ativo subjacente para liquidação” for selecionado “Janela de Datas” ou “Mais Datas” . Campo com os domínios: Máxima no Período, Mínima no Período e Média no Período Indica como será formado o fixing para o vencimento do COE. • Máximo no período: O sistema irá verificar a cotação de todas as datas do intervalo da “Data fixing” (inclusive) até a “Data Fixing 2” (inclusive) e utilizará a maior cotação do intervalo como fixing do evento. • Mínimo no período: O sistema irá verificar a cotação de todas as datas do intervalo da “Data fixing” (inclusive) até a “Data Fixing 2” (inclusive) e utilizará a menor cotação do intervalo como fixing do evento. • Média no período: O sistema irá verificar a cotação de todas as datas do intervalo da “Data fixing” (inclusive) até a “Data Fixing 2” (inclusive) e utilizará a média de todas as cotações do intervalo como fixing do evento.
COE001004;COE001004 - Put KO;1;Strike 1 (%);Campo de preenchimento obrigatório. Formato: Numérico percentual com 4 inteiros e 8 decimais, maior que 0. Percentual aplicado sobre o Valor Inicial do Ativo Subjacente.
COE001004;COE001004 - Put KO;2;Quantidade 1;Campo de preenchimento opcional. Informa a quantidade do ativo subjacente que é utilizado no cálculo de ajuste referente ao Strike 1. Formato: Numérico com 8 inteiros e 8 decimais.
COE001004;COE001004 - Put KO;3;Participação cenário de baixa (%);Campo de preenchimento obrigatório. Número indicando percentual a ser aplicado sobre a desvalorização do ativo subjacente. Formato: Numérico com 4 inteiros e 4 decimais, maior que 0.
COE001004;COE001004 - Put KO;4;Barreira no Cenário de Baixa (%);Campo de preenchimento obrigatório. Formato: numérico com 4 inteiros e 8 decimais, sempre maior que zero. Indica o percentual a ser aplicado sobre o valor inicial do ativo subjacente.
COE001004;COE001004 - Put KO;5;Rebate no Cenário de Baixa (%);Campo de preenchimento obrigatório. Formato: numérico com 4 inteiros e 4 decimais, maior ou igual a zero. Indica o percentual a ser aplicado sobre o VFE quando detectado que a cotação for maior que a barreira no período de verificação.
COE001004;COE001004 - Put KO;6;Tipo de Cotação para Verificação de Barreiras no Cenário de Baixa;Campo de preenchimento obrigatório. Não preencher se a “Classe do Ativo Subjacente” for igual a “CESTA”. Indicação de qual será a cotação a ser considerada. Campo com as opções: Fechamento, Média, Máximo, Mínimo e Ajuste.
COE001004;COE001004 - Put KO;7;Período de captura do ativo subjacente para liquidação;Campo de preenchimento obrigatório. Campo com as opções: Data Única, Janela de Datas e Mais Datas. Indica como será formado o fixing no vencimento. Caso o ativo subjacente seja uma Cesta,não é permitido selecionar a opção “Janela de Datas” Se indicado Janela de Datas ou Mais Datas, será obrigatório o preenchimento do campo “Tipo de Fixing para Vencimento”. Caso seja indicado “Mais Datas” as datas serão indicadas na seção “Mais Datas”.
COE001004;COE001004 - Put KO;8;Data inicial para fixing;"Campo de preenchimento obrigatório, se indicado ""Janela de datas"". Formato: DD/MM/AAAA. Não preencher se a “Classe do Ativo Subjacente” for igual a “CESTA”. É possível escolher uma data maior ou igual à “Data de Emissão” (ou “Emissão a Termo”), e menor que “Data Final para Fixing”."
COE001004;COE001004 - Put KO;9;Data final para fixing;"Campo de preenchimento obrigatório, se indicado ""Janela de datas"". Formato: DD/MM/AAAA. Não preencher se a “Classe do Ativo Subjacente” for igual a “CESTA”. Esta data deve ser posterior à indicada no campo “Data Inicial para Fixing”, sendo que o prazo máximo de dias entre a “Data Final para Fixing” e o vencimento é de 5 dias úteis e o prazo mínimo entre estas datas é 1 dia útil."
COE001004;COE001004 - Put KO;10;Data para fixing;"Campo de preenchimento obrigatório, se indicado ""Data única"". Formato: DD/MM/AAAA. Não preencher se a “Classe do Ativo Subjacente” for igual a “CESTA”."
COE001004;COE001004 - Put KO;11;Tipo de Cotação para Liquidação;Campo de preenchimento obrigatório. Não preencher se a “Classe do Ativo Subjacente” for igual a “CESTA”. Indicação de qual será a cotação a ser considerada na liquidação da operação. Campo com as opções: Fechamento, Média, Máximo, Mínimo e Ajuste.
COE001004;COE001004 - Put KO;12;Período de Pagamento;"Campo de preenchimento obrigatório. Campo com as opções: Ato e Vencimento. Se indicado “Ato” e houver disparo do trigger, o pagamento do COE será antecipado 'a data do disparo. Se indicado ""Vencimento"" e houver disparo do trigger, o contrato será marcado sendo o pagamento efetuado apenas no vencimento."
COE001004;COE001004 - Put KO;13;Período de Verificação de Barreiras;Campo de preenchimento obrigatório. Campo com as opções: Americana e Europeia. Se indicado “Europeia” apenas a “Data para Fixing” pode ser preenchido. Se indicado “Americana” apenas a “Data Inicial para Verificação” e “Data Final para Verificação” podem ser preenchidos.
COE001004;COE001004 - Put KO;14;Data Inicial para Verificação;Campo de preenchimento obrigatório, se indicado “Americana”. A partir de D+1 da “Data de Emissão” (ou “Emissão a Termo”) e menor que “Data Final para Verificação” Formato: DD/MM/AAAA.
COE001004;COE001004 - Put KO;15;Data Final para Verificação;Campo de preenchimento obrigatório, se indicado “Americana”. Essa data deve ser posterior à indicada no campo “Data Inicial para Verificação”, sendo que o prazo mínimo de dias entre as datas deve ser de 1 dia útil. Formato: DD/MM/AAAA.
COE001004;COE001004 - Put KO;16;Tipo de Fixing para Vencimento;Campo de preenchimento obrigatório quando no campo “Período de captura do ativo subjacente para liquidação” for selecionado “Janela de Datas” ou “Mais Datas” . Campo com os domínios: Máxima no Período, Mínima no Período e Média no Período Indica como será formado o fixing para o vencimento do COE. • Máximo no período: O sistema irá verificar a cotação de todas as datas do intervalo da “Data fixing” (inclusive) até a “Data Fixing 2” (inclusive) e utilizará a maior cotação do intervalo como fixing do evento. • Mínimo no período: O sistema irá verificar a cotação de todas as datas do intervalo da “Data fixing” (inclusive) até a “Data Fixing 2” (inclusive) e utilizará a menor cotação do intervalo como fixing do evento. • Média no período: O sistema irá verificar a cotação de todas as datas do intervalo da “Data fixing” (inclusive) até a “Data Fixing 2” (inclusive) e utilizará a média de todas as cotações do intervalo como fixing do evento.
COE001005;COE001005 - Call Spread;1;Strike 1 (%);Campo de preenchimento obrigatório. Formato: Numérico percentual com 4 inteiros e 8 decimais, maior que 0. Percentual aplicado sobre o Valor Inicial do Ativo Subjacente.
COE001005;COE001005 - Call Spread;2;Quantidade 1;Campo de preenchimento opcional. Informa a quantidade do ativo subjacente que é utilizado no cálculo de ajuste referente ao Strike 1. Formato: Numérico com 8 inteiros e 8 decimais.
COE001005;COE001005 - Call Spread;3;Participação cenário de alta (%);Campo de preenchimento obrigatório. Número indicando percentual a ser aplicado sobre a valorização do ativo subjacente. Formato: Numérico com 4 inteiros e 4 decimais, maior que 0.
COE001005;COE001005 - Call Spread;4;Limitador Cenário de Alta (%);Campo de preenchimento obrigatório. Número indicando percentual a ser aplicado sobre o valor inicial do ativo subjacente. Formato: Numérico com 4 inteiros e 8 decimais, maior que 0.
COE001005;COE001005 - Call Spread;5;Período de captura do ativo subjacente para liquidação;Campo de preenchimento obrigatório. Campo com as opções: Data Única, Janela de Datas e Mais Datas. Indica como será formado o fixing no vencimento. Caso o ativo subjacente seja uma Cesta,não é permitido selecionar a opção “Janela de Datas” Se indicado Janela de Datas ou Mais Datas, será obrigatório o preenchimento do campo “Tipo de Fixing para Vencimento”. Caso seja indicado “Mais Datas” as datas serão indicadas na seção “Mais Datas”.
COE001005;COE001005 - Call Spread;6;Data inicial para fixing;"Campo de preenchimento obrigatório, se indicado ""Janela de datas"". Formato: DD/MM/AAAA. Não preencher se a “Classe do Ativo Subjacente” for igual a “CESTA”. É possível escolher uma data maior ou igual à “Data de Emissão” (ou “Emissão a Termo”), e menor que “Data Final para Fixing”."
COE001005;COE001005 - Call Spread;7;Data final para fixing;"Campo de preenchimento obrigatório, se indicado ""Janela de datas"". Formato: DD/MM/AAAA. Não preencher se a “Classe do Ativo Subjacente” for igual a “CESTA”. Esta data deve ser posterior à indicada no campo “Data Inicial para Fixing”, sendo que o prazo máximo de dias entre a “Data Final para Fixing” e o vencimento é de 5 dias úteis e o prazo mínimo entre estas datas é 1 dia útil."
COE001005;COE001005 - Call Spread;8;Data para fixing;"Campo de preenchimento obrigatório, se indicado ""Data única"". Formato: DD/MM/AAAA. Não preencher se a “Classe do Ativo Subjacente” for igual a “CESTA”."
COE001005;COE001005 - Call Spread;9;Tipo de Cotação para Liquidação;Campo de preenchimento obrigatório. Não preencher se a “Classe do Ativo Subjacente” for igual a “CESTA”. Indicação de qual será a cotação a ser considerada na liquidação da operação. Campo com as opções: Fechamento, Média, Máximo, Mínimo e Ajuste.
COE001005;COE001005 - Call Spread;10;Tipo de Fixing para Vencimento;Campo de preenchimento obrigatório quando no campo “Período de captura do ativo subjacente para liquidação” for selecionado “Janela de Datas” ou “Mais Datas” . Campo com os domínios: Máxima no Período, Mínima no Período e Média no Período Indica como será formado o fixing para o vencimento do COE. • Máximo no período: O sistema irá verificar a cotação de todas as datas do intervalo da “Data fixing” (inclusive) até a “Data Fixing 2” (inclusive) e utilizará a maior cotação do intervalo como fixing do evento. • Mínimo no período: O sistema irá verificar a cotação de todas as datas do intervalo da “Data fixing” (inclusive) até a “Data Fixing 2” (inclusive) e utilizará a menor cotação do intervalo como fixing do evento. • Média no período: O sistema irá verificar a cotação de todas as datas do intervalo da “Data fixing” (inclusive) até a “Data Fixing 2” (inclusive) e utilizará a média de todas as cotações do intervalo como fixing do evento.
COE001006;COE001006 - Put Spread;1;Strike 1 (%);Campo de preenchimento obrigatório. Formato: Numérico percentual com 4 inteiros e 8 decimais, maior que 0. Percentual aplicado sobre o Valor Inicial do Ativo Subjacente.
COE001006;COE001006 - Put Spread;2;Quantidade 1;Campo de preenchimento opcional. Informa a quantidade do ativo subjacente que é utilizado no cálculo de ajuste referente ao Strike 1. Formato: Numérico com 8 inteiros e 8 decimais.
COE001006;COE001006 - Put Spread;3;Participação cenário de baixa (%);Campo de preenchimento obrigatório. Número indicando percentual a ser aplicado sobre a desvalorização do ativo subjacente. Formato: Numérico com 4 inteiros e 4 decimais, maior que 0.
COE001006;COE001006 - Put Spread;4;Limitador Cenário de Baixa (%);Campo de preenchimento obrigatório. Número indicando percentual a ser aplicado sobre o valor inicial do ativo subjacente. Formato: Numérico com 4 inteiros e 8 decimais, maior ou igual a 0.
COE001006;COE001006 - Put Spread;5;Período de captura do ativo subjacente para liquidação;Campo de preenchimento obrigatório. Campo com as opções: Data Única, Janela de Datas e Mais Datas. Indica como será formado o fixing no vencimento. Caso o ativo subjacente seja uma Cesta,não é permitido selecionar a opção “Janela de Datas” Se indicado Janela de Datas ou Mais Datas, será obrigatório o preenchimento do campo “Tipo de Fixing para Vencimento”. Caso seja indicado “Mais Datas” as datas serão indicadas na seção “Mais Datas”.
COE001006;COE001006 - Put Spread;6;Data inicial para fixing;"Campo de preenchimento obrigatório, se indicado ""Janela de datas"". Formato: DD/MM/AAAA. Não preencher se a “Classe do Ativo Subjacente” for igual a “CESTA”. É possível escolher uma data maior ou igual à “Data de Emissão” (ou “Emissão a Termo”), e menor que “Data Final para Fixing”."
COE001006;COE001006 - Put Spread;7;Data final para fixing;"Campo de preenchimento obrigatório, se indicado ""Janela de datas"". Formato: DD/MM/AAAA. Não preencher se a “Classe do Ativo Subjacente” for igual a “CESTA”. Esta data deve ser posterior à indicada no campo “Data Inicial para Fixing”, sendo que o prazo máximo de dias entre a “Data Final para Fixing” e o vencimento é de 5 dias úteis e o prazo mínimo entre estas datas é 1 dia útil."
COE001006;COE001006 - Put Spread;8;Data para fixing;"Campo de preenchimento obrigatório, se indicado ""Data única"". Formato: DD/MM/AAAA. Não preencher se a “Classe do Ativo Subjacente” for igual a “CESTA”."
COE001006;COE001006 - Put Spread;9;Tipo de Cotação para Liquidação;Campo de preenchimento obrigatório. Não preencher se a “Classe do Ativo Subjacente” for igual a “CESTA”. Indicação de qual será a cotação a ser considerada na liquidação da operação. Campo com as opções: Fechamento, Média, Máximo, Mínimo e Ajuste.
COE001006;COE001006 - Put Spread;10;Tipo de Fixing para Vencimento;Campo de preenchimento obrigatório quando no campo “Período de captura do ativo subjacente para liquidação” for selecionado “Janela de Datas” ou “Mais Datas” . Campo com os domínios: Máxima no Período, Mínima no Período e Média no Período Indica como será formado o fixing para o vencimento do COE. • Máximo no período: O sistema irá verificar a cotação de todas as datas do intervalo da “Data fixing” (inclusive) até a “Data Fixing 2” (inclusive) e utilizará a maior cotação do intervalo como fixing do evento. • Mínimo no período: O sistema irá verificar a cotação de todas as datas do intervalo da “Data fixing” (inclusive) até a “Data Fixing 2” (inclusive) e utilizará a menor cotação do intervalo como fixing do evento. • Média no período: O sistema irá verificar a cotação de todas as datas do intervalo da “Data fixing” (inclusive) até a “Data Fixing 2” (inclusive) e utilizará a média de todas as cotações do intervalo como fixing do evento.
COE001007;COE001007 - Straddle (utilizado como exemplo da tela);1;Strike 1 (%);Campo de preenchimento obrigatório. Percentual aplicado sobre o Valor Inicial do Ativo Subjacente. Formato: Numérico percentual com 4 inteiros e 8 decimais, maior que 0.
COE001007;COE001007 - Straddle (utilizado como exemplo da tela);2;Quantidade 1;Campo de preenchimento opcional. Informa a quantidade do ativo subjacente que é utilizado no cálculo de ajuste referente ao Strike 1. Formato: Numérico com 8 inteiros e 8 decimais.
COE001007;COE001007 - Straddle (utilizado como exemplo da tela);3;Participação cenário de baixa (%);Campo de preenchimento obrigatório. Número indicando percentual a ser aplicado sobre a desvalorização do ativo subjacente. Formato: Numérico com 4 inteiros e 4 decimais, maior que 0.
COE001007;COE001007 - Straddle (utilizado como exemplo da tela);4;Participação cenário de alta (%);Campo de preenchimento obrigatório. Número indicando percentual a ser aplicado sobre a valorização do ativo subjacente. Formato: Numérico com 4 inteiros e 4 decimais, maior que 0.
COE001007;COE001007 - Straddle (utilizado como exemplo da tela);5;Período de captura do ativo subjacente para liquidação;Campo de preenchimento obrigatório. Campo com as opções: Data Única, Janela de Datas e Mais Datas. Indica como será formado o fixing no vencimento. Caso o ativo subjacente seja uma Cesta,não é permitido selecionar a opção “Janela de Datas” Se indicado Janela de Datas ou Mais Datas, será obrigatório o preenchimento do campo “Tipo de Fixing para Vencimento”. Caso seja indicado “Mais Datas” as datas serão indicadas na seção “Mais Datas”.
COE001007;COE001007 - Straddle (utilizado como exemplo da tela);6;Data inicial para fixing;"Campo de preenchimento obrigatório, se indicado ""Janela de datas"". Formato: DD/MM/AAAA. Não preencher se a “Classe do Ativo Subjacente” for igual a “CESTA”. É possível escolher uma data maior ou igual à “Data de Emissão” (ou “Emissão a Termo”), e menor que “Data Final para Fixing”."
COE001007;COE001007 - Straddle (utilizado como exemplo da tela);7;Data final para fixing;"Campo de preenchimento obrigatório, se indicado ""Janela de datas"". Formato: DD/MM/AAAA. Não preencher se a “Classe do Ativo Subjacente” for igual a “CESTA”. Esta data deve ser posterior à indicada no campo “Data Inicial para Fixing”, sendo que o prazo máximo de dias entre a “Data Final para Fixing” e o vencimento é de 5 dias úteis e o prazo mínimo entre estas datas é 1 dia útil."
COE001007;COE001007 - Straddle (utilizado como exemplo da tela);8;Data para fixing;"Campo de preenchimento obrigatório, se indicado ""Data única"". Formato: DD/MM/AAAA. Não preencher se a “Classe do Ativo Subjacente” for igual a “CESTA”."
COE001007;COE001007 - Straddle (utilizado como exemplo da tela);9;Tipo de Cotação para Liquidação;Campo de preenchimento obrigatório. Não preencher se a “Classe do Ativo Subjacente” for igual a “CESTA”. Indicação de qual será a cotação a ser considerada na liquidação da operação. Campo com as opções: Fechamento, Média, Máximo, Mínimo e Ajuste.
COE001007;COE001007 - Straddle (utilizado como exemplo da tela);10;Tipo de Fixing para Vencimento;Campo de preenchimento obrigatório quando no campo “Período de captura do ativo subjacente para liquidação” for selecionado “Janela de Datas” ou “Mais Datas” . Campo com os domínios: Máxima no Período, Mínima no Período e Média no Período Indica como será formado o fixing para o vencimento do COE. • Máximo no período: O sistema irá verificar a cotação de todas as datas do intervalo da “Data fixing” (inclusive) até a “Data Fixing 2” (inclusive) e utilizará a maior cotação do intervalo como fixing do evento. • Mínimo no período: O sistema irá verificar a cotação de todas as datas do intervalo da “Data fixing” (inclusive) até a “Data Fixing 2” (inclusive) e utilizará a menor cotação do intervalo como fixing do evento. • Média no período: O sistema irá verificar a cotação de todas as datas do intervalo da “Data fixing” (inclusive) até a “Data Fixing 2” (inclusive) e utilizará a média de todas as cotações do intervalo como fixing do evento.
COE001008;COE001008 - Straddle Call KO;1;Strike 1 (%);Campo de preenchimento obrigatório. Formato: Numérico percentual com 4 inteiros e 8 decimais, maior que 0. Percentual aplicado sobre o Valor Inicial do Ativo Subjacente.
COE001008;COE001008 - Straddle Call KO;2;Quantidade 1;Campo de preenchimento opcional. Informa a quantidade do ativo subjacente que é utilizado no cálculo de ajuste referente ao Strike 1. Formato: Numérico com 8 inteiros e 8 decimais.
COE001008;COE001008 - Straddle Call KO;3;Participação cenário de baixa (%);Campo de preenchimento obrigatório. Número indicando percentual a ser aplicado sobre a desvalorização do ativo subjacente. Formato: Numérico com 4 inteiros e 4 decimais, maior que 0.
COE001008;COE001008 - Straddle Call KO;4;Participação cenário de alta (%);Campo de preenchimento obrigatório. Número indicando percentual a ser aplicado sobre a valorização do ativo subjacente. Formato: Numérico com 4 inteiros e 4 decimais, maior que 0.
COE001008;COE001008 - Straddle Call KO;5;Barreira no Cenário de Alta (%);Campo de preenchimento obrigatório. Indica o percentual a ser aplicado sobre o valor inicial do ativo. Formato: numérico com 4 inteiros e 8 decimais, sempre maior que zero.
COE001008;COE001008 - Straddle Call KO;6;Rebate no Cenário de Alta (%);Campo de preenchimento obrigatório. Indica o percentual a ser aplicado sobre o VFE quando detectado que a cotação for maior que a barreira no período de verificação. Formato: numérico com 4 inteiros e 4 decimais, sempre maior que zero.
COE001008;COE001008 - Straddle Call KO;7;Opções Dependentes;Campo de preenchimento obrigatório Caso selecionado ‘Sim’, em um eventual atingimento de barreira de Knock-out, as opções da estrutura serão desmontadas juntas. Caso selecionado ‘Não’, em um eventual atingimento de barreira de Knock-out , as opções da estrutura serão desmontadas individualmente, permanecendo a exposição para a opção ainda ativa. Campo com as opções: Sim e Não.
COE001008;COE001008 - Straddle Call KO;8;Tipo de Cotação para Verificação de Barreiras no Cenário de Alta;Campo de preenchimento obrigatório. Não preencher se a “Classe do Ativo Subjacente” for igual a “CESTA”. Indicação de qual será a cotação a ser considerada. Campo com as opções: Fechamento, Média, Máximo, Mínimo e Ajuste.
COE001008;COE001008 - Straddle Call KO;9;Período de captura do ativo subjacente para liquidação;Campo de preenchimento obrigatório. Campo com as opções: Data Única, Janela de Datas e Mais Datas. Indica como será formado o fixing no vencimento. Caso o ativo subjacente seja uma Cesta,não é permitido selecionar a opção “Janela de Datas” Se indicado Janela de Datas ou Mais Datas, será obrigatório o preenchimento do campo “Tipo de Fixing para Vencimento”. Caso seja indicado “Mais Datas” as datas serão indicadas na seção “Mais Datas”.
COE001008;COE001008 - Straddle Call KO;10;Data inicial para fixing;"Campo de preenchimento obrigatório, se indicado ""Janela de datas"". Formato: DD/MM/AAAA. Não preencher se a “Classe do Ativo Subjacente” for igual a “CESTA”. É possível escolher uma data maior ou igual à “Data de Emissão” (ou “Emissão a Termo”), e menor que “Data Final para Fixing”."
COE001008;COE001008 - Straddle Call KO;11;Data final para fixing;"Campo de preenchimento obrigatório, se indicado ""Janela de datas"". Formato: DD/MM/AAAA. Não preencher se a “Classe do Ativo Subjacente” for igual a “CESTA”. Esta data deve ser posterior à indicada no campo “Data Inicial para Fixing”, sendo que o prazo máximo de dias entre a “Data Final para Fixing” e o vencimento é de 5 dias úteis e o prazo mínimo entre estas datas é 1 dia útil."
COE001008;COE001008 - Straddle Call KO;12;Data para fixing;"Campo de preenchimento obrigatório, se indicado ""Data única"". Formato: DD/MM/AAAA. Não preencher se a “Classe do Ativo Subjacente” for igual a “CESTA”."
COE001008;COE001008 - Straddle Call KO;13;Tipo de Cotação para Liquidação;Campo de preenchimento obrigatório. Não preencher se a “Classe do Ativo Subjacente” for igual a “CESTA”. Indicação de qual será a cotação a ser considerada na liquidação da operação. Campo com as opções: Fechamento, Média, Máximo, Mínimo e Ajuste.
COE001008;COE001008 - Straddle Call KO;14;Período de Verificação de Barreiras;Campo de preenchimento obrigatório. Campo com as opções: Americana e Europeia. Se indicado “Europeia” apenas a “Data para Fixing” pode ser preenchido. Se indicado “Americana” apenas a “Data Inicial para Verificação” e “Data Final para Verificação” podem ser preenchidos.
COE001008;COE001008 - Straddle Call KO;15;Data Inicial para Verificação;Campo de preenchimento obrigatório, se indicado “Americana”. A partir de D+1 da “Data de Emissão” (ou “Emissão a Termo”) e menor que “Data Final para Verificação” Formato: DD/MM/AAAA.
COE001008;COE001008 - Straddle Call KO;16;Data Final para Verificação;Campo de preenchimento obrigatório, se indicado “Americana”. Essa data deve ser posterior a indicada no campo “Data Inicial para Verificação”, sendo que o prazo mínimo de dias entre as datas deve ser de 1 dia útil. Formato: DD/MM/AAAA.
COE001008;COE001008 - Straddle Call KO;17;Tipo de Fixing para Vencimento;Campo de preenchimento obrigatório quando no campo “Período de captura do ativo subjacente para liquidação” for selecionado “Janela de Datas” ou “Mais Datas” . Campo com os domínios: Máxima no Período, Mínima no Período e Média no Período Indica como será formado o fixing para o vencimento do COE. • Máximo no período: O sistema irá verificar a cotação de todas as datas do intervalo da “Data fixing” (inclusive) até a “Data Fixing 2” (inclusive) e utilizará a maior cotação do intervalo como fixing do evento. • Mínimo no período: O sistema irá verificar a cotação de todas as datas do intervalo da “Data fixing” (inclusive) até a “Data Fixing 2” (inclusive) e utilizará a menor cotação do intervalo como fixing do evento. • Média no período: O sistema irá verificar a cotação de todas as datas do intervalo da “Data fixing” (inclusive) até a “Data Fixing 2” (inclusive) e utilizará a média de todas as cotações do intervalo como fixing do evento.
COE001009;COE001009 - Straddle Put KO;1;Strike 1 (%);Campo de preenchimento obrigatório. Formato: Numérico percentual com 4 inteiros e 8 decimais, maior que 0. Percentual aplicado sobre o Valor Inicial do Ativo Subjacente.
COE001009;COE001009 - Straddle Put KO;2;Quantidade 1;Campo de preenchimento opcional. Informa a quantidade do ativo subjacente que é utilizado no cálculo de ajuste referente ao Strike 1. Formato: Numérico com 8 inteiros e 8 decimais.
COE001009;COE001009 - Straddle Put KO;3;Participação cenário de baixa (%);Campo de preenchimento obrigatório. Número indicando percentual a ser aplicado sobre a desvalorização do ativo subjacente. Formato: Numérico com 4 inteiros e 4 decimais, maior que 0.
COE001009;COE001009 - Straddle Put KO;4;Barreira no Cenário de Baixa (%);Campo de preenchimento obrigatório. Indica o percentual a ser aplicado sobre o valor inicial do ativo subjacente. Formato: numérico com 4 inteiros e 8 decimais, sempre maior que zero.
COE001009;COE001009 - Straddle Put KO;5;Rebate no Cenário de Baixa (%);Campo de preenchimento obrigatório. Indica o percentual a ser aplicado sobre o VFE quando detectado que a cotação for menor ou igual a barreira no período de verificação. Formato: numérico com 4 inteiros e 4 decimais, sempre maior que zero.
COE001009;COE001009 - Straddle Put KO;6;Tipo de Cotação para Verificação de Barreiras no Cenário de Baixa;Campo de preenchimento obrigatório. Não preencher se a “Classe do Ativo Subjacente” for igual a “CESTA”. Indicação de qual será a cotação a ser considerada. Campo com as opções: Fechamento, Média, Máximo, Mínimo e Ajuste.
COE001009;COE001009 - Straddle Put KO;7;Participação cenário de alta (%);Campo de preenchimento obrigatório. Número indicando percentual a ser aplicado sobre a valorização do ativo subjacente. Formato: Numérico com 4 inteiros e 4 decimais, maior que 0.
COE001009;COE001009 - Straddle Put KO;8;Opções Dependentes;Campo de preenchimento obrigatório Caso selecionado ‘Sim’, em um eventual atingimento de barreira de Knock-out, as opções da estrutura serão desmontadas juntas. Caso selecionado ‘Não’, em um eventual atingimento de barreira de Knock-out , as opções da estrutura serão desmontadas individualmente, permanecendo a exposição para a opção ainda ativa. Campo com as opções: Sim e Não.
COE001009;COE001009 - Straddle Put KO;9;Período de captura do ativo subjacente para liquidação;Campo de preenchimento obrigatório. Campo com as opções: Data Única, Janela de Datas e Mais Datas. Indica como será formado o fixing no vencimento. Caso o ativo subjacente seja uma Cesta,não é permitido selecionar a opção “Janela de Datas” Se indicado Janela de Datas ou Mais Datas, será obrigatório o preenchimento do campo “Tipo de Fixing para Vencimento”. Caso seja indicado “Mais Datas” as datas serão indicadas na seção “Mais Datas”.
COE001009;COE001009 - Straddle Put KO;10;Data inicial para fixing;"Campo de preenchimento obrigatório, se indicado ""Janela de datas"". Formato: DD/MM/AAAA. Não preencher se a “Classe do Ativo Subjacente” for igual a “CESTA”. É possível escolher uma data maior ou igual à “Data de Emissão” (ou “Emissão a Termo”), e menor que “Data Final para Fixing”."
COE001009;COE001009 - Straddle Put KO;11;Data final para fixing;"Campo de preenchimento obrigatório, se indicado ""Janela de datas"". Formato: DD/MM/AAAA. Não preencher se a “Classe do Ativo Subjacente” for igual a “CESTA”. Esta data deve ser posterior à indicada no campo “Data Inicial para Fixing”, sendo que o prazo máximo de dias entre a “Data Final para Fixing” e o vencimento é de 5 dias úteis e o prazo mínimo entre estas datas é 1 dia útil."
COE001009;COE001009 - Straddle Put KO;12;Data para fixing;"Campo de preenchimento obrigatório, se indicado ""Data única"". Formato: DD/MM/AAAA. Não preencher se a “Classe do Ativo Subjacente” for igual a “CESTA”."
COE001009;COE001009 - Straddle Put KO;13;Tipo de Cotação para Liquidação;Campo de preenchimento obrigatório. Não preencher se a “Classe do Ativo Subjacente” for igual a “CESTA”. Indicação de qual será a cotação a ser considerada na liquidação da operação. Campo com as opções: Fechamento, Média, Máximo, Mínimo e Ajuste.
COE001009;COE001009 - Straddle Put KO;14;Período de Verificação de Barreiras;Campo de preenchimento obrigatório. Campo com as opções: Americana e Europeia. Se indicado “Europeia” apenas a “Data para Fixing” pode ser preenchido. Se indicado “Americana” apenas a “Data Inicial para Verificação” e “Data Final para Verificação” podem ser preenchidos.
COE001009;COE001009 - Straddle Put KO;15;Data Inicial para Verificação;Campo de preenchimento obrigatório, se indicado “Americana”. A partir de D+1 da “Data de Emissão” (ou “Emissão a Termo”) e menor que “Data Final para Verificação” Formato: DD/MM/AAAA.
COE001009;COE001009 - Straddle Put KO;16;Data Final para Verificação;Campo de preenchimento obrigatório, se indicado “Americana”. Essa data deve ser posterior a indicada no campo “Data Inicial para Verificação”, sendo que o prazo mínimo de dias entre as datas deve ser de 1 dia útil. Formato: DD/MM/AAAA.
COE001009;COE001009 - Straddle Put KO;17;Tipo de Fixing para Vencimento;Campo de preenchimento obrigatório quando no campo “Período de captura do ativo subjacente para liquidação” for selecionado “Janela de Datas” ou “Mais Datas” . Campo com os domínios: Máxima no Período, Mínima no Período e Média no Período Indica como será formado o fixing para o vencimento do COE. • Máximo no período: O sistema irá verificar a cotação de todas as datas do intervalo da “Data fixing” (inclusive) até a “Data Fixing 2” (inclusive) e utilizará a maior cotação do intervalo como fixing do evento. • Mínimo no período: O sistema irá verificar a cotação de todas as datas do intervalo da “Data fixing” (inclusive) até a “Data Fixing 2” (inclusive) e utilizará a menor cotação do intervalo como fixing do evento. • Média no período: O sistema irá verificar a cotação de todas as datas do intervalo da “Data fixing” (inclusive) até a “Data Fixing 2” (inclusive) e utilizará a média de todas as cotações do intervalo como fixing do evento.
COE001010;COE001010 - Straddle KO Call_Put;1;Strike 1 (%);Campo de preenchimento obrigatório. Formato: Numérico percentual com 4 inteiros e 8 decimais, maior que 0. Percentual aplicado sobre o Valor Inicial do Ativo Subjacente.
COE001010;COE001010 - Straddle KO Call_Put;2;Quantidade 1;Campo de preenchimento opcional. Informa a quantidade do ativo subjacente que é utilizado no cálculo de ajuste referente ao Strike 1. Formato: Numérico com 8 inteiros e 8 decimais.
COE001010;COE001010 - Straddle KO Call_Put;3;Participação cenário de baixa (%);Campo de preenchimento obrigatório. Número indicando percentual a ser aplicado sobre a desvalorização do ativo subjacente. Formato: Numérico com 4 inteiros e 4 decimais, maior que 0.
COE001010;COE001010 - Straddle KO Call_Put;4;Barreira no cenário de Baixa (%);Campo de preenchimento obrigatório. Formato: numérico com 4 inteiros e 8 decimais, sempre maior que zero. Indica o percentual a ser aplicado sobre o valor inicial do ativo subjacente.
COE001010;COE001010 - Straddle KO Call_Put;5;Rebate no Cenário de Baixa (%);Campo de preenchimento obrigatório. Formato: numérico com 4 inteiros e 4 decimais, maior ou igual a zero. Indica o percentual a ser aplicado sobre o VFE quando detectado que a cotação for maior que a barreira no período de verificação.
COE001010;COE001010 - Straddle KO Call_Put;6;Tipo de Cotação para Verificação de Barreiras no Cenário de Baixa;Campo de preenchimento obrigatório. Não preencher se a “Classe do Ativo Subjacente” for igual a “CESTA”. Indicação de qual será a cotação a ser considerada. Campo com as opções: Fechamento, Média, Máximo, Mínimo e Ajuste.
COE001010;COE001010 - Straddle KO Call_Put;7;Participação cenário de alta (%);Campo de preenchimento obrigatório. Número indicando percentual a ser aplicado sobre a valorização do ativo subjacente. Formato: Numérico com 4 inteiros e 4 decimais, maior que 0.
COE001010;COE001010 - Straddle KO Call_Put;8;Barreira Cenário de Alta (%);Campo de preenchimento obrigatório. Formato: numérico com 4 inteiros e 8 decimais, sempre maior que zero. Indica o percentual a ser aplicado sobre o valor inicial do ativo.
COE001010;COE001010 - Straddle KO Call_Put;9;Opções Dependentes;Campo de preenchimento obrigatório Caso selecionado ‘Sim’, em um eventual atingimento de barreira de Knock-out, as opções da estrutura serão desmontadas juntas. Caso selecionado ‘Não’, em um eventual atingimento de barreira de Knock-out , as opções da estrutura serão desmontadas individualmente, permanecendo a exposição para a opção ainda ativa. Campo com as opções: Sim e Não.
COE001010;COE001010 - Straddle KO Call_Put;10;Rebate no Cenário de Alta (%);Campo de preenchimento obrigatório. Formato: numérico com 4 inteiros e 4 decimais, maior ou igual a zero. Indica o percentual a ser aplicado sobre o VFE quando detectado que a cotação for maior que a barreira no período de verificação.
COE001010;COE001010 - Straddle KO Call_Put;11;Tipo de Cotação para Verificação de Barreiras no Cenário de Alta;Campo de preenchimento obrigatório. Não preencher se a “Classe do Ativo Subjacente” for igual a “CESTA”. Indicação de qual será a cotação a ser considerada. Campo com as opções: Fechamento, Média, Máximo, Mínimo e Ajuste.
COE001010;COE001010 - Straddle KO Call_Put;12;Período de captura do ativo subjacente para liquidação;Campo de preenchimento obrigatório. Campo com as opções: Data Única, Janela de Datas e Mais Datas. Indica como será formado o fixing no vencimento. Caso o ativo subjacente seja uma Cesta,não é permitido selecionar a opção “Janela de Datas” Se indicado Janela de Datas ou Mais Datas, será obrigatório o preenchimento do campo “Tipo de Fixing para Vencimento”. Caso seja indicado “Mais Datas” as datas serão indicadas na seção “Mais Datas”.
COE001010;COE001010 - Straddle KO Call_Put;13;Data inicial para fixing;"Campo de preenchimento obrigatório, se indicado ""Janela de datas"". Formato: DD/MM/AAAA. Não preencher se a “Classe do Ativo Subjacente” for igual a “CESTA”. É possível escolher uma data maior ou igual à “Data de Emissão” (ou “Emissão a Termo”), e menor que “Data Final para Fixing”."
COE001010;COE001010 - Straddle KO Call_Put;14;Data final para fixing;"Campo de preenchimento obrigatório, se indicado ""Janela de datas"". Formato: DD/MM/AAAA. Não preencher se a “Classe do Ativo Subjacente” for igual a “CESTA”. Esta data deve ser posterior à indicada no campo “Data Inicial para Fixing”, sendo que o prazo máximo de dias entre a “Data Final para Fixing” e o vencimento é de 5 dias úteis e o prazo mínimo entre estas datas é 1 dia útil."
COE001010;COE001010 - Straddle KO Call_Put;15;Data para fixing;"Campo de preenchimento obrigatório, se indicado ""Data única"". Formato: DD/MM/AAAA. Não preencher se a “Classe do Ativo Subjacente” for igual a “CESTA”."
COE001010;COE001010 - Straddle KO Call_Put;16;Tipo de Cotação para Liquidação;Campo de preenchimento obrigatório. Não preencher se a “Classe do Ativo Subjacente” for igual a “CESTA”. Indicação de qual será a cotação a ser considerada na liquidação da operação. Campo com as opções: Fechamento, Média, Máximo, Mínimo e Ajuste.
COE001010;COE001010 - Straddle KO Call_Put;17;Período de Verificação de Barreiras;Campo de preenchimento obrigatório. Campo com as opções: Americana e Europeia. Se indicado “Europeia” apenas a “Data para Fixing” pode ser preenchido. Se indicado “Americana” apenas a “Data Inicial para Verificação” e “Data Final para Verificação” podem ser preenchidos.
COE001010;COE001010 - Straddle KO Call_Put;18;Data Inicial para Verificação;Campo de preenchimento obrigatório, se indicado “Americana”. A partir de D+1 da “Data de Emissão” (ou “Emissão a Termo”) e menor que “Data Final para Verificação” Formato: DD/MM/AAAA.
COE001010;COE001010 - Straddle KO Call_Put;19;Data Final para Verificação;Campo de preenchimento obrigatório, se indicado “Americana”. Essa data deve ser posterior a indicada no campo “Data Inicial para Verificação”, sendo que o prazo mínimo de dias entre as datas deve ser de 1 dia útil. Formato: DD/MM/AAAA.
COE001010;COE001010 - Straddle KO Call_Put;20;Tipo de Fixing para Vencimento;Campo de preenchimento obrigatório quando no campo “Período de captura do ativo subjacente para liquidação” for selecionado “Janela de Datas” ou “Mais Datas” . Campo com os domínios: Máxima no Período, Mínima no Período e Média no Período Indica como será formado o fixing para o vencimento do COE. • Máximo no período: O sistema irá verificar a cotação de todas as datas do intervalo da “Data fixing” (inclusive) até a “Data Fixing 2” (inclusive) e utilizará a maior cotação do intervalo como fixing do evento. • Mínimo no período: O sistema irá verificar a cotação de todas as datas do intervalo da “Data fixing” (inclusive) até a “Data Fixing 2” (inclusive) e utilizará a menor cotação do intervalo como fixing do evento. • Média no período: O sistema irá verificar a cotação de todas as datas do intervalo da “Data fixing” (inclusive) até a “Data Fixing 2” (inclusive) e utilizará a média de todas as cotações do intervalo como fixing do evento.
COE001011;COE001011 Digital Call e COE001012 - Digital Put;1;Strike 1 (%);Campo de preenchimento obrigatório. Formato: Numérico percentual com 4 inteiros e 8 decimais, maior que 0. Percentual aplicado sobre o Valor Inicial do Ativo Subjacente.
COE001011;COE001011 Digital Call e COE001012 - Digital Put;2;Período de captura do ativo subjacente para liquidação;Campo de preenchimento obrigatório. Campo com as opções: Data Única, Janela de Datas e Mais Datas. Indica como será formado o fixing no vencimento. Caso o ativo subjacente seja uma Cesta,não é permitido selecionar a opção “Janela de Datas” Se indicado Janela de Datas ou Mais Datas, será obrigatório o preenchimento do campo “Tipo de Fixing para Vencimento”. Caso seja indicado “Mais Datas” as datas serão indicadas na seção “Mais Datas”.
COE001011;COE001011 Digital Call e COE001012 - Digital Put;3;Data inicial para fixing;"Campo de preenchimento obrigatório, se indicado ""Janela de datas"". Formato: DD/MM/AAAA. Não preencher se a “Classe do Ativo Subjacente” for igual a “CESTA”. É possível escolher uma data maior ou igual à “Data de Emissão” (ou “Emissão a Termo”), e menor que “Data Final para Fixing”."
COE001011;COE001011 Digital Call e COE001012 - Digital Put;4;Data final para fixing;"Campo de preenchimento obrigatório, se indicado ""Janela de datas"". Formato: DD/MM/AAAA. Não preencher se a “Classe do Ativo Subjacente” for igual a “CESTA”. Esta data deve ser posterior à indicada no campo “Data Inicial para Fixing”, sendo que o prazo máximo de dias entre a “Data Final para Fixing” e o vencimento é de 5 dias úteis e o prazo mínimo entre estas datas é 1 dia útil."
COE001011;COE001011 Digital Call e COE001012 - Digital Put;5;Data para fixing;"Campo de preenchimento obrigatório, se indicado ""Data única"". Formato: DD/MM/AAAA. Não preencher se a “Classe do Ativo Subjacente” for igual a “CESTA”."
COE001011;COE001011 Digital Call e COE001012 - Digital Put;6;Tipo de Cotação para Liquidação;Campo de preenchimento obrigatório. Não preencher se a “Classe do Ativo Subjacente” for igual a “CESTA”. Indicação de qual será a cotação a ser considerada na liquidação da operação. Campo com as opções: Fechamento, Média, Máximo, Mínimo e Ajuste.
COE001011;COE001011 Digital Call e COE001012 - Digital Put;7;Remuneração Adicional;Campo de preenchimento obrigatório. Indica o tipo de remunerador que será utilizado. Campo com as opções: Pré, DI, PRE252-LIN e NO PERIODO.
COE001011;COE001011 Digital Call e COE001012 - Digital Put;8;Remunerador Flutuante Adicional (%);Campo de preenchimento obrigatório, se indicado “DI”. Para o indicador “Pré”, este campo não deverá ser preenchido. Formato: Numérico com 4 inteiros e 4 decimais, maior que 0.
COE001011;COE001011 Digital Call e COE001012 - Digital Put;9;Cupom Remunerador Adicional (%);Campo de preenchimento obrigatório, se indicado “Pré”. Formato: Numérico com 5 inteiros e 4 decimais, incluindo o sinal “- “ e “+”. A não indicação do sinal deve ser considerada como “+”
COE001011;COE001011 Digital Call e COE001012 - Digital Put;10;Tipo de Fixing para Vencimento;Campo de preenchimento obrigatório quando no campo “Período de captura do ativo subjacente para liquidação” for selecionado “Janela de Datas” ou “Mais Datas” . Campo com os domínios: Máxima no Período, Mínima no Período e Média no Período Indica como será formado o fixing para o vencimento do COE. • Máximo no período: O sistema irá verificar a cotação de todas as datas do intervalo da “Data fixing” (inclusive) até a “Data Fixing 2” (inclusive) e utilizará a maior cotação do intervalo como fixing do evento. • Mínimo no período: O sistema irá verificar a cotação de todas as datas do intervalo da “Data fixing” (inclusive) até a “Data Fixing 2” (inclusive) e utilizará a menor cotação do intervalo como fixing do evento. • Média no período: O sistema irá verificar a cotação de todas as datas do intervalo da “Data fixing” (inclusive) até a “Data Fixing 2” (inclusive) e utilizará a média de todas as cotações do intervalo como fixing do evento.
COE001012;COE001011 Digital Call e COE001012 - Digital Put;1;Strike 1 (%);Campo de preenchimento obrigatório. Formato: Numérico percentual com 4 inteiros e 8 decimais, maior que 0. Percentual aplicado sobre o Valor Inicial do Ativo Subjacente.
COE001012;COE001011 Digital Call e COE001012 - Digital Put;2;Período de captura do ativo subjacente para liquidação;Campo de preenchimento obrigatório. Campo com as opções: Data Única, Janela de Datas e Mais Datas. Indica como será formado o fixing no vencimento. Caso o ativo subjacente seja uma Cesta,não é permitido selecionar a opção “Janela de Datas” Se indicado Janela de Datas ou Mais Datas, será obrigatório o preenchimento do campo “Tipo de Fixing para Vencimento”. Caso seja indicado “Mais Datas” as datas serão indicadas na seção “Mais Datas”.
COE001012;COE001011 Digital Call e COE001012 - Digital Put;3;Data inicial para fixing;"Campo de preenchimento obrigatório, se indicado ""Janela de datas"". Formato: DD/MM/AAAA. Não preencher se a “Classe do Ativo Subjacente” for igual a “CESTA”. É possível escolher uma data maior ou igual à “Data de Emissão” (ou “Emissão a Termo”), e menor que “Data Final para Fixing”."
COE001012;COE001011 Digital Call e COE001012 - Digital Put;4;Data final para fixing;"Campo de preenchimento obrigatório, se indicado ""Janela de datas"". Formato: DD/MM/AAAA. Não preencher se a “Classe do Ativo Subjacente” for igual a “CESTA”. Esta data deve ser posterior à indicada no campo “Data Inicial para Fixing”, sendo que o prazo máximo de dias entre a “Data Final para Fixing” e o vencimento é de 5 dias úteis e o prazo mínimo entre estas datas é 1 dia útil."
COE001012;COE001011 Digital Call e COE001012 - Digital Put;5;Data para fixing;"Campo de preenchimento obrigatório, se indicado ""Data única"". Formato: DD/MM/AAAA. Não preencher se a “Classe do Ativo Subjacente” for igual a “CESTA”."
COE001012;COE001011 Digital Call e COE001012 - Digital Put;6;Tipo de Cotação para Liquidação;Campo de preenchimento obrigatório. Não preencher se a “Classe do Ativo Subjacente” for igual a “CESTA”. Indicação de qual será a cotação a ser considerada na liquidação da operação. Campo com as opções: Fechamento, Média, Máximo, Mínimo e Ajuste.
COE001012;COE001011 Digital Call e COE001012 - Digital Put;7;Remuneração Adicional;Campo de preenchimento obrigatório. Indica o tipo de remunerador que será utilizado. Campo com as opções: Pré, DI, PRE252-LIN e NO PERIODO.
COE001012;COE001011 Digital Call e COE001012 - Digital Put;8;Remunerador Flutuante Adicional (%);Campo de preenchimento obrigatório, se indicado “DI”. Para o indicador “Pré”, este campo não deverá ser preenchido. Formato: Numérico com 4 inteiros e 4 decimais, maior que 0.
COE001012;COE001011 Digital Call e COE001012 - Digital Put;9;Cupom Remunerador Adicional (%);Campo de preenchimento obrigatório, se indicado “Pré”. Formato: Numérico com 5 inteiros e 4 decimais, incluindo o sinal “- “ e “+”. A não indicação do sinal deve ser considerada como “+”
COE001012;COE001011 Digital Call e COE001012 - Digital Put;10;Tipo de Fixing para Vencimento;Campo de preenchimento obrigatório quando no campo “Período de captura do ativo subjacente para liquidação” for selecionado “Janela de Datas” ou “Mais Datas” . Campo com os domínios: Máxima no Período, Mínima no Período e Média no Período Indica como será formado o fixing para o vencimento do COE. • Máximo no período: O sistema irá verificar a cotação de todas as datas do intervalo da “Data fixing” (inclusive) até a “Data Fixing 2” (inclusive) e utilizará a maior cotação do intervalo como fixing do evento. • Mínimo no período: O sistema irá verificar a cotação de todas as datas do intervalo da “Data fixing” (inclusive) até a “Data Fixing 2” (inclusive) e utilizará a menor cotação do intervalo como fixing do evento. • Média no período: O sistema irá verificar a cotação de todas as datas do intervalo da “Data fixing” (inclusive) até a “Data Fixing 2” (inclusive) e utilizará a média de todas as cotações do intervalo como fixing do evento.
COE001013;COE001013 - Double Digital;1;Strike 1 (%);Campo de preenchimento obrigatório. Percentual aplicado sobre o Valor Inicial do Ativo Subjacente. Formato: Numérico percentual com 4 inteiros e 8 decimais, maior que 0 e menor que strike 2.
COE001013;COE001013 - Double Digital;2;Strike 2 (%);Campo de preenchimento obrigatório. Percentual aplicado sobre o Valor Inicial do Ativo Subjacente. Formato: Numérico percentual com 4 inteiros e 8 decimais, maior que 0 e maior que strike 1.
COE001013;COE001013 - Double Digital;3;Período de captura do ativo subjacente para liquidação;Campo de preenchimento obrigatório. Campo com as opções: Data Única, Janela de Datas e Mais Datas. Indica como será formado o fixing no vencimento. Caso o ativo subjacente seja uma Cesta,não é permitido selecionar a opção “Janela de Datas” Se indicado Janela de Datas ou Mais Datas, será obrigatório o preenchimento do campo “Tipo de Fixing para Vencimento”. Caso seja indicado “Mais Datas” as datas serão indicadas na seção “Mais Datas”.
COE001013;COE001013 - Double Digital;4;Data inicial para fixing;"Campo de preenchimento obrigatório, se indicado ""Janela de datas"". É possível escolher uma data maior ou igual à “Data de Emissão” (ou “Emissão a Termo”), e menor que “Data Final para Fixing”. Formato: DD/MM/AAAA. Não preencher se a “Classe do Ativo Subjacente” for igual a “CESTA”."
COE001013;COE001013 - Double Digital;5;Data final para fixing;"Campo de preenchimento obrigatório, se indicado ""Janela de datas"". Esta data deve ser posterior à indicada no campo “Data Inicial para Fixing”, sendo que o prazo máximo de dias entre a “Data Final para Fixing” e o vencimento é de 5 dias úteis e o prazo mínimo entre estas datas é 1 dia útil. Formato: DD/MM/AAAA. Não preencher se a “Classe do Ativo Subjacente” for igual a “CESTA”."
COE001013;COE001013 - Double Digital;6;Data para fixing;"Campo de preenchimento obrigatório, se indicado ""Data única"". Formato: DD/MM/AAAA. Não preencher se a “Classe do Ativo Subjacente” for igual a “CESTA”."
COE001013;COE001013 - Double Digital;7;Tipo de Cotação para Liquidação;Campo de preenchimento obrigatório. Não preencher se a “Classe do Ativo Subjacente” for igual a “CESTA”. Indicação de qual será a cotação a ser considerada na liquidação da operação. Campo com as opções: Fechamento, Média, Máximo, Mínimo e Ajuste.
COE001013;COE001013 - Double Digital;8;Remuneração Adicional;Campo de preenchimento obrigatório Indica o tipo de remunerador que será utilizado. Campo com as opções: Pré, DI, PRE252-LIN e NO PERIODO.
COE001013;COE001013 - Double Digital;9;Remuneração dentro (%);Campo de preenchimento obrigatório. Indica percentual a ser aplicado sobre o VFE quando detectado que a cotação estiver entre o Strike 1 e o Strike 2. Formato: Numérico percentual com 4 inteiros e 4 decimais.
COE001013;COE001013 - Double Digital;10;Remuneração fora (%);Campo de preenchimento obrigatório. Indica percentual a ser aplicado sobre o VFE quando detectado que a cotação estiver abaixo do Strike 1 ou acima do Strike 2. Formato: Numérico percentual com 4 inteiros e 4 decimais.
COE001013;COE001013 - Double Digital;11;Remuneração Flutuante dentro (%);Campo de preenchimento obrigatório. Indica percentual destacado a ser aplicado sobre o Remunerador Flutuante quando detectado que a cotação estiver entre o Strike 1 e o Strike 2. Formato: Numérico percentual com 4 inteiros e 4 decimais.
COE001013;COE001013 - Double Digital;12;Remuneração Flutuante fora (%);Campo de preenchimento obrigatório. Indica percentual destacado a ser aplicado sobre o Remunerador Flutuante quando detectado que a cotação estiver abaixo do Strike 1 ou acima do Strike 2. Formato: Numérico percentual com 4 inteiros e 4 decimais.
COE001013;COE001013 - Double Digital;13;Tipo de Fixing para Vencimento;Campo de preenchimento obrigatório quando no campo “Período de captura do ativo subjacente para liquidação” for selecionado “Janela de Datas” ou “Mais Datas” . Campo com os domínios: Máxima no Período, Mínima no Período e Média no Período Indica como será formado o fixing para o vencimento do COE. • Máximo no período: O sistema irá verificar a cotação de todas as datas do intervalo da “Data fixing” (inclusive) até a “Data Fixing 2” (inclusive) e utilizará a maior cotação do intervalo como fixing do evento. • Mínimo no período: O sistema irá verificar a cotação de todas as datas do intervalo da “Data fixing” (inclusive) até a “Data Fixing 2” (inclusive) e utilizará a menor cotação do intervalo como fixing do evento. • Média no período: O sistema irá verificar a cotação de todas as datas do intervalo da “Data fixing” (inclusive) até a “Data Fixing 2” (inclusive) e utilizará a média de todas as cotações do intervalo como fixing do evento.
COE001014;COE001014 - Collar;1;Strike 1 (%);Campo de preenchimento obrigatório. Percentual aplicado sobre o Valor Inicial do Ativo Subjacente. Formato: Numérico percentual com 4 inteiros e 8 decimais, maior que 0 e menor que strike 2.
COE001014;COE001014 - Collar;2;Quantidade 1;Campo de preenchimento opcional. Informa a quantidade do ativo subjacente que é utilizado no cálculo de ajuste referente ao Strike 1. Formato: Numérico com 8 inteiros e 8 decimais.
COE001014;COE001014 - Collar;3;Participação cenário de baixa (%);Campo de preenchimento obrigatório. Número indicando percentual a ser aplicado sobre a desvalorização do ativo subjacente. Formato: Numérico com 4 inteiros e 4 decimais, maior que 0.
COE001014;COE001014 - Collar;4;Strike 2 (%);Campo de preenchimento obrigatório. Percentual aplicado sobre o Valor Inicial do Ativo Subjacente. Formato: Numérico percentual com 4 inteiros e 8 decimais, maior que 0 e maior que strike 1.
COE001014;COE001014 - Collar;5;Quantidade 2;Campo de preenchimento opcional. Informa a quantidade do ativo subjacente que é utilizado no cálculo de ajuste referente ao Strike 2 Formato: Número com 8 inteiros e 8 decimais.
COE001014;COE001014 - Collar;6;Participação cenário de alta (%);Campo de preenchimento obrigatório. Número indicando percentual a ser aplicado sobre a valorização do ativo subjacente. Formato: Numérico com 4 inteiros e 4 decimais, maior que 0.
COE001014;COE001014 - Collar;7;Período de captura do ativo subjacente para liquidação;Campo de preenchimento obrigatório. Campo com as opções: Data Única, Janela de Datas e Mais Datas. Indica como será formado o fixing no vencimento. Caso o ativo subjacente seja uma Cesta,não é permitido selecionar a opção “Janela de Datas” Se indicado Janela de Datas ou Mais Datas, será obrigatório o preenchimento do campo “Tipo de Fixing para Vencimento”. Caso seja indicado “Mais Datas” as datas serão indicadas na seção “Mais Datas”.
COE001014;COE001014 - Collar;8;Data inicial para fixing;"Campo de preenchimento obrigatório, se indicado ""Janela de datas"". É possível escolher uma data maior ou igual à “Data de Emissão” (ou “Emissão a Termo”), e menor que “Data Final para Fixing”. Formato: DD/MM/AAAA. Não preencher se a “Classe do Ativo Subjacente” for igual a “CESTA”."
COE001014;COE001014 - Collar;9;Data final para fixing;"Campo de preenchimento obrigatório, se indicado ""Janela de datas"". Esta data deve ser posterior à indicada no campo “Data Inicial para Fixing”, sendo que o prazo máximo de dias entre a “Data Final para Fixing” e o vencimento é de 5 dias úteis e o prazo mínimo entre estas datas é 1 dia útil. Formato: DD/MM/AAAA. Não preencher se a “Classe do Ativo Subjacente” for igual a “CESTA”."
COE001014;COE001014 - Collar;10;Data para fixing;"Campo de preenchimento obrigatório, se indicado ""Data única"". Formato: DD/MM/AAAA. Não preencher se a “Classe do Ativo Subjacente” for igual a “CESTA”."
COE001014;COE001014 - Collar;11;Tipo de Cotação para Liquidação;Campo de preenchimento obrigatório. Não preencher se a “Classe do Ativo Subjacente” for igual a “CESTA”. Indicação de qual será a cotação a ser considerada na liquidação da operação. Campo com as opções: Fechamento, Média, Máximo, Mínimo e Ajuste.
COE001014;COE001014 - Collar;12;Tipo de Fixing para Vencimento;Campo de preenchimento obrigatório quando no campo “Período de captura do ativo subjacente para liquidação” for selecionado “Janela de Datas” ou “Mais Datas” . Campo com os domínios: Máxima no Período, Mínima no Período e Média no Período Indica como será formado o fixing para o vencimento do COE. • Máximo no período: O sistema irá verificar a cotação de todas as datas do intervalo da “Data fixing” (inclusive) até a “Data Fixing 2” (inclusive) e utilizará a maior cotação do intervalo como fixing do evento. • Mínimo no período: O sistema irá verificar a cotação de todas as datas do intervalo da “Data fixing” (inclusive) até a “Data Fixing 2” (inclusive) e utilizará a menor cotação do intervalo como fixing do evento. • Média no período: O sistema irá verificar a cotação de todas as datas do intervalo da “Data fixing” (inclusive) até a “Data Fixing 2” (inclusive) e utilizará a média de todas as cotações do intervalo como fixing do evento.
COE001015;COE001015 - Range Accrual;1;Data Inicial para Verificação;Campo de preenchimento obrigatório, se indicado “Americana”. A partir de D+1 da “Data de Emissão” (ou “Emissão a Termo”) e menor que “Data Final para Verificação” Formato: DD/MM/AAAA.
COE001015;COE001015 - Range Accrual;2;Data Final para Verificação;Campo de preenchimento obrigatório, se indicado “Americana”. Essa data deve ser posterior a indicada no campo “Data Inicial para Verificação”, sendo que o prazo mínimo de dias entre as datas deve ser de 1 dia útil. Formato: DD/MM/AAAA.
COE001015;COE001015 - Range Accrual;3;Remuneração Adicional;Campo de preenchimento obrigatório. Indica o tipo de remunerador que será utilizado. Campo com as opções: Pré e DI.
COE001015;COE001015 - Range Accrual;4;Remunerador Flutuante Adicional (%);Campo de preenchimento obrigatório, se indicado “DI”. Para o indicador “Pré”, este campo não deverá ser preenchido. Formato: Numérico com 4 inteiros e 4 decimais, maior que 0.
COE001015;COE001015 - Range Accrual;5;Cupom Remunerador Adicional;Campo de preenchimento obrigatório, se indicado “Pré”. Formato: Numérico com 5 inteiros e 4 decimais, incluindo o sinal “- “ e “+”. A não indicação do sinal deve ser considerada como “+”
COE001015;COE001015 - Range Accrual;6;Tipo de Cotação para Verificação;Campo de preenchimento obrigatório. Não preencher se a “Classe do Ativo Subjacente” for igual a “CESTA”. Tipo de cotação do ativo subjacente capturado em todas as datas entre a “Data Inicial para verificação” e a “Data Final para verificação”. Campo com as opções: Fechamento, Média, Máximo, Mínimo e Ajuste.
COE001015;COE001015 - Range Accrual;7;Barreira Cenário de Alta (%);Campo de preenchimento obrigatório. Indica o percentual a ser aplicado sobre o valor inicial do ativo. Formato: numérico com 4 inteiros e 8 decimais, sempre maior que zero.
COE001015;COE001015 - Range Accrual;8;Barreira no Cenário de Baixa (%);Campo de preenchimento obrigatório. Indica o percentual a ser aplicado sobre o valor inicial do ativo subjacente. Formato: numérico com 4 inteiros e 8 decimais, sempre maior que zero.
COE001016;COE001016 - Strangle;1;Strike 1 (%);Campo de preenchimento obrigatório. Percentual aplicado sobre o Valor Inicial do Ativo Subjacente. Formato: Numérico percentual com 4 inteiros e 8 decimais, maior que 0 e menor que strike 2.
COE001016;COE001016 - Strangle;2;Quantidade 1;Campo de preenchimento opcional. Informa a quantidade do ativo subjacente que é utilizado no cálculo de ajuste referente ao Strike 1. Formato: Numérico com 8 inteiros e 8 decimais.
COE001016;COE001016 - Strangle;3;Participação cenário de baixa (%);Campo de preenchimento obrigatório. Número indicando percentual a ser aplicado sobre a desvalorização do ativo subjacente. Formato: Numérico com 4 inteiros e 4 decimais, maior que 0.
COE001016;COE001016 - Strangle;4;Strike 2 (%);Campo de preenchimento obrigatório. Percentual aplicado sobre o Valor Inicial do Ativo Subjacente. Formato: Numérico percentual com 4 inteiros e 8 decimais, maior que 0 e maior que strike 1.
COE001016;COE001016 - Strangle;5;Quantidade 2;Campo de preenchimento opcional. Informa a quantidade do ativo subjacente que é utilizado no cálculo de ajuste referente ao Strike 2. Formato: Numérico com 8 inteiros e 8 decimais.
COE001016;COE001016 - Strangle;6;Participação cenário de alta (%);Campo de preenchimento obrigatório. Número indicando percentual a ser aplicado sobre a valorização do ativo subjacente. Formato: Numérico com 4 inteiros e 4 decimais, maior que 0.
COE001016;COE001016 - Strangle;7;Período de captura do ativo subjacente para liquidação;Campo de preenchimento obrigatório. Campo com as opções: Data Única, Janela de Datas e Mais Datas. Indica como será formado o fixing no vencimento. Caso o ativo subjacente seja uma Cesta,não é permitido selecionar a opção “Janela de Datas” Se indicado Janela de Datas ou Mais Datas, será obrigatório o preenchimento do campo “Tipo de Fixing para Vencimento”. Caso seja indicado “Mais Datas” as datas serão indicadas na seção “Mais Datas”.
COE001016;COE001016 - Strangle;8;Data inicial para fixing;"Campo de preenchimento obrigatório, se indicado ""Janela de datas"". É possível escolher uma data maior ou igual à “Data de Emissão” (ou “Emissão a Termo”), e menor que “Data Final para Fixing”. Formato: DD/MM/AAAA. Não preencher se a “Classe do Ativo Subjacente” for igual a “CESTA”."
COE001016;COE001016 - Strangle;9;Data final para fixing;"Campo de preenchimento obrigatório, se indicado ""Janela de datas"". Esta data deve ser posterior à indicada no campo “Data Inicial para Fixing”, sendo que o prazo máximo de dias entre a “Data Final para Fixing” e o vencimento é de 5 dias úteis e o prazo mínimo entre estas datas é 1 dia útil. Formato: DD/MM/AAAA. Não preencher se a “Classe do Ativo Subjacente” for igual a “CESTA”."
COE001016;COE001016 - Strangle;10;Data para fixing;"Campo de preenchimento obrigatório, se indicado ""Data única"". Formato: DD/MM/AAAA. Não preencher se a “Classe do Ativo Subjacente” for igual a “CESTA”."
COE001016;COE001016 - Strangle;11;Tipo de Cotação para Liquidação;Campo de preenchimento obrigatório. Não preencher se a “Classe do Ativo Subjacente” for igual a “CESTA”. Indicação de qual será a cotação a ser considerada na liquidação da operação. Campo com as opções: Fechamento, Média, Máximo, Mínimo e Ajuste.
COE001016;COE001016 - Strangle;12;Tipo de Fixing para Vencimento;Campo de preenchimento obrigatório quando no campo “Período de captura do ativo subjacente para liquidação” for selecionado “Janela de Datas” ou “Mais Datas” . Campo com os domínios: Máxima no Período, Mínima no Período e Média no Período Indica como será formado o fixing para o vencimento do COE. • Máximo no período: O sistema irá verificar a cotação de todas as datas do intervalo da “Data fixing” (inclusive) até a “Data Fixing 2” (inclusive) e utilizará a maior cotação do intervalo como fixing do evento. • Mínimo no período: O sistema irá verificar a cotação de todas as datas do intervalo da “Data fixing” (inclusive) até a “Data Fixing 2” (inclusive) e utilizará a menor cotação do intervalo como fixing do evento. • Média no período: O sistema irá verificar a cotação de todas as datas do intervalo da “Data fixing” (inclusive) até a “Data Fixing 2” (inclusive) e utilizará a média de todas as cotações do intervalo como fixing do evento.
COE001017;COE001017 - Strangle Call KO;1;Strike 1 (%);Campo de preenchimento obrigatório. Percentual aplicado sobre o Valor Inicial do Ativo Subjacente. Formato: Numérico percentual com 4 inteiros e 8 decimais, maior que 0 e menor que strike 2.
COE001017;COE001017 - Strangle Call KO;2;Quantidade 1;Campo de preenchimento opcional. Informa a quantidade do ativo subjacente que é utilizado no cálculo de ajuste referente ao Strike 1. Formato: Numérico com 8 inteiros e 8 decimais.
COE001017;COE001017 - Strangle Call KO;3;Participação cenário de baixa (%);Campo de preenchimento obrigatório. Número indicando percentual a ser aplicado sobre a desvalorização do ativo subjacente. Formato: Numérico com 4 inteiros e 4 decimais, maior que 0.
COE001017;COE001017 - Strangle Call KO;4;Strike 2 (%);Campo de preenchimento obrigatório. Percentual aplicado sobre o Valor Inicial do Ativo Subjacente. Formato: Numérico percentual com 4 inteiros e 8 decimais, maior que 0 e maior que strike 1.
COE001017;COE001017 - Strangle Call KO;5;Quantidade 2;Campo de preenchimento opcional. Informa a quantidade do ativo subjacente que é utilizado no cálculo de ajuste referente ao Strike 2. Formato: Numérico com 8 inteiros e 8 decimais.
COE001017;COE001017 - Strangle Call KO;6;Participação cenário de alta (%);Campo de preenchimento obrigatório. Número indicando percentual a ser aplicado sobre a valorização do ativo subjacente. Formato: Numérico com 4 inteiros e 4 decimais, maior que 0.
COE001017;COE001017 - Strangle Call KO;7;Barreira Cenário de Alta (%);Campo de preenchimento obrigatório. Indica o percentual a ser aplicado sobre o valor inicial do ativo. Formato: numérico com 4 inteiros e 8 decimais, sempre maior que zero.
COE001017;COE001017 - Strangle Call KO;8;Rebate no Cenário de Alta (%);Campo de preenchimento obrigatório. Indica o percentual a ser aplicado sobre o VFE quando detectado que a cotação for maior que a barreira no período de verificação. Formato: numérico com 4 inteiros e 4 decimais, sempre maior que zero.
COE001017;COE001017 - Strangle Call KO;9;Opções Dependentes;Campo de preenchimento obrigatório Caso selecionado ‘Sim’, em um eventual atingimento de barreira de Knock-out, as opções da estrutura serão desmontadas juntas. Caso selecionado ‘Não’, em um eventual atingimento de barreira de Knock-out , as opções da estrutura serão desmontadas individualmente, permanecendo a exposição para a opção ainda ativa. Campo com as opções: Sim e Não.
COE001017;COE001017 - Strangle Call KO;10;Tipo de Cotação para Verificação de Barreiras no Cenário de Alta;Campo de preenchimento obrigatório. Não preencher se a “Classe do Ativo Subjacente” for igual a “CESTA”. Indicação de qual será a cotação a ser considerada. Campo com as opções: Fechamento, Média, Máximo, Mínimo e Ajuste.
COE001017;COE001017 - Strangle Call KO;11;Período de captura do ativo subjacente para liquidação;Campo de preenchimento obrigatório. Campo com as opções: Data Única, Janela de Datas e Mais Datas. Indica como será formado o fixing no vencimento. Caso o ativo subjacente seja uma Cesta,não é permitido selecionar a opção “Janela de Datas” Se indicado Janela de Datas ou Mais Datas, será obrigatório o preenchimento do campo “Tipo de Fixing para Vencimento”. Caso seja indicado “Mais Datas” as datas serão indicadas na seção “Mais Datas”.
COE001017;COE001017 - Strangle Call KO;12;Data inicial para fixing;"Campo de preenchimento obrigatório, se indicado ""Janela de datas"". É possível escolher uma data maior ou igual à “Data de Emissão” (ou “Emissão a Termo”), e menor que “Data Final para Fixing”. Formato: DD/MM/AAAA. Não preencher se a “Classe do Ativo Subjacente” for igual a “CESTA”."
COE001017;COE001017 - Strangle Call KO;13;Data final para fixing;"Campo de preenchimento obrigatório, se indicado ""Janela de datas"". Esta data deve ser posterior à indicada no campo “Data Inicial para Fixing”, sendo que o prazo máximo de dias entre a “Data Final para Fixing” e o vencimento é de 5 dias úteis e o prazo mínimo entre estas datas é 1 dia útil. Formato: DD/MM/AAAA. Não preencher se a “Classe do Ativo Subjacente” for igual a “CESTA”."
COE001017;COE001017 - Strangle Call KO;14;Data para fixing;"Campo de preenchimento obrigatório, se indicado ""Data única"". Formato: DD/MM/AAAA. Não preencher se a “Classe do Ativo Subjacente” for igual a “CESTA”."
COE001017;COE001017 - Strangle Call KO;15;Tipo de Cotação para Liquidação;Campo de preenchimento obrigatório. Não preencher se a “Classe do Ativo Subjacente” for igual a “CESTA”. Indicação de qual será a cotação a ser considerada na liquidação da operação. Campo com as opções: Fechamento, Média, Máximo, Mínimo e Ajuste.
COE001017;COE001017 - Strangle Call KO;16;Período de Verificação de Barreiras;Campo de preenchimento obrigatório. Campo com as opções: Americana e Europeia. Se indicado “Europeia” apenas a “Data para Fixing” pode ser preenchido. Se indicado “Americana” apenas a “Data Inicial para Verificação” e “Data Final para Verificação” podem ser preenchidos.
COE001017;COE001017 - Strangle Call KO;17;Data Inicial para Verificação;Campo de preenchimento obrigatório, se indicado “Americana”. A partir de D+1 da “Data de Emissão” (ou “Emissão a Termo”) e menor que “Data Final para Verificação” Formato: DD/MM/AAAA.
COE001017;COE001017 - Strangle Call KO;18;Data Final para Verificação;Campo de preenchimento obrigatório, se indicado “Americana”. Essa data deve ser posterior a indicada no campo “Data Inicial para Verificação”, sendo que o prazo mínimo de dias entre as datas deve ser de 1 dia útil. Formato: DD/MM/AAAA.
COE001017;COE001017 - Strangle Call KO;19;Tipo de Fixing para Vencimento;Campo de preenchimento obrigatório quando no campo “Período de captura do ativo subjacente para liquidação” for selecionado “Janela de Datas” ou “Mais Datas” . Campo com os domínios: Máxima no Período, Mínima no Período e Média no Período Indica como será formado o fixing para o vencimento do COE. • Máximo no período: O sistema irá verificar a cotação de todas as datas do intervalo da “Data fixing” (inclusive) até a “Data Fixing 2” (inclusive) e utilizará a maior cotação do intervalo como fixing do evento. • Mínimo no período: O sistema irá verificar a cotação de todas as datas do intervalo da “Data fixing” (inclusive) até a “Data Fixing 2” (inclusive) e utilizará a menor cotação do intervalo como fixing do evento. • Média no período: O sistema irá verificar a cotação de todas as datas do intervalo da “Data fixing” (inclusive) até a “Data Fixing 2” (inclusive) e utilizará a média de todas as cotações do intervalo como fixing do evento.
COE001018;COE001018 - Strangle Put KO;1;Strike 1 (%);Campo de preenchimento obrigatório. Percentual aplicado sobre o Valor Inicial do Ativo Subjacente. Formato: Numérico percentual com 4 inteiros e 8 decimais, maior que 0 e menor que strike 2.
COE001018;COE001018 - Strangle Put KO;2;Quantidade 1;Campo de preenchimento opcional. Informa a quantidade do ativo subjacente que é utilizado no cálculo de ajuste referente ao Strike 1. Formato: Numérico com 8 inteiros e 8 decimais.
COE001018;COE001018 - Strangle Put KO;3;Participação cenário de baixa (%);Campo de preenchimento obrigatório. Número indicando percentual a ser aplicado sobre a desvalorização do ativo subjacente. Formato: Numérico com 4 inteiros e 4 decimais, maior que 0.
COE001018;COE001018 - Strangle Put KO;4;Barreira no Cenário de Baixa (%);Campo de preenchimento obrigatório. Indica o percentual a ser aplicado sobre o valor inicial do ativo subjacente. Formato: numérico com 4 inteiros e 8 decimais, sempre maior que zero.
COE001018;COE001018 - Strangle Put KO;5;Rebate no Cenário de Baixa (%);Campo de preenchimento obrigatório. Indica o percentual a ser aplicado sobre o VFE quando detectado que a cotação for maior que a barreira no período de verificação. Formato: numérico com 4 inteiros e 4 decimais, sempre maior que zero.
COE001018;COE001018 - Strangle Put KO;6;Tipo de Cotação para Verificação de Barreiras no Cenário de Baixa;Campo de preenchimento obrigatório. Não preencher se a “Classe do Ativo Subjacente” for igual a “CESTA”. Indicação de qual será a cotação a ser considerada. Campo com as opções: Fechamento, Média, Máximo, Mínimo e Ajuste.
COE001018;COE001018 - Strangle Put KO;7;Strike 2 (%);Campo de preenchimento obrigatório. Percentual aplicado sobre o Valor Inicial do Ativo Subjacente. Formato: Numérico percentual com 4 inteiros e 8 decimais, maior que 0 e maior que strike 1.
COE001018;COE001018 - Strangle Put KO;8;Quantidade 2;Campo de preenchimento opcional. Informa a quantidade do ativo subjacente que é utilizado no cálculo de ajuste referente ao Strike 2. Formato: Numérico com 8 inteiros e 8 decimais.
COE001018;COE001018 - Strangle Put KO;9;Participação cenário de alta (%);Campo de preenchimento obrigatório. Número indicando percentual a ser aplicado sobre a valorização do ativo subjacente. Formato: Numérico com 4 inteiros e 4 decimais, maior que 0.
COE001018;COE001018 - Strangle Put KO;10;Opções Dependentes;Campo de preenchimento obrigatório Caso selecionado ‘Sim’, em um eventual atingimento de barreira de Knock-out, as opções da estrutura serão desmontadas juntas. Caso selecionado ‘Não’, em um eventual atingimento de barreira de Knock-out , as opções da estrutura serão desmontadas individualmente, permanecendo a exposição para a opção ainda ativa. Campo com as opções: Sim e Não.
COE001018;COE001018 - Strangle Put KO;11;Período de captura do ativo subjacente para liquidação;Campo de preenchimento obrigatório. Campo com as opções: Data Única, Janela de Datas e Mais Datas. Indica como será formado o fixing no vencimento. Caso o ativo subjacente seja uma Cesta, não é permitido selecionar a opção “Janela de Datas” Se indicado Janela de Datas ou Mais Datas, será obrigatório o preenchimento do campo “Tipo de Fixing para Vencimento”. Caso seja indicado “Mais Datas” as datas serão indicadas na seção “Mais Datas”.
COE001018;COE001018 - Strangle Put KO;12;Data inicial para fixing;"Campo de preenchimento obrigatório, se indicado ""Janela de datas"". É possível escolher uma data maior ou igual à “Data de Emissão” (ou “Emissão a Termo”), e menor que “Data Final para Fixing”. Formato: DD/MM/AAAA. Não preencher se a “Classe do Ativo Subjacente” for igual a “CESTA”."
COE001018;COE001018 - Strangle Put KO;13;Data final para fixing;"Campo de preenchimento obrigatório, se indicado ""Janela de datas"". Esta data deve ser posterior à indicada no campo “Data Inicial para Fixing”, sendo que o prazo máximo de dias entre a “Data Final para Fixing” e o vencimento é de 5 dias úteis e o prazo mínimo entre estas datas é 1 dia útil. Formato: DD/MM/AAAA. Não preencher se a “Classe do Ativo Subjacente” for igual a “CESTA”."
COE001018;COE001018 - Strangle Put KO;14;Data para fixing;"Campo de preenchimento obrigatório, se indicado ""Data única"". Formato: DD/MM/AAAA. Não preencher se a “Classe do Ativo Subjacente” for igual a “CESTA”."
COE001018;COE001018 - Strangle Put KO;15;Tipo de Cotação para Liquidação;Campo de preenchimento obrigatório. Não preencher se a “Classe do Ativo Subjacente” for igual a “CESTA”. Indicação de qual será a cotação a ser considerada na liquidação da operação. Campo com as opções: Fechamento, Média, Máximo, Mínimo e Ajuste.
COE001018;COE001018 - Strangle Put KO;16;Período de Verificação de Barreiras;Campo de preenchimento obrigatório. Campo com as opções: Americana e Europeia. Se indicado “Europeia” apenas a “Data para Fixing” pode ser preenchido. Se indicado “Americana” apenas a “Data Inicial para Verificação” e “Data Final para Verificação” podem ser preenchidos.
COE001018;COE001018 - Strangle Put KO;17;Data Inicial para Verificação;Campo de preenchimento obrigatório, se indicado “Americana”. A partir de D+1 da “Data de Emissão” (ou “Emissão a Termo”) e menor que “Data Final para Verificação” Formato: DD/MM/AAAA.
COE001018;COE001018 - Strangle Put KO;18;Data Final para Verificação;Campo de preenchimento obrigatório, se indicado “Americana”. Essa data deve ser posterior a indicada no campo “Data Inicial para Verificação”, sendo que o prazo mínimo de dias entre as datas deve ser de 1 dia útil. Formato: DD/MM/AAAA.
COE001018;COE001018 - Strangle Put KO;19;Tipo de Fixing para Vencimento;Campo de preenchimento obrigatório quando no campo “Período de captura do ativo subjacente para liquidação” for selecionado “Janela de Datas” ou “Mais Datas” . Campo com os domínios: Máxima no Período, Mínima no Período e Média no Período Indica como será formado o fixing para o vencimento do COE. • Máximo no período: O sistema irá verificar a cotação de todas as datas do intervalo da “Data fixing” (inclusive) até a “Data Fixing 2” (inclusive) e utilizará a maior cotação do intervalo como fixing do evento. • Mínimo no período: O sistema irá verificar a cotação de todas as datas do intervalo da “Data fixing” (inclusive) até a “Data Fixing 2” (inclusive) e utilizará a menor cotação do intervalo como fixing do evento. • Média no período: O sistema irá verificar a cotação de todas as datas do intervalo da “Data fixing” (inclusive) até a “Data Fixing 2” (inclusive) e utilizará a média de todas as cotações do intervalo como fixing do evento.
COE001019;COE001019 - Strangle KO Call_Put;1;Strike 1 (%);Campo de preenchimento obrigatório. Percentual aplicado sobre o Valor Inicial do Ativo Subjacente. Formato: Numérico percentual com 4 inteiros e 8 decimais, maior que 0 e menor que strike 2.
COE001019;COE001019 - Strangle KO Call_Put;2;Quantidade 1;Campo de preenchimento opcional. Informa a quantidade do ativo subjacente que é utilizado no cálculo de ajuste referente ao Strike 1. Formato: Numérico com 8 inteiros e 8 decimais.
COE001019;COE001019 - Strangle KO Call_Put;3;Participação cenário de baixa (%);Campo de preenchimento obrigatório. Número indicando percentual a ser aplicado sobre a desvalorização do ativo subjacente. Formato: Numérico com 4 inteiros e 4 decimais, maior que 0.
COE001019;COE001019 - Strangle KO Call_Put;4;Barreira no Cenário de Baixa (%);Campo de preenchimento obrigatório. Indica o percentual a ser aplicado sobre o valor inicial do ativo subjacente. Formato: numérico com 4 inteiros e 8 decimais, sempre maior que zero.
COE001019;COE001019 - Strangle KO Call_Put;5;Rebate no Cenário de Baixa (%);Campo de preenchimento obrigatório. Indica o percentual a ser aplicado sobre o VFE quando detectado que a cotação for maior que a barreira no período de verificação. Formato: numérico com 4 inteiros e 4 decimais, sempre maior que zero.
COE001019;COE001019 - Strangle KO Call_Put;6;Tipo de Cotação para Verificação de Barreiras no Cenário de Baixa;Campo de preenchimento obrigatório. Não preencher se a “Classe do Ativo Subjacente” for igual a “CESTA”. Indicação de qual será a cotação a ser considerada. Campo com as opções: Fechamento, Média, Máximo, Mínimo e Ajuste.
COE001019;COE001019 - Strangle KO Call_Put;7;Strike 2 (%);Campo de preenchimento obrigatório. Percentual aplicado sobre o Valor Inicial do Ativo Subjacente. Formato: Numérico percentual com 4 inteiros e 8 decimais, maior que 0 e maior que strike 1.
COE001019;COE001019 - Strangle KO Call_Put;8;Quantidade 2;Campo de preenchimento opcional. Informa a quantidade do ativo subjacente que é utilizado no cálculo de ajuste referente ao Strike 2. Formato: Numérico com 8 inteiros e 8 decimais.
COE001019;COE001019 - Strangle KO Call_Put;9;Participação cenário de alta (%);Campo de preenchimento obrigatório. Número indicando percentual a ser aplicado sobre a valorização do ativo subjacente. Formato: Numérico com 4 inteiros e 4 decimais, maior que 0.
COE001019;COE001019 - Strangle KO Call_Put;10;Barreira Cenário de Alta (%);Campo de preenchimento obrigatório. Indica o percentual a ser aplicado sobre o valor inicial do ativo. Formato: numérico com 4 inteiros e 8 decimais, sempre maior que zero.
COE001019;COE001019 - Strangle KO Call_Put;11;Opções Dependentes;Campo de preenchimento obrigatório Caso selecionado ‘Sim’, em um eventual atingimento de barreira de Knock-out, as opções da estrutura serão desmontadas juntas. Caso selecionado ‘Não’, em um eventual atingimento de barreira de Knock-out , as opções da estrutura serão desmontadas individualmente, permanecendo a exposição para a opção ainda ativa. Campo com as opções: Sim e Não.
COE001019;COE001019 - Strangle KO Call_Put;12;Rebate no Cenário de Alta (%);Campo de preenchimento obrigatório. Indica o percentual a ser aplicado sobre o VFE quando detectado que a cotação for maior que a barreira no período de verificação. Formato: numérico com 4 inteiros e 4 decimais, sempre maior que zero.
COE001019;COE001019 - Strangle KO Call_Put;13;Tipo de Cotação para Verificação de Barreiras no Cenário de Alta;Campo de preenchimento obrigatório. Não preencher se a “Classe do Ativo Subjacente” for igual a “CESTA”. Indicação de qual será a cotação a ser considerada. Campo com as opções: Fechamento, Média, Máximo, Mínimo e Ajuste.
COE001019;COE001019 - Strangle KO Call_Put;14;Período de captura do ativo subjacente para liquidação;Campo de preenchimento obrigatório. Campo com as opções: Data Única, Janela de Datas e Mais Datas. Indica como será formado o fixing no vencimento. Caso o ativo subjacente seja uma Cesta,não é permitido selecionar a opção “Janela de Datas” Se indicado Janela de Datas ou Mais Datas, será obrigatório o preenchimento do campo “Tipo de Fixing para Vencimento”. Caso seja indicado “Mais Datas” as datas serão indicadas na seção “Mais Datas”.
COE001019;COE001019 - Strangle KO Call_Put;15;Data inicial para fixing;"Campo de preenchimento obrigatório, se indicado ""Janela de datas"". É possível escolher uma data maior ou igual à “Data de Emissão” (ou “Emissão a Termo”), e menor que “Data Final para Fixing”. Formato: DD/MM/AAAA. Não preencher se a “Classe do Ativo Subjacente” for igual a “CESTA”."
COE001019;COE001019 - Strangle KO Call_Put;16;Data final para fixing;"Campo de preenchimento obrigatório, se indicado ""Janela de datas"". Esta data deve ser posterior à indicada no campo “Data Inicial para Fixing”, sendo que o prazo máximo de dias entre a “Data Final para Fixing” e o vencimento é de 5 dias úteis e o prazo mínimo entre estas datas é 1 dia útil. Formato: DD/MM/AAAA. Não preencher se a “Classe do Ativo Subjacente” for igual a “CESTA”."
COE001019;COE001019 - Strangle KO Call_Put;17;Data para fixing;"Campo de preenchimento obrigatório, se indicado ""Data única"". Formato: DD/MM/AAAA. Não preencher se a “Classe do Ativo Subjacente” for igual a “CESTA”."
COE001019;COE001019 - Strangle KO Call_Put;18;Tipo de Cotação para Liquidação;Campo de preenchimento obrigatório. Não preencher se a “Classe do Ativo Subjacente” for igual a “CESTA”. Indicação de qual será a cotação a ser considerada na liquidação da operação. Campo com as opções: Fechamento, Média, Máximo, Mínimo e Ajuste.
COE001019;COE001019 - Strangle KO Call_Put;19;Período de Verificação de Barreiras;Campo de preenchimento obrigatório. Campo com as opções: Americana e Europeia. Se indicado “Europeia” apenas a “Data para Fixing” pode ser preenchido. Se indicado “Americana” apenas a “Data Inicial para Verificação” e “Data Final para Verificação” podem ser preenchidos.
COE001019;COE001019 - Strangle KO Call_Put;20;Data Inicial para Verificação;Campo de preenchimento obrigatório, se indicado “Americana”. A partir de D+1 da “Data de Emissão” (ou “Emissão a Termo”) e menor que “Data Final para Verificação” Formato: DD/MM/AAAA.
COE001019;COE001019 - Strangle KO Call_Put;21;Data Final para Verificação;Campo de preenchimento obrigatório, se indicado “Americana”. Essa data deve ser posterior a indicada no campo “Data Inicial para Verificação”, sendo que o prazo mínimo de dias entre as datas deve ser de 1 dia útil. Formato: DD/MM/AAAA.
COE001019;COE001019 - Strangle KO Call_Put;22;Tipo de Fixing para Vencimento;Campo de preenchimento obrigatório quando no campo “Período de captura do ativo subjacente para liquidação” for selecionado “Janela de Datas” ou “Mais Datas” . Campo com os domínios: Máxima no Período, Mínima no Período e Média no Período Indica como será formado o fixing para o vencimento do COE. • Máximo no período: O sistema irá verificar a cotação de todas as datas do intervalo da “Data fixing” (inclusive) até a “Data Fixing 2” (inclusive) e utilizará a maior cotação do intervalo como fixing do evento. • Mínimo no período: O sistema irá verificar a cotação de todas as datas do intervalo da “Data fixing” (inclusive) até a “Data Fixing 2” (inclusive) e utilizará a menor cotação do intervalo como fixing do evento. • Média no período: O sistema irá verificar a cotação de todas as datas do intervalo da “Data fixing” (inclusive) até a “Data Fixing 2” (inclusive) e utilizará a média de todas as cotações do intervalo como fixing do evento.
COE001020;COE001020 - Barreiras Móveis;1;Barreira no Cenário de Baixa (%);Campo de preenchimento obrigatório. Indica o percentual a ser aplicado sobre o valor inicial do ativo subjacente. Formato: numérico com 4 inteiros e 8 decimais, sempre maior que zero.
COE001020;COE001020 - Barreiras Móveis;2;Barreira Cenário de Alta (%);Campo de preenchimento obrigatório. Indica o percentual a ser aplicado sobre o valor inicial do ativo. Formato: numérico com 4 inteiros e 8 decimais, sempre maior que zero.
COE001020;COE001020 - Barreiras Móveis;3;Data Inicial para Verificação;Campo de preenchimento obrigatório, se indicado “Americana”. A partir de D+1 da “Data de Emissão” (ou “Emissão a Termo”) e menor que “Data Final para Verificação” Formato: DD/MM/AAAA.
COE001020;COE001020 - Barreiras Móveis;4;Data Final para Verificação;Campo de preenchimento obrigatório, se indicado “Americana”. Essa data deve ser posterior a indicada no campo “Data Inicial para Verificação”, sendo que o prazo mínimo de dias entre as datas deve ser de 1 dia útil. Formato: DD/MM/AAAA.
COE001020;COE001020 - Barreiras Móveis;5;Remuneração Adicional;Campo de preenchimento obrigatório. Indica o tipo de remunerador que será utilizado. Campo com as opções: Pré e DI.
COE001020;COE001020 - Barreiras Móveis;6;Remunerador Flutuante Adicional (%);Campo de preenchimento obrigatório, se indicado “DI”. Para o indicador “Pré”, este campo não deverá ser preenchido. Formato: Numérico com 4 inteiros e 4 decimais, maior que 0.
COE001020;COE001020 - Barreiras Móveis;7;Cupom Remunerador Adicional (%);Campo de preenchimento obrigatório, se indicado “Pré”. Formato: Numérico com 5 inteiros e 4 decimais, incluindo o sinal “- “ e “+”. A não indicação do sinal deve ser considerada como “+”.
COE001020;COE001020 - Barreiras Móveis;8;Tipo de Cotação para Verificação;Campo de preenchimento obrigatório. Não preencher se a “Classe do Ativo Subjacente” for igual a “CESTA”. Tipo de cotação do ativo subjacente capturado em todas as datas entre a “Data Inicial para verificação” e a “Data Final para verificação”. Campo com as opções: Fechamento, Média, Máximo, Mínimo e Ajuste.
COE001020;COE001020 - Barreiras Móveis;9;Fator barreira móvel superior;Campo de preenchimento obrigatório. Fator que deve ser somado diariamente da barreira superior. Formato: Numérico com 5 inteiros e 8 decimais, incluindo o sinal “-“ e “+”. A não indicação do sinal deve ser considerada como “+”.
COE001020;COE001020 - Barreiras Móveis;10;Fator barreira móvel inferior;Campo de preenchimento obrigatório. Fator que deve ser subtraído diariamente da barreira inferior. Formato: Numérico com 5 inteiros e 8 decimais, incluindo o sinal “-“ e “+”. A não indicação do sinal deve ser considerada como “+”.
COE001021;COE001021 - Call KI;1;Strike 1 (%);Campo de preenchimento obrigatório. Percentual aplicado sobre o Valor Inicial do Ativo Subjacente. Formato: Numérico percentual com 4 inteiros e 8 decimais, maior que 0.
COE001021;COE001021 - Call KI;2;Quantidade 1;Campo de preenchimento opcional. Informa a quantidade do ativo subjacente que é utilizado no cálculo de ajuste referente ao Strike 1. Formato: Numérico com 8 inteiros e 8 decimais.
COE001021;COE001021 - Call KI;3;Data inicial para fixing;"Campo de preenchimento obrigatório, se indicado ""Janela de datas"". É possível escolher uma data maior ou igual à “Data de Emissão” (ou “Emissão a Termo”), e menor que “Data Final para Fixing”. Formato: DD/MM/AAAA. Não preencher se a “Classe do Ativo Subjacente” for igual a “CESTA”."
COE001021;COE001021 - Call KI;4;Data final para fixing;"Campo de preenchimento obrigatório, se indicado ""Janela de datas"". Esta data deve ser posterior à indicada no campo “Data Inicial para Fixing”, sendo que o prazo máximo de dias entre a “Data Final para Fixing” e o vencimento é de 5 dias úteis e o prazo mínimo entre estas datas é 1 dia útil. Formato: DD/MM/AAAA. Não preencher se a “Classe do Ativo Subjacente” for igual a “CESTA”."
COE001021;COE001021 - Call KI;5;Data para fixing;"Campo de preenchimento obrigatório, se indicado ""Data única"". Formato: DD/MM/AAAA. Não preencher se a “Classe do Ativo Subjacente” for igual a “CESTA”."
COE001021;COE001021 - Call KI;6;Participação cenário de alta (%);Campo de preenchimento obrigatório. Número indicando percentual a ser aplicado sobre a valorização do ativo subjacente. Formato: Numérico com 4 inteiros e 4 decimais, maior que 0.
COE001021;COE001021 - Call KI;7;Período de captura do ativo subjacente para liquidação;Campo de preenchimento obrigatório. Campo com as opções: Data Única, Janela de Datas e Mais Datas. Indica como será formado o fixing no vencimento. Caso o ativo subjacente seja uma Cesta, não é permitido selecionar a opção “Janela de Datas” Se indicado Janela de Datas ou Mais Datas, será obrigatório o preenchimento do campo “Tipo de Fixing para Vencimento”. Caso seja indicado “Mais Datas” as datas serão indicadas na seção “Mais Datas”.
COE001021;COE001021 - Call KI;8;Tipo de Cotação para Liquidação;Campo de preenchimento obrigatório. Não preencher se a “Classe do Ativo Subjacente” for igual a “CESTA”. Indicação de qual será a cotação a ser considerada na liquidação da operação. Campo com as opções: Fechamento, Média, Máximo, Mínimo e Ajuste.
COE001021;COE001021 - Call KI;9;Tipo de Cotação para Verificação de Barreiras no Cenário de Alta;Campo de preenchimento obrigatório. Não preencher se a “Classe do Ativo Subjacente” for igual a “CESTA”. Indicação de qual será a cotação a ser considerada. Campo com as opções: Fechamento, Média, Máximo, Mínimo e Ajuste.
COE001021;COE001021 - Call KI;10;Período de Verificação de Barreiras;Campo de preenchimento obrigatório. Campo com as opções: Americana e Europeia. Se indicado “Europeia” apenas a “Data para Fixing” pode ser preenchido. Se indicado “Americana” apenas a “Data Inicial para Verificação” e “Data Final para Verificação” podem ser preenchidos.
COE001021;COE001021 - Call KI;11;Data Inicial para Verificação;Campo de preenchimento obrigatório, se indicado “Americana”. A partir de D+1 da “Data de Emissão” (ou “Emissão a Termo”) e menor que “Data Final para Verificação” Formato: DD/MM/AAAA.
COE001021;COE001021 - Call KI;12;Data Final para Verificação;Campo de preenchimento obrigatório, se indicado “Americana”. Essa data deve ser posterior a indicada no campo “Data Inicial para Verificação”, sendo que o prazo mínimo de dias entre as datas deve ser de 1 dia útil. Formato: DD/MM/AAAA.
COE001021;COE001021 - Call KI;13;Rebate KI (%);Campo de preenchimento obrigatório. Indica o percentual a ser aplicado sobre o VFE quando detectado que a cotação for maior que a barreira no período de verificação. Formato: Numérico com 4 inteiros e 4 decimais, maior que 0.
COE001021;COE001021 - Call KI;14;Barreira KI;Campo de preenchimento obrigatório. Campo percentual aplicado sobre o valor inicial do Ativo Subjacente indicando a barreira de KI da estrutura. Formato: Numérico com 4 inteiros e 8 decimais, maior que 0.
COE001021;COE001021 - Call KI;15;Tipo de Fixing para Vencimento;Campo de preenchimento obrigatório quando no campo “Período de captura do ativo subjacente para liquidação” for selecionado “Janela de Datas” ou “Mais Datas”. Campo com os domínios: Máxima no Período, Mínima no Período e Média no Período Indica como será formado o fixing para o vencimento do COE. • Máximo no período: O sistema irá verificar a cotação de todas as datas do intervalo da “Data fixing” (inclusive) até a “Data Fixing 2” (inclusive) e utilizará a maior cotação do intervalo como fixing do evento. • Mínimo no período: O sistema irá verificar a cotação de todas as datas do intervalo da “Data fixing” (inclusive) até a “Data Fixing 2” (inclusive) e utilizará a menor cotação do intervalo como fixing do evento. • Média no período: O sistema irá verificar a cotação de todas as datas do intervalo da “Data fixing” (inclusive) até a “Data Fixing 2” (inclusive) e utilizará a média de todas as cotações do intervalo como fixing do evento.
COE001022;COE001022 - Put KI;1;Strike 1 (%);Campo de preenchimento obrigatório. Percentual aplicado sobre o Valor Inicial do Ativo Subjacente. Formato: Numérico percentual com 4 inteiros e 8 decimais, maior que 0.
COE001022;COE001022 - Put KI;2;Quantidade 1;Campo de preenchimento opcional. Informa a quantidade do ativo subjacente que é utilizado no cálculo de ajuste referente ao Strike 1. Formato: Numérico com 8 inteiros e 8 decimais.
COE001022;COE001022 - Put KI;3;Participação cenário de baixa (%);Campo de preenchimento obrigatório. Número indicando percentual a ser aplicado sobre a desvalorização do ativo subjacente. Formato: Numérico com 4 inteiros e 4 decimais, maior que 0.
COE001022;COE001022 - Put KI;4;Tipo de Cotação para Verificação de Barreiras no Cenário de Baixa;Campo de preenchimento obrigatório. Não preencher se a “Classe do Ativo Subjacente” for igual a “CESTA”. Indicação de qual será a cotação a ser considerada. Campo com as opções: Fechamento, Média, Máximo, Mínimo e Ajuste.
COE001022;COE001022 - Put KI;5;Período de captura do ativo subjacente para liquidação;Campo de preenchimento obrigatório. Campo com as opções: Data Única, Janela de Datas e Mais Datas. Indica como será formado o fixing no vencimento. Caso o ativo subjacente seja uma Cesta,não é permitido selecionar a opção “Janela de Datas” Se indicado Janela de Datas ou Mais Datas, será obrigatório o preenchimento do campo “Tipo de Fixing para Vencimento”. Caso seja indicado “Mais Datas” as datas serão indicadas na seção “Mais Datas”.
COE001022;COE001022 - Put KI;6;Data inicial para fixing;"Campo de preenchimento obrigatório, se indicado ""Janela de datas"". É possível escolher uma data maior ou igual à “Data de Emissão” (ou “Emissão a Termo”), e menor que “Data Final para Fixing”. Formato: DD/MM/AAAA. Não preencher se a “Classe do Ativo Subjacente” for igual a “CESTA”."
COE001022;COE001022 - Put KI;7;Data final para fixing;"Campo de preenchimento obrigatório, se indicado ""Janela de datas"". Esta data deve ser posterior à indicada no campo “Data Inicial para Fixing”, sendo que o prazo máximo de dias entre a “Data Final para Fixing” e o vencimento é de 5 dias úteis e o prazo mínimo entre estas datas é 1 dia útil. Formato: DD/MM/AAAA. Não preencher se a “Classe do Ativo Subjacente” for igual a “CESTA”."
COE001022;COE001022 - Put KI;8;Data para fixing;"Campo de preenchimento obrigatório, se indicado ""Data única"". Formato: DD/MM/AAAA. Não preencher se a “Classe do Ativo Subjacente” for igual a “CESTA”."
COE001022;COE001022 - Put KI;9;Tipo de Cotação para Liquidação;Campo de preenchimento obrigatório. Não preencher se a “Classe do Ativo Subjacente” for igual a “CESTA”. Indicação de qual será a cotação a ser considerada na liquidação da operação. Campo com as opções: Fechamento, Média, Máximo, Mínimo e Ajuste.
COE001022;COE001022 - Put KI;10;Barreira KI;Campo de preenchimento obrigatório. Campo percentual aplicado sobre o valor inicial do Ativo Subjacente indicando a barreira de KI da estrutura. Formato: Numérico com 4 inteiros e 8 decimais, maior que 0.
COE001022;COE001022 - Put KI;11;Rebate KI (%);Campo de preenchimento obrigatório. Indica o percentual a ser aplicado sobre o VFE quando detectado que a cotação for maior que a barreira no período de verificação. Formato: Numérico com 4 inteiros e 4 decimais, maior ou igual a 0.
COE001022;COE001022 - Put KI;12;Período de Verificação de Barreiras;Campo de preenchimento obrigatório. Campo com as opções: Americana e Europeia. Se indicado “Europeia” apenas a “Data para Fixing” pode ser preenchido. Se indicado “Americana” apenas a “Data Inicial para Verificação” e “Data Final para Verificação” podem ser preenchidos.
COE001022;COE001022 - Put KI;13;Data Inicial para Verificação;Campo de preenchimento obrigatório, se indicado “Americana”. A partir de D+1 da “Data de Emissão” (ou “Emissão a Termo”) e menor que “Data Final para Verificação” Formato: DD/MM/AAAA.
COE001022;COE001022 - Put KI;14;Data Final para Verificação;Campo de preenchimento obrigatório, se indicado “Americana”. Essa data deve ser posterior a indicada no campo “Data Inicial para Verificação”, sendo que o prazo mínimo de dias entre as datas deve ser de 1 dia útil. Formato: DD/MM/AAAA.
COE001022;COE001022 - Put KI;15;Tipo de Fixing para Vencimento;Campo de preenchimento obrigatório quando no campo “Período de captura do ativo subjacente para liquidação” for selecionado “Janela de Datas” ou “Mais Datas”. Campo com os domínios: Máxima no Período, Mínima no Período e Média no Período Indica como será formado o fixing para o vencimento do COE. • Máximo no período: O sistema irá verificar a cotação de todas as datas do intervalo da “Data fixing” (inclusive) até a “Data Fixing 2” (inclusive) e utilizará a maior cotação do intervalo como fixing do evento. • Mínimo no período: O sistema irá verificar a cotação de todas as datas do intervalo da “Data fixing” (inclusive) até a “Data Fixing 2” (inclusive) e utilizará a menor cotação do intervalo como fixing do evento. • Média no período: O sistema irá verificar a cotação de todas as datas do intervalo da “Data fixing” (inclusive) até a “Data Fixing 2” (inclusive) e utilizará a média de todas as cotações do intervalo como fixing do evento.
COE001023;COE001023 - Call KIKO;1;Strike 1 (%);Campo de preenchimento obrigatório. Percentual aplicado sobre o Valor Inicial do Ativo Subjacente. Formato: Numérico percentual com 4 inteiros e 8 decimais, maior que 0.
COE001023;COE001023 - Call KIKO;2;Quantidade 1;Campo de preenchimento opcional. Informa a quantidade do ativo subjacente que é utilizado no cálculo de ajuste referente ao Strike 1. Formato: Numérico com 8 inteiros e 8 decimais.
COE001023;COE001023 - Call KIKO;3;Participação cenário de alta (%);Campo de preenchimento obrigatório. Número indicando percentual a ser aplicado sobre a valorização do ativo subjacente. Formato: Numérico com 4 inteiros e 4 decimais, maior que 0.
COE001023;COE001023 - Call KIKO;4;Tipo de Cotação para Verificação de Barreiras no Cenário de Alta;Campo de preenchimento obrigatório. Não preencher se a “Classe do Ativo Subjacente” for igual a “CESTA”. Indicação de qual será a cotação a ser considerada. Campo com as opções: Fechamento, Média, Máximo, Mínimo e Ajuste.
COE001023;COE001023 - Call KIKO;5;Período de captura do ativo subjacente para liquidação;Campo de preenchimento obrigatório. Campo com as opções: Data Única, Janela de Datas e Mais Datas. Indica como será formado o fixing no vencimento. Caso o ativo subjacente seja uma Cesta,não é permitido selecionar a opção “Janela de Datas” Se indicado Janela de Datas ou Mais Datas, será obrigatório o preenchimento do campo “Tipo de Fixing para Vencimento”. Caso seja indicado “Mais Datas” as datas serão indicadas na seção “Mais Datas”.
COE001023;COE001023 - Call KIKO;6;Data inicial para fixing;"Campo de preenchimento obrigatório, se indicado ""Janela de datas"". É possível escolher uma data maior ou igual à “Data de Emissão” (ou “Emissão a Termo”), e menor que “Data Final para Fixing”. Formato: DD/MM/AAAA. Não preencher se a “Classe do Ativo Subjacente” for igual a “CESTA”."
COE001023;COE001023 - Call KIKO;7;Data final para fixing;"Campo de preenchimento obrigatório, se indicado ""Janela de datas"". Esta data deve ser posterior à indicada no campo “Data Inicial para Fixing”, sendo que o prazo máximo de dias entre a “Data Final para Fixing” e o vencimento é de 5 dias úteis e o prazo mínimo entre estas datas é 1 dia útil. Formato: DD/MM/AAAA. Não preencher se a “Classe do Ativo Subjacente” for igual a “CESTA”."
COE001023;COE001023 - Call KIKO;8;Data para fixing;"Campo de preenchimento obrigatório, se indicado ""Data única"". Formato: DD/MM/AAAA. Não preencher se a “Classe do Ativo Subjacente” for igual a “CESTA”."
COE001023;COE001023 - Call KIKO;9;Tipo de Cotação para Liquidação;Campo de preenchimento obrigatório. Não preencher se a “Classe do Ativo Subjacente” for igual a “CESTA”. Indicação de qual será a cotação a ser considerada na liquidação da operação. Campo com as opções: Fechamento, Média, Máximo, Mínimo e Ajuste.
COE001023;COE001023 - Call KIKO;10;Barreira KI;Campo de preenchimento obrigatório. Campo percentual aplicado sobre o valor inicial do Ativo Subjacente indicando a barreira de KI da estrutura. Formato: Numérico com 4 inteiros e 8 decimais, maior que 0.
COE001023;COE001023 - Call KIKO;11;Rebate KI (%);Campo de preenchimento obrigatório. Indica o percentual a ser aplicado sobre o VFE quando detectado que a cotação for maior que a barreira no período de verificação. Formato: Numérico com 4 inteiros e 4 decimais, maior que 0.
COE001023;COE001023 - Call KIKO;12;Barreira KO;Campo de preenchimento obrigatório. Campo percentual aplicado sobre o valor inicial do Ativo Subjacente. Indica a barreira de KO da estrutura. Formato: Numérico com 4 inteiros e 8 decimais, maior que 0.
COE001023;COE001023 - Call KIKO;13;Rebate KO (%);Campo de preenchimento obrigatório. Indica o percentual a ser aplicado sobre o VFE quando detectado que a cotação for menor que a barreira de KO no período de verificação. Formato: Numérico com 4 inteiros e 4 decimais, maior que 0.
COE001023;COE001023 - Call KIKO;14;Período de Verificação de Barreiras;Campo de preenchimento obrigatório. Campo com as opções: Americana e Europeia. Se indicado “Europeia” apenas a “Data para Fixing” pode ser preenchido. Se indicado “Americana” apenas a “Data Inicial para Verificação” e “Data Final para Verificação” podem ser preenchidos.
COE001023;COE001023 - Call KIKO;15;Data Inicial para Verificação;Campo de preenchimento obrigatório, se indicado “Americana”. A partir de D+1 da “Data de Emissão” (ou “Emissão a Termo”) e menor que “Data Final para Verificação” Formato: DD/MM/AAAA.
COE001023;COE001023 - Call KIKO;16;Data Final para Verificação;Campo de preenchimento obrigatório, se indicado “Americana”. Essa data deve ser posterior a indicada no campo “Data Inicial para Verificação”, sendo que o prazo mínimo de dias entre as datas deve ser de 1 dia útil. Formato: DD/MM/AAAA.
COE001023;COE001023 - Call KIKO;17;Tipo de Fixing para Vencimento;Campo de preenchimento obrigatório quando no campo “Período de captura do ativo subjacente para liquidação” for selecionado “Janela de Datas” ou “Mais Datas” . Campo com os domínios: Máxima no Período, Mínima no Período e Média no Período Indica como será formado o fixing para o vencimento do COE. • Máximo no período: O sistema irá verificar a cotação de todas as datas do intervalo da “Data fixing” (inclusive) até a “Data Fixing 2” (inclusive) e utilizará a maior cotação do intervalo como fixing do evento. • Mínimo no período: O sistema irá verificar a cotação de todas as datas do intervalo da “Data fixing” (inclusive) até a “Data Fixing 2” (inclusive) e utilizará a menor cotação do intervalo como fixing do evento. • Média no período: O sistema irá verificar a cotação de todas as datas do intervalo da “Data fixing” (inclusive) até a “Data Fixing 2” (inclusive) e utilizará a média de todas as cotações do intervalo como fixing do evento.
COE001024;COE001024 - Put KIKO;1;Strike 1 (%);Campo de preenchimento obrigatório. Percentual aplicado sobre o Valor Inicial do Ativo Subjacente. Formato: Numérico percentual com 4 inteiros e 8 decimais, maior que 0.
COE001024;COE001024 - Put KIKO;2;Quantidade 1;Campo de preenchimento opcional. Informa a quantidade do ativo subjacente que é utilizado no cálculo de ajuste referente ao Strike 1. Formato: Numérico com 8 inteiros e 8 decimais.
COE001024;COE001024 - Put KIKO;3;Participação cenário de baixa (%);Campo de preenchimento obrigatório. Número indicando percentual a ser aplicado sobre a desvalorização do ativo subjacente. Formato: Numérico com 4 inteiros e 4 decimais, maior que 0.
COE001024;COE001024 - Put KIKO;4;Tipo de Cotação para Verificação de Barreiras no Cenário de Baixa;Campo de preenchimento obrigatório. Não preencher se a “Classe do Ativo Subjacente” for igual a “CESTA”. Indicação de qual será a cotação a ser considerada. Campo com as opções: Fechamento, Média, Máximo, Mínimo e Ajuste.
COE001024;COE001024 - Put KIKO;5;Período de captura do ativo subjacente para liquidação;Campo de preenchimento obrigatório. Campo com as opções: Data Única, Janela de Datas e Mais Datas. Indica como será formado o fixing no vencimento. Caso o ativo subjacente seja uma Cesta,não é permitido selecionar a opção “Janela de Datas” Se indicado Janela de Datas ou Mais Datas, será obrigatório o preenchimento do campo “Tipo de Fixing para Vencimento”. Caso seja indicado “Mais Datas” as datas serão indicadas na seção “Mais Datas”.
COE001024;COE001024 - Put KIKO;6;Data inicial para fixing;"Campo de preenchimento obrigatório, se indicado ""Janela de datas"". É possível escolher uma data maior ou igual à “Data de Emissão” (ou “Emissão a Termo”), e menor que “Data Final para Fixing”. Formato: DD/MM/AAAA. Não preencher se a “Classe do Ativo Subjacente” for igual a “CESTA”."
COE001024;COE001024 - Put KIKO;7;Data final para fixing;"Campo de preenchimento obrigatório, se indicado ""Janela de datas"". Esta data deve ser posterior à indicada no campo “Data Inicial para Fixing”, sendo que o prazo máximo de dias entre a “Data Final para Fixing” e o vencimento é de 5 dias úteis e o prazo mínimo entre estas datas é 1 dia útil. Formato: DD/MM/AAAA. Não preencher se a “Classe do Ativo Subjacente” for igual a “CESTA”."
COE001024;COE001024 - Put KIKO;8;Data para fixing;"Campo de preenchimento obrigatório, se indicado ""Data única"". Formato: DD/MM/AAAA. Não preencher se a “Classe do Ativo Subjacente” for igual a “CESTA”."
COE001024;COE001024 - Put KIKO;9;Tipo de Cotação para Liquidação;Campo de preenchimento obrigatório. Não preencher se a “Classe do Ativo Subjacente” for igual a “CESTA”. Indicação de qual será a cotação a ser considerada na liquidação da operação. Campo com as opções: Fechamento, Média, Máximo, Mínimo e Ajuste.
COE001024;COE001024 - Put KIKO;10;Barreira KI;Campo de preenchimento obrigatório. Campo percentual aplicado sobre o valor inicial do Ativo Subjacente indicando a barreira de KI da estrutura. Formato: Numérico com 4 inteiros e 8 decimais, maior que 0.
COE001024;COE001024 - Put KIKO;11;Rebate KI (%);Campo de preenchimento obrigatório. Indica o percentual a ser aplicado sobre o VFE quando detectado que a cotação for maior que a barreira no período de verificação. Formato: Numérico com 4 inteiros e 4 decimais, maior que 0.
COE001024;COE001024 - Put KIKO;12;Barreira KO;Campo de preenchimento obrigatório. Campo percentual aplicado sobre o valor inicial do Ativo Subjacente. Indica a barreira de KO da estrutura. Formato: Numérico com 4 inteiros e 8 decimais, maior que 0.
COE001024;COE001024 - Put KIKO;13;Rebate KO (%);Campo de preenchimento obrigatório. Indica o percentual a ser aplicado sobre o VFE quando detectado que a cotação for menor que a barreira de KO no período de verificação. Formato: Numérico com 4 inteiros e 4 decimais, maior que 0.
COE001024;COE001024 - Put KIKO;14;Período de Verificação de Barreiras;Campo de preenchimento obrigatório. Campo com as opções: Americana e Europeia. Se indicado “Europeia” apenas a “Data para Fixing” pode ser preenchido. Se indicado “Americana” apenas a “Data Inicial para Verificação” e “Data Final para Verificação” podem ser preenchidos.
COE001024;COE001024 - Put KIKO;15;Data Inicial para Verificação;Campo de preenchimento obrigatório, se indicado “Americana”. A partir de D+1 da “Data de Emissão” (ou “Emissão a Termo”) e menor que “Data Final para Verificação” Formato: DD/MM/AAAA.
COE001024;COE001024 - Put KIKO;16;Data Final para Verificação;Campo de preenchimento obrigatório, se indicado “Americana”. Essa data deve ser posterior a indicada no campo “Data Inicial para Verificação”, sendo que o prazo mínimo de dias entre as datas deve ser de 1 dia útil. Formato: DD/MM/AAAA.
COE001024;COE001024 - Put KIKO;17;Tipo de Fixing para Vencimento;Campo de preenchimento obrigatório quando no campo “Período de captura do ativo subjacente para liquidação” for selecionado “Janela de Datas” ou “Mais Datas”. Campo com os domínios: Máxima no Período, Mínima no Período e Média no Período Indica como será formado o fixing para o vencimento do COE. • Máximo no período: O sistema irá verificar a cotação de todas as datas do intervalo da “Data fixing” (inclusive) até a “Data Fixing 2” (inclusive) e utilizará a maior cotação do intervalo como fixing do evento. • Mínimo no período: O sistema irá verificar a cotação de todas as datas do intervalo da “Data fixing” (inclusive) até a “Data Fixing 2” (inclusive) e utilizará a menor cotação do intervalo como fixing do evento. • Média no período: O sistema irá verificar a cotação de todas as datas do intervalo da “Data fixing” (inclusive) até a “Data Fixing 2” (inclusive) e utilizará a média de todas as cotações do intervalo como fixing do evento.
COE001025;COE001025 - Double No Touch;1;Tipo de Cotação para Verificação de Barreiras no Cenário de Baixa;Campo de preenchimento obrigatório. Não preencher se a “Classe do Ativo Subjacente” for igual a “CESTA”. Indicação de qual será a cotação a ser considerada. Campo com as opções: Fechamento, Média, Máximo, Mínimo e Ajuste.
COE001025;COE001025 - Double No Touch;2;Tipo de Cotação para Verificação de Barreiras no Cenário de Alta;Campo de preenchimento obrigatório. Não preencher se a “Classe do Ativo Subjacente” for igual a “CESTA”. Indicação de qual será a cotação a ser considerada. Campo com as opções: Fechamento, Média, Máximo, Mínimo e Ajuste.
COE001025;COE001025 - Double No Touch;3;Barreira superior (%);Campo de preenchimento obrigatório. Indica o percentual a ser aplicado sobre o valor inicial do Ativo Subjacente. Formato: Numérico com 4 inteiros e 4 decimais, maior que 0 e maior que Barreira inferior.
COE001025;COE001025 - Double No Touch;4;Barreira inferior (%);Campo de preenchimento obrigatório. Indica o percentual a ser aplicado sobre o valor inicial do Ativo Subjacente. Formato: Numérico com 4 inteiros e 4 decimais, maior que 0 e menor que Barreira superior.
COE001025;COE001025 - Double No Touch;5;Data Inicial para Verificação;Campo de preenchimento obrigatório. A partir de D+1 da “Data de Emissão” (ou “Emissão a Termo”) e menor que “Data Final para Verificação” Formato: DD/MM/AAAA.
COE001025;COE001025 - Double No Touch;6;Data Final para Verificação;Campo de preenchimento obrigatório. Essa data deve ser posterior a indicada no campo “Data Inicial para Verificação”, sendo que o prazo mínimo de dias entre as datas deve ser de 1 dia útil. Formato: DD/MM/AAAA.
COE001025;COE001025 - Double No Touch;7;Remuneração Adicional;Campo de preenchimento obrigatório. Indica o tipo de remunerador que será utilizado. Campo com as opções: Pré, DI e NO PERÍODO.
COE001025;COE001025 - Double No Touch;8;Remunerador Flutuante Adicional (%);Campo de preenchimento obrigatório, se indicado “DI”. Para o indicador “Pré”, este campo não deverá ser preenchido. Formato: Numérico com 4 inteiros e 4 decimais, maior que 0.
COE001025;COE001025 - Double No Touch;9;Cupom Remunerador Adicional;Campo de preenchimento obrigatório, se indicado “Pré”. Formato: Numérico com 5 inteiros e 4 decimais, incluindo o sinal “- “e“+”. A não indicação do sinal deve ser considerada como “+”
COE001026;COE001026 - One Touch;1;Barreira (%);Campo de preenchimento obrigatório. Indica o percentual a ser aplicado sobre o valor inicial do Ativo Subjacente. Formato: Numérico com 4 inteiros e 8 decimais, maior que 0. Deverá ser preenchido com valor diferente de zero.
COE001026;COE001026 - One Touch;2;Direção barreira;Campo de preenchimento obrigatório. Indica a forma de rompimento da barreira que será atingida. Campo com as opções: Acima e Abaixo,
COE001026;COE001026 - One Touch;3;Data Inicial para Verificação;Campo de preenchimento obrigatório, se indicado “Americana”. A partir de D+1 da “Data de Emissão” (ou “Emissão a Termo”) e menor que “Data Final para Verificação” Formato: DD/MM/AAAA.
COE001026;COE001026 - One Touch;4;Data Final para Verificação;Campo de preenchimento obrigatório, se indicado “Americana”. Essa data deve ser posterior a indicada no campo “Data Inicial para Verificação”, sendo que o prazo mínimo de dias entre as datas deve ser de 1 dia útil. Formato: DD/MM/AAAA.
COE001026;COE001026 - One Touch;5;Remuneração Adicional;Campo de preenchimento obrigatório. Indica o tipo de remunerador que será utilizado. Campo com as opções: Pré, DI e NO PERÍODO.
COE001026;COE001026 - One Touch;6;Remunerador Flutuante Adicional (%);Campo de preenchimento obrigatório, se indicado “DI”. Para o indicador “Pré”, este campo não deverá ser preenchido. Formato: Numérico com 4 inteiros e 4 decimais, maior que 0.
COE001026;COE001026 - One Touch;7;Cupom Remunerador Adicional;Campo de preenchimento obrigatório, se indicado “Pré”. Formato: Numérico com 5 inteiros e 4 decimais, incluindo o sinal “- “ e “+”. A não indicação do sinal deve ser considerada como “+”
COE001026;COE001026 - One Touch;8;Tipo de Cotação para Verificação;Campo de preenchimento obrigatório. Não preencher se a “Classe do Ativo Subjacente” for igual a “CESTA”. Tipo de cotação do ativo subjacente capturado em todas as datas entre a “Data Inicial para verificação” e a “Data Final para verificação”. Campo com as opções: Fechamento, Média, Máximo, Mínimo e Ajuste.
COE001027;COE001027 - Condor;1;Strike 1 (%);Campo de preenchimento obrigatório. Percentual aplicado sobre o Valor Inicial do Ativo Subjacente. Formato: Numérico percentual com 4 inteiros e 8 decimais, maior que 0 e menor que strike 2.
COE001027;COE001027 - Condor;2;Quantidade 1;Campo de preenchimento opcional. Informa a quantidade do ativo subjacente que é utilizado no cálculo de ajuste referente ao Strike 1. Formato: Numérico com 8 inteiros e 8 decimais.
COE001027;COE001027 - Condor;3;Participação cenário de baixa (%);Campo de preenchimento obrigatório. Número indicando percentual a ser aplicado sobre a desvalorização do ativo subjacente. Formato: Numérico com 4 inteiros e 4 decimais, maior que 0.
COE001027;COE001027 - Condor;4;Limitador Cenário de Baixa (%);Campo de preenchimento obrigatório. Número indicando percentual a ser aplicado sobre o valor inicial do ativo subjacente. Formato: Numérico com 4 inteiros e 8 decimais, maior ou igual a 0 e menor que o “Limitador Cenário de Alta”.
COE001027;COE001027 - Condor;5;Strike 2 (%);Campo de preenchimento obrigatório. Formato: Numérico percentual com 4 inteiros e 8 decimais, maior que 0 e maior que strike 1. Percentual aplicado sobre o Valor Inicial do Ativo Subjacente.
COE001027;COE001027 - Condor;6;Quantidade 2;Campo de preenchimento opcional. Informa a quantidade do ativo subjacente que é utilizado no cálculo de ajuste referente ao Strike 2. Formato: Numérico com 8 inteiros e 8 decimais.
COE001027;COE001027 - Condor;7;Participação cenário de alta (%);Campo de preenchimento obrigatório. Número indicando percentual a ser aplicado sobre a valorização do ativo subjacente. Formato: Numérico com 4 inteiros e 4 decimais, maior que 0.
COE001027;COE001027 - Condor;8;Limitador Cenário de Alta (%);Campo de preenchimento obrigatório. Número indicando percentual a ser aplicado sobre o valor inicial do ativo subjacente. Formato: Numérico com 4 inteiros e 8 decimais, maior que 0 e maior que o “Limitador Cenário de Baixa”.
COE001027;COE001027 - Condor;9;Período de captura do ativo subjacente para liquidação;Campo de preenchimento obrigatório. Campo com as opções: Data Única, Janela de Datas e Mais Datas. Indica como será formado o fixing no vencimento. Caso o ativo subjacente seja uma Cesta, não é permitido selecionar a opção “Janela de Datas” Se indicado Janela de Datas ou Mais Datas, será obrigatório o preenchimento do campo “Tipo de Fixing para Vencimento”. Caso seja indicado “Mais Datas” as datas serão indicadas na seção “Mais Datas”.
COE001027;COE001027 - Condor;10;Data inicial para fixing;"Campo de preenchimento obrigatório, se indicado ""Janela de datas"". É possível escolher uma data maior ou igual à “Data de Emissão” (ou “Emissão a Termo”), e menor que “Data Final para Fixing”. Formato: DD/MM/AAAA. Não preencher se a “Classe do Ativo Subjacente” for igual a “CESTA”."
COE001027;COE001027 - Condor;11;Data final para fixing;"Campo de preenchimento obrigatório, se indicado ""Janela de datas"". Esta data deve ser posterior à indicada no campo “Data Inicial para Fixing”, sendo que o prazo máximo de dias entre a “Data Final para Fixing” e o vencimento é de 5 dias úteis e o prazo mínimo entre estas datas é 1 dia útil. Formato: DD/MM/AAAA. Não preencher se a “Classe do Ativo Subjacente” for igual a “CESTA”."
COE001027;COE001027 - Condor;12;Data para fixing;"Campo de preenchimento obrigatório, se indicado ""Data única"". Formato: DD/MM/AAAA. Não preencher se a “Classe do Ativo Subjacente” for igual a “CESTA”."
COE001027;COE001027 - Condor;13;Tipo de Cotação para Liquidação;Campo de preenchimento obrigatório. Não preencher se a “Classe do Ativo Subjacente” for igual a “CESTA”. Indicação de qual será a cotação a ser considerada na liquidação da operação. Campo com as opções: Fechamento, Média, Máximo, Mínimo e Ajuste.
COE001027;COE001027 - Condor;14;Tipo de Fixing para Vencimento;Campo de preenchimento obrigatório quando no campo “Período de captura do ativo subjacente para liquidação” for selecionado “Janela de Datas” ou “Mais Datas”. Campo com os domínios: Máxima no Período, Mínima no Período e Média no Período Indica como será formado o fixing para o vencimento do COE. • Máximo no período: O sistema irá verificar a cotação de todas as datas do intervalo da “Data fixing” (inclusive) até a “Data Fixing 2” (inclusive) e utilizará a maior cotação do intervalo como fixing do evento. • Mínimo no período: O sistema irá verificar a cotação de todas as datas do intervalo da “Data fixing” (inclusive) até a “Data Fixing 2” (inclusive) e utilizará a menor cotação do intervalo como fixing do evento. • Média no período: O sistema irá verificar a cotação de todas as datas do intervalo da “Data fixing” (inclusive) até a “Data Fixing 2” (inclusive) e utilizará a média de todas as cotações do intervalo como fixing do evento.
COE001028;COE001028 – Butterfly;1;Strike 1 (%);Campo de preenchimento obrigatório. Percentual aplicado sobre o Valor Inicial do Ativo Subjacente. Formato: Numérico percentual com 4 inteiros e 8 decimais, maior que 0.
COE001028;COE001028 – Butterfly;2;Quantidade 1;Campo de preenchimento opcional. Informa a quantidade do ativo subjacente que é utilizado no cálculo de ajuste referente ao Strike 1. Formato: Numérico com 8 inteiros e 8 decimais.
COE001028;COE001028 – Butterfly;3;Participação cenário de baixa (%);Campo de preenchimento obrigatório. Número indicando percentual a ser aplicado sobre a desvalorização do ativo subjacente. Formato: Numérico com 4 inteiros e 4 decimais, maior que 0.
COE001028;COE001028 – Butterfly;4;Limitador Cenário de Baixa (%);Campo de preenchimento obrigatório. Número indicando percentual a ser aplicado sobre o valor inicial do ativo subjacente. Formato: Numérico com 4 inteiros e 8 decimais, maior ou igual a 0 e menor que o “Limitador Cenário de Alta”.
COE001028;COE001028 – Butterfly;5;Participação cenário de alta (%);Campo de preenchimento obrigatório. Número indicando percentual a ser aplicado sobre a valorização do ativo subjacente. Formato: Numérico com 4 inteiros e 4 decimais, maior que 0.
COE001028;COE001028 – Butterfly;6;Limitador Cenário de Alta (%);Campo de preenchimento obrigatório. Número indicando percentual a ser aplicado sobre o valor inicial do ativo subjacente. Formato: Numérico com 4 inteiros e 8 decimais, maior que 0 e maior que o “Limitador Cenário de Baixa”.
COE001028;COE001028 – Butterfly;7;Período de captura do ativo subjacente para liquidação;Campo de preenchimento obrigatório. Campo com as opções: Data Única, Janela de Datas e Mais Datas. Indica como será formado o fixing no vencimento. Caso o ativo subjacente seja uma Cesta,não é permitido selecionar a opção “Janela de Datas” Se indicado Janela de Datas ou Mais Datas, será obrigatório o preenchimento do campo “Tipo de Fixing para Vencimento”. Caso seja indicado “Mais Datas” as datas serão indicadas na seção “Mais Datas”.
COE001028;COE001028 – Butterfly;8;Data inicial para fixing;"Campo de preenchimento obrigatório, se indicado ""Janela de datas"". É possível escolher uma data maior ou igual à “Data de Emissão” (ou “Emissão a Termo”), e menor que “Data Final para Fixing”. Formato: DD/MM/AAAA. Não preencher se a “Classe do Ativo Subjacente” for igual a “CESTA”."
COE001028;COE001028 – Butterfly;9;Data final para fixing;"Campo de preenchimento obrigatório, se indicado ""Janela de datas"". Esta data deve ser posterior à indicada no campo “Data Inicial para Fixing”, sendo que o prazo máximo de dias entre a “Data Final para Fixing” e o vencimento é de 5 dias úteis e o prazo mínimo entre estas datas é 1 dia útil. Formato: DD/MM/AAAA. Não preencher se a “Classe do Ativo Subjacente” for igual a “CESTA”."
COE001028;COE001028 – Butterfly;10;Data para fixing;"Campo de preenchimento obrigatório, se indicado ""Data única"". Formato: DD/MM/AAAA. Não preencher se a “Classe do Ativo Subjacente” for igual a “CESTA”."
COE001028;COE001028 – Butterfly;11;Tipo de Cotação para Liquidação;Campo de preenchimento obrigatório. Não preencher se a “Classe do Ativo Subjacente” for igual a “CESTA”. Indicação de qual será a cotação a ser considerada na liquidação da operação. Campo com as opções: Fechamento, Média, Máximo, Mínimo e Ajuste.
COE001028;COE001028 – Butterfly;12;Tipo de Fixing para Vencimento;Campo de preenchimento obrigatório quando no campo “Período de captura do ativo subjacente para liquidação” for selecionado “Janela de Datas” ou “Mais Datas” . Campo com os domínios: Máxima no Período, Mínima no Período e Média no Período Indica como será formado o fixing para o vencimento do COE. • Máximo no período: O sistema irá verificar a cotação de todas as datas do intervalo da “Data fixing” (inclusive) até a “Data Fixing 2” (inclusive) e utilizará a maior cotação do intervalo como fixing do evento. • Mínimo no período: O sistema irá verificar a cotação de todas as datas do intervalo da “Data fixing” (inclusive) até a “Data Fixing 2” (inclusive) e utilizará a menor cotação do intervalo como fixing do evento. • Média no período: O sistema irá verificar a cotação de todas as datas do intervalo da “Data fixing” (inclusive) até a “Data Fixing 2” (inclusive) e utilizará a média de todas as cotações do intervalo como fixing do evento.
COE001029;COE001029 - Straddle Call KO e Put KO com Put Spread KI;1;Strike 1 (%);Campo de preenchimento obrigatório. Percentual aplicado sobre o Valor Inicial do Ativo Subjacente. Formato: Numérico percentual com 4 inteiros e 8 decimais, maior que 0.
COE001029;COE001029 - Straddle Call KO e Put KO com Put Spread KI;2;Quantidade 1;Campo de preenchimento opcional. Informa a quantidade do ativo subjacente que é utilizado no cálculo de ajuste referente ao Strike 1. Formato: Numérico com 8 inteiros e 8 decimais.
COE001029;COE001029 - Straddle Call KO e Put KO com Put Spread KI;3;Participação cenário de baixa (%);Campo de preenchimento obrigatório. Número indicando percentual a ser aplicado sobre a desvalorização do ativo subjacente. Formato: Numérico com 4 inteiros e 4 decimais, maior que 0.
COE001029;COE001029 - Straddle Call KO e Put KO com Put Spread KI;4;Tipo de Cotação para Verificação de Barreiras no Cenário de Baixa;Campo de preenchimento obrigatório. Não preencher se a “Classe do Ativo Subjacente” for igual a “CESTA”. Indicação de qual será a cotação a ser considerada. Campo com as opções: Fechamento, Média, Máximo, Mínimo e Ajuste.
COE001029;COE001029 - Straddle Call KO e Put KO com Put Spread KI;5;Limitador Cenário de Baixa (%);Campo de preenchimento obrigatório. Número indicando percentual a ser aplicado sobre o valor inicial do ativo subjacente. Formato: Numérico com 4 inteiros e 8 decimais, maior ou igual a 0 e menor que o “Limitador Cenário de Alta”.
COE001029;COE001029 - Straddle Call KO e Put KO com Put Spread KI;6;Participação cenário de alta (%);Campo de preenchimento obrigatório. Número indicando percentual a ser aplicado sobre a valorização do ativo subjacente. Formato: Numérico com 4 inteiros e 4 decimais, maior que 0.
COE001029;COE001029 - Straddle Call KO e Put KO com Put Spread KI;7;Barreira Cenário de Alta (%);Campo de preenchimento obrigatório. Indica o percentual a ser aplicado sobre o valor inicial do ativo. Formato: numérico com 4 inteiros e 8 decimais, sempre maior que zero.
COE001029;COE001029 - Straddle Call KO e Put KO com Put Spread KI;8;Opções Dependentes;Campo de preenchimento obrigatório Caso selecionado ‘Sim’, em um eventual atingimento de barreira de Knock-out, as opções da estrutura serão desmontadas juntas. Caso selecionado ‘Não’, em um eventual atingimento de barreira de Knock-out , as opções da estrutura serão desmontadas individualmente, permanecendo a exposição para a opção ainda ativa. Campo com as opções: Sim e Não.
COE001029;COE001029 - Straddle Call KO e Put KO com Put Spread KI;9;Rebate no Cenário de Alta (%);Campo de preenchimento obrigatório. Indica o percentual a ser aplicado sobre o VFE quando detectado que a cotação for maior que a barreira no período de verificação. Formato: numérico com 4 inteiros e 4 decimais, sempre maior que zero.
COE001029;COE001029 - Straddle Call KO e Put KO com Put Spread KI;10;Tipo de Cotação para Verificação de Barreiras no Cenário de Alta;Campo de preenchimento obrigatório. Não preencher se a “Classe do Ativo Subjacente” for igual a “CESTA”. Indicação de qual será a cotação a ser considerada. Campo com as opções: Fechamento, Média, Máximo, Mínimo e Ajuste.
COE001029;COE001029 - Straddle Call KO e Put KO com Put Spread KI;11;Período de captura do ativo subjacente para liquidação;Campo de preenchimento obrigatório. Campo com as opções: Data Única, Janela de Datas e Mais Datas. Indica como será formado o fixing no vencimento. Caso o ativo subjacente seja uma Cesta,não é permitido selecionar a opção “Janela de Datas” Se indicado Janela de Datas ou Mais Datas, será obrigatório o preenchimento do campo “Tipo de Fixing para Vencimento”. Caso seja indicado “Mais Datas” as datas serão indicadas na seção “Mais Datas”.
COE001029;COE001029 - Straddle Call KO e Put KO com Put Spread KI;12;Data inicial para fixing;"Campo de preenchimento obrigatório, se indicado ""Janela de datas"". É possível escolher uma data maior ou igual à “Data de Emissão” (ou “Emissão a Termo”), e menor que “Data Final para Fixing”. Formato: DD/MM/AAAA. Não preencher se a “Classe do Ativo Subjacente” for igual a “CESTA”."
COE001029;COE001029 - Straddle Call KO e Put KO com Put Spread KI;13;Data final para fixing;"Campo de preenchimento obrigatório, se indicado ""Janela de datas"". Esta data deve ser posterior à indicada no campo “Data Inicial para Fixing”, sendo que o prazo máximo de dias entre a “Data Final para Fixing” e o vencimento é de 5 dias úteis e o prazo mínimo entre estas datas é 1 dia útil. Formato: DD/MM/AAAA. Não preencher se a “Classe do Ativo Subjacente” for igual a “CESTA”."
COE001029;COE001029 - Straddle Call KO e Put KO com Put Spread KI;14;Data para fixing;"Campo de preenchimento obrigatório, se indicado ""Data única"". Formato: DD/MM/AAAA. Não preencher se a “Classe do Ativo Subjacente” for igual a “CESTA”."
COE001029;COE001029 - Straddle Call KO e Put KO com Put Spread KI;15;Tipo de Cotação para Liquidação;Campo de preenchimento obrigatório. Não preencher se a “Classe do Ativo Subjacente” for igual a “CESTA”. Indicação de qual será a cotação a ser considerada na liquidação da operação. Campo com as opções: Fechamento, Média, Máximo, Mínimo e Ajuste.
COE001029;COE001029 - Straddle Call KO e Put KO com Put Spread KI;16;Período de Verificação de Barreiras;Campo de preenchimento obrigatório. Campo com as opções: Americana e Europeia. Se indicado “Europeia” apenas a “Data para Fixing” pode ser preenchido. Se indicado “Americana” apenas a “Data Inicial para Verificação” e “Data Final para Verificação” podem ser preenchidos.
COE001029;COE001029 - Straddle Call KO e Put KO com Put Spread KI;17;Data Inicial para Verificação;Campo de preenchimento obrigatório, se indicado “Americana”. A partir de D+1 da “Data de Emissão” (ou “Emissão a Termo”) e menor que “Data Final para Verificação” Formato: DD/MM/AAAA.
COE001029;COE001029 - Straddle Call KO e Put KO com Put Spread KI;18;Data Final para Verificação;Campo de preenchimento obrigatório, se indicado “Americana”. Essa data deve ser posterior a indicada no campo “Data Inicial para Verificação”, sendo que o prazo mínimo de dias entre as datas deve ser de 1 dia útil. Formato: DD/MM/AAAA.
COE001029;COE001029 - Straddle Call KO e Put KO com Put Spread KI;19;Barreira KIKO;Campo de preenchimento obrigatório. Indica o percentual a ser aplicado sobre o valor inicial do Ativo Subjacente. Formato: Numérico com 4 inteiros e 8 decimais, maior que 0.
COE001029;COE001029 - Straddle Call KO e Put KO com Put Spread KI;20;Tipo de Fixing para Vencimento;Campo de preenchimento obrigatório quando no campo “Período de captura do ativo subjacente para liquidação” for selecionado “Janela de Datas” ou “Mais Datas”. Campo com os domínios: Máxima no Período, Mínima no Período e Média no Período Indica como será formado o fixing para o vencimento do COE. • Máximo no período: O sistema irá verificar a cotação de todas as datas do intervalo da “Data fixing” (inclusive) até a “Data Fixing 2” (inclusive) e utilizará a maior cotação do intervalo como fixing do evento. • Mínimo no período: O sistema irá verificar a cotação de todas as datas do intervalo da “Data fixing” (inclusive) até a “Data Fixing 2” (inclusive) e utilizará a menor cotação do intervalo como fixing do evento. • Média no período: O sistema irá verificar a cotação de todas as datas do intervalo da “Data fixing” (inclusive) até a “Data Fixing 2” (inclusive) e utilizará a média de todas as cotações do intervalo como fixing do evento.
COE001030;COE001030 - Put Spread com KI + Call com KO;1;Strike 1 (%);Campo de preenchimento obrigatório. Percentual aplicado sobre o Valor Inicial do Ativo Subjacente. Formato: Numérico percentual com 4 inteiros e 8 decimais, maior que 0.
COE001030;COE001030 - Put Spread com KI + Call com KO;2;Quantidade 1;Campo de preenchimento opcional. Informa a quantidade do ativo subjacente que é utilizado no cálculo de ajuste referente ao Strike 1. Formato: Numérico com 8 inteiros e 8 decimais.
COE001030;COE001030 - Put Spread com KI + Call com KO;3;Participação cenário de baixa (%);Campo de preenchimento obrigatório. Número indicando percentual a ser aplicado sobre a desvalorização do ativo subjacente. Formato: Numérico com 4 inteiros e 4 decimais, maior que 0.
COE001030;COE001030 - Put Spread com KI + Call com KO;4;Barreira no Cenário de Baixa (%);Campo de preenchimento obrigatório. Indica o percentual a ser aplicado sobre o valor inicial do ativo subjacente. Formato: numérico com 4 inteiros e 8 decimais, sempre maior que zero.
COE001030;COE001030 - Put Spread com KI + Call com KO;5;Tipo de Cotação para Verificação de Barreiras no Cenário de Baixa;Campo de preenchimento obrigatório. Não preencher se a “Classe do Ativo Subjacente” for igual a “CESTA”. Indicação de qual será a cotação a ser considerada. Campo com as opções: Fechamento, Média, Máximo, Mínimo e Ajuste.
COE001030;COE001030 - Put Spread com KI + Call com KO;6;Limitador Cenário de Baixa (%);Campo de preenchimento obrigatório. Número indicando percentual a ser aplicado sobre o valor inicial do ativo subjacente. Formato: Numérico com 4 inteiros e 8 decimais, maior ou igual a 0 e menor que o “Limitador Cenário de Alta”.
COE001030;COE001030 - Put Spread com KI + Call com KO;7;Participação cenário de alta (%);Campo de preenchimento obrigatório. Número indicando percentual a ser aplicado sobre a valorização do ativo subjacente. Formato: Numérico com 4 inteiros e 4 decimais, maior que 0.
COE001030;COE001030 - Put Spread com KI + Call com KO;8;Barreira Cenário de Alta (%);Campo de preenchimento obrigatório. Formato: numérico com 4 inteiros e 8 decimais, sempre maior que zero. Indica o percentual a ser aplicado sobre o valor inicial do ativo.
COE001030;COE001030 - Put Spread com KI + Call com KO;9;Opções Dependentes;Campo de preenchimento obrigatório Caso selecionado ‘Sim’, em um eventual atingimento de barreira de Knock-out, as opções da estrutura serão desmontadas juntas. Caso selecionado ‘Não’, em um eventual atingimento de barreira de Knock-out , as opções da estrutura serão desmontadas individualmente, permanecendo a exposição para a opção ainda ativa. Campo com as opções: Sim e Não.
COE001030;COE001030 - Put Spread com KI + Call com KO;10;Rebate no Cenário de Alta (%);Campo de preenchimento obrigatório. Indica o percentual a ser aplicado sobre o VFE quando detectado que a cotação for maior que a barreira no período de verificação. Formato: numérico com 4 inteiros e 4 decimais, sempre maior que zero.
COE001030;COE001030 - Put Spread com KI + Call com KO;11;Tipo de Cotação para Verificação de Barreiras no Cenário de Alta;Campo de preenchimento obrigatório. Não preencher se a “Classe do Ativo Subjacente” for igual a “CESTA”. Indicação de qual será a cotação a ser considerada. Campo com as opções: Fechamento, Média, Máximo, Mínimo e Ajuste.
COE001030;COE001030 - Put Spread com KI + Call com KO;12;Período de captura do ativo subjacente para liquidação;Campo de preenchimento obrigatório. Campo com as opções: Data Única, Janela de Datas e Mais Datas. Indica como será formado o fixing no vencimento. Caso o ativo subjacente seja uma Cesta,não é permitido selecionar a opção “Janela de Datas” Se indicado Janela de Datas ou Mais Datas, será obrigatório o preenchimento do campo “Tipo de Fixing para Vencimento”. Caso seja indicado “Mais Datas” as datas serão indicadas na seção “Mais Datas”.
COE001030;COE001030 - Put Spread com KI + Call com KO;13;Data inicial para fixing;"Campo de preenchimento obrigatório, se indicado ""Janela de datas"". É possível escolher uma data maior ou igual à “Data de Emissão” (ou “Emissão a Termo”), e menor que “Data Final para Fixing”. Formato: DD/MM/AAAA. Não preencher se a “Classe do Ativo Subjacente” for igual a “CESTA”."
COE001030;COE001030 - Put Spread com KI + Call com KO;14;Data final para fixing;"Campo de preenchimento obrigatório, se indicado ""Janela de datas"". Esta data deve ser posterior à indicada no campo “Data Inicial para Fixing”, sendo que o prazo máximo de dias entre a “Data Final para Fixing” e o vencimento é de 5 dias úteis e o prazo mínimo entre estas datas é 1 dia útil. Formato: DD/MM/AAAA. Não preencher se a “Classe do Ativo Subjacente” for igual a “CESTA”."
COE001030;COE001030 - Put Spread com KI + Call com KO;15;Data para fixing;"Campo de preenchimento obrigatório, se indicado ""Data única"". Formato: DD/MM/AAAA. Não preencher se a “Classe do Ativo Subjacente” for igual a “CESTA”."
COE001030;COE001030 - Put Spread com KI + Call com KO;16;Tipo de Cotação para Liquidação;Campo de preenchimento obrigatório. Não preencher se a “Classe do Ativo Subjacente” for igual a “CESTA”. Indicação de qual será a cotação a ser considerada na liquidação da operação. Campo com as opções: Fechamento, Média, Máximo, Mínimo e Ajuste.
COE001030;COE001030 - Put Spread com KI + Call com KO;17;Período de Verificação de Barreiras;Campo de preenchimento obrigatório. Campo com as opções: Americana e Europeia. Se indicado “Europeia” apenas a “Data para Fixing” pode ser preenchido. Se indicado “Americana” apenas a “Data Inicial para Verificação” e “Data Final para Verificação” podem ser preenchidos.
COE001030;COE001030 - Put Spread com KI + Call com KO;18;Data Inicial para Verificação;Campo de preenchimento obrigatório, se indicado “Americana”. A partir de D+1 da “Data de Emissão” (ou “Emissão a Termo”) e menor que “Data Final para Verificação” Formato: DD/MM/AAAA.
COE001030;COE001030 - Put Spread com KI + Call com KO;19;Data Final para Verificação;Campo de preenchimento obrigatório, se indicado “Americana”. Essa data deve ser posterior a indicada no campo “Data Inicial para Verificação”, sendo que o prazo mínimo de dias entre as datas deve ser de 1 dia útil. Formato: DD/MM/AAAA.
COE001030;COE001030 - Put Spread com KI + Call com KO;20;Tipo de Fixing para Vencimento;Campo de preenchimento obrigatório quando no campo “Período de captura do ativo subjacente para liquidação” for selecionado “Janela de Datas” ou “Mais Datas”. Campo com os domínios: Máxima no Período, Mínima no Período e Média no Período Indica como será formado o fixing para o vencimento do COE. • Máximo no período: O sistema irá verificar a cotação de todas as datas do intervalo da “Data fixing” (inclusive) até a “Data Fixing 2” (inclusive) e utilizará a maior cotação do intervalo como fixing do evento. • Mínimo no período: O sistema irá verificar a cotação de todas as datas do intervalo da “Data fixing” (inclusive) até a “Data Fixing 2” (inclusive) e utilizará a menor cotação do intervalo como fixing do evento. • Média no período: O sistema irá verificar a cotação de todas as datas do intervalo da “Data fixing” (inclusive) até a “Data Fixing 2” (inclusive) e utilizará a média de todas as cotações do intervalo como fixing do evento.
COE001031;COE001031 – Forward;1;Strike 1 (%);Campo de preenchimento obrigatório. Percentual aplicado sobre o Valor Inicial do Ativo Subjacente. Formato: Numérico percentual com 4 inteiros e 8 decimais, maior que 0.
COE001031;COE001031 – Forward;2;Participação cenário de baixa (%);Campo de preenchimento obrigatório. Número indicando percentual a ser aplicado sobre a desvalorização do ativo subjacente. Formato: Numérico com 4 inteiros e 4 decimais, maior que 0.
COE001031;COE001031 – Forward;3;Participação cenário de alta (%);Campo de preenchimento obrigatório. Número indicando percentual a ser aplicado sobre a valorização do ativo subjacente. Formato: Numérico com 4 inteiros e 4 decimais, maior que 0.
COE001031;COE001031 – Forward;4;Período de captura do ativo subjacente para liquidação;Campo de preenchimento obrigatório. Campo com as opções: Data Única, Janela de Datas e Mais Datas. Indica como será formado o fixing no vencimento. Caso o ativo subjacente seja uma Cesta,não é permitido selecionar a opção “Janela de Datas” Se indicado Janela de Datas ou Mais Datas, será obrigatório o preenchimento do campo “Tipo de Fixing para Vencimento”. Caso seja indicado “Mais Datas” as datas serão indicadas na seção “Mais Datas”.
COE001031;COE001031 – Forward;5;Data inicial para fixing;"Campo de preenchimento obrigatório, se indicado ""Janela de datas"". É possível escolher uma data maior ou igual à “Data de Emissão” (ou “Emissão a Termo”), e menor que “Data Final para Fixing”. Formato: DD/MM/AAAA. Não preencher se a “Classe do Ativo Subjacente” for igual a “CESTA”."
COE001031;COE001031 – Forward;6;Data final para fixing;"Campo de preenchimento obrigatório, se indicado ""Janela de datas"". Esta data deve ser posterior à indicada no campo “Data Inicial para Fixing”, sendo que o prazo máximo de dias entre a “Data Final para Fixing” e o vencimento é de 5 dias úteis e o prazo mínimo entre estas datas é 1 dia útil. Formato: DD/MM/AAAA. Não preencher se a “Classe do Ativo Subjacente” for igual a “CESTA”."
COE001031;COE001031 – Forward;7;Data para fixing;"Campo de preenchimento obrigatório, se indicado ""Data única"". Formato: DD/MM/AAAA. Não preencher se a “Classe do Ativo Subjacente” for igual a “CESTA”."
COE001031;COE001031 – Forward;8;Tipo de Cotação para Liquidação;Campo de preenchimento obrigatório. Não preencher se a “Classe do Ativo Subjacente” for igual a “CESTA”. Indicação de qual será a cotação a ser considerada na liquidação da operação. Campo com as opções: Fechamento, Média, Máximo, Mínimo e Ajuste.
COE001031;COE001031 – Forward;9;Tipo de Fixing para Vencimento;Campo de preenchimento obrigatório quando no campo “Período de captura do ativo subjacente para liquidação” for selecionado “Janela de Datas” ou “Mais Datas” . Campo com os domínios: Máxima no Período, Mínima no Período e Média no Período Indica como será formado o fixing para o vencimento do COE. • Máximo no período: O sistema irá verificar a cotação de todas as datas do intervalo da “Data fixing” (inclusive) até a “Data Fixing 2” (inclusive) e utilizará a maior cotação do intervalo como fixing do evento. • Mínimo no período: O sistema irá verificar a cotação de todas as datas do intervalo da “Data fixing” (inclusive) até a “Data Fixing 2” (inclusive) e utilizará a menor cotação do intervalo como fixing do evento. • Média no período: O sistema irá verificar a cotação de todas as datas do intervalo da “Data fixing” (inclusive) até a “Data Fixing 2” (inclusive) e utilizará a média de todas as cotações do intervalo como fixing do evento.
COE001032;COE001032 – Participation Forward Flex;1;Strike 1 (%);Campo de preenchimento obrigatório. Percentual aplicado sobre o Valor Inicial do Ativo Subjacente. Formato: Numérico percentual com 4 inteiros e 8 decimais, maior que 0.
COE001032;COE001032 – Participation Forward Flex;2;Quantidade 1;Campo de preenchimento opcional. Informa a quantidade do ativo subjacente que é utilizado no cálculo de ajuste referente ao Strike 1. Formato: Numérico com 8 inteiros e 8 decimais.
COE001032;COE001032 – Participation Forward Flex;3;Participação cenário de baixa (%);Campo de preenchimento obrigatório. Número indicando percentual a ser aplicado sobre a desvalorização do ativo subjacente. Formato: Numérico com 4 inteiros e 4 decimais, maior que 0.
COE001032;COE001032 – Participation Forward Flex;4;Participação cenário de alta (%);Campo de preenchimento obrigatório. Número indicando percentual a ser aplicado sobre a valorização do ativo subjacente. Formato: Numérico com 4 inteiros e 4 decimais, maior que 0.
COE001032;COE001032 – Participation Forward Flex;5;Período de captura do ativo subjacente para liquidação;Campo de preenchimento obrigatório. Campo com as opções: Data Única, Janela de Datas e Mais Datas. Indica como será formado o fixing no vencimento. Caso o ativo subjacente seja uma Cesta,não é permitido selecionar a opção “Janela de Datas” Se indicado Janela de Datas ou Mais Datas, será obrigatório o preenchimento do campo “Tipo de Fixing para Vencimento”. Caso seja indicado “Mais Datas” as datas serão indicadas na seção “Mais Datas”.
COE001032;COE001032 – Participation Forward Flex;6;Data inicial para fixing;"Campo de preenchimento obrigatório, se indicado ""Janela de datas"". É possível escolher uma data maior ou igual à “Data de Emissão” (ou “Emissão a Termo”), e menor que “Data Final para Fixing”. Formato: DD/MM/AAAA. Não preencher se a “Classe do Ativo Subjacente” for igual a “CESTA”."
COE001032;COE001032 – Participation Forward Flex;7;Data final para fixing;"Campo de preenchimento obrigatório, se indicado ""Janela de datas"". Esta data deve ser posterior à indicada no campo “Data Inicial para Fixing”, sendo que o prazo máximo de dias entre a “Data Final para Fixing” e o vencimento é de 5 dias úteis e o prazo mínimo entre estas datas é 1 dia útil. Formato: DD/MM/AAAA. Não preencher se a “Classe do Ativo Subjacente” for igual a “CESTA”."
COE001032;COE001032 – Participation Forward Flex;8;Data para fixing;"Campo de preenchimento obrigatório, se indicado ""Data única"". Formato: DD/MM/AAAA. Não preencher se a “Classe do Ativo Subjacente” for igual a “CESTA”."
COE001032;COE001032 – Participation Forward Flex;9;Tipo de Cotação para Liquidação;Campo de preenchimento obrigatório. Não preencher se a “Classe do Ativo Subjacente” for igual a “CESTA”. Indicação de qual será a cotação a ser considerada na liquidação da operação. Campo com as opções: Fechamento, Média, Máximo, Mínimo e Ajuste.
COE001032;COE001032 – Participation Forward Flex;10;Vértice de Baixa (%);Campo de preenchimento obrigatório. Percentual aplicado sobre o Valor Inicial do Ativo Subjacente. Formato: Numérico percentual com 4 inteiros e 4 decimais, menor ou igual ao Strike 1.
COE001032;COE001032 – Participation Forward Flex;11;Vértice de Alta (%);Campo de preenchimento obrigatório. Percentual aplicado sobre o Valor Inicial do Ativo Subjacente. Formato: Numérico percentual com 4 inteiros e 4 decimais, maior ou igual ao Strike 1.
COE001032;COE001032 – Participation Forward Flex;12;Participação cenário de alta 2 (%);Campo de preenchimento obrigatório. Número indicando percentual a ser aplicado sobre a valorização do ativo subjacente. Formato: Numérico com 4 inteiros e 4 decimais, maior que 0.
COE001032;COE001032 – Participation Forward Flex;13;Participação cenário de baixa 2 (%);Campo de preenchimento obrigatório. Número indicando percentual a ser aplicado sobre a desvalorização do ativo subjacente. Formato: Numérico com 4 inteiros e 4 decimais, maior que 0.
COE001032;COE001032 – Participation Forward Flex;14;Tipo de Fixing para Vencimento;Campo de preenchimento obrigatório quando no campo “Período de captura do ativo subjacente para liquidação” for selecionado “Janela de Datas” ou “Mais Datas”. Campo com os domínios: Máxima no Período, Mínima no Período e Média no Período Indica como será formado o fixing para o vencimento do COE. • Máximo no período: O sistema irá verificar a cotação de todas as datas do intervalo da “Data fixing” (inclusive) até a “Data Fixing 2” (inclusive) e utilizará a maior cotação do intervalo como fixing do evento. • Mínimo no período: O sistema irá verificar a cotação de todas as datas do intervalo da “Data fixing” (inclusive) até a “Data Fixing 2” (inclusive) e utilizará a menor cotação do intervalo como fixing do evento. • Média no período: O sistema irá verificar a cotação de todas as datas do intervalo da “Data fixing” (inclusive) até a “Data Fixing 2” (inclusive) e utilizará a média de todas as cotações do intervalo como fixing do evento.
COE001033;COE001033 – Participation Forward Limitadores;1;Strike 1(%);Campo de preenchimento obrigatório. Percentual aplicado sobre o Valor Inicial do Ativo Subjacente. Formato: Numérico percentual com 4 inteiros e 8 decimais, maior que 0.
COE001033;COE001033 – Participation Forward Limitadores;2;Quantidade 1;Campo de preenchimento opcional. Informa a quantidade do ativo subjacente que é utilizado no cálculo de ajuste referente ao Strike 1. Formato: Numérico com 8 inteiros e 8 decimais.
COE001033;COE001033 – Participation Forward Limitadores;3;Participação cenário de alta (%);Campo de preenchimento obrigatório. Número indicando percentual a ser aplicado sobre a valorização do ativo subjacente. Formato: Numérico com 4 inteiros e 4 decimais, maior que 0.
COE001033;COE001033 – Participation Forward Limitadores;4;Limitador cenário de alta (%);Número indicando percentual a ser aplicado sobre o valor inicial do ativo subjacente. Formato: Numérico com 4 inteiros e 8 decimais, maior que 0 e maior que o “Limitador Cenário de Baixa”.
COE001033;COE001033 – Participation Forward Limitadores;5;Participação cenário de baixa (%);Campo de preenchimento obrigatório. Número indicando percentual a ser aplicado sobre a desvalorização do ativo subjacente. Formato: Numérico com 4 inteiros e 4 decimais, maior que 0.
COE001033;COE001033 – Participation Forward Limitadores;6;Limitador cenário de baixa (%);Campo de preenchimento obrigatório. Número indicando percentual a ser aplicado sobre o valor inicial do ativo subjacente. Formato: Numérico com 4 inteiros e 8 decimais, maior ou igual a 0 e menor que o “Limitador Cenário de Alta”.
COE001033;COE001033 – Participation Forward Limitadores;7;Período de captura do ativo subjacente para liquidação;Campo de preenchimento obrigatório. Campo com as opções: Data Única, Janela de Datas e Mais Datas. Indica como será formado o fixing no vencimento. Caso o ativo subjacente seja uma Cesta,não é permitido selecionar a opção “Janela de Datas” Se indicado Janela de Datas ou Mais Datas, será obrigatório o preenchimento do campo “Tipo de Fixing para Vencimento”. Caso seja indicado “Mais Datas” as datas serão indicadas na seção “Mais Datas”.
COE001033;COE001033 – Participation Forward Limitadores;8;Data para fixing;"Campo de preenchimento obrigatório, se indicado ""Data única"". Formato: DD/MM/AAAA. Não preencher se a “Classe do Ativo Subjacente” for igual a “CESTA”."
COE001033;COE001033 – Participation Forward Limitadores;9;Data inicial para fixing;"Campo de preenchimento obrigatório, se indicado ""Janela de datas"". É possível escolher uma data maior ou igual à “Data de Emissão” (ou “Emissão a Termo”), e menor que “Data Final para Fixing”. Formato: DD/MM/AAAA. Não preencher se a “Classe do Ativo Subjacente” for igual a “CESTA”."
COE001033;COE001033 – Participation Forward Limitadores;10;Data final para fixing;"Campo de preenchimento obrigatório, se indicado ""Janela de datas"". Esta data deve ser posterior à indicada no campo “Data Inicial para Fixing”, sendo que o prazo máximo de dias entre a “Data Final para Fixing” e o vencimento é de 5 dias úteis e o prazo mínimo entre estas datas é 1 dia útil. Formato: DD/MM/AAAA. Não preencher se a “Classe do Ativo Subjacente” for igual a “CESTA”."
COE001033;COE001033 – Participation Forward Limitadores;11;Tipo de Cotação para Liquidação;Campo de preenchimento obrigatório. Não preencher se a “Classe do Ativo Subjacente” for igual a “CESTA”. Indicação de qual será a cotação a ser considerada na liquidação da operação. Campo com as opções: Fechamento, Média, Máximo, Mínimo e Ajuste.
COE001033;COE001033 – Participation Forward Limitadores;12;Tipo de Fixing para Vencimento;Campo de preenchimento obrigatório quando no campo “Período de captura do ativo subjacente para liquidação” for selecionado “Janela de Datas” ou “Mais Datas” . Campo com os domínios: Máxima no Período, Mínima no Período e Média no Período Indica como será formado o fixing para o vencimento do COE. • Máximo no período: O sistema irá verificar a cotação de todas as datas do intervalo da “Data fixing” (inclusive) até a “Data Fixing 2” (inclusive) e utilizará a maior cotação do intervalo como fixing do evento. • Mínimo no período: O sistema irá verificar a cotação de todas as datas do intervalo da “Data fixing” (inclusive) até a “Data Fixing 2” (inclusive) e utilizará a menor cotação do intervalo como fixing do evento. • Média no período: O sistema irá verificar a cotação de todas as datas do intervalo da “Data fixing” (inclusive) até a “Data Fixing 2” (inclusive) e utilizará a média de todas as cotações do intervalo como fixing do evento.
COE001034;COE001034 – Participation Forward Flex II;1;Vértice de Baixa (%);Campo de preenchimento obrigatório. Percentual aplicado sobre o Valor Inicial do Ativo Subjacente. Formato: Numérico percentual com 4 inteiros e 4 decimais, menor ou igual ao Strike 1.
COE001034;COE001034 – Participation Forward Flex II;2;Strike 1(%);Campo de preenchimento obrigatório. Percentual aplicado sobre o Valor Inicial do Ativo Subjacente. Formato: Numérico percentual com 4 inteiros e 8 decimais, maior que 0.
COE001034;COE001034 – Participation Forward Flex II;3;Quantidade 1;Campo de preenchimento opcional. Informa a quantidade do ativo subjacente que é utilizado no cálculo de ajuste referente ao Strike 1. Formato: Numérico com 8 inteiros e 8 decimais.
COE001034;COE001034 – Participation Forward Flex II;4;Vértice de Alta (%);Percentual aplicado sobre o Valor Inicial do Ativo Subjacente. Formato: Numérico percentual com 4 inteiros e 4 decimais, maior ou igual ao Strike 1.
COE001034;COE001034 – Participation Forward Flex II;5;Participação cenário de alta (%);Campo de preenchimento obrigatório. Número indicando percentual a ser aplicado sobre a valorização do ativo subjacente. Formato: Numérico com 4 inteiros e 4 decimais, maior que 0.
COE001034;COE001034 – Participation Forward Flex II;6;Participação cenário de alta 2 (%);Número indicando percentual a ser aplicado sobre a valorização do ativo subjacente. Formato: Numérico com 4 inteiros e 4 decimais, maior que 0.
COE001034;COE001034 – Participation Forward Flex II;7;Participação cenário de baixa (%);Campo de preenchimento obrigatório. Número indicando percentual a ser aplicado sobre a desvalorização do ativo subjacente. Formato: Numérico com 4 inteiros e 4 decimais, maior que 0.
COE001034;COE001034 – Participation Forward Flex II;8;Participação cenário de baixa 2 (%);Campo de preenchimento obrigatório. Número indicando percentual a ser aplicado sobre a desvalorização do ativo subjacente. Formato: Numérico com 4 inteiros e 4 decimais, maior que 0.
COE001034;COE001034 – Participation Forward Flex II;9;Período de captura do ativo subjacente para liquidação;Campo de preenchimento obrigatório. Campo com as opções: Data Única, Janela de Datas e Mais Datas. Indica como será formado o fixing no vencimento. Caso o ativo subjacente seja uma Cesta, não é permitido selecionar a opção “Janela de Datas” Se indicado Janela de Datas ou Mais Datas, será obrigatório o preenchimento do campo “Tipo de Fixing para Vencimento”. Caso seja indicado “Mais Datas” as datas serão indicadas na seção “Mais Datas”.
COE001034;COE001034 – Participation Forward Flex II;10;Data para fixing;"Campo de preenchimento obrigatório, se indicado ""Data única"". Formato: DD/MM/AAAA. Não preencher se a “Classe do Ativo Subjacente” for igual a “CESTA”."
COE001034;COE001034 – Participation Forward Flex II;11;Data inicial para fixing;"Campo de preenchimento obrigatório, se indicado ""Janela de datas"". É possível escolher uma data maior ou igual à “Data de Emissão” (ou “Emissão a Termo”), e menor que “Data Final para Fixing”. Formato: DD/MM/AAAA. Não preencher se a “Classe do Ativo Subjacente” for igual a “CESTA”."
COE001034;COE001034 – Participation Forward Flex II;12;Data final para fixing;"Campo de preenchimento obrigatório, se indicado ""Janela de datas"". Esta data deve ser posterior à indicada no campo “Data Inicial para Fixing”, sendo que o prazo máximo de dias entre a “Data Final para Fixing” e o vencimento é de 5 dias úteis e o prazo mínimo entre estas datas é 1 dia útil. Formato: DD/MM/AAAA. Não preencher se a “Classe do Ativo Subjacente” for igual a “CESTA”."
COE001034;COE001034 – Participation Forward Flex II;13;Tipo de Cotação para Liquidação;Campo de preenchimento obrigatório. Não preencher se a “Classe do Ativo Subjacente” for igual a “CESTA”. Indicação de qual será a cotação a ser considerada na liquidação da operação. Campo com as opções: Fechamento, Média, Máximo, Mínimo e Ajuste.
COE001034;COE001034 – Participation Forward Flex II;14;Tipo de Fixing para Vencimento;Campo de preenchimento obrigatório quando no campo “Período de captura do ativo subjacente para liquidação” for selecionado “Janela de Datas” ou “Mais Datas”. Campo com os domínios: Máxima no Período, Mínima no Período e Média no Período Indica como será formado o fixing para o vencimento do COE. • Máximo no período: O sistema irá verificar a cotação de todas as datas do intervalo da “Data fixing” (inclusive) até a “Data Fixing 2” (inclusive) e utilizará a maior cotação do intervalo como fixing do evento. • Mínimo no período: O sistema irá verificar a cotação de todas as datas do intervalo da “Data fixing” (inclusive) até a “Data Fixing 2” (inclusive) e utilizará a menor cotação do intervalo como fixing do evento. • Média no período: O sistema irá verificar a cotação de todas as datas do intervalo da “Data fixing” (inclusive) até a “Data Fixing 2” (inclusive) e utilizará a média de todas as cotações do intervalo como fixing do evento.
COE001035;COE001035 – VPutDigital + CCallDigital + CallSpread;1;Strike 1(%);Campo de preenchimento obrigatório. Percentual aplicado sobre o Valor Inicial do Ativo Subjacente. Formato: Numérico percentual com 4 inteiros e 8 decimais, maior que 0 e menor que strike 2.
COE001035;COE001035 – VPutDigital + CCallDigital + CallSpread;2;Quantidade 1;Campo de preenchimento opcional. Informa a quantidade do ativo subjacente que é utilizado no cálculo de ajuste referente ao Strike 1. Formato: Numérico com 8 inteiros e 8 decimais.
COE001035;COE001035 – VPutDigital + CCallDigital + CallSpread;3;Strike 2 (%);Campo de preenchimento obrigatório. Percentual aplicado sobre o Valor Inicial do Ativo Subjacente. Formato: Numérico percentual com 4 inteiros e 8 decimais, maior que 0 e maior que strike 1.
COE001035;COE001035 – VPutDigital + CCallDigital + CallSpread;4;Quantidade 2;Campo de preenchimento opcional. Informa a quantidade do ativo subjacente que é utilizado no cálculo de ajuste referente ao Strike 2. Formato: Numérico com 8 inteiros e 8 decimais.
COE001035;COE001035 – VPutDigital + CCallDigital + CallSpread;5;Participação cenário de alta (%);Campo de preenchimento obrigatório. Número indicando percentual a ser aplicado sobre a valorização do ativo subjacente. Formato: Numérico com 4 inteiros e 4 decimais, maior que 0.
COE001035;COE001035 – VPutDigital + CCallDigital + CallSpread;6;Limitador cenário de alta (%);Número indicando percentual a ser aplicado sobre o valor inicial do ativo subjacente. Formato: Numérico com 4 inteiros e 8 decimais, maior que 0 e maior que o “Strike 2 (%)”.
COE001035;COE001035 – VPutDigital + CCallDigital + CallSpread;7;Remuneração abaixo (%);Número indicando percentual a ser aplicado sobre o valor inicial do ativo subjacente, caso a cotação desse ativo subjacente termine abaixo do Strike 1. Formato: Numérico com 4 inteiros e 4 decimais.
COE001035;COE001035 – VPutDigital + CCallDigital + CallSpread;8;Remuneração acima (%);Número indicando percentual a ser aplicado sobre o valor inicial do ativo subjacente, caso a cotação desse ativo subjacente termine acima do Strike 1. Formato: Numérico com 4 inteiros e 4 decimais.
COE001035;COE001035 – VPutDigital + CCallDigital + CallSpread;9;Período de captura do ativo subjacente para liquidação;Campo de preenchimento obrigatório. Campo com as opções: Data Única, Janela de Datas e Mais Datas. Indica como será formado o fixing no vencimento. Caso o ativo subjacente seja uma Cesta,não é permitido selecionar a opção “Janela de Datas” Se indicado Janela de Datas ou Mais Datas, será obrigatório o preenchimento do campo “Tipo de Fixing para Vencimento”. Caso seja indicado “Mais Datas” as datas serão indicadas na seção “Mais Datas”.
COE001035;COE001035 – VPutDigital + CCallDigital + CallSpread;10;Data para fixing;"Campo de preenchimento obrigatório, se indicado ""Data única"". Formato: DD/MM/AAAA. Não preencher se a “Classe do Ativo Subjacente” for igual a “CESTA”."
COE001035;COE001035 – VPutDigital + CCallDigital + CallSpread;11;Data inicial para fixing;"Campo de preenchimento obrigatório, se indicado ""Janela de datas"". É possível escolher uma data maior ou igual à “Data de Emissão” (ou “Emissão a Termo”), e menor que “Data Final para Fixing”. Formato: DD/MM/AAAA. Não preencher se a “Classe do Ativo Subjacente” for igual a “CESTA”."
COE001035;COE001035 – VPutDigital + CCallDigital + CallSpread;12;Data final para fixing;"Campo de preenchimento obrigatório, se indicado ""Janela de datas"". Esta data deve ser posterior à indicada no campo “Data Inicial para Fixing”, sendo que o prazo máximo de dias entre a “Data Final para Fixing” e o vencimento é de 5 dias úteis e o prazo mínimo entre estas datas é 1 dia útil. Formato: DD/MM/AAAA. Não preencher se a “Classe do Ativo Subjacente” for igual a “CESTA”."
COE001035;COE001035 – VPutDigital + CCallDigital + CallSpread;13;Tipo de Cotação para Liquidação;Campo de preenchimento obrigatório. Não preencher se a “Classe do Ativo Subjacente” for igual a “CESTA”. Indicação de qual será a cotação a ser considerada na liquidação da operação. Campo com as opções: Fechamento, Média, Máximo, Mínimo e Ajuste.
COE001035;COE001035 – VPutDigital + CCallDigital + CallSpread;14;Tipo de Fixing para Vencimento;Campo de preenchimento obrigatório quando no campo “Período de captura do ativo subjacente para liquidação” for selecionado “Janela de Datas” ou “Mais Datas”. Campo com os domínios: Máxima no Período, Mínima no Período e Média no Período Indica como será formado o fixing para o vencimento do COE. • Máximo no período: O sistema irá verificar a cotação de todas as datas do intervalo da “Data fixing” (inclusive) até a “Data Fixing 2” (inclusive) e utilizará a maior cotação do intervalo como fixing do evento. • Mínimo no período: O sistema irá verificar a cotação de todas as datas do intervalo da “Data fixing” (inclusive) até a “Data Fixing 2” (inclusive) e utilizará a menor cotação do intervalo como fixing do evento. • Média no período: O sistema irá verificar a cotação de todas as datas do intervalo da “Data fixing” (inclusive) até a “Data Fixing 2” (inclusive) e utilizará a média de todas as cotações do intervalo como fixing do evento.
COE001036;COE001036 – Fence;1;Strike 1(%);Campo de preenchimento obrigatório. Percentual aplicado sobre o Valor Inicial do Ativo Subjacente. Formato: Numérico percentual com 4 inteiros e 8 decimais, maior que 0 e menor que strike 2.
COE001036;COE001036 – Fence;2;Strike 2 (%);Campo de preenchimento obrigatório. Percentual aplicado sobre o Valor Inicial do Ativo Subjacente. Formato: Numérico percentual com 4 inteiros e 8 decimais, maior que 0 e maior que strike 1.
COE001036;COE001036 – Fence;3;Participação cenário de alta (%);Campo de preenchimento obrigatório. Número indicando percentual a ser aplicado sobre a valorização do ativo subjacente. Formato: Numérico com 4 inteiros e 4 decimais, maior que 0.
COE001036;COE001036 – Fence;4;Participação cenário de baixa (%);Campo de preenchimento obrigatório. Número indicando percentual a ser aplicado sobre a desvalorização do ativo subjacente. Formato: Numérico com 4 inteiros e 4 decimais, maior que 0.
COE001036;COE001036 – Fence;5;Período de captura do ativo subjacente para liquidação;Campo de preenchimento obrigatório. Campo com as opções: Data Única, Janela de Datas e Mais Datas. Indica como será formado o fixing no vencimento. Caso o ativo subjacente seja uma Cesta,não é permitido selecionar a opção “Janela de Datas” Se indicado Janela de Datas ou Mais Datas, será obrigatório o preenchimento do campo “Tipo de Fixing para Vencimento”. Caso seja indicado “Mais Datas” as datas serão indicadas na seção “Mais Datas”.
COE001036;COE001036 – Fence;6;Data para fixing;"Campo de preenchimento obrigatório, se indicado ""Data única"". Formato: DD/MM/AAAA. Não preencher se a “Classe do Ativo Subjacente” for igual a “CESTA”."
COE001036;COE001036 – Fence;7;Data inicial para fixing;"Campo de preenchimento obrigatório, se indicado ""Janela de datas"". É possível escolher uma data maior ou igual à “Data de Emissão” (ou “Emissão a Termo”), e menor que “Data Final para Fixing”. Formato: DD/MM/AAAA. Não preencher se a “Classe do Ativo Subjacente” for igual a “CESTA”."
COE001036;COE001036 – Fence;8;Data final para fixing;"Campo de preenchimento obrigatório, se indicado ""Janela de datas"". Esta data deve ser posterior à indicada no campo “Data Inicial para Fixing”, sendo que o prazo máximo de dias entre a “Data Final para Fixing” e o vencimento é de 5 dias úteis e o prazo mínimo entre estas datas é 1 dia útil. Formato: DD/MM/AAAA. Não preencher se a “Classe do Ativo Subjacente” for igual a “CESTA”."
COE001036;COE001036 – Fence;9;Tipo de Cotação para Liquidação;Campo de preenchimento obrigatório. Não preencher se a “Classe do Ativo Subjacente” for igual a “CESTA”. Indicação de qual será a cotação a ser considerada na liquidação da operação. Campo com as opções: Fechamento, Média, Máximo, Mínimo e Ajuste.
COE001036;COE001036 – Fence;10;Limitador Cenário de alta (%);Campo de preenchimento obrigatório. Número indicando percentual a ser aplicado sobre o valor inicial do ativo subjacente. Formato: Numérico com 4 inteiros e 8 decimais, maior que 0.
COE001036;COE001036 – Fence;11;Tipo de Fixing para Vencimento;Campo de preenchimento obrigatório quando no campo “Período de captura do ativo subjacente para liquidação” for selecionado “Janela de Datas” ou “Mais Datas”. Campo com os domínios: Máxima no Período, Mínima no Período e Média no Período Indica como será formado o fixing para o vencimento do COE. • Máximo no período: O sistema irá verificar a cotação de todas as datas do intervalo da “Data fixing” (inclusive) até a “Data Fixing 2” (inclusive) e utilizará a maior cotação do intervalo como fixing do evento. • Mínimo no período: O sistema irá verificar a cotação de todas as datas do intervalo da “Data fixing” (inclusive) até a “Data Fixing 2” (inclusive) e utilizará a menor cotação do intervalo como fixing do evento. • Média no período: O sistema irá verificar a cotação de todas as datas do intervalo da “Data fixing” (inclusive) até a “Data Fixing 2” (inclusive) e utilizará a média de todas as cotações do intervalo como fixing do evento.
COE001037;COE001037 – Fence KI CallSpread;1;Strike 1(%);Campo de preenchimento obrigatório. Percentual aplicado sobre o Valor Inicial do Ativo Subjacente. Formato: Numérico percentual com 4 inteiros e 8 decimais, maior que 0.
COE001037;COE001037 – Fence KI CallSpread;2;Strike 2 (%);Campo de preenchimento obrigatório. Percentual aplicado sobre o Valor Inicial do Ativo Subjacente. Formato: Numérico percentual com 4 inteiros e 8 decimais, maior que 0 e maior que strike 1.
COE001037;COE001037 – Fence KI CallSpread;3;Participação cenário de alta (%);Campo de preenchimento obrigatório. Número indicando percentual a ser aplicado sobre a valorização do ativo subjacente. Formato: Numérico com 4 inteiros e 4 decimais, maior que 0.
COE001037;COE001037 – Fence KI CallSpread;4;Participação cenário de baixa (%);Campo de preenchimento obrigatório. Número indicando percentual a ser aplicado sobre a desvalorização do ativo subjacente. Formato: Numérico com 4 inteiros e 4 decimais, maior que 0.
COE001037;COE001037 – Fence KI CallSpread;5;Período de captura do ativo subjacente para liquidação;Campo de preenchimento obrigatório. Campo com as opções: Data Única, Janela de Datas e Mais Datas. Indica como será formado o fixing no vencimento. Caso o ativo subjacente seja uma Cesta,não é permitido selecionar a opção “Janela de Datas” Se indicado Janela de Datas ou Mais Datas, será obrigatório o preenchimento do campo “Tipo de Fixing para Vencimento”. Caso seja indicado “Mais Datas” as datas serão indicadas na seção “Mais Datas”.
COE001037;COE001037 – Fence KI CallSpread;6;Data para fixing;"Campo de preenchimento obrigatório, se indicado ""Data única"". Formato: DD/MM/AAAA. Não preencher se a “Classe do Ativo Subjacente” for igual a “CESTA”."
COE001037;COE001037 – Fence KI CallSpread;7;Data inicial para fixing;"Campo de preenchimento obrigatório, se indicado ""Janela de datas"". A partir de D+1 da “Data de Emissão” (ou “Emissão a Termo”), e menor que “Data Final para Fixing”. Formato: DD/MM/AAAA. Não preencher se a “Classe do Ativo Subjacente” for igual a “CESTA”."
COE001037;COE001037 – Fence KI CallSpread;8;Data final para fixing;"Campo de preenchimento obrigatório, se indicado ""Janela de datas"". Esta data deve ser posterior à indicada no campo “Data Inicial para Fixing”, sendo que o prazo máximo de dias entre a “Data Final para Fixing” e o vencimento é de 5 dias úteis e o prazo mínimo entre estas datas é 1 dia útil. Formato: DD/MM/AAAA. Não preencher se a “Classe do Ativo Subjacente” for igual a “CESTA”."
COE001037;COE001037 – Fence KI CallSpread;9;Tipo de Cotação para Liquidação;Campo de preenchimento obrigatório. Não preencher se a “Classe do Ativo Subjacente” for igual a “CESTA”. Indicação de qual será a cotação a ser considerada na liquidação da operação. Campo com as opções: Fechamento, Média, Máximo, Mínimo e Ajuste.
COE001037;COE001037 – Fence KI CallSpread;10;Limitador Cenário de alta (%);Campo de preenchimento obrigatório. Número indicando percentual a ser aplicado sobre o valor inicial do ativo subjacente. Formato: Numérico com 4 inteiros e 8 decimais, maior que 0.
COE001037;COE001037 – Fence KI CallSpread;11;Barreira KI;Campo de preenchimento obrigatório. Campo percentual aplicado sobre o valor inicial do Ativo Subjacente indicando a barreira de KI da estrutura. Formato: Numérico com 4 inteiros e 8 decimais, maior que 0.
COE001037;COE001037 – Fence KI CallSpread;12;Rebate KI (%);Campo de preenchimento obrigatório. Indica o percentual a ser aplicado sobre o VFE quando detectado que a cotação for maior que a barreira no período de verificação. Formato: Numérico com 4 inteiros e 4 decimais, maior que 0.
COE001037;COE001037 – Fence KI CallSpread;13;Tipo de Cotação para Verificação de Barreiras no Cenário de Alta;Campo de preenchimento obrigatório. Não preencher se a “Classe do Ativo Subjacente” for igual a “CESTA”. Indicação de qual será a cotação a ser considerada. Campo com as opções: Fechamento, Média, Máximo, Mínimo e Ajuste.
COE001037;COE001037 – Fence KI CallSpread;14;Período de Verificação de Barreiras;Campo de preenchimento obrigatório. Campo com as opções: Americana e Europeia. Se indicado “Europeia” apenas a “Data para Fixing” pode ser preenchido. Se indicado “Americana” apenas a “Data Inicial para Verificação” e “Data Final para Verificação” podem ser preenchidos.
COE001037;COE001037 – Fence KI CallSpread;15;Data inicial para verificação;Campo de preenchimento obrigatório, se indicado “Americana”. A partir de D+1 da “Data de Emissão” (ou “Emissão a Termo”) e menor que “Data Final para Verificação” Formato: DD/MM/AAAA.
COE001037;COE001037 – Fence KI CallSpread;16;Data final para verificação;Campo de preenchimento obrigatório, se indicado “Americana”. Essa data deve ser posterior a indicada no campo “Data Inicial para Verificação”, sendo que o prazo mínimo de dias entre as datas deve ser de 1 dia útil. Formato: DD/MM/AAAA.
COE001037;COE001037 – Fence KI CallSpread;17;Tipo de Fixing para Vencimento;Campo de preenchimento obrigatório quando no campo “Período de captura do ativo subjacente para liquidação” for selecionado “Janela de Datas” ou “Mais Datas”. Campo com os domínios: Máxima no Período, Mínima no Período e Média no Período Indica como será formado o fixing para o vencimento do COE. • Máximo no período: O sistema irá verificar a cotação de todas as datas do intervalo da “Data fixing” (inclusive) até a “Data Fixing 2” (inclusive) e utilizará a maior cotação do intervalo como fixing do evento. • Mínimo no período: O sistema irá verificar a cotação de todas as datas do intervalo da “Data fixing” (inclusive) até a “Data Fixing 2” (inclusive) e utilizará a menor cotação do intervalo como fixing do evento. • Média no período: O sistema irá verificar a cotação de todas as datas do intervalo da “Data fixing” (inclusive) até a “Data Fixing 2” (inclusive) e utilizará a média de todas as cotações do intervalo como fixing do evento.
COE001038;COE001038 – Double One Touch;1;Tipo de Cotação para Verificação de Barreiras no Cenário de Baixa;Campo de preenchimento obrigatório. Não preencher se a “Classe do Ativo Subjacente” for igual a “CESTA”. Indicação de qual será a cotação a ser considerada. Campo com as opções: Fechamento, Média, Máximo, Mínimo e Ajuste.
COE001038;COE001038 – Double One Touch;2;Tipo de Cotação para Verificação de Barreiras no Cenário de Alta;Campo de preenchimento obrigatório. Não preencher se a “Classe do Ativo Subjacente” for igual a “CESTA”. Indicação de qual será a cotação a ser considerada. Campo com as opções: Fechamento, Média, Máximo, Mínimo e Ajuste.
COE001038;COE001038 – Double One Touch;3;Barreira superior (%);Campo de preenchimento obrigatório. Indica o percentual a ser aplicado sobre o valor inicial do Ativo Subjacente. Formato: Numérico com 4 inteiros e 4 decimais, maior que 0 e maior que Barreira inferior.
COE001038;COE001038 – Double One Touch;4;Barreira inferior (%);Campo de preenchimento obrigatório. Indica o percentual a ser aplicado sobre o valor inicial do Ativo Subjacente. Formato: Numérico com 4 inteiros e 4 decimais, maior que 0 e menor que Barreira superior.
COE001038;COE001038 – Double One Touch;5;Data Inicial para Verificação;Campo de preenchimento obrigatório, se indicado “Americana”. A partir de D+1 da “Data de Emissão” (ou “Emissão a Termo”) e menor que “Data Final para Verificação” Formato: DD/MM/AAAA.
COE001038;COE001038 – Double One Touch;6;Data Final para Verificação;Campo de preenchimento obrigatório, se indicado “Americana”. Essa data deve ser posterior a indicada no campo “Data Inicial para Verificação”, sendo que o prazo mínimo de dias entre as datas deve ser de 1 dia útil. Formato: DD/MM/AAAA.
COE001038;COE001038 – Double One Touch;7;Remuneração Adicional;Campo de preenchimento obrigatório. Indica o tipo de remunerador que será utilizado. Campo com as opções: Pré, DI e No Período.
COE001038;COE001038 – Double One Touch;8;Remunerador Flutuante Adicional (%);Campo de preenchimento obrigatório, se indicado “DI”. Para o indicador “Pré”, este campo não deverá ser preenchido. Formato: Numérico com 4 inteiros e 4 decimais, maior que 0.
COE001038;COE001038 – Double One Touch;9;Cupom Remunerador Adicional;Campo de preenchimento obrigatório, se indicado “Pré”. Formato: Numérico com 5 inteiros e 4 decimais, incluindo o sinal “-“ e “+”. A não indicação do sinal deve ser considerada como “+”
COE001039;COE001039 – Call Spread + Put Spread;1;Classe do ativo subjacente;Campo de preenchimento obrigatório. Campo com as opções das Classes de Ativos referente ao Ativo Subjacente 1 (TAXAS DE CAMBIO, INDICES).
COE001039;COE001039 – Call Spread + Put Spread;2;Ativo Subjacente 1;Campo de preenchimento obrigatório. Campo com as opções para o Ativo Subjacente 1, referente à Classe do Ativo Subjacente 1 (IBOVESPA, DOLAR DOS EUA).
COE001039;COE001039 – Call Spread + Put Spread;3;Valor Inicial Ativo Subjacente 1;Campo de preenchimento obrigatório. Valor inicial que serve para o cálculo (os percentuais indicados nos campos incidirão sobre este campo) de limitadores e strikes referentes ao Ativo Subjacente 1.
COE001039;COE001039 – Call Spread + Put Spread;4;Strike 1(%);Campo de preenchimento obrigatório. Percentual aplicado sobre o Valor Inicial do Ativo Subjacente 1.
COE001039;COE001039 – Call Spread + Put Spread;5;Quantidade 1;Campo de preenchimento obrigatório. Informar a quantidade do Ativo Subjacente 1.
COE001039;COE001039 – Call Spread + Put Spread;6;Limitador cenário de alta (%);Campo de preenchimento obrigatório. Número indicando percentual a ser aplicado sobre o valor inicial do Ativo Subjacente 1.
COE001039;COE001039 – Call Spread + Put Spread;7;Participação cenário de alta (%);Campo de preenchimento obrigatório. Número indicando percentual a ser aplicado sobre a valorização do Ativo Subjacente 1.
COE001039;COE001039 – Call Spread + Put Spread;8;Classe do Ativo Subjacente 2;Campo de preenchimento obrigatório. Campo com as opções das Classes de Ativos referente ao Ativo Subjacente 2 (TAXAS DE CAMBIO, INDICES).
COE001039;COE001039 – Call Spread + Put Spread;9;Ativo Subjacente 2;Campo de preenchimento obrigatório. Campo com as opções para o Ativo Subjacente 2, referente à Classe do Ativo Subjacente 2 (IBOVESPA, DOLAR DOS EUA).
COE001039;COE001039 – Call Spread + Put Spread;10;Valor Inicial Ativo Subjacente 2;Campo de preenchimento obrigatório. Valor inicial que serve para o cálculo (os percentuais indicados nos campos incidirão sobre este campo) de limitadores e strikes referentes ao Ativo Subjacente 2.
COE001039;COE001039 – Call Spread + Put Spread;11;Strike 2(%);Campo de preenchimento obrigatório. Percentual aplicado sobre o Valor Inicial do Ativo Subjacente 2.
COE001039;COE001039 – Call Spread + Put Spread;12;Quantidade 2;Campo de preenchimento obrigatório. Informar a quantidade do Ativo Subjacente 2.
COE001039;COE001039 – Call Spread + Put Spread;13;Limitador cenário de baixa (%);Campo de preenchimento obrigatório. Número indicando percentual a ser aplicado sobre o valor inicial do Ativo Subjacente 2.
COE001039;COE001039 – Call Spread + Put Spread;14;Participação cenário de baixa (%);Campo de preenchimento obrigatório. Número indicando percentual a ser aplicado sobre a desvalorização do Ativo Subjacente 2.
COE001039;COE001039 – Call Spread + Put Spread;15;Período de captura do ativo subjacente para liquidação;Campo de preenchimento obrigatório. Campo com as opções: Data Única, Janela de Datas e Mais Datas. Indica como será formado o fixing no vencimento. Caso o ativo subjacente seja uma Cesta,não é permitido selecionar a opção “Janela de Datas” Se indicado Janela de Datas ou Mais Datas, será obrigatório o preenchimento do campo “Tipo de Fixing para Vencimento”. Caso seja indicado “Mais Datas” as datas serão indicadas na seção “Mais Datas”..
COE001039;COE001039 – Call Spread + Put Spread;16;Data para fixing;"Campo de preenchimento obrigatório, se indicado ""Data única"". Formato: DD/MM/AAAA."
COE001039;COE001039 – Call Spread + Put Spread;17;Data inicial para fixing;"Campo de preenchimento obrigatório, se indicado ""Janela de datas"". Formato: DD/MM/AAAA. É possível escolher uma data maior ou igual à “Data de Emissão” (ou “Emissão a Termo”), e menor que “Data Final para Fixing”."
COE001039;COE001039 – Call Spread + Put Spread;18;Data final para fixing;"Campo de preenchimento obrigatório, se indicado ""Janela de datas"". Formato: DD/MM/AAAA. Esta data deve ser posterior à indicada no campo “Data Inicial para Fixing”, sendo que o prazo máximo de dias entre a “Data Final para Fixing” e o vencimento é de 5 dias úteis e o prazo mínimo entre estas datas é 1 dia útil."
COE001039;COE001039 – Call Spread + Put Spread;19;Tipo de Cotação para Liquidação 1;Campo de preenchimento obrigatório. Indicação de qual será a cotação a ser considerada na liquidação da operação, referente ao Ativo Subjacente 1. Campo com as opções: Fechamento, Média, Máximo, Mínimo e Ajuste.
COE001039;COE001039 – Call Spread + Put Spread;20;Tipo de cotação para liquidação 2;Campo de preenchimento obrigatório. Indicação de qual será a cotação a ser considerada na liquidação da operação, referente ao Ativo Subjacente 2. Campo com as opções: Fechamento, Média, Máximo, Mínimo e Ajuste.
COE001039;COE001039 – Call Spread + Put Spread;21;Tipo de Fixing para Vencimento;Campo de preenchimento obrigatório quando no campo “Período de captura do ativo subjacente para liquidação” for selecionado “Janela de Datas” ou “Mais Datas” . Campo com os domínios: Máxima no Período, Mínima no Período e Média no Período Indica como será formado o fixing para o vencimento do COE. • Máximo no período: O sistema irá verificar a cotação de todas as datas do intervalo da “Data fixing” (inclusive) até a “Data Fixing 2” (inclusive) e utilizará a maior cotação do intervalo como fixing do evento. • Mínimo no período: O sistema irá verificar a cotação de todas as datas do intervalo da “Data fixing” (inclusive) até a “Data Fixing 2” (inclusive) e utilizará a menor cotação do intervalo como fixing do evento. • Média no período: O sistema irá verificar a cotação de todas as datas do intervalo da “Data fixing” (inclusive) até a “Data Fixing 2” (inclusive) e utilizará a média de todas as cotações do intervalo como fixing do evento.
COE001040;COE001040 – Put Spread + Put Spread;1;Classe do Ativo Subjacente 1;Campo de preenchimento obrigatório. Campo com as opções das Classes de Ativos referente ao Ativo Subjacente 1 (TAXAS DE CAMBIO, INDICES).
COE001040;COE001040 – Put Spread + Put Spread;2;Ativo Subjacente 1;Campo de preenchimento obrigatório. Campo com as opções para o Ativo Subjacente 1, referente à Classe do Ativo Subjacente 1 (IBOVESPA, DOLAR DOS EUA).
COE001040;COE001040 – Put Spread + Put Spread;3;Valor Inicial Ativo Subjacente 1;Campo de preenchimento obrigatório. Valor inicial que serve para o cálculo (os percentuais indicados nos campos incidirão sobre este campo) de limitadores e strikes referentes ao Ativo Subjacente 1.
COE001040;COE001040 – Put Spread + Put Spread;4;Strike 1(%);Campo de preenchimento obrigatório. Percentual aplicado sobre o Valor Inicial do Ativo Subjacente 1.
COE001040;COE001040 – Put Spread + Put Spread;5;Quantidade 1;Campo de preenchimento obrigatório. Informar a quantidade do Ativo Subjacente 1.
COE001040;COE001040 – Put Spread + Put Spread;6;Limitador cenário de baixa 1 (%);Campo de preenchimento obrigatório. Número indicando percentual a ser aplicado sobre o valor inicial do Ativo Subjacente 1.
COE001040;COE001040 – Put Spread + Put Spread;7;Participação cenário de baixa (%);Campo de preenchimento obrigatório. Número indicando percentual a ser aplicado sobre a valorização do Ativo Subjacente 1.
COE001040;COE001040 – Put Spread + Put Spread;8;Classe do Ativo Subjacente 2;Campo de preenchimento obrigatório. Campo com as opções das Classes de Ativos referente ao Ativo Subjacente 2 (TAXAS DE CAMBIO, INDICES).
COE001040;COE001040 – Put Spread + Put Spread;9;Ativo Subjacente 2;Campo de preenchimento obrigatório. Campo com as opções para o Ativo Subjacente 2, referente à Classe do Ativo Subjacente 2 (IBOVESPA, DOLAR DOS EUA).
COE001040;COE001040 – Put Spread + Put Spread;10;Valor Inicial Ativo Subjacente 2;Campo de preenchimento obrigatório. Valor inicial que serve para o cálculo (os percentuais indicados nos campos incidirão sobre este campo) de limitadores e strikes referentes ao Ativo Subjacente 2.
COE001040;COE001040 – Put Spread + Put Spread;11;Strike 2(%);Campo de preenchimento obrigatório. Percentual aplicado sobre o Valor Inicial do Ativo Subjacente 2.
COE001040;COE001040 – Put Spread + Put Spread;12;Quantidade 2;Campo de preenchimento obrigatório. Informar a quantidade do Ativo Subjacente 2.
COE001040;COE001040 – Put Spread + Put Spread;13;Limitador cenário de baixa 2 (%);Campo de preenchimento obrigatório. Número indicando percentual a ser aplicado sobre o valor inicial do Ativo Subjacente 2.
COE001040;COE001040 – Put Spread + Put Spread;14;Participação cenário de baixa 2 (%);Campo de preenchimento obrigatório. Número indicando percentual a ser aplicado sobre a desvalorização do Ativo Subjacente 2.
COE001040;COE001040 – Put Spread + Put Spread;15;Período de captura do ativo subjacente para liquidação;Campo de preenchimento obrigatório. Campo com as opções: Data Única, Janela de Datas e Mais Datas. Indica como será formado o fixing no vencimento. Caso o ativo subjacente seja uma Cesta,não é permitido selecionar a opção “Janela de Datas” Se indicado Janela de Datas ou Mais Datas, será obrigatório o preenchimento do campo “Tipo de Fixing para Vencimento”. Caso seja indicado “Mais Datas” as datas serão indicadas na seção “Mais Datas”.
COE001040;COE001040 – Put Spread + Put Spread;16;Data para fixing;"Campo de preenchimento obrigatório, se indicado ""Data única"". Formato: DD/MM/AAAA."
COE001040;COE001040 – Put Spread + Put Spread;17;Data inicial para fixing;"Campo de preenchimento obrigatório, se indicado ""Janela de datas"". Formato: DD/MM/AAAA. É possível escolher uma data maior ou igual à “Data de Emissão” (ou “Emissão a Termo”), e menor que “Data Final para Fixing”."
COE001040;COE001040 – Put Spread + Put Spread;18;Data final para fixing;"Campo de preenchimento obrigatório, se indicado ""Janela de datas"". Formato: DD/MM/AAAA. Esta data deve ser posterior à indicada no campo “Data Inicial para Fixing”, sendo que o prazo máximo de dias entre a “Data Final para Fixing” e o vencimento é de 5 dias úteis e o prazo mínimo entre estas datas é 1 dia útil."
COE001040;COE001040 – Put Spread + Put Spread;19;Tipo de Cotação para Liquidação 1;Campo de preenchimento obrigatório. Indicação de qual será a cotação a ser considerada na liquidação da operação, referente ao Ativo Subjacente 1. Campo com as opções: Fechamento, Média, Máximo, Mínimo e Ajuste
COE001040;COE001040 – Put Spread + Put Spread;20;Tipo de Cotação para Liquidação 2;Campo de preenchimento obrigatório. Indicação de qual será a cotação a ser considerada na liquidação da operação, referente ao Ativo Subjacente 2. Campo com as opções: Fechamento, Média, Máximo, Mínimo e Ajuste.
COE001040;COE001040 – Put Spread + Put Spread;21;Tipo de Fixing para Vencimento;Campo de preenchimento obrigatório quando no campo “Período de captura do ativo subjacente para liquidação” for selecionado “Janela de Datas” ou “Mais Datas” . Campo com os domínios: Máxima no Período, Mínima no Período e Média no Período Indica como será formado o fixing para o vencimento do COE. • Máximo no período: O sistema irá verificar a cotação de todas as datas do intervalo da “Data fixing” (inclusive) até a “Data Fixing 2” (inclusive) e utilizará a maior cotação do intervalo como fixing do evento. • Mínimo no período: O sistema irá verificar a cotação de todas as datas do intervalo da “Data fixing” (inclusive) até a “Data Fixing 2” (inclusive) e utilizará a menor cotação do intervalo como fixing do evento. • Média no período: O sistema irá verificar a cotação de todas as datas do intervalo da “Data fixing” (inclusive) até a “Data Fixing 2” (inclusive) e utilizará a média de todas as cotações do intervalo como fixing do evento.
COE001041;COE001041 – Wedding Cake;1;Quantidade de Camadas;Campo de preenchimento obrigatório. Indica a quantidade de camadas no contrato. Campo com as opções: 2 ou 3
COE001041;COE001041 – Wedding Cake;2;Strike 1(%);Campo de preenchimento obrigatório. Formato: Numérico percentual com 4 inteiros e 8 decimais, maior que 0. Percentual aplicado sobre o Valor Inicial do Ativo Subjacente.
COE001041;COE001041 – Wedding Cake;3;Strike 2 (%);Campo de preenchimento obrigatório. Formato: Numérico percentual com 4 inteiros e 8 decimais, deve ser maior que strike 1 e maior que zero. Percentual aplicado sobre o Valor Inicial do Ativo Subjacente.
COE001041;COE001041 – Wedding Cake;4;Strike 3 (%);"Campo de preenchimento obrigatório se indicado “3” no campo “Quantidade de Camadas”; se indicado “2”, este campo não deverá ser preenchido. Formato: Numérico percentual com 4 inteiros e 8 decimais, deve ser maior que strike 2 e maior que zero. Percentual aplicado sobre o Valor Inicial do Ativo Subjacente."
COE001041;COE001041 – Wedding Cake;5;Strike 4 (%);"Campo de preenchimento obrigatório se indicado “3” no campo “Quantidade de Camadas”; se indicado “2”, este campo não deverá ser preenchido. Formato: Numérico percentual com 4 inteiros e 8 decimais, deve ser maior que strike 3 e maior que zero. Percentual aplicado sobre o Valor Inicial do Ativo Subjacente."
COE001041;COE001041 – Wedding Cake;6;Strike 5 (%);Campo de preenchimento obrigatório. Formato: Numérico percentual com 4 inteiros e 8 decimais, deve ser maior que strike 4 e maior que zero. Percentual aplicado sobre o Valor Inicial do Ativo Subjacente.
COE001041;COE001041 – Wedding Cake;7;Strike 6 (%);Campo de preenchimento obrigatório. Formato: Numérico percentual com 4 inteiros e 8 decimais, deve ser maior que strike 5 e maior que zero. Percentual aplicado sobre o Valor Inicial do Ativo Subjacente.
COE001041;COE001041 – Wedding Cake;8;Remuneração adicional;Campo de preenchimento obrigatório. Indica o tipo de remunerador que será utilizado nas camadas. Campo com as opções: Pré, DI, PRE252-LIN e NO PERIODO.
COE001041;COE001041 – Wedding Cake;9;Remunerador flutuante Camada 1 (%);Indica o percentual do “Remunerador adicional” válido para a camada 1. Campo de preenchimento obrigatório, se indicado “DI” no campo “Remunerador adicional”. Para o indicador “Pré”, este campo não deverá ser preenchido. Formato: Numérico com 10 inteiros e 8 decimais, maior que 0.
COE001041;COE001041 – Wedding Cake;10;Cupom Remunerador Camada 1 (%);Campo de preenchimento obrigatório. Indica o cupom a ser pago se a cotação estiver entre o Strike 1 e o Strike 2 ou entre o Strike 5 e o Strike 6. Formato: Numérico percentual com 10 inteiros e 8 decimais, maior que 0.
COE001041;COE001041 – Wedding Cake;11;Remunerador flutuante Camada 2 (%);Indica o percentual do “Remunerador adicional” válido para a camada 2. Campo de preenchimento obrigatório, se indicado “DI” no campo “Remunerador adicional”. Para o indicador “Pré”, este campo não deverá ser preenchido. Formato: Numérico com 10 inteiros e 8 decimais, maior que 0.
COE001041;COE001041 – Wedding Cake;12;Cupom Remunerador Camada 2 (%);Campo de preenchimento obrigatório. Indica o cupom a ser pago se a cotação estiver entre o Strike 2 e o Strike 3 ou entre o Strike 4 e o Strike 5. Formato: Numérico percentual com 10 inteiros e 8 decimais, maior que 0.
COE001041;COE001041 – Wedding Cake;13;Remunerador flutuante Camada 3 (%);Indica o percentual do “Remunerador adicional” válido para a camada 3. Campo de preenchimento obrigatório se indicado “DI” no campo “Remunerador adicional” e “3” no campo “Quantidade de Camadas”. Para o indicador “Pré”, este campo não deverá ser preenchido. Formato: Numérico com 10 inteiros e 8 decimais, maior que 0.
COE001041;COE001041 – Wedding Cake;14;Cupom Remunerador Camada 3 (%);"Campo de preenchimento obrigatório se indicado “3” no campo “Quantidade de Camadas”; se indicado “2”, este campo não deverá ser preenchido. Indica o cupom a ser pago se a cotação estiver entre o Strike 3 e o Strike 4. Formato: Numérico percentual com 10 inteiros e 8 decimais, maior que 0."
COE001041;COE001041 – Wedding Cake;15;Data para fixing;Campo de preenchimento obrigatório somente se indicado “Europeia” no campo “Período de Verificação de barreiras”, e for utilizada uma data única para fixing. Formato: DD/MM/AAAA. Não preencher se a “Classe do Ativo Subjacente” for igual a “CESTA”
COE001041;COE001041 – Wedding Cake;16;Data inicial para fixing;Campo de preenchimento obrigatório somente se indicado “Europeia” no campo “Período de Verificação de barreiras”, e for utilizada uma janela de datas para formação do fixing. Formato: DD/MM/AAAA. Não preencher se a “Classe do Ativo Subjacente” for igual a “CESTA”. A partir de D+1 da “Data de Emissão” (ou “Emissão a Termo”), e menor que “Data Final para Fixing”
COE001041;COE001041 – Wedding Cake;17;Data final para fixing;Campo de preenchimento obrigatório somente se indicado “Europeia” no campo “Período de Verificação de barreiras”, e for utilizada uma janela de datas para formação do fixing. Formato: DD/MM/AAAA. Não preencher se a “Classe do Ativo Subjacente” for igual a “CESTA”. Esta data deve ser posterior à indicada no campo “Data Inicial para Fixing”, sendo que o prazo máximo de dias entre a “Data Final para Fixing” e o vencimento é de 5 dias úteis e o prazo mínimo entre estas datas é 1 dia útil.
COE001041;COE001041 – Wedding Cake;18;Tipo de cotação para liquidação;Campo de preenchimento obrigatório. Não preencher se a “Classe do Ativo Subjacente” for igual a “CESTA”. Indicação de qual será o tipo de cotação a ser considerada como fixing para a liquidação da operação. Campo com as opções: Fechamento, Média, Máximo, Mínimo e Ajuste.
COE001041;COE001041 – Wedding Cake;19;Período de Verificação de barreiras;Campo de preenchimento obrigatório. Indica se a verificação das barreiras será diária (americana), dentro da janela de verificação, ou apenas no vencimento (europeia).
COE001041;COE001041 – Wedding Cake;20;Data Inicial para verificação;Campo de preenchimento obrigatório somente se indicado “Americana” no campo “Período de Verificação de barreiras”. Data inicial da janela de verificação. Deve ser superior a data de emissão e inferior a “data final de verificação.”
COE001041;COE001041 – Wedding Cake;21;Data final para verificação;Campo de preenchimento obrigatório somente se indicado “Americana” no campo “Período de Verificação de barreiras”. Esta data deve ser superior a indicada no campo “Data Inicial para verificação”, e inferior a data de vencimento.
COE001042;Figura COE 001042 – Call KO1 + Call KO2;1;Strike 1(%);Campo de preenchimento obrigatório. Percentual aplicado sobre o Valor Inicial do Ativo Subjacente. Observação: Caso as barreiras de alta sejam iguais, os strikes deverão ser diferentes.
COE001042;Figura COE 001042 – Call KO1 + Call KO2;2;Quantidade 1;Campo de preenchimento obrigatório. A quantidade indicada deverá ser maior que zero.
COE001042;Figura COE 001042 – Call KO1 + Call KO2;3;Participação cenário de Alta 1 (%);Campo de preenchimento obrigatório. Indica o percentual a ser aplicado sobre a valorização do Ativo Subjacente.
COE001042;Figura COE 001042 – Call KO1 + Call KO2;4;Barreira no cenário de Alta 1 (%);Campo de preenchimento obrigatório. Indica o percentual sobre o valor inicial do Ativo Subjacente. Observação: Caso os strikes sejam iguais, as barreiras de alta deverão ser diferentes.
COE001042;Figura COE 001042 – Call KO1 + Call KO2;5;Rebate no Cenário de Alta 1(%);Campo de preenchimento obrigatório. Indica percentual a ser aplicado sobre o Valor Financeiro de Emissão caso a barreira de alta seja atingida. Informações referentes a Call KO2
COE001042;Figura COE 001042 – Call KO1 + Call KO2;6;Strike 2(%);Campo de preenchimento obrigatório. Percentual aplicado sobre o Valor Inicial do Ativo Subjacente. Observação: Caso as barreiras de alta sejam iguais, os strikes deverão ser diferentes.
COE001042;Figura COE 001042 – Call KO1 + Call KO2;7;Quantidade 2;Campo de preenchimento obrigatório. A quantidade indicada deverá ser maior que zero.
COE001042;Figura COE 001042 – Call KO1 + Call KO2;8;Participação cenário de Alta 2 (%);Campo de preenchimento obrigatório. Indica o percentual a ser aplicado sobre a valorização do Ativo Subjacente.
COE001042;Figura COE 001042 – Call KO1 + Call KO2;9;Barreira no cenário de Alta 2 (%);Campo de preenchimento obrigatório. Indica o percentual sobre o valor inicial do Ativo Subjacente. Observação: Caso os strikes sejam iguais, as barreiras de alta deverão ser diferentes.
COE001042;Figura COE 001042 – Call KO1 + Call KO2;10;Rebate no Cenário de Alta 2(%);Campo de preenchimento obrigatório. Indica percentual a ser aplicado sobre o Valor Financeiro de Emissão caso a barreira de alta seja atingida.
COE001042;Figura COE 001042 – Call KO1 + Call KO2;11;Tipo de Cotação para verificação de barreira cenário de alta;Campo de preenchimento obrigatório. Tipo de cotação a ser considerada na verificação das barreiras.
COE001042;Figura COE 001042 – Call KO1 + Call KO2;12;Tipo de Cotação para Liquidação;Campo de preenchimento obrigatório. Tipo de cotação a ser considerada na liquidação da operação.
COE001042;Figura COE 001042 – Call KO1 + Call KO2;13;Período de captura do ativo subjacente para liquidação;Campo de preenchimento obrigatório. Campo com as opções: Data Única, Janela de Datas e Mais Datas. Indica como será formado o fixing no vencimento. Caso o ativo subjacente seja uma Cesta,não é permitido selecionar a opção “Janela de Datas” Se indicado Janela de Datas ou Mais Datas, será obrigatório o preenchimento do campo “Tipo de Fixing para Vencimento”. Caso seja indicado “Mais Datas” as datas serão indicadas na seção “Mais Datas”.
COE001042;Figura COE 001042 – Call KO1 + Call KO2;14;Data para fixing;"Campo de preenchimento obrigatório, se campo “Período de captura do ativo subjacente para liquidação” = ""Data única""."
COE001042;Figura COE 001042 – Call KO1 + Call KO2;15;Data inicial para fixing;"Campo de preenchimento obrigatório, se campo “Período de captura do ativo subjacente para liquidação” = ""Janela de Datas"". É possível escolher uma data maior ou igual à “Data de Emissão” (ou “Emissão a Termo”), e menor que “Data Final para Fixing”."
COE001042;Figura COE 001042 – Call KO1 + Call KO2;16;Data final para fixing;"Campo de preenchimento obrigatório, se campo “Período de captura do ativo subjacente para liquidação” = ""Janela de Datas"". Esta data deve ser posterior à indicada no campo “Data Inicial para Fixing”, e inferior a data de vencimento."
COE001042;Figura COE 001042 – Call KO1 + Call KO2;17;Período de verificação de barreiras;Campo de preenchimento obrigatório. Indica se a verificação das barreiras será diária (americana), dentro da janela de verificação, ou apenas no vencimento (europeia).
COE001042;Figura COE 001042 – Call KO1 + Call KO2;18;Data Inicial para verificação;Campo de preenchimento obrigatório, caso o período de verificação de barreiras for americana. Data inicial da janela de verificação. Deve ser superior a data de emissão e inferior a “data final de verificação.”
COE001042;Figura COE 001042 – Call KO1 + Call KO2;19;Data final para verificação;Campo de preenchimento obrigatório, caso o período de verificação de barreiras for americana. Esta data deve ser superior a indicada no campo “Data Inicial para verificação”, e inferior a data de vencimento.
COE001042;Figura COE 001042 – Call KO1 + Call KO2;20;Tipo de Fixing para Vencimento;Campo de preenchimento obrigatório quando no campo “Período de captura do ativo subjacente para liquidação” for selecionado “Janela de Datas” ou “Mais Datas” . Campo com os domínios: Máxima no Período, Mínima no Período e Média no Período Indica como será formado o fixing para o vencimento do COE. • Máximo no período: O sistema irá verificar a cotação de todas as datas do intervalo da “Data fixing” (inclusive) até a “Data Fixing 2” (inclusive) e utilizará a maior cotação do intervalo como fixing do evento. • Mínimo no período: O sistema irá verificar a cotação de todas as datas do intervalo da “Data fixing” (inclusive) até a “Data Fixing 2” (inclusive) e utilizará a menor cotação do intervalo como fixing do evento. • Média no período: O sistema irá verificar a cotação de todas as datas do intervalo da “Data fixing” (inclusive) até a “Data Fixing 2” (inclusive) e utilizará a média de todas as cotações do intervalo como fixing do evento.
COE001043;Figura COE 001043 – Edge Accrual;1;Data inicial para Verificação;Campo de preenchimento obrigatório. Data inicial da janela de verificação. Deve ser superior a data de emissão e inferior a “data final de verificação.”
COE001043;Figura COE 001043 – Edge Accrual;2;Data final para Verificação;Campo de preenchimento obrigatório. Esta data deve ser superior a indicada no campo “Data Inicial para verificação”, e inferior a data de vencimento..
COE001043;Figura COE 001043 – Edge Accrual;3;Tipo de cotação para verificação;Campo de preenchimento obrigatório. Tipo de cotação a ser considerada na liquidação da operação.
COE001043;Figura COE 001043 – Edge Accrual;4;Barreira (%);Campo de preenchimento obrigatório. Indica o percentual a ser aplicado sobre o valor inicial do Ativo Subjacente. Esta barreira será considerada para contabilizar os dias em que a performance do ativo respeitou, ou não, o limite estabelecido.
COE001043;Figura COE 001043 – Edge Accrual;5;Direção da Barreira;Campo de preenchimento obrigatório. Indica a forma de rompimento da barreira que será atingida.
COE001043;Figura COE 001043 – Edge Accrual;6;Remuneração Adicional;Campo de preenchimento obrigatório. Indica o tipo de remunerador que será utilizado. Campo com as opções: Pré, Pré252-Lin e DI
COE001043;Figura COE 001043 – Edge Accrual;7;Cupom Remunerador Adicional (%);Campo de preenchimento obrigatório, se indicado “Pré” ou “Pré252-Lin”. Formato: Numérico com 5 inteiros e 4 decimais, incluindo o sinal “-“ e “+”. A não indicação do sinal será considerada como “+”
COE001043;Figura COE 001043 – Edge Accrual;8;Remunerador Flutuante Adicional (%);Campo de preenchimento obrigatório, se indicado “DI”. Para o indicador “Pré” ou “Pré252-Lin”, este campo não deverá ser preenchido.
COE001044;Figura COE 001044 – Podium;1;Strike 1 (%);Campo de preenchimento obrigatório. Formato: Numérico percentual com 4 inteiros e 8 decimais, maior que 0. Percentual aplicado sobre o Valor Inicial do Ativo Subjacente.
COE001044;Figura COE 001044 – Podium;2;Tipo de Cotação para Liquidação;Campo de preenchimento obrigatório. Indicação de qual será a cotação a ser considerada na liquidação da operação. Campo com as opções: Fechamento, Média, Máximo, Mínimo e Ajuste.
COE001044;Figura COE 001044 – Podium;3;Remuneração Adicional;Campo de preenchimento obrigatório. Indica o tipo de remunerador que será utilizado. Campo com as opções: PRÉ, PRÉ 252, DI, e NO PERIODO.
COE001044;Figura COE 001044 – Podium;4;Remunerador Flutuante Adicional (%);Campo de preenchimento obrigatório, se indicado “DI”. Para os indicadores PRÉ, PRÉ 252 e NO PERIODO, este campo não deverá ser preenchido. Formato: Numérico com 4 inteiros e 4 decimais, maior que 0.
COE001044;Figura COE 001044 – Podium;5;Cupom Remunerador Adicional (%);Campo de preenchimento obrigatório, se indicado “Pré” ou “Pré252-Lin”. Formato: Numérico com 5 inteiros e 4 decimais, incluindo o sinal “-“ e “+”. A não indicação do sinal deve ser considerada como “+”
COE001044;Figura COE 001044 – Podium;6;Barreira de Baixa (%);Indica o percentual a ser aplicado sobre o valor inicial do ativo subjacente. Deverá ser preenchido com valor menor ao que o indicado no campo Strike 1 (%). Formato: Numérico com 4 inteiros e 8 decimais, maior que 0 e igual ou inferior a 100.
COE001044;Figura COE 001044 – Podium;7;Cupom barreira de baixa (%);Campo de preenchimento obrigatório, se preenchido o campo “Barreira de Baixa (%)”. Indica o cupom a ser pago caso todos os ativos da cesta terminem acima da Barreira de Baixa. É aplicado sobre o valor inicial do ativo subjacente. Formato: Numérico com 5 inteiros e 4 decimais. Deve ser diferente de 0.
COE001044;Figura COE 001044 – Podium;8;Quantidade mínima de ativos acima do Strike;Campo de preenchimento obrigatório. Indica a quantidade mínima exigida de ativos da cesta com valor igual ou acima do Strike no vencimento para que haja pagamento de Remunerador Adicional, Remunerador Flutuante Adicional e Cupom Remunerador Adicional. Formato: Numérico com 2 inteiros, maior ou igual a 1 e inferior à quantidade de ativos da cesta.
COE001044;Figura COE 001044 – Podium;9;Período de captura do ativo subjacente para liquidação;Campo de preenchimento obrigatório. Campo com as opções: Data Única, Janela de Datas e Mais Datas. Indica como será formado o fixing no vencimento. Caso o ativo subjacente seja uma Cesta,não é permitido selecionar a opção “Janela de Datas” Se indicado Janela de Datas ou Mais Datas, será obrigatório o preenchimento do campo “Tipo de Fixing para Vencimento”. Caso seja indicado “Mais Datas” as datas serão indicadas na seção “Mais Datas”.
COE001044;Figura COE 001044 – Podium;10;Data para fixing;"Campo de preenchimento obrigatório, se indicado ""Data única"". Formato: DD/MM/AAAA."
COE001044;Figura COE 001044 – Podium;11;Data inicial para fixing;"Campo de preenchimento obrigatório, se indicado ""Janela de datas"". Formato: DD/MM/AAAA. A partir de D+1 da “Data de Emissão” e menor que “Data Final para Fixing”."
COE001044;Figura COE 001044 – Podium;12;Data final para fixing;"Campo de preenchimento obrigatório, se indicado ""Janela de datas"". Formato: DD/MM/AAAA. Esta data deve ser posterior à indicada no campo “Data Inicial para Fixing”, sendo que o prazo máximo de dias entre a “Data Final para Fixing” e o vencimento é de 5 dias úteis e o prazo mínimo entre estas datas é 1 dia útil."
COE001044;Figura COE 001044 – Podium;13;Tipo de Fixing para Vencimento;Campo de preenchimento obrigatório quando no campo “Período de captura do ativo subjacente para liquidação” for selecionado “Janela de Datas” ou “Mais Datas” . Campo com os domínios: Máxima no Período, Mínima no Período e Média no Período Indica como será formado o fixing para o vencimento do COE. • Máximo no período: O sistema irá verificar a cotação de todas as datas do intervalo da “Data fixing” (inclusive) até a “Data Fixing 2” (inclusive) e utilizará a maior cotação do intervalo como fixing do evento. • Mínimo no período: O sistema irá verificar a cotação de todas as datas do intervalo da “Data fixing” (inclusive) até a “Data Fixing 2” (inclusive) e utilizará a menor cotação do intervalo como fixing do evento. • Média no período: O sistema irá verificar a cotação de todas as datas do intervalo da “Data fixing” (inclusive) até a “Data Fixing 2” (inclusive) e utilizará a média de todas as cotações do intervalo como fixing do evento.
COE001044;Figura COE 001044 – Podium;14;Observação: Para o registro desta figura do ativo subjacente para liquidação com,;deve-se utilizar Cesta de ativos do tipo Período de captura no mínimo, dois ativos.
COE001045;Figura COE 001045 – Troca de indexadores;1;Ativo Subjacente Período 1;Campo de preenchimento obrigatório. Campo com as opções para o Ativo Subjacente 1 (Pré, DI ou IPCA).
COE001045;Figura COE 001045 – Troca de indexadores;2;Participação Indexador 1 (%);Campo de preenchimento obrigatório se “Ativo Subjacente 1” indicado como “DI” ou “IPCA”. Se “Ativo Subjacente 1” e “Ativo Subjacente 2” forem preenchidos de forma igual, selecionando “DI” ou “IPCA” em ambos, este campo deve ser preenchido com um percentual diferente de “Participação Indexador 2 (%)”. Para “Pré”, este campo não deverá ser preenchido. Formato: Numérico com 10 inteiros e 8 decimais, maior que 0.
COE001045;Figura COE 001045 – Troca de indexadores;3;Cupom Período 1 (%);Campo de preenchimento obrigatório se “Ativo Subjacente 1” indicado como “Pré”. Preenchimento opcional se indicado como “DI” ou “IPCA”. Se “Ativo Subjacente 2” também tiver sido indicado como “Pré”, este campo deve ser preenchido com um percentual diferente de “Cupom Período 2 (%)”. Formato: Numérico com 10 inteiros e 8 decimais, incluindo o sinal “-“ e “+”. A não indicação do sinal deve ser considerada como “+”.
COE001045;Figura COE 001045 – Troca de indexadores;4;Base Período 1;Campo de preenchimento obrigatório quando informado o campo Cupom Período 1 (%). Campo indicador para informar a base do Cupom do Período 1. Campo com as opções: 252 exp, 360 exp e 360 lin.
COE001045;Figura COE 001045 – Troca de indexadores;5;Ativo Subjacente Período 2;Campo de preenchimento obrigatório. Campo com as opções para o Ativo Subjacente 2 (Pré, ou DI ou IPCA).
COE001045;Figura COE 001045 – Troca de indexadores;6;Participação Indexador 2 (%);Campo de preenchimento obrigatório se “Ativo Subjacente 2” indicado como “DI” ou “IPCA”. Se “Ativo Subjacente 1” e “Ativo Subjacente 2 forem preenchidos de forma igual, selecionando “DI” ou “IPCA” em ambostambém tiver sido indicado como “DI”, este campo deve ser preenchido com um percentual diferente de “Participação Indexador 1 (%)”. Para “Pré”, este campo não deverá ser preenchido. Formato: Numérico com 10 inteiros e 8 decimais, maior que 0.
COE001045;Figura COE 001045 – Troca de indexadores;7;Cupom Período 2 (%);Campo de preenchimento obrigatório se “Ativo Subjacente 2” indicado como “Pré”. Preenchimento opcional se indicado como “DI” ou “IPCA”. Se “Ativo Subjacente 1” também tiver sido indicado como “Pré”, este campo deve ser preenchido com um percentual diferente de “Cupom Período 1 (%)”. Formato: Numérico com 10 inteiros e 8 decimais, incluindo o sinal “-“ e “+”. A não indicação do sinal deve ser considerada como “+”.
COE001045;Figura COE 001045 – Troca de indexadores;8;Base Período 2;Campo de preenchimento obrigatório, quando informado o campo Cupom Período 2 (%). Campo indicador para informar a base do Cupom do Período 2. Campo com as opções: 252 exp, 360 exp e 360 lin.
COE001045;Figura COE 001045 – Troca de indexadores;9;Data da troca do ativo subjacente;Campo de preenchimento obrigatório. Informar a data na qual haverá a troca de ativo subjacente. Esta data deverá ser maior que a data de início e menor que a data de vencimento Formato: DD/MM/AAAA.
COE001046;Figura COE001046 – CallSpread + Call KO;1;Strike 1(%);Campo de preenchimento obrigatório. Strike do Callspread. Percentual aplicado sobre o Valor Inicial do Ativo Subjacente. Formato: Numérico percentual com 4 inteiros e 8 decimais, maior que 0.
COE001046;Figura COE001046 – CallSpread + Call KO;2;Quantidade 1;Campo de preenchimento opcional. Informa a quantidade do ativo subjacente que é utilizado no cálculo de ajuste referente ao Strike 1. Formato: Numérico com 10 inteiros e 8 decimais.
COE001046;Figura COE001046 – CallSpread + Call KO;3;Participação cenário de Alta (%);Campo de preenchimento obrigatório. Indica o percentual a ser aplicado sobre a valorização do Ativo Subjacente para o Callspread.
COE001046;Figura COE001046 – CallSpread + Call KO;4;Limitador Cenário de Alta (%);Campo de preenchimento obrigatório. Número indicando percentual a ser aplicado sobre o valor inicial do ativo subjacente, utilizado no Callspread. Formato: Numérico com 4 inteiros e 8 decimais, deverá ser maior que o Strike 1 (%) e maior que 0.
COE001046;Figura COE001046 – CallSpread + Call KO;5;Strike 2 (%);Campo de preenchimento obrigatório. Strike da Call KO. Percentual aplicado sobre o Valor Inicial do Ativo Subjacente. Formato: Numérico percentual com 4 inteiros e 8 decimais, maior que 0.
COE001046;Figura COE001046 – CallSpread + Call KO;6;Quantidade 2;Campo de preenchimento opcional. Informa a quantidade do ativo subjacente que é utilizado no cálculo de ajuste referente ao Strike 2. Formato: Numérico com 10 inteiros e 4 decimais.
COE001046;Figura COE001046 – CallSpread + Call KO;7;Participação cenário de alta 2 (%);Campo de preenchimento obrigatório. Número indicando percentual a ser aplicado sobre a valorização do ativo subjacente para a Call KO. Formato: Numérico com 6 inteiros e 4 decimais, maior que 0.
COE001046;Figura COE001046 – CallSpread + Call KO;8;Barreira cenário de Alta 2 (%);Campo de preenchimento obrigatório. Barreira de KO. Indica o percentual sobre o valor inicial do Ativo Subjacente. Formato: Numérico com 4 inteiros e 8 decimais, maior que o Strike 2 (%) e maior que zero.
COE001046;Figura COE001046 – CallSpread + Call KO;9;Rebate no Cenário de Alta 2(%);Campo de preenchimento obrigatório. Indica percentual a ser aplicado sobre o Valor Financeiro de Emissão caso a barreira de alta seja atingida.
COE001046;Figura COE001046 – CallSpread + Call KO;10;Tipo de Cotação para verificação de barreira cenário de alta;Campo de preenchimento obrigatório. Tipo de cotação a ser considerada na verificação das barreiras. Campo com as opções: Fechamento, Média, Máximo, Mínimo e Ajuste.
COE001046;Figura COE001046 – CallSpread + Call KO;11;Tipo de Cotação para Liquidação;Campo de preenchimento obrigatório. Não preencher se a “Classe do Ativo Subjacente” for igual a “CESTA”. Indicação de qual será a cotação a ser considerada na liquidação da operação. Campo com as opções: Fechamento, Média, Máximo, Mínimo e Ajuste.
COE001046;Figura COE001046 – CallSpread + Call KO;12;Período de captura do ativo subjacente para liquidação;Campo de preenchimento obrigatório. Campo com as opções: Data Única, Janela de Datas e Mais Datas. Indica como será formado o fixing no vencimento. Caso o ativo subjacente seja uma Cesta,não é permitido selecionar a opção “Janela de Datas” Se indicado Janela de Datas ou Mais Datas, será obrigatório o preenchimento do campo “Tipo de Fixing para Vencimento”. Caso seja indicado “Mais Datas” as datas serão indicadas na seção “Mais Datas”.
COE001046;Figura COE001046 – CallSpread + Call KO;13;Data para fixing;"Campo de preenchimento obrigatório, se indicado ""Data única"". Formato: DD/MM/AAAA. Não preencher se a “Classe do Ativo Subjacente” for igual a “CESTA”."
COE001046;Figura COE001046 – CallSpread + Call KO;14;Data inicial para fixing;"Campo de preenchimento obrigatório, se indicado ""Janela de datas"". Formato: DD/MM/AAAA. Não preencher se a “Classe do Ativo Subjacente” for igual a “CESTA”. É possível escolher uma data maior ou igual à “Data de Emissão” (ou “Emissão a Termo”), e menor que “Data Final para Fixing”."
COE001046;Figura COE001046 – CallSpread + Call KO;15;Data final para fixing;"Campo de preenchimento obrigatório, se indicado ""Janela de datas"". Formato: DD/MM/AAAA. Não preencher se a “Classe do Ativo Subjacente” for igual a “CESTA”. Esta data deve ser posterior à indicada no campo “Data Inicial para Fixing”, sendo que o prazo máximo de dias entre a “Data Final para Fixing” e o vencimento é de 5 dias úteis e o prazo mínimo entre estas datas é 1 dia útil."
COE001046;Figura COE001046 – CallSpread + Call KO;16;Período de verificação de barreiras;Campo de preenchimento obrigatório. Indica se a verificação das barreiras será diária (americana), dentro da janela de verificação, ou apenas no vencimento (europeia).
COE001046;Figura COE001046 – CallSpread + Call KO;17;Data Inicial para verificação;Campo de preenchimento obrigatório. Data inicial da janela de verificação. Deve ser superior a data de emissão e inferior a “data final de verificação.”
COE001046;Figura COE001046 – CallSpread + Call KO;18;Data final para verificação;Campo de preenchimento obrigatório. Esta data deve ser superior à indicada no campo “Data Inicial para verificação”, e inferior a data de vencimento.
COE001046;Figura COE001046 – CallSpread + Call KO;19;Tipo de Fixing para Vencimento;Campo de preenchimento obrigatório quando no campo “Período de captura do ativo subjacente para liquidação” for selecionado “Janela de Datas” ou “Mais Datas” . Campo com os domínios: Máxima no Período, Mínima no Período e Média no Período Indica como será formado o fixing para o vencimento do COE. • Máximo no período: O sistema irá verificar a cotação de todas as datas do intervalo da “Data fixing” (inclusive) até a “Data Fixing 2” (inclusive) e utilizará a maior cotação do intervalo como fixing do evento. • Mínimo no período: O sistema irá verificar a cotação de todas as datas do intervalo da “Data fixing” (inclusive) até a “Data Fixing 2” (inclusive) e utilizará a menor cotação do intervalo como fixing do evento. • Média no período: O sistema irá verificar a cotação de todas as datas do intervalo da “Data fixing” (inclusive) até a “Data Fixing 2” (inclusive) e utilizará a média de todas as cotações do intervalo como fixing do evento.
COE001047;Figura COE 001047 – CCall + CCallKO + VPutKO + CPutKI;1;1 - Dados CCall Vanilla;
COE001047;Figura COE 001047 – CCall + CCallKO + VPutKO + CPutKI;2;Strike 1 (%);Campo de preenchimento obrigatório. Percentual aplicado sobre o Valor Inicial do Ativo Subjacente. O Strike indicado deverá ser maior que zero.
COE001047;Figura COE 001047 – CCall + CCallKO + VPutKO + CPutKI;3;Quantidade 1;Campo de preenchimento obrigatório. A quantidade indicada deverá ser maior que zero.
COE001047;Figura COE 001047 – CCall + CCallKO + VPutKO + CPutKI;4;Participação cenário de alta 1 (%);Campo de preenchimento obrigatório. Indica o percentual a ser aplicado sobre a valorização do Ativo Subjacente. O Número indicado deverá ser maior que zero.
COE001047;Figura COE 001047 – CCall + CCallKO + VPutKO + CPutKI;5;2 - Dados CCall KO (Up and Out);
COE001047;Figura COE 001047 – CCall + CCallKO + VPutKO + CPutKI;6;Strike 2 (%);Campo de preenchimento obrigatório. Percentual aplicado sobre o Valor Inicial do Ativo Subjacente. O Strike indicado deverá ser igual ao Strike 1. O Strike indicado deverá ser maior que zero.
COE001047;Figura COE 001047 – CCall + CCallKO + VPutKO + CPutKI;7;Quantidade 2;Campo de preenchimento obrigatório. A quantidade indicada deverá ser maior que zero.
COE001047;Figura COE 001047 – CCall + CCallKO + VPutKO + CPutKI;8;Participação cenário de Alta 2 (%);Campo de preenchimento obrigatório. Indica o percentual a ser aplicado sobre a valorização do Ativo Subjacente. O Número indicado deverá ser maior que zero.
COE001047;Figura COE 001047 – CCall + CCallKO + VPutKO + CPutKI;9;Barreira no cenário de Alta 2 (%);Campo de preenchimento obrigatório. Indica o percentual sobre o valor inicial do Ativo Subjacente. A barreira de KO2 indicada deverá ser igual a barreira de KO3. O Número indicado deverá ser maior que zero.
COE001047;Figura COE 001047 – CCall + CCallKO + VPutKO + CPutKI;10;Rebate no Cenário de Alta 2(%);Campo de preenchimento obrigatório. Indica percentual a ser aplicado sobre o Valor Financeiro de Emissão caso a barreira de alta seja atingida.
COE001047;Figura COE 001047 – CCall + CCallKO + VPutKO + CPutKI;11;3 – Dados VPut KO (Up and Out);
COE001047;Figura COE 001047 – CCall + CCallKO + VPutKO + CPutKI;12;Strike 3 (%);Campo de preenchimento obrigatório. Percentual aplicado sobre o Valor Inicial do Ativo Subjacente. O Strike indicado deverá ser menor/igual que os Strikes 1 e 2. O Strike indicado deverá ser maior que zero.
COE001047;Figura COE 001047 – CCall + CCallKO + VPutKO + CPutKI;13;Quantidade 3;Campo de preenchimento obrigatório. A quantidade indicada deverá ser maior que zero.
COE001047;Figura COE 001047 – CCall + CCallKO + VPutKO + CPutKI;14;Participação cenário de Baixa 3 (%);Campo de preenchimento obrigatório. Indica o percentual a ser aplicado sobre a valorização do Ativo Subjacente. O Número indicado deverá ser maior que zero.
COE001047;Figura COE 001047 – CCall + CCallKO + VPutKO + CPutKI;15;Barreira no cenário de Alta 3 (%);Campo de preenchimento obrigatório. Indica o percentual sobre o valor inicial do Ativo Subjacente. O Número indicado deverá ser maior que zero.
COE001047;Figura COE 001047 – CCall + CCallKO + VPutKO + CPutKI;16;Rebate no Cenário de Alta 3 (%);Campo de preenchimento obrigatório. Indica percentual a ser aplicado sobre o Valor Financeiro de Emissão caso a barreira de alta seja atingida.
COE001047;Figura COE 001047 – CCall + CCallKO + VPutKO + CPutKI;17;4 – Dados CPut KI (Up and In);
COE001047;Figura COE 001047 – CCall + CCallKO + VPutKO + CPutKI;18;Strike 4 (%);Campo de preenchimento obrigatório. Percentual aplicado sobre o Valor Inicial do Ativo Subjacente. O Strike indicado deverá ser maior que zero.
COE001047;Figura COE 001047 – CCall + CCallKO + VPutKO + CPutKI;19;Quantidade 4;Campo de preenchimento obrigatório. A quantidade indicada deverá ser maior que zero.
COE001047;Figura COE 001047 – CCall + CCallKO + VPutKO + CPutKI;20;Participação cenário de Baixa 4 (%);Campo de preenchimento obrigatório. Indica o percentual a ser aplicado sobre a valorização do Ativo Subjacente. O Número indicado deverá ser maior que zero.
COE001047;Figura COE 001047 – CCall + CCallKO + VPutKO + CPutKI;21;Barreira KI 4;Campo de preenchimento obrigatório. Campo percentual aplicado sobre o valor inicial do Ativo Subjacente indicando a barreira de KI da estrutura. A barreira de KI não deverá ser menor que o Strike 4.
COE001047;Figura COE 001047 – CCall + CCallKO + VPutKO + CPutKI;22;Rebate KI 4(%);Campo de preenchimento obrigatório. Indica o percentual a ser aplicado sobre o VFE caso a cotação do ativo não atinja a barreira de Knock-in.
COE001047;Figura COE 001047 – CCall + CCallKO + VPutKO + CPutKI;23;Tipo de Cotação para verificação de barreiras cenário de alta;Campo de preenchimento obrigatório. Tipo de cotação a ser considerada na verificação das barreiras.
COE001047;Figura COE 001047 – CCall + CCallKO + VPutKO + CPutKI;24;Período de verificação de barreiras;Campo de preenchimento obrigatório. Indica se a verificação da barreira será diária (americana), dentro da janela de verificação, ou apenas no vencimento (europeia). A indicação será válida para todas as barreiras da estrutura (KO1,KO2 e KI).
COE001047;Figura COE 001047 – CCall + CCallKO + VPutKO + CPutKI;25;Data Inicial para verificação;Campo de preenchimento obrigatório, caso o período de verificação de barreiras for americana. Data inicial da janela de verificação. Deve ser superior a data de emissão e inferior a “data final de verificação.”
COE001047;Figura COE 001047 – CCall + CCallKO + VPutKO + CPutKI;26;Data final para verificação;Campo de preenchimento obrigatório, caso o período de verificação de barreiras for americana. Esta data deve ser superior a indicada no campo “Data Inicial para verificação”, e inferior a data de vencimento.
COE001047;Figura COE 001047 – CCall + CCallKO + VPutKO + CPutKI;27;Tipo de Cotação para Liquidação;Campo de preenchimento obrigatório. Tipo de cotação a ser considerada na liquidação da operação.
COE001047;Figura COE 001047 – CCall + CCallKO + VPutKO + CPutKI;28;Período de captura do ativo subjacente para liquidação;Campo de preenchimento obrigatório. Campo com as opções: Data Única, Janela de Datas e Mais Datas. Indica como será formado o fixing no vencimento. Caso o ativo subjacente seja uma Cesta,não é permitido selecionar a opção “Janela de Datas” Se indicado Janela de Datas ou Mais Datas, será obrigatório o preenchimento do campo “Tipo de Fixing para Vencimento”. Caso seja indicado “Mais Datas” as datas serão indicadas na seção “Mais Datas”.
COE001047;Figura COE 001047 – CCall + CCallKO + VPutKO + CPutKI;29;Data para fixing;"Campo de preenchimento obrigatório, se campo “Período de captura do ativo subjacente para liquidação” = ""Data única""."
COE001047;Figura COE 001047 – CCall + CCallKO + VPutKO + CPutKI;30;Data inicial para fixing;"Campo de preenchimento obrigatório, se campo “Período de captura do ativo subjacente para liquidação” = ""Janela de Datas"". É possível escolher uma data maior ou igual à “Data de Emissão” (ou “Emissão a Termo”), e menor que “Data Final para Fixing”."
COE001047;Figura COE 001047 – CCall + CCallKO + VPutKO + CPutKI;31;Data final para fixing;"Campo de preenchimento obrigatório, se campo “Período de captura do ativo subjacente para liquidação” = ""Janela de Datas"". Esta data deve ser posterior à indicada no campo “Data Inicial para Fixing”, e inferior a data de vencimento."
COE001047;Figura COE 001047 – CCall + CCallKO + VPutKO + CPutKI;32;Tipo de Fixing para Vencimento;Campo de preenchimento obrigatório quando no campo “Período de captura do ativo subjacente para liquidação” for selecionado “Janela de Datas” ou “Mais Datas” . Campo com os domínios: Máxima no Período, Mínima no Período e Média no Período Indica como será formado o fixing para o vencimento do COE. • Máximo no período: O sistema irá verificar a cotação de todas as datas do intervalo da “Data fixing” (inclusive) até a “Data Fixing 2” (inclusive) e utilizará a maior cotação do intervalo como fixing do evento. • Mínimo no período: O sistema irá verificar a cotação de todas as datas do intervalo da “Data fixing” (inclusive) até a “Data Fixing 2” (inclusive) e utilizará a menor cotação do intervalo como fixing do evento. • Média no período: O sistema irá verificar a cotação de todas as datas do intervalo da “Data fixing” (inclusive) até a “Data Fixing 2” (inclusive) e utilizará a média de todas as cotações do intervalo como fixing do evento.
COE001048;COE 001048 – Digital Put KO Americano;1;Strike 1 (%);Campo de preenchimento obrigatório. Percentual aplicado sobre o Valor Inicial do Ativo Subjacente. O Strike indicado deverá ser maior que zero.
COE001048;COE 001048 – Digital Put KO Americano;2;Período de captura do ativo subjacente para liquidação;Campo de preenchimento obrigatório. Campo com as opções: Data Única, Janela de Datas e Mais Datas. Indica como será formado o fixing no vencimento. Caso o ativo subjacente seja uma Cesta,não é permitido selecionar a opção “Janela de Datas” Se indicado Janela de Datas ou Mais Datas, será obrigatório o preenchimento do campo “Tipo de Fixing para Vencimento”. Caso seja indicado “Mais Datas” as datas serão indicadas na seção “Mais Datas”.
COE001048;COE 001048 – Digital Put KO Americano;3;Data para fixing;"Campo de preenchimento obrigatório, se campo “Período de captura do ativo subjacente para liquidação” = ""Data única""."
COE001048;COE 001048 – Digital Put KO Americano;4;Data inicial para fixing;"Campo de preenchimento obrigatório, se campo “Período de captura do ativo subjacente para liquidação” = ""Janela de Datas"". É possível escolher uma data maior ou igual à “Data de Emissão” (ou “Emissão a Termo”), e menor que “Data Final para Fixing”."
COE001048;COE 001048 – Digital Put KO Americano;5;Data final para fixing;"Campo de preenchimento obrigatório, se campo “Período de captura do ativo subjacente para liquidação” = ""Janela de Datas"". Esta data deve ser posterior à indicada no campo “Data Inicial para Fixing”, e inferior a data de vencimento."
COE001048;COE 001048 – Digital Put KO Americano;6;Tipo de Cotação para Liquidação;Campo de preenchimento obrigatório. Tipo de cotação a ser considerada na liquidação da operação.
COE001048;COE 001048 – Digital Put KO Americano;7;Remuneração Adicional;Campo de preenchimento obrigatório. Indica o tipo de remunerador que será utilizado. Campo com as opções: Pré, DI, PRE252-LIN e NO PERIODO.
COE001048;COE 001048 – Digital Put KO Americano;8;Remunerador Flutuante Adicional (%);Campo de preenchimento obrigatório, se indicado “DI”. Para o indicador “Pré”, “PRE252-LIN” e “NO PERÍODO”, este campo não deverá ser preenchido. Formato: Numérico com 4 inteiros e 4 decimais, maior que 0.
COE001048;COE 001048 – Digital Put KO Americano;9;Cupom Remunerador Adicional (%);Campo de preenchimento obrigatório, se indicado “Pré”, “PRE252-LIN” e “NO PERÍODO”. Formato: Numérico com 9 inteiros e 4 decimais, incluindo o sinal “-“ e “+”. A não indicação do sinal deve ser considerada como “+
COE001048;COE 001048 – Digital Put KO Americano;10;Barreira (%);Campo de preenchimento obrigatório. Indica o percentual a ser aplicado sobre o valor inicial do Ativo Subjacente. Formato: Numérico com 4 inteiros e 8 decimais, maior que 0. Deverá ser preenchido com valor diferente de zero.
COE001048;COE 001048 – Digital Put KO Americano;11;Direção barreira;Campo de preenchimento obrigatório. Indica a forma de rompimento da barreira que será atingida. Campo com as opções: Acima e Abaixo. Se “ACIMA”: a barreira é atingida caso a cotação do ativo seja maior ou igual à barreira. Se “ABAIXO”: a barreira é atingida caso a cotação do ativo seja menor ou igual à barreira.
COE001048;COE 001048 – Digital Put KO Americano;12;Data Inicial para Verificação;Campo de preenchimento obrigatório. A partir de D+1 da “Data de Emissão” (ou “Emissão a Termo”) e menor que “Data Final para Verificação” Formato: DD/MM/AAAA.
COE001048;COE 001048 – Digital Put KO Americano;13;Data Final para Verificação;Campo de preenchimento obrigatório. Essa data deve ser posterior a indicada no campo “Data Inicial para Verificação”, sendo que o prazo mínimo de dias entre as datas deve ser de 1 dia útil. Formato: DD/MM/AAAA.
COE001048;COE 001048 – Digital Put KO Americano;14;Tipo de Cotação para Verificação;Campo de preenchimento obrigatório. Não preencher se a “Classe do Ativo Subjacente” for igual a “CESTA”. Tipo de cotação do ativo subjacente em todas as datas entre a “Data Inicial para verificação” e a “Data Final para verificação”. Campo com as opções: Fechamento, Média, Máximo, Mínimo e Ajuste.
COE001048;COE 001048 – Digital Put KO Americano;15;Rebate KO(%);Campo de preenchimento obrigatório. Formato: numérico com 4 inteiros e 4 decimais, maior ou igual a zero. Indica o percentual a ser aplicado sobre o VFE quando a cotação do ativo atingir a barreira de knock out durante o período verificação.
COE001048;COE 001048 – Digital Put KO Americano;16;Período de Pagamento;"Campo de preenchimento obrigatório. Campo com as opções: Ato e Vencimento. Se indicado “Ato” e houver disparo da barreira, o pagamento do COE será antecipado na data do disparo. Se indicado ""Vencimento"" e houver disparo da barreira, o pagamento do rebate será efetuado apenas no vencimento."
COE001048;COE 001048 – Digital Put KO Americano;17;Tipo de Fixing para Vencimento;Campo de preenchimento obrigatório quando no campo “Período de captura do ativo subjacente para liquidação” for selecionado “Janela de Datas” ou “Mais Datas” . Campo com os domínios: Máxima no Período, Mínima no Período e Média no Período Indica como será formado o fixing para o vencimento do COE. • Máximo no período: O sistema irá verificar a cotação de todas as datas do intervalo da “Data fixing” (inclusive) até a “Data Fixing 2” (inclusive) e utilizará a maior cotação do intervalo como fixing do evento. • Mínimo no período: O sistema irá verificar a cotação de todas as datas do intervalo da “Data fixing” (inclusive) até a “Data Fixing 2” (inclusive) e utilizará a menor cotação do intervalo como fixing do evento. • Média no período: O sistema irá verificar a cotação de todas as datas do intervalo da “Data fixing” (inclusive) até a “Data Fixing 2” (inclusive) e utilizará a média de todas as cotações do intervalo como fixing do evento.
COE001049;COE 001049 – Call KO + Put;1;Período de captura do ativo subjacente para liquidação;Campo de preenchimento obrigatório. Campo com as opções: Data Única, Janela de Datas e Mais Datas. Indica como será formado o fixing no vencimento. Caso o ativo subjacente seja uma Cesta,não é permitido selecionar a opção “Janela de Datas” Se indicado Janela de Datas ou Mais Datas, será obrigatório o preenchimento do campo “Tipo de Fixing para Vencimento”. Caso seja indicado “Mais Datas” as datas serão indicadas na seção “Mais Datas”.
COE001049;COE 001049 – Call KO + Put;2;Data para fixing;"Campo de preenchimento obrigatório, se campo “Período de captura do ativo subjacente para liquidação” for preenchido com ""Data única"". Formato: DD/MM/AAAA."
COE001049;COE 001049 – Call KO + Put;3;Data inicial para fixing;"Campo de preenchimento obrigatório, se campo “Período de captura do ativo subjacente para liquidação” for preenchido com ""Janela de Datas"". É possível escolher uma data maior ou igual à “Data de Emissão” (ou “Emissão a Termo”), e menor que “Data Final para Fixing”. Formato: DD/MM/AAAA."
COE001049;COE 001049 – Call KO + Put;4;Data final para fixing;"Campo de preenchimento obrigatório, se campo “Período de captura do ativo subjacente para liquidação” for preenchido com ""Janela de Datas"". Esta data deve ser posterior à indicada no campo “Data Inicial para Fixing”, e inferior a data de vencimento. Formato: DD/MM/AAAA."
COE001049;COE 001049 – Call KO + Put;5;Tipo de Cotação para Liquidação 1;Campo de preenchimento obrigatório. Indicação de qual será a cotação a ser considerada na liquidação da operação, referente ao Ativo Subjacente 1 (ativo subjacente da Call KO). Campo com as opções: Fechamento, Média, Máximo, Mínimo e Ajuste
COE001049;COE 001049 – Call KO + Put;6;Tipo de Cotação para Liquidação 2;Campo de preenchimento obrigatório. Indicação de qual será a cotação a ser considerada na liquidação da operação, referente ao Ativo Subjacente 2 (ativo subjacente da Put). Campo com as opções: Fechamento, Média, Máximo, Mínimo e Ajuste. 1- Informações referentes a Call KO
COE001049;COE 001049 – Call KO + Put;7;Classe do ativo subjacente 1;Campo de preenchimento obrigatório. Campo com as opções das Classes de Ativos referente ao Ativo Subjacente 1 (TAXAS DE CAMBIO, INDICES).
COE001049;COE 001049 – Call KO + Put;8;Ativo Subjacente 1;Campo de preenchimento obrigatório. Ativo subjacente da Call KO. Campo com as opções IBOVESPA e DOLAR DOS EUA.
COE001049;COE 001049 – Call KO + Put;9;Valor Inicial Ativo Subjacente 1;Campo de preenchimento obrigatório. Valor inicial do Ativo Subjacente 1. Esse valor serve de referência para o cálculo do strike e da barreira de KO da Call KO. Formato: numérico, 10 inteiros e 4 decimais.
COE001049;COE 001049 – Call KO + Put;10;Strike 1 (%);Campo de preenchimento obrigatório. Informar o strike da Call KO, em percentual. Percentual aplicado sobre o Valor Inicial do Ativo Subjacente 1. Formato: Numérico com 4 inteiros e 8 decimais, maior que 0.
COE001049;COE 001049 – Call KO + Put;11;Quantidade 1;Campo de preenchimento obrigatório. Informar a quantidade do Ativo Subjacente 1. A quantidade indicada deverá ser maior que zero. Formato: Numérico com 10 inteiros e 4 decimais.
COE001049;COE 001049 – Call KO + Put;12;Barreira cenário de Alta (%);Campo de preenchimento obrigatório. Informar a barreira de knock out da Call KO, em percentual. Percentual aplicado sobre o Valor Inicial do Ativo Subjacente 1. Formato: numérico com 4 inteiros e 8 decimais, sempre maior que zero.
COE001049;COE 001049 – Call KO + Put;13;Participação cenário de Alta (%);Campo de preenchimento obrigatório. Indica o percentual a ser aplicado sobre a valorização do Ativo Subjacente 1. Formato: Numérico com 6 inteiros e 4 decimais, maior que 0.
COE001049;COE 001049 – Call KO + Put;14;Rebate KO(%);Campo de preenchimento obrigatório. Indica percentual a ser aplicado sobre o Valor Financeiro de Emissão caso a barreira de knock out seja atingida no período de verificação. Formato: numérico com 4 inteiros e 4 decimais, maior ou igual a zero.
COE001049;COE 001049 – Call KO + Put;15;Tipo de Cotação para verificação de barreira cenário de alta;Campo de preenchimento obrigatório. Tipo de cotação a ser considerada na verificação da barreira de knock out. Campo com as opções: Fechamento, Média, Máximo, Mínimo e Ajuste.
COE001049;COE 001049 – Call KO + Put;16;Período de verificação de barreiras;Campo de preenchimento obrigatório. Campo com as opções: Americana e Europeia. Indica se a verificação da barreira será diária (Americana), dentro da janela de verificação, ou apenas no vencimento (Europeia). Se indicado “Europeia”, apenas a “Data para Fixing” pode ser preenchido. Se indicado “Americana”, apenas a “Data Inicial para Verificação” e “Data Final para Verificação” podem ser preenchidos.
COE001049;COE 001049 – Call KO + Put;17;Data Inicial para Verificação;Campo de preenchimento obrigatório, caso o campo “Período de verificação de barreiras” for preenchido com “Americana”. Data inicial da janela de verificação da barreira de knock out. A partir de D+1 da “Data de Emissão” (ou “Emissão a Termo”) e menor que “Data Final para Verificação” Formato: DD/MM/AAAA
COE001049;COE 001049 – Call KO + Put;18;Data Final para Verificação;Campo de preenchimento obrigatório, caso o campo “Período de verificação de barreiras” for preenchido com “Americana”. Data final da janela de verificação da barreira de knock out. Esta data deve ser superior a indicada no campo “Data Inicial para verificação”, e inferior a data de vencimento. Formato: DD/MM/AAAA.
COE001049;COE 001049 – Call KO + Put;19;2- Informações referentes a Put;
COE001049;COE 001049 – Call KO + Put;20;Classe do Ativo Subjacente 2;Campo de preenchimento obrigatório. Campo com as opções das Classes de Ativos referente ao Ativo Subjacente 2 (TAXAS DE CAMBIO, INDICES).
COE001049;COE 001049 – Call KO + Put;21;Ativo Subjacente 2;Campo de preenchimento obrigatório. Ativo subjacente da Put. Campo com as opções IBOVESPA e DOLAR DOS EUA.
COE001049;COE 001049 – Call KO + Put;22;Valor Inicial Ativo Subjacente 2;Campo de preenchimento obrigatório. Valor inicial do Ativo Subjacente 2. Esse valor serve de referência para o cálculo do strike da Put. Formato: numérico, 10 inteiros e 4 decimais.
COE001049;COE 001049 – Call KO + Put;23;Strike 2(%);Campo de preenchimento obrigatório. Informar o strike da Put, em percentual. Percentual aplicado sobre o Valor Inicial do Ativo Subjacente 2. Formato: numérico com 4 inteiros e 8 decimais, maior que zero.
COE001049;COE 001049 – Call KO + Put;24;Quantidade 2;Campo de preenchimento obrigatório. Informar a quantidade do Ativo Subjacente 2. A quantidade indicada deverá ser maior que zero. Formato: Numérico com 10 inteiros e 4 decimais.
COE001049;COE 001049 – Call KO + Put;25;Participação cenário de baixa (%);Campo de preenchimento obrigatório. Indica o percentual a ser aplicado sobre a valorização do Ativo Subjacente 2. Formato: Numérico com 6 inteiros e 4 decimais, maior que 0.
COE001049;COE 001049 – Call KO + Put;26;Tipo de Fixing para Vencimento;Campo de preenchimento obrigatório quando no campo “Período de captura do ativo subjacente para liquidação” for selecionado “Janela de Datas” ou “Mais Datas” . Campo com os domínios: Máxima no Período, Mínima no Período e Média no Período Indica como será formado o fixing para o vencimento do COE. • Máximo no período: O sistema irá verificar a cotação de todas as datas do intervalo da “Data fixing” (inclusive) até a “Data Fixing 2” (inclusive) e utilizará a maior cotação do intervalo como fixing do evento. • Mínimo no período: O sistema irá verificar a cotação de todas as datas do intervalo da “Data fixing” (inclusive) até a “Data Fixing 2” (inclusive) e utilizará a menor cotação do intervalo como fixing do evento. • Média no período: O sistema irá verificar a cotação de todas as datas do intervalo da “Data fixing” (inclusive) até a “Data Fixing 2” (inclusive) e utilizará a média de todas as cotações do intervalo como fixing do evento.
COE001050;COE 001050 – Call Strike Lookback;1;referentes ao Lookback, no registro das Se houver atualização da cotação inicial fazer esta atualização através da função;características do Instrumento Financeiro, deverão seguir as instruções de preenchimento indicadas abaixo. do ativo por motivo de Lookback, o emissor deverá Atualização de PU> Valores Lookback.
COE001050;COE 001050 – Call Strike Lookback;2;Campos Fixos – Dados do Lookback;
COE001050;COE 001050 – Call Strike Lookback;3;Lookback;"Nesta figura, este campo é de preenchimento obrigatório. Deverá ser selecionada a opção ""Sim"""
COE001050;COE 001050 – Call Strike Lookback;4;Critério de Lookback;"Nesta figura, este campo é de preenchimento obrigatório. Deverá ser selecionado ""Máximo"" ou ""Mínimo""."
COE001050;COE 001050 – Call Strike Lookback;5;Data Inicial de Lookback;Nesta figura, este campo é de preenchimento obrigatório. Como padrão, independentemente de qual seja a primeira data efetiva de verificação de Lookback, este campo deverá ser registrado com a mesma data informada no campo “Data de Emissão” do contrato. Formato: DD/MM/AAAA. Nesta figura, este campo é de preenchimento obrigatório. Deverá ser registrado com a última data de verificação de Lookback.
COE001050;COE 001050 – Call Strike Lookback;6;Data Final de Lookback;Nesta data, o sistema criará a pendência “Valores Lookback”, de forma que o emissor terá a opção de atualizar o valor inicial do ativo subjacente, conforme critério adotado. O lançamento deverá ser feito via função de Atualização de PU (Valores Lookback). Formato: DD/MM/AAAA.
COE001050;COE 001050 – Call Strike Lookback;7;Strike 1 (%) Quantidade 1 Participação cenário de alta (%);Campo de preenchimento obrigatório. Formato: Numérico percentual com 4 inteiros e 8 decimais, maior que 0. Percentual aplicado sobre o Valor Inicial do Ativo Subjacente. Campo de preenchimento opcional. Informa a quantidade do ativo subjacente que é utilizado no cálculo de ajuste referente ao Strike 1. Formato: Numérico com 8 inteiros e 8 decimais. Campo de preenchimento obrigatório. Número indicando percentual a ser aplicado sobre a valorização do ativo subjacente. Formato: Numérico com 4 inteiros e 4 decimais, maior que 0
COE001050;COE 001050 – Call Strike Lookback;8;Período de captura do ativo subjacente para liquidação Data para fixing Data inicial para fixing Data final para fixing Tipo de Cotação para Liquidação Data de Observação 1 Data de Observação 2;"Campo de preenchimento obrigatório. Campo com as opções: Data Única, Janela de Datas e Mais Datas. Indica como será formado o fixing no vencimento. Caso o ativo subjacente seja uma Cesta,não é permitido selecionar a opção “Janela de Datas” Se indicado Janela de Datas ou Mais Datas, será obrigatório o preenchimento do campo “Tipo de Fixing para Vencimento”. Caso seja indicado “Mais Datas” as datas serão indicadas na seção “Mais Datas”. Campo de preenchimento obrigatório, se indicado ""Data única"". Formato: DD/MM/AAAA. Não preencher se a “Classe do Ativo Subjacente” for igual a “CESTA”. Campo de preenchimento obrigatório, se indicado ""Janela de datas"". Formato: DD/MM/AAAA. Não preencher se a “Classe do Ativo Subjacente” for igual a “CESTA”. A partir de D+1 da “Data de Emissão” (ou “Emissão a Termo”), e menor que “Data Final para Fixing”. Campo de preenchimento obrigatório, se campo “Período de captura do ativo subjacente para liquidação” for preenchido com ""Janela de Datas"". Esta data deve ser posterior à indicada no campo “Data Inicial para Fixing”, e inferior a data de vencimento. Formato: DD/MM/AAAA. Campo de preenchimento obrigatório. Não preencher se a “Classe do Ativo Subjacente” for igual a “CESTA”. Indicação de qual será a cotação a ser considerada na liquidação da operação. Campo com as opções: Fechamento, Média, Máximo, Mínimo e Ajuste. Campo de preenchimento obrigatório. Informa a 1ª data da cotação que será considerada para apuração do lookback. Formato: DD/MM/AAAA. Campo de preenchimento opcional. Informa a 2ª data da cotação que será considerada para apuração do lookback. Formato: DD/MM/AAAA."
COE001050;COE 001050 – Call Strike Lookback;9;Data de Observação 3;Campo de preenchimento opcional. Informa a 3ª data da cotação que será considerada para apuração do lookback. Formato: DD/MM/AAAA. Campo de preenchimento opcional. Informa a 4ª data da cotação que será considerada para apuração do lookback. Formato: DD/MM/AAAA. Campo de preenchimento opcional. Informa a 5ª data da cotação que será considerada para apuração do lookback. Formato: DD/MM/AAAA. Campo de preenchimento opcional. Informa a 6ª data da cotação que será considerada para apuração do lookback. Formato: DD/MM/AAAA. Campo de preenchimento opcional. Informa a 7ª data da cotação que será considerada para apuração do lookback. Formato: DD/MM/AAAA. Campo de preenchimento opcional. Informa a 8ª data da cotação que será considerada para apuração do lookback. Formato: DD/MM/AAAA. Campo de preenchimento opcional. Informa a 9ª data da cotação que será considerada para apuração do lookback. Formato: DD/MM/AAAA. Campo de preenchimento opcional. Informa a 10ª data da cotação que será considerada para apuração do lookback. Formato: DD/MM/AAAA. Campo de preenchimento opcional. Informa a 11ª data da cotação que será considerada para apuração do lookback. Formato: DD/MM/AAAA. Campo de preenchimento opcional. Informa a 12ª data da cotação que será considerada para apuração do lookback. Formato: DD/MM/AAAA. Campo de preenchimento opcional. Informa a 13ª data da cotação que será considerada para apuração do lookback. Formato: DD/MM/AAAA.
COE001050;COE 001050 – Call Strike Lookback;10;Data de Observação 4;Campo de preenchimento opcional. Informa a 3ª data da cotação que será considerada para apuração do lookback. Formato: DD/MM/AAAA. Campo de preenchimento opcional. Informa a 4ª data da cotação que será considerada para apuração do lookback. Formato: DD/MM/AAAA. Campo de preenchimento opcional. Informa a 5ª data da cotação que será considerada para apuração do lookback. Formato: DD/MM/AAAA. Campo de preenchimento opcional. Informa a 6ª data da cotação que será considerada para apuração do lookback. Formato: DD/MM/AAAA. Campo de preenchimento opcional. Informa a 7ª data da cotação que será considerada para apuração do lookback. Formato: DD/MM/AAAA. Campo de preenchimento opcional. Informa a 8ª data da cotação que será considerada para apuração do lookback. Formato: DD/MM/AAAA. Campo de preenchimento opcional. Informa a 9ª data da cotação que será considerada para apuração do lookback. Formato: DD/MM/AAAA. Campo de preenchimento opcional. Informa a 10ª data da cotação que será considerada para apuração do lookback. Formato: DD/MM/AAAA. Campo de preenchimento opcional. Informa a 11ª data da cotação que será considerada para apuração do lookback. Formato: DD/MM/AAAA. Campo de preenchimento opcional. Informa a 12ª data da cotação que será considerada para apuração do lookback. Formato: DD/MM/AAAA. Campo de preenchimento opcional. Informa a 13ª data da cotação que será considerada para apuração do lookback. Formato: DD/MM/AAAA.
COE001050;COE 001050 – Call Strike Lookback;11;Data de Observação 5;Campo de preenchimento opcional. Informa a 3ª data da cotação que será considerada para apuração do lookback. Formato: DD/MM/AAAA. Campo de preenchimento opcional. Informa a 4ª data da cotação que será considerada para apuração do lookback. Formato: DD/MM/AAAA. Campo de preenchimento opcional. Informa a 5ª data da cotação que será considerada para apuração do lookback. Formato: DD/MM/AAAA. Campo de preenchimento opcional. Informa a 6ª data da cotação que será considerada para apuração do lookback. Formato: DD/MM/AAAA. Campo de preenchimento opcional. Informa a 7ª data da cotação que será considerada para apuração do lookback. Formato: DD/MM/AAAA. Campo de preenchimento opcional. Informa a 8ª data da cotação que será considerada para apuração do lookback. Formato: DD/MM/AAAA. Campo de preenchimento opcional. Informa a 9ª data da cotação que será considerada para apuração do lookback. Formato: DD/MM/AAAA. Campo de preenchimento opcional. Informa a 10ª data da cotação que será considerada para apuração do lookback. Formato: DD/MM/AAAA. Campo de preenchimento opcional. Informa a 11ª data da cotação que será considerada para apuração do lookback. Formato: DD/MM/AAAA. Campo de preenchimento opcional. Informa a 12ª data da cotação que será considerada para apuração do lookback. Formato: DD/MM/AAAA. Campo de preenchimento opcional. Informa a 13ª data da cotação que será considerada para apuração do lookback. Formato: DD/MM/AAAA.
COE001050;COE 001050 – Call Strike Lookback;12;Data de Observação 6;Campo de preenchimento opcional. Informa a 3ª data da cotação que será considerada para apuração do lookback. Formato: DD/MM/AAAA. Campo de preenchimento opcional. Informa a 4ª data da cotação que será considerada para apuração do lookback. Formato: DD/MM/AAAA. Campo de preenchimento opcional. Informa a 5ª data da cotação que será considerada para apuração do lookback. Formato: DD/MM/AAAA. Campo de preenchimento opcional. Informa a 6ª data da cotação que será considerada para apuração do lookback. Formato: DD/MM/AAAA. Campo de preenchimento opcional. Informa a 7ª data da cotação que será considerada para apuração do lookback. Formato: DD/MM/AAAA. Campo de preenchimento opcional. Informa a 8ª data da cotação que será considerada para apuração do lookback. Formato: DD/MM/AAAA. Campo de preenchimento opcional. Informa a 9ª data da cotação que será considerada para apuração do lookback. Formato: DD/MM/AAAA. Campo de preenchimento opcional. Informa a 10ª data da cotação que será considerada para apuração do lookback. Formato: DD/MM/AAAA. Campo de preenchimento opcional. Informa a 11ª data da cotação que será considerada para apuração do lookback. Formato: DD/MM/AAAA. Campo de preenchimento opcional. Informa a 12ª data da cotação que será considerada para apuração do lookback. Formato: DD/MM/AAAA. Campo de preenchimento opcional. Informa a 13ª data da cotação que será considerada para apuração do lookback. Formato: DD/MM/AAAA.
COE001050;COE 001050 – Call Strike Lookback;13;Data de Observação 7;Campo de preenchimento opcional. Informa a 3ª data da cotação que será considerada para apuração do lookback. Formato: DD/MM/AAAA. Campo de preenchimento opcional. Informa a 4ª data da cotação que será considerada para apuração do lookback. Formato: DD/MM/AAAA. Campo de preenchimento opcional. Informa a 5ª data da cotação que será considerada para apuração do lookback. Formato: DD/MM/AAAA. Campo de preenchimento opcional. Informa a 6ª data da cotação que será considerada para apuração do lookback. Formato: DD/MM/AAAA. Campo de preenchimento opcional. Informa a 7ª data da cotação que será considerada para apuração do lookback. Formato: DD/MM/AAAA. Campo de preenchimento opcional. Informa a 8ª data da cotação que será considerada para apuração do lookback. Formato: DD/MM/AAAA. Campo de preenchimento opcional. Informa a 9ª data da cotação que será considerada para apuração do lookback. Formato: DD/MM/AAAA. Campo de preenchimento opcional. Informa a 10ª data da cotação que será considerada para apuração do lookback. Formato: DD/MM/AAAA. Campo de preenchimento opcional. Informa a 11ª data da cotação que será considerada para apuração do lookback. Formato: DD/MM/AAAA. Campo de preenchimento opcional. Informa a 12ª data da cotação que será considerada para apuração do lookback. Formato: DD/MM/AAAA. Campo de preenchimento opcional. Informa a 13ª data da cotação que será considerada para apuração do lookback. Formato: DD/MM/AAAA.
COE001050;COE 001050 – Call Strike Lookback;14;Data de Observação 8;Campo de preenchimento opcional. Informa a 3ª data da cotação que será considerada para apuração do lookback. Formato: DD/MM/AAAA. Campo de preenchimento opcional. Informa a 4ª data da cotação que será considerada para apuração do lookback. Formato: DD/MM/AAAA. Campo de preenchimento opcional. Informa a 5ª data da cotação que será considerada para apuração do lookback. Formato: DD/MM/AAAA. Campo de preenchimento opcional. Informa a 6ª data da cotação que será considerada para apuração do lookback. Formato: DD/MM/AAAA. Campo de preenchimento opcional. Informa a 7ª data da cotação que será considerada para apuração do lookback. Formato: DD/MM/AAAA. Campo de preenchimento opcional. Informa a 8ª data da cotação que será considerada para apuração do lookback. Formato: DD/MM/AAAA. Campo de preenchimento opcional. Informa a 9ª data da cotação que será considerada para apuração do lookback. Formato: DD/MM/AAAA. Campo de preenchimento opcional. Informa a 10ª data da cotação que será considerada para apuração do lookback. Formato: DD/MM/AAAA. Campo de preenchimento opcional. Informa a 11ª data da cotação que será considerada para apuração do lookback. Formato: DD/MM/AAAA. Campo de preenchimento opcional. Informa a 12ª data da cotação que será considerada para apuração do lookback. Formato: DD/MM/AAAA. Campo de preenchimento opcional. Informa a 13ª data da cotação que será considerada para apuração do lookback. Formato: DD/MM/AAAA.
COE001050;COE 001050 – Call Strike Lookback;15;Data de Observação 9;Campo de preenchimento opcional. Informa a 3ª data da cotação que será considerada para apuração do lookback. Formato: DD/MM/AAAA. Campo de preenchimento opcional. Informa a 4ª data da cotação que será considerada para apuração do lookback. Formato: DD/MM/AAAA. Campo de preenchimento opcional. Informa a 5ª data da cotação que será considerada para apuração do lookback. Formato: DD/MM/AAAA. Campo de preenchimento opcional. Informa a 6ª data da cotação que será considerada para apuração do lookback. Formato: DD/MM/AAAA. Campo de preenchimento opcional. Informa a 7ª data da cotação que será considerada para apuração do lookback. Formato: DD/MM/AAAA. Campo de preenchimento opcional. Informa a 8ª data da cotação que será considerada para apuração do lookback. Formato: DD/MM/AAAA. Campo de preenchimento opcional. Informa a 9ª data da cotação que será considerada para apuração do lookback. Formato: DD/MM/AAAA. Campo de preenchimento opcional. Informa a 10ª data da cotação que será considerada para apuração do lookback. Formato: DD/MM/AAAA. Campo de preenchimento opcional. Informa a 11ª data da cotação que será considerada para apuração do lookback. Formato: DD/MM/AAAA. Campo de preenchimento opcional. Informa a 12ª data da cotação que será considerada para apuração do lookback. Formato: DD/MM/AAAA. Campo de preenchimento opcional. Informa a 13ª data da cotação que será considerada para apuração do lookback. Formato: DD/MM/AAAA.
COE001050;COE 001050 – Call Strike Lookback;16;Data de Observação 10;Campo de preenchimento opcional. Informa a 3ª data da cotação que será considerada para apuração do lookback. Formato: DD/MM/AAAA. Campo de preenchimento opcional. Informa a 4ª data da cotação que será considerada para apuração do lookback. Formato: DD/MM/AAAA. Campo de preenchimento opcional. Informa a 5ª data da cotação que será considerada para apuração do lookback. Formato: DD/MM/AAAA. Campo de preenchimento opcional. Informa a 6ª data da cotação que será considerada para apuração do lookback. Formato: DD/MM/AAAA. Campo de preenchimento opcional. Informa a 7ª data da cotação que será considerada para apuração do lookback. Formato: DD/MM/AAAA. Campo de preenchimento opcional. Informa a 8ª data da cotação que será considerada para apuração do lookback. Formato: DD/MM/AAAA. Campo de preenchimento opcional. Informa a 9ª data da cotação que será considerada para apuração do lookback. Formato: DD/MM/AAAA. Campo de preenchimento opcional. Informa a 10ª data da cotação que será considerada para apuração do lookback. Formato: DD/MM/AAAA. Campo de preenchimento opcional. Informa a 11ª data da cotação que será considerada para apuração do lookback. Formato: DD/MM/AAAA. Campo de preenchimento opcional. Informa a 12ª data da cotação que será considerada para apuração do lookback. Formato: DD/MM/AAAA. Campo de preenchimento opcional. Informa a 13ª data da cotação que será considerada para apuração do lookback. Formato: DD/MM/AAAA.
COE001050;COE 001050 – Call Strike Lookback;17;Data de Observação 11;Campo de preenchimento opcional. Informa a 3ª data da cotação que será considerada para apuração do lookback. Formato: DD/MM/AAAA. Campo de preenchimento opcional. Informa a 4ª data da cotação que será considerada para apuração do lookback. Formato: DD/MM/AAAA. Campo de preenchimento opcional. Informa a 5ª data da cotação que será considerada para apuração do lookback. Formato: DD/MM/AAAA. Campo de preenchimento opcional. Informa a 6ª data da cotação que será considerada para apuração do lookback. Formato: DD/MM/AAAA. Campo de preenchimento opcional. Informa a 7ª data da cotação que será considerada para apuração do lookback. Formato: DD/MM/AAAA. Campo de preenchimento opcional. Informa a 8ª data da cotação que será considerada para apuração do lookback. Formato: DD/MM/AAAA. Campo de preenchimento opcional. Informa a 9ª data da cotação que será considerada para apuração do lookback. Formato: DD/MM/AAAA. Campo de preenchimento opcional. Informa a 10ª data da cotação que será considerada para apuração do lookback. Formato: DD/MM/AAAA. Campo de preenchimento opcional. Informa a 11ª data da cotação que será considerada para apuração do lookback. Formato: DD/MM/AAAA. Campo de preenchimento opcional. Informa a 12ª data da cotação que será considerada para apuração do lookback. Formato: DD/MM/AAAA. Campo de preenchimento opcional. Informa a 13ª data da cotação que será considerada para apuração do lookback. Formato: DD/MM/AAAA.
COE001050;COE 001050 – Call Strike Lookback;18;Data de Observação 12;Campo de preenchimento opcional. Informa a 3ª data da cotação que será considerada para apuração do lookback. Formato: DD/MM/AAAA. Campo de preenchimento opcional. Informa a 4ª data da cotação que será considerada para apuração do lookback. Formato: DD/MM/AAAA. Campo de preenchimento opcional. Informa a 5ª data da cotação que será considerada para apuração do lookback. Formato: DD/MM/AAAA. Campo de preenchimento opcional. Informa a 6ª data da cotação que será considerada para apuração do lookback. Formato: DD/MM/AAAA. Campo de preenchimento opcional. Informa a 7ª data da cotação que será considerada para apuração do lookback. Formato: DD/MM/AAAA. Campo de preenchimento opcional. Informa a 8ª data da cotação que será considerada para apuração do lookback. Formato: DD/MM/AAAA. Campo de preenchimento opcional. Informa a 9ª data da cotação que será considerada para apuração do lookback. Formato: DD/MM/AAAA. Campo de preenchimento opcional. Informa a 10ª data da cotação que será considerada para apuração do lookback. Formato: DD/MM/AAAA. Campo de preenchimento opcional. Informa a 11ª data da cotação que será considerada para apuração do lookback. Formato: DD/MM/AAAA. Campo de preenchimento opcional. Informa a 12ª data da cotação que será considerada para apuração do lookback. Formato: DD/MM/AAAA. Campo de preenchimento opcional. Informa a 13ª data da cotação que será considerada para apuração do lookback. Formato: DD/MM/AAAA.
COE001050;COE 001050 – Call Strike Lookback;19;Data de Observação 13;Campo de preenchimento opcional. Informa a 3ª data da cotação que será considerada para apuração do lookback. Formato: DD/MM/AAAA. Campo de preenchimento opcional. Informa a 4ª data da cotação que será considerada para apuração do lookback. Formato: DD/MM/AAAA. Campo de preenchimento opcional. Informa a 5ª data da cotação que será considerada para apuração do lookback. Formato: DD/MM/AAAA. Campo de preenchimento opcional. Informa a 6ª data da cotação que será considerada para apuração do lookback. Formato: DD/MM/AAAA. Campo de preenchimento opcional. Informa a 7ª data da cotação que será considerada para apuração do lookback. Formato: DD/MM/AAAA. Campo de preenchimento opcional. Informa a 8ª data da cotação que será considerada para apuração do lookback. Formato: DD/MM/AAAA. Campo de preenchimento opcional. Informa a 9ª data da cotação que será considerada para apuração do lookback. Formato: DD/MM/AAAA. Campo de preenchimento opcional. Informa a 10ª data da cotação que será considerada para apuração do lookback. Formato: DD/MM/AAAA. Campo de preenchimento opcional. Informa a 11ª data da cotação que será considerada para apuração do lookback. Formato: DD/MM/AAAA. Campo de preenchimento opcional. Informa a 12ª data da cotação que será considerada para apuração do lookback. Formato: DD/MM/AAAA. Campo de preenchimento opcional. Informa a 13ª data da cotação que será considerada para apuração do lookback. Formato: DD/MM/AAAA.
COE001050;COE 001050 – Call Strike Lookback;20;Data de Observação 14;Campo de preenchimento opcional. Informa a 14ª data da cotação que será considerada para apuração do lookback. Formato: DD/MM/AAAA. Campo de preenchimento opcional. Informa a 15ª data da cotação que será considerada para apuração do lookback. Formato: DD/MM/AAAA. Campo de preenchimento opcional. Informa a 16ª data da cotação que será considerada para apuração do lookback. Formato: DD/MM/AAAA. Campo de preenchimento opcional. Informa a 17ª data da cotação que será considerada para apuração do lookback. Formato: DD/MM/AAAA. Campo de preenchimento opcional. Informa a 18ª data da cotação que será considerada para apuração do lookback. Formato: DD/MM/AAAA. Campo de preenchimento opcional. Informa a 19ª data da cotação que será considerada para apuração do lookback. Formato: DD/MM/AAAA. Campo de preenchimento opcional. Informa a 20ª data da cotação que será considerada para apuração do lookback. Formato: DD/MM/AAAA.
COE001050;COE 001050 – Call Strike Lookback;21;Data de Observação 15;Campo de preenchimento opcional. Informa a 14ª data da cotação que será considerada para apuração do lookback. Formato: DD/MM/AAAA. Campo de preenchimento opcional. Informa a 15ª data da cotação que será considerada para apuração do lookback. Formato: DD/MM/AAAA. Campo de preenchimento opcional. Informa a 16ª data da cotação que será considerada para apuração do lookback. Formato: DD/MM/AAAA. Campo de preenchimento opcional. Informa a 17ª data da cotação que será considerada para apuração do lookback. Formato: DD/MM/AAAA. Campo de preenchimento opcional. Informa a 18ª data da cotação que será considerada para apuração do lookback. Formato: DD/MM/AAAA. Campo de preenchimento opcional. Informa a 19ª data da cotação que será considerada para apuração do lookback. Formato: DD/MM/AAAA. Campo de preenchimento opcional. Informa a 20ª data da cotação que será considerada para apuração do lookback. Formato: DD/MM/AAAA.
COE001050;COE 001050 – Call Strike Lookback;22;Data de Observação 16;Campo de preenchimento opcional. Informa a 14ª data da cotação que será considerada para apuração do lookback. Formato: DD/MM/AAAA. Campo de preenchimento opcional. Informa a 15ª data da cotação que será considerada para apuração do lookback. Formato: DD/MM/AAAA. Campo de preenchimento opcional. Informa a 16ª data da cotação que será considerada para apuração do lookback. Formato: DD/MM/AAAA. Campo de preenchimento opcional. Informa a 17ª data da cotação que será considerada para apuração do lookback. Formato: DD/MM/AAAA. Campo de preenchimento opcional. Informa a 18ª data da cotação que será considerada para apuração do lookback. Formato: DD/MM/AAAA. Campo de preenchimento opcional. Informa a 19ª data da cotação que será considerada para apuração do lookback. Formato: DD/MM/AAAA. Campo de preenchimento opcional. Informa a 20ª data da cotação que será considerada para apuração do lookback. Formato: DD/MM/AAAA.
COE001050;COE 001050 – Call Strike Lookback;23;Data de Observação 17;Campo de preenchimento opcional. Informa a 14ª data da cotação que será considerada para apuração do lookback. Formato: DD/MM/AAAA. Campo de preenchimento opcional. Informa a 15ª data da cotação que será considerada para apuração do lookback. Formato: DD/MM/AAAA. Campo de preenchimento opcional. Informa a 16ª data da cotação que será considerada para apuração do lookback. Formato: DD/MM/AAAA. Campo de preenchimento opcional. Informa a 17ª data da cotação que será considerada para apuração do lookback. Formato: DD/MM/AAAA. Campo de preenchimento opcional. Informa a 18ª data da cotação que será considerada para apuração do lookback. Formato: DD/MM/AAAA. Campo de preenchimento opcional. Informa a 19ª data da cotação que será considerada para apuração do lookback. Formato: DD/MM/AAAA. Campo de preenchimento opcional. Informa a 20ª data da cotação que será considerada para apuração do lookback. Formato: DD/MM/AAAA.
COE001050;COE 001050 – Call Strike Lookback;24;Data de Observação 18;Campo de preenchimento opcional. Informa a 14ª data da cotação que será considerada para apuração do lookback. Formato: DD/MM/AAAA. Campo de preenchimento opcional. Informa a 15ª data da cotação que será considerada para apuração do lookback. Formato: DD/MM/AAAA. Campo de preenchimento opcional. Informa a 16ª data da cotação que será considerada para apuração do lookback. Formato: DD/MM/AAAA. Campo de preenchimento opcional. Informa a 17ª data da cotação que será considerada para apuração do lookback. Formato: DD/MM/AAAA. Campo de preenchimento opcional. Informa a 18ª data da cotação que será considerada para apuração do lookback. Formato: DD/MM/AAAA. Campo de preenchimento opcional. Informa a 19ª data da cotação que será considerada para apuração do lookback. Formato: DD/MM/AAAA. Campo de preenchimento opcional. Informa a 20ª data da cotação que será considerada para apuração do lookback. Formato: DD/MM/AAAA.
COE001050;COE 001050 – Call Strike Lookback;25;Data de Observação 19;Campo de preenchimento opcional. Informa a 14ª data da cotação que será considerada para apuração do lookback. Formato: DD/MM/AAAA. Campo de preenchimento opcional. Informa a 15ª data da cotação que será considerada para apuração do lookback. Formato: DD/MM/AAAA. Campo de preenchimento opcional. Informa a 16ª data da cotação que será considerada para apuração do lookback. Formato: DD/MM/AAAA. Campo de preenchimento opcional. Informa a 17ª data da cotação que será considerada para apuração do lookback. Formato: DD/MM/AAAA. Campo de preenchimento opcional. Informa a 18ª data da cotação que será considerada para apuração do lookback. Formato: DD/MM/AAAA. Campo de preenchimento opcional. Informa a 19ª data da cotação que será considerada para apuração do lookback. Formato: DD/MM/AAAA. Campo de preenchimento opcional. Informa a 20ª data da cotação que será considerada para apuração do lookback. Formato: DD/MM/AAAA.
COE001050;COE 001050 – Call Strike Lookback;26;Data de Observação 20;Campo de preenchimento opcional. Informa a 14ª data da cotação que será considerada para apuração do lookback. Formato: DD/MM/AAAA. Campo de preenchimento opcional. Informa a 15ª data da cotação que será considerada para apuração do lookback. Formato: DD/MM/AAAA. Campo de preenchimento opcional. Informa a 16ª data da cotação que será considerada para apuração do lookback. Formato: DD/MM/AAAA. Campo de preenchimento opcional. Informa a 17ª data da cotação que será considerada para apuração do lookback. Formato: DD/MM/AAAA. Campo de preenchimento opcional. Informa a 18ª data da cotação que será considerada para apuração do lookback. Formato: DD/MM/AAAA. Campo de preenchimento opcional. Informa a 19ª data da cotação que será considerada para apuração do lookback. Formato: DD/MM/AAAA. Campo de preenchimento opcional. Informa a 20ª data da cotação que será considerada para apuração do lookback. Formato: DD/MM/AAAA.
COE001050;COE 001050 – Call Strike Lookback;27;Tipo de Fixing para Vencimento;Campo de preenchimento obrigatório quando no campo “Período de captura do ativo subjacente para liquidação” for selecionado “Janela de Datas” ou “Mais Datas” . Campo com os domínios: Máxima no Período, Mínima no Período e Média no Período Indica como será formado o fixing para o vencimento do COE. • Máximo no período: O sistema irá verificar a cotação de todas as datas do intervalo da “Data fixing” (inclusive) até a “Data Fixing 2” (inclusive) e utilizará a maior cotação do intervalo como fixing do evento. • Mínimo no período: O sistema irá verificar a cotação de todas as datas do intervalo da “Data fixing” (inclusive) até a “Data Fixing 2” (inclusive) e utilizará a menor cotação do intervalo como fixing do evento. • Média no período: O sistema irá verificar a cotação de todas as datas do intervalo da “Data fixing” (inclusive) até a “Data Fixing 2” (inclusive) e utilizará a média de todas as cotações do intervalo como fixing do evento.
COE001051;Figura COE 001051 – Call Spread KI + Put;1;Informações referentes a Call Spread KI +;Put
COE001051;Figura COE 001051 – Call Spread KI + Put;2;Strike 1 (%);Campo de preenchimento obrigatório. Informar o strike, em percentual. Percentual aplicado sobre o Valor Inicial do Ativo Subjacente. Formato: Numérico com 4 inteiros e 8 decimais, maior que 0.
COE001051;Figura COE 001051 – Call Spread KI + Put;3;Quantidade 1;Campo de preenchimento opcional. Informar a quantidade de Call Spread KI. A quantidade indicada deverá ser maior que zero. Formato: Numérico com 10 inteiros e 4 decimais.
COE001051;Figura COE 001051 – Call Spread KI + Put;4;Quantidade 2;Campo de preenchimento opcional. Informar a quantidade de Put. A quantidade indicada deverá ser maior que zero. Formato: Numérico com 10 inteiros e 4 decimais.
COE001051;Figura COE 001051 – Call Spread KI + Put;5;Participação cenário de Baixa (%);Campo de preenchimento opcional. Indica o percentual a ser aplicado sobre a valorização do Ativo Subjacente. Formato: Numérico com 6 inteiros e 4 decimais, maior que 0.
COE001051;Figura COE 001051 – Call Spread KI + Put;6;Participação cenário de Alta (%);Campo de preenchimento opcional. Indica o percentual a ser aplicado sobre a valorização do Ativo Subjacente. Formato: Numérico com 6 inteiros e 4 decimais, maior que 0.
COE001051;Figura COE 001051 – Call Spread KI + Put;7;Limitador cenário de Alta (%);Campo de preenchimento obrigatório. Informar percentual a ser aplicado sobre o valor inicial do Ativo Subjacente. Formato: Numérico com 4 inteiros e 8 decimais, deverá ser maior que o Strike (%) e maior que 0.
COE001051;Figura COE 001051 – Call Spread KI + Put;8;Barreira KI (%);Campo de preenchimento obrigatório. Informar a barreira de knock in da Call Spread KI, em percentual. Percentual aplicado sobre o Valor Inicial do Ativo Subjacente. Formato: numérico com 4 inteiros e 8 decimais, sempre maior que zero.
COE001051;Figura COE 001051 – Call Spread KI + Put;9;Rebate KI (%);Campo de preenchimento obrigatório. Indica percentual a ser aplicado sobre o Valor Financeiro de Emissão caso a barreira de knock in não seja atingida no período de verificação. Formato: numérico com 4 inteiros e 4 decimais, maior ou igual a zero.
COE001051;Figura COE 001051 – Call Spread KI + Put;10;Tipo de Cotação para verificação de barreira cenário de alta;Campo de preenchimento obrigatório. Tipo de cotação a ser considerada na verificação da barreira de knock in. Campo com as opções: Fechamento, Média, Máximo, Mínimo e Ajuste.
COE001051;Figura COE 001051 – Call Spread KI + Put;11;Período de verificação de barreiras;Campo de preenchimento obrigatório. Campo com as opções: Americana e Europeia. Indica se a verificação da barreira será diária (Americana), dentro da janela de verificação, ou apenas no vencimento (Europeia). Se indicado “Europeia”, apenas a “Data para Fixing” pode ser preenchido. Se indicado “Americana”, apenas a “Data Inicial para Verificação” e “Data Final para Verificação” podem ser preenchidos.
COE001051;Figura COE 001051 – Call Spread KI + Put;12;Data Inicial para Verificação;Campo de preenchimento obrigatório, caso o campo “Período de verificação de barreiras” for preenchido com “Americana”. Data inicial da janela de verificação da barreira de knock in. A partir de D+1 da “Data de Emissão” (ou “Emissão a Termo”) e menor que “Data Final para Verificação” Formato: DD/MM/AAAA
COE001051;Figura COE 001051 – Call Spread KI + Put;13;Data Final para Verificação;Campo de preenchimento obrigatório, caso o campo “Período de verificação de barreiras” for preenchido com “Americana”. Data final da janela de verificação da barreira de knock in. Esta data deve ser superior a indicada no campo “Data Inicial para verificação”, e inferior a data de vencimento. Formato: DD/MM/AAAA.
COE001051;Figura COE 001051 – Call Spread KI + Put;14;Período de captura do ativo subjacente para liquidação;Campo de preenchimento obrigatório. Campo com as opções: Data Única, Janela de Datas e Mais Datas. Indica como será formado o fixing no vencimento. Caso o ativo subjacente seja uma Cesta,não é permitido selecionar a opção “Janela de Datas” Se indicado Janela de Datas ou Mais Datas, será obrigatório o preenchimento do campo “Tipo de Fixing para Vencimento”. Caso seja indicado “Mais Datas” as datas serão indicadas na seção “Mais Datas”.
COE001051;Figura COE 001051 – Call Spread KI + Put;15;Data para fixing;"Campo de preenchimento obrigatório, se campo “Período de captura do ativo subjacente para liquidação” for preenchido com ""Data única"". Formato: DD/MM/AAAA."
COE001051;Figura COE 001051 – Call Spread KI + Put;16;Data inicial para fixing;"Campo de preenchimento obrigatório, se campo “Período de captura do ativo subjacente para liquidação” for preenchido com ""Janela de Datas"". É possível escolher uma data maior ou igual à “Data de Emissão” (ou “Emissão a Termo”), e menor que “Data Final para Fixing”. Formato: DD/MM/AAAA."
COE001051;Figura COE 001051 – Call Spread KI + Put;17;Data final para fixing;"Campo de preenchimento obrigatório, se campo “Período de captura do ativo subjacente para liquidação” for preenchido com ""Janela de Datas"". Esta data deve ser posterior à indicada no campo “Data Inicial para Fixing”, e inferior a data de vencimento. Formato: DD/MM/AAAA."
COE001051;Figura COE 001051 – Call Spread KI + Put;18;Tipo de Cotação para Liquidação;Campo de preenchimento obrigatório. Indicação de qual será a cotação a ser considerada na liquidação da operação, referente ao Ativo Subjacente. Campo com as opções: Fechamento, Média, Máximo, Mínimo e Ajuste
COE001051;Figura COE 001051 – Call Spread KI + Put;19;Tipo de Fixing para Vencimento;Campo de preenchimento obrigatório quando no campo “Período de captura do ativo subjacente para liquidação” for selecionado “Janela de Datas” ou “Mais Datas” . Campo com os domínios: Máxima no Período, Mínima no Período e Média no Período Indica como será formado o fixing para o vencimento do COE. • Máximo no período: O sistema irá verificar a cotação de todas as datas do intervalo da “Data fixing” (inclusive) até a “Data Fixing 2” (inclusive) e utilizará a maior cotação do intervalo como fixing do evento. • Mínimo no período: O sistema irá verificar a cotação de todas as datas do intervalo da “Data fixing” (inclusive) até a “Data Fixing 2” (inclusive) e utilizará a menor cotação do intervalo como fixing do evento. • Média no período: O sistema irá verificar a cotação de todas as datas do intervalo da “Data fixing” (inclusive) até a “Data Fixing 2” (inclusive) e utilizará a média de todas as cotações do intervalo como fixing do evento.
COE001052;Figura COE 001052 – C Call + C Put KO + V PS KI;1;Strike 1 (%);Campo de preenchimento obrigatório. Informar o strike, em percentual. Percentual aplicado sobre o Valor Inicial do Ativo Subjacente. Formato: Numérico com 4 inteiros e 8 decimais, maior que 0.
COE001052;Figura COE 001052 – C Call + C Put KO + V PS KI;2;Quantidade 1;Campo de preenchimento opcional. Informar a quantidade do Ativo Subjacente. A quantidade indicada deverá ser maior que zero. Formato: Numérico com 10 inteiros e 4 decimais.
COE001052;Figura COE 001052 – C Call + C Put KO + V PS KI;3;Participação cenário de Alta (%);Campo de preenchimento obrigatório. Indica o percentual a ser aplicado sobre a valorização do Ativo Subjacente. Formato: Numérico com 6 inteiros e 4 decimais, maior que 0.
COE001052;Figura COE 001052 – C Call + C Put KO + V PS KI;4;Participação cenário de Baixa (%);Campo de preenchimento obrigatório. Indica o percentual a ser aplicado sobre a valorização do Ativo Subjacente 2. Formato: Numérico com 6 inteiros e 4 decimais, maior que 0.
COE001052;Figura COE 001052 – C Call + C Put KO + V PS KI;5;Limitador Cenário de Baixa (%);Campo de preenchimento obrigatório. Indica o percentual a ser aplicado sobre o valor inicial do ativo subjacente Formato: Numérico com 4 inteiros e 8 decimais, maior que 0.
COE001052;Figura COE 001052 – C Call + C Put KO + V PS KI;6;Barreira KIKO;Campo de preenchimento obrigatório. Informar a barreira de KIKO, em percentual. Percentual aplicado sobre o Valor Inicial do Ativo Subjacente. Formato: numérico com 4 inteiros e 8 decimais, sempre maior que zero.
COE001052;Figura COE 001052 – C Call + C Put KO + V PS KI;7;Tipo de Cotação para Verificação de Barreiras no Cenário de Baixa;Campo de preenchimento obrigatório. Tipo de cotação a ser considerada na verificação da barreira de KIKO. Campo com as opções: Fechamento, Média, Máximo, Mínimo e Ajuste.
COE001052;Figura COE 001052 – C Call + C Put KO + V PS KI;8;Período de verificação de barreiras;Campo de preenchimento obrigatório. Campo com as opções: Americana e Europeia. Indica se a verificação da barreira será diária (Americana), dentro da janela de verificação, ou apenas no vencimento (Europeia). Se indicado “Europeia”, apenas a “Data para Fixing” pode ser preenchido. Se indicado “Americana”, apenas a “Data Inicial para Verificação” e “Data Final para Verificação” podem ser preenchidos.
COE001052;Figura COE 001052 – C Call + C Put KO + V PS KI;9;Data Inicial para Verificação;Campo de preenchimento obrigatório, caso o campo “Período de verificação de barreiras” for preenchido com “Americana”. Data inicial da janela de verificação da barreira de KIKO. A partir de D+1 da “Data de Emissão” (ou “Emissão a Termo”) e menor que “Data Final para Verificação” Formato: DD/MM/AAAA
COE001052;Figura COE 001052 – C Call + C Put KO + V PS KI;10;Data Final para Verificação;Campo de preenchimento obrigatório, caso o campo “Período de verificação de barreiras” for preenchido com “Americana”. Data final da janela de verificação da barreira de KIKO. Esta data deve ser superior a indicada no campo “Data Inicial para verificação”, e inferior a data de vencimento. Formato: DD/MM/AAAA.
COE001052;Figura COE 001052 – C Call + C Put KO + V PS KI;11;Período de captura do ativo subjacente para liquidação;Campo de preenchimento obrigatório. Campo com as opções: Data Única, Janela de Datas e Mais Datas. Indica como será formado o fixing no vencimento. Caso o ativo subjacente seja uma Cesta,não é permitido selecionar a opção “Janela de Datas” Se indicado Janela de Datas ou Mais Datas, será obrigatório o preenchimento do campo “Tipo de Fixing para Vencimento”. Caso seja indicado “Mais Datas” as datas serão indicadas na seção “Mais Datas”.
COE001052;Figura COE 001052 – C Call + C Put KO + V PS KI;12;Data para fixing;"Campo de preenchimento obrigatório, se campo “Período de captura do ativo subjacente para liquidação” for preenchido com ""Data única"". Formato: DD/MM/AAAA."
COE001052;Figura COE 001052 – C Call + C Put KO + V PS KI;13;Data inicial para fixing;"Campo de preenchimento obrigatório, se campo “Período de captura do ativo subjacente para liquidação” for preenchido com ""Janela de Datas"". É possível escolher uma data maior ou igual à “Data de Emissão” (ou “Emissão a Termo”), e menor que “Data Final para Fixing”. Formato: DD/MM/AAAA."
COE001052;Figura COE 001052 – C Call + C Put KO + V PS KI;14;Data final para fixing;"Campo de preenchimento obrigatório, se campo “Período de captura do ativo subjacente para liquidação” for preenchido com ""Janela de Datas"". Esta data deve ser posterior à indicada no campo “Data Inicial para Fixing”, e inferior a data de vencimento. Formato: DD/MM/AAAA."
COE001052;Figura COE 001052 – C Call + C Put KO + V PS KI;15;Tipo de Cotação para Liquidação 1;Campo de preenchimento obrigatório. Indicação de qual será a cotação a ser considerada na liquidação da operação, referente ao Ativo Subjacente Campo com as opções: Fechamento, Média, Máximo, Mínimo e Ajuste
COE001052;Figura COE 001052 – C Call + C Put KO + V PS KI;16;Tipo de Fixing para Vencimento;Campo de preenchimento obrigatório quando no campo “Período de captura do ativo subjacente para liquidação” for selecionado “Janela de Datas” ou “Mais Datas” . Campo com os domínios: Máxima no Período, Mínima no Período e Média no Período Indica como será formado o fixing para o vencimento do COE. • Máximo no período: O sistema irá verificar a cotação de todas as datas do intervalo da “Data fixing” (inclusive) até a “Data Fixing 2” (inclusive) e utilizará a maior cotação do intervalo como fixing do evento. • Mínimo no período: O sistema irá verificar a cotação de todas as datas do intervalo da “Data fixing” (inclusive) até a “Data Fixing 2” (inclusive) e utilizará a menor cotação do intervalo como fixing do evento. • Média no período: O sistema irá verificar a cotação de todas as datas do intervalo da “Data fixing” (inclusive) até a “Data Fixing 2” (inclusive) e utilizará a média de todas as cotações do intervalo como fixing do evento.
COE001054;Figura COE 001054 – Alocação Forwards KI;1;Para essa figura o campo “Remunerador” como “SEM REMUNERAÇÃO”, pois os dados do nos campos específicos.;dos campos fixos do COE deve ser preenchido remunerador (taxa Pré) serão obrigatórios
COE001054;Figura COE 001054 – Alocação Forwards KI;2;Período de captura do ativo subjacente para liquidação;Campo de preenchimento obrigatório. Campo com as opções: Data Única, Janela de Datas e Mais Datas. Indica como será formado o fixing no vencimento. Caso o ativo subjacente seja uma Cesta,não é permitido selecionar a opção “Janela de Datas” Se indicado Janela de Datas ou Mais Datas, será obrigatório o preenchimento do campo “Tipo de Fixing para Vencimento”. Caso seja indicado “Mais Datas” as datas serão indicadas na seção “Mais Datas”.
COE001054;Figura COE 001054 – Alocação Forwards KI;3;Data para fixing;"Campo de preenchimento obrigatório, se campo “Período de captura do ativo subjacente para liquidação” for preenchido com ""Data única"". Formato: DD/MM/AAAA."
COE001054;Figura COE 001054 – Alocação Forwards KI;4;Data inicial para fixing;"Campo de preenchimento obrigatório, se campo “Período de captura do ativo subjacente para liquidação” for preenchido com ""Janela de Datas"". É possível escolher uma data maior ou igual à “Data de Emissão” (ou “Emissão a Termo”), e menor que “Data Final para Fixing”. Formato: DD/MM/AAAA."
COE001054;Figura COE 001054 – Alocação Forwards KI;5;Data final para fixing;"Campo de preenchimento obrigatório, se campo “Período de captura do ativo subjacente para liquidação” for preenchido com ""Janela de Datas"". Esta data deve ser posterior à indicada no campo “Data Inicial para Fixing”, e inferior a data de vencimento. Formato: DD/MM/AAAA."
COE001054;Figura COE 001054 – Alocação Forwards KI;6;Tipo de Cotação para Liquidação 1;Campo de preenchimento obrigatório. Indicação de qual será a cotação a ser considerada na liquidação da operação, referente ao Ativo Subjacente Campo com as opções: Fechamento, Média, Máximo, Mínimo e Ajuste
COE001054;Figura COE 001054 – Alocação Forwards KI;7;Limitador de alta global (%);Informar o limitador de alta global da estrutura, em percentual que deverá ser aplicado sobre o notional. Formato: Numérico com 4 inteiros e 8 decimais.
COE001054;Figura COE 001054 – Alocação Forwards KI;8;Dados referente a Barreiras;de KI – Americana Obrigatório
COE001054;Figura COE 001054 – Alocação Forwards KI;9;Tipo de Cotação para Verificação de Barreiras no Cenário de Baixa;Campo de preenchimento obrigatório. Tipo de cotação a ser considerada na verificação das barreiras de KI. Campo com as opções: Fechamento, Média, Máximo, Mínimo e Ajuste.
COE001054;Figura COE 001054 – Alocação Forwards KI;10;Data Inicial para Verificação;Campo de preenchimento obrigatório. Data inicial da janela de verificação da barreira de KI. A partir de D-1 da “Data de Emissão” (ou “Emissão a Termo”) e menor que “Data Final para Verificação” Formato: DD/MM/AAAA
COE001054;Figura COE 001054 – Alocação Forwards KI;11;Data Final para Verificação obrigatoriamente;Campo de preenchimento obrigatório. Data final da janela de verificação da barreira de KI. Esta data deve ser superior a indicada no campo “Data Inicial para verificação”, e inferior a data de vencimento. Formato: DD/MM/AAAA. Dados referente ao remunerador (Pré) da alocação – O percentual da alocação inicial é 100%
COE001054;Figura COE 001054 – Alocação Forwards KI;12;Cupom remunerador adicional (%);Campo de preenchimento obrigatório. Informar o cupom da taxa Pré em % a.a. Formato: Numérico com 10 inteiros e 8 decimais.
COE001054;Figura COE 001054 – Alocação Forwards KI;13;Base remunerador adicional;"Campo de preenchimento obrigatório. Campo com as opções: 252 EXP; 360 EXP; 360 LIN."
COE001054;Figura COE 001054 – Alocação Forwards KI;14;Dados referente ao Forward;KI 1
COE001054;Figura COE 001054 – Alocação Forwards KI;15;Strike_KI 1 (%);Campo de preenchimento obrigatório. Informar o Strike e a Barreira de KI da FWD KI 1, em percentual. O percentual será aplicado sobre o Valor Inicial do Ativo Subjacente. Para essa figura o Strike é sempre igual à barreira de Knock In. Formato: Numérico com 4 inteiros e 8 decimais, maior que zero.
COE001054;Figura COE 001054 – Alocação Forwards KI;16;Quantidade 1 (%);Campo de preenchimento obrigatório. Informar a quantidade (em % do volume financeiro de emissão) da FWD KI Formato: Numérico com 4 inteiros e 8 decimais.
COE001054;Figura COE 001054 – Alocação Forwards KI;17;Alocação 1 (%);Campo de preenchimento obrigatório. Informar a alocação do Nível 1 (em % do volume financeiro de emissão). Percentual do notional que será remunerado pela taxa Pré no Nível 1. A Alocação 1 deverá ser igual a: (100% - Q1) Formato: Numérico com 4 inteiros e 8 decimais.
COE001054;Figura COE 001054 – Alocação Forwards KI;18;Dados referente ao Forward;KI 2
COE001054;Figura COE 001054 – Alocação Forwards KI;19;Strike_KI 2;Campo de preenchimento obrigatório, se houver. Informar o Strike e a Barreira de KI da FWD KI 2, em percentual. O percentual será aplicado sobre o Valor Inicial do Ativo Subjacente. Para essa figura o Strike é sempre igual à barreira de Knock In. Formato: Numérico com 4 inteiros e 8 decimais, maior que zero e menor que o Strike_KI 1
COE001054;Figura COE 001054 – Alocação Forwards KI;20;Quantidade 2 (%);Campo de preenchimento obrigatório, se houver. Informar a quantidade (em % do volume financeiro de emissão) da FWD KI Formato: Numérico com 4 inteiros e 8 decimais.
COE001054;Figura COE 001054 – Alocação Forwards KI;21;Alocação 2 (%);Campo de preenchimento obrigatório, se houver. Informar a alocação do Nível 2 (em % do volume financeiro de emissão). Percentual do notional que será remunerado pela taxa Pré no Nível 2. A Alocação 2 deverá ser igual a: (100% - Q1 – Q2) Formato: Numérico com 4 inteiros e 8 decimais.
COE001054;Figura COE 001054 – Alocação Forwards KI;22;Dados referente ao Forward;KI 3
COE001054;Figura COE 001054 – Alocação Forwards KI;23;Strike_KI 3;Campo de preenchimento obrigatório, se houver. Informar o Strike e a Barreira de KI da FWD KI 3, em percentual. O percentual será aplicado sobre o Valor Inicial do Ativo Subjacente. Para essa figura o Strike é sempre igual à barreira de Knock In. Formato: Numérico com 4 inteiros e 8 decimais, maior que zero e menor que o Strike_KI 2
COE001054;Figura COE 001054 – Alocação Forwards KI;24;Quantidade 3 (%);Campo de preenchimento obrigatório, se houver. Informar a quantidade (em % do volume financeiro de emissão) da FWD KI Formato: Numérico com 4 inteiros e 8 decimais.
COE001054;Figura COE 001054 – Alocação Forwards KI;25;Alocação 3 (%);Campo de preenchimento obrigatório, se houver. Informar a alocação do Nível 3 (em % do volume financeiro de emissão). Percentual do notional que será remunerado pela taxa Pré no Nível 3. A Alocação 3 deverá ser igual a: (100% - Q1 – Q2 – Q3) Formato: Numérico com 4 inteiros e 8 decimais.
COE001054;Figura COE 001054 – Alocação Forwards KI;26;Dados referente ao Forward;KI 4
COE001054;Figura COE 001054 – Alocação Forwards KI;27;Strike_KI 4;Campo de preenchimento obrigatório, se houver. Informar o Strike e a Barreira de KI da FWD KI 4, em percentual. O percentual será aplicado sobre o Valor Inicial do Ativo Subjacente. Para essa figura o Strike é sempre igual à barreira de Knock In. Formato: Numérico com 4 inteiros e 8 decimais, maior que zero e menor que o Strike_KI 3
COE001054;Figura COE 001054 – Alocação Forwards KI;28;Quantidade 4 (%);Campo de preenchimento obrigatório, se houver. Informar a quantidade (em % do volume financeiro de emissão) da FWD KI Formato: Numérico com 4 inteiros e 8 decimais.
COE001054;Figura COE 001054 – Alocação Forwards KI;29;Alocação 4 (%);Campo de preenchimento obrigatório, se houver. Informar a alocação do Nível 4 (em % do volume financeiro de emissão). Percentual do notional que será remunerado pela taxa Pré no Nível 4. A Alocação 4 deverá ser igual a: (100% - Q1 – Q2 – Q3 – Q4) Formato: Numérico com 4 inteiros e 8 decimais.
COE001054;Figura COE 001054 – Alocação Forwards KI;30;Dados referente ao Forward;KI 5
COE001054;Figura COE 001054 – Alocação Forwards KI;31;Strike_KI 5;Campo de preenchimento obrigatório, se houver. Informar o Strike e a Barreira de KI da FWD KI 5, em percentual. O percentual será aplicado sobre o Valor Inicial do Ativo Subjacente. Para essa figura o Strike é sempre igual à barreira de Knock In. Formato: Numérico com 4 inteiros e 8 decimais, maior que zero e menor que o Strike_KI 4
COE001054;Figura COE 001054 – Alocação Forwards KI;32;Quantidade 5 (%);Campo de preenchimento obrigatório, se houver. Informar a quantidade (em % do volume financeiro de emissão) da FWD KI Formato: Numérico com 4 inteiros e 8 decimais.
COE001054;Figura COE 001054 – Alocação Forwards KI;33;Alocação 5 (%);Campo de preenchimento obrigatório, se houver. Informar a alocação do Nível 4 (em % do volume financeiro de emissão). Percentual do notional que será remunerado pela taxa Pré no Nível 5. A Alocação 5 deverá ser igual a: (100% - Q1 – Q2 – Q3 – Q4 – Q5) Formato: Numérico com 4 inteiros e 8 decimais.
COE001054;Figura COE 001054 – Alocação Forwards KI;34;Tipo de Fixing para Vencimento;Campo de preenchimento obrigatório quando no campo “Período de captura do ativo subjacente para liquidação” for selecionado “Janela de Datas” ou “Mais Datas” . Campo com os domínios: Máxima no Período, Mínima no Período e Média no Período Indica como será formado o fixing para o vencimento do COE. • Máximo no período: O sistema irá verificar a cotação de todas as datas do intervalo da “Data fixing” (inclusive) até a “Data Fixing 2” (inclusive) e utilizará a maior cotação do intervalo como fixing do evento. • Mínimo no período: O sistema irá verificar a cotação de todas as datas do intervalo da “Data fixing” (inclusive) até a “Data Fixing 2” (inclusive) e utilizará a menor cotação do intervalo como fixing do evento. • Média no período: O sistema irá verificar a cotação de todas as datas do intervalo da “Data fixing” (inclusive) até a “Data Fixing 2” (inclusive) e utilizará a média de todas as cotações do intervalo como fixing do evento.
COE001055;Figura COE 001055 – CCallSpread + VPutSpread + VPut;1;Strike 1 (%);Campo de preenchimento obrigatório. Informar o strike, em percentual. Percentual aplicado sobre o Valor Inicial do Ativo Subjacente. Formato: Numérico com 4 inteiros e 8 decimais, maior que 0.
COE001055;Figura COE 001055 – CCallSpread + VPutSpread + VPut;2;Quantidade 1;Campo de preenchimento opcional. Informar a quantidade do Ativo Subjacente. A quantidade indicada deverá ser maior que zero. Formato: Numérico com 10 inteiros e 4 decimais.
COE001055;Figura COE 001055 – CCallSpread + VPutSpread + VPut;3;Limitador Cenário de Alta (%);Campo de preenchimento obrigatório. Indica o percentual a ser aplicado sobre o valor inicial do Ativo Subjacente. Limitador da CallSpread. Formato: Numérico com 4 inteiros e 8 decimais, maior que 0.
COE001055;Figura COE 001055 – CCallSpread + VPutSpread + VPut;4;Participação cenário de Alta (%);Campo de preenchimento obrigatório. Indica o percentual a ser aplicado sobre a valorização do Ativo Subjacente. Participação da CallSpread Formato: Numérico com 6 inteiros e 4 decimais, maior que 0.
COE001055;Figura COE 001055 – CCallSpread + VPutSpread + VPut;5;Limitador Cenário de Baixa (%);Campo de preenchimento obrigatório. Indica o percentual a ser aplicado sobre o valor inicial do Ativo Subjacente. Limitador da PutSpread. Formato: Numérico com 4 inteiros e 8 decimais, maior que 0.
COE001055;Figura COE 001055 – CCallSpread + VPutSpread + VPut;6;Participação cenário de Baixa (%);Campo de preenchimento obrigatório. Indica o percentual a ser aplicado sobre a valorização do Ativo Subjacente. Participação da PutSpread. Formato: Numérico com 6 inteiros e 4 decimais, maior que 0.
COE001055;Figura COE 001055 – CCallSpread + VPutSpread + VPut;7;Participação cenário de baixa 2 (%);Campo de preenchimento obrigatório. Indica o percentual a ser aplicado sobre a valorização do Ativo Subjacente. Participação da Put. Formato: Numérico com 6 inteiros e 4 decimais, maior que 0.
COE001055;Figura COE 001055 – CCallSpread + VPutSpread + VPut;8;Período de captura do ativo subjacente para liquidação;Campo de preenchimento obrigatório. Campo com as opções: Data Única, Janela de Datas e Mais Datas. Indica como será formado o fixing no vencimento. Caso o ativo subjacente seja uma Cesta,não é permitido selecionar a opção “Janela de Datas” Se indicado Janela de Datas ou Mais Datas, será obrigatório o preenchimento do campo “Tipo de Fixing para Vencimento”. Caso seja indicado “Mais Datas” as datas serão indicadas na seção “Mais Datas”.
COE001055;Figura COE 001055 – CCallSpread + VPutSpread + VPut;9;Data para fixing;"Campo de preenchimento obrigatório, se campo “Período de captura do ativo subjacente para liquidação” for preenchido com ""Data única"". Formato: DD/MM/AAAA."
COE001055;Figura COE 001055 – CCallSpread + VPutSpread + VPut;10;Data inicial para fixing;"Campo de preenchimento obrigatório, se campo “Período de captura do ativo subjacente para liquidação” for preenchido com ""Janela de Datas"". É possível escolher uma data maior ou igual à “Data de Emissão” (ou “Emissão a Termo”), e menor que “Data Final para Fixing”. Formato: DD/MM/AAAA."
COE001055;Figura COE 001055 – CCallSpread + VPutSpread + VPut;11;Data final para fixing;"Campo de preenchimento obrigatório, se campo “Período de captura do ativo subjacente para liquidação” for preenchido com ""Janela de Datas"". Esta data deve ser posterior à indicada no campo “Data Inicial para Fixing”, e inferior a data de vencimento. Formato: DD/MM/AAAA."
COE001055;Figura COE 001055 – CCallSpread + VPutSpread + VPut;12;Tipo de Cotação para Liquidação 1;Campo de preenchimento obrigatório. Indicação de qual será a cotação a ser considerada na liquidação da operação, referente ao Ativo Subjacente Campo com as opções: Fechamento, Média, Máximo, Mínimo e Ajuste
COE001055;Figura COE 001055 – CCallSpread + VPutSpread + VPut;13;Tipo de Fixing para Vencimento;Campo de preenchimento obrigatório quando no campo “Período de captura do ativo subjacente para liquidação” for selecionado “Janela de Datas” ou “Mais Datas” . Campo com os domínios: Máxima no Período, Mínima no Período e Média no Período Indica como será formado o fixing para o vencimento do COE. • Máximo no período: O sistema irá verificar a cotação de todas as datas do intervalo da “Data fixing” (inclusive) até a “Data Fixing 2” (inclusive) e utilizará a maior cotação do intervalo como fixing do evento. • Mínimo no período: O sistema irá verificar a cotação de todas as datas do intervalo da “Data fixing” (inclusive) até a “Data Fixing 2” (inclusive) e utilizará a menor cotação do intervalo como fixing do evento. • Média no período: O sistema irá verificar a cotação de todas as datas do intervalo da “Data fixing” (inclusive) até a “Data Fixing 2” (inclusive) e utilizará a média de todas as cotações do intervalo como fixing do evento.
COE001056;Figura COE 001056 – Double Call KO + CallSpread;1;Strike 1 (%);Campo de preenchimento obrigatório. Informar o strike, em percentual. Percentual aplicado sobre o Valor Inicial do Ativo Subjacente. Formato: Numérico com 4 inteiros e 8 decimais, maior que 0.
COE001056;Figura COE 001056 – Double Call KO + CallSpread;2;Quantidade 1;Campo de preenchimento opcional. Informar a quantidade do Ativo Subjacente. A quantidade indicada deverá ser maior que zero. Formato: Numérico com 8 inteiros e 8 decimais.
COE001056;Figura COE 001056 – Double Call KO + CallSpread;3;Informações referente a Call;KO1
COE001056;Figura COE 001056 – Double Call KO + CallSpread;4;Participação cenário de Alta 1 (%);Campo de preenchimento obrigatório. Indica o percentual a ser aplicado sobre a valorização do Ativo Subjacente. Participação da Call KO1. Formato: Numérico com 6 inteiros e 4 decimais, maior que 0.
COE001056;Figura COE 001056 – Double Call KO + CallSpread;5;Barreira no cenário de Alta 1 (%);Campo de preenchimento obrigatório. Informar a barreira de knock out da Call KO1, em percentual. Percentual aplicado sobre o Valor Inicial do Ativo Subjacente 1. Deverá ser maior que o Strike e menor que a barreira de KO2. Formato: numérico com 4 inteiros e 8 decimais, sempre maior que zero.
COE001056;Figura COE 001056 – Double Call KO + CallSpread;6;Rebate no cenário de alta 1 (%);Campo de preenchimento obrigatório. Indica percentual a ser aplicado sobre o Valor Financeiro de Emissão caso a barreira de KO1 seja atingida no período de verificação. Formato: numérico com 4 inteiros e 4 decimais, maior ou igual a zero. Informações referentes a Call KO2
COE001056;Figura COE 001056 – Double Call KO + CallSpread;7;Participação cenário de Alta 2 (%);Campo de preenchimento obrigatório. Indica o percentual a ser aplicado sobre a valorização do Ativo Subjacente. Participação da Call KO2. Formato: Numérico com 6 inteiros e 4 decimais, maior que 0.
COE001056;Figura COE 001056 – Double Call KO + CallSpread;8;Barreira no cenário de alta 2 (%);Campo de preenchimento obrigatório. Informar a barreira de knock out da Call KO2, em percentual. Percentual aplicado sobre o Valor Inicial do Ativo Subjacente 1. Deverá ser maior que a barreira de KO1 e menor que o Limitador. Formato: numérico com 4 inteiros e 8 decimais, sempre maior que zero.
COE001056;Figura COE 001056 – Double Call KO + CallSpread;9;Rebate no cenário de alta 2 (%);Campo de preenchimento obrigatório. Indica percentual a ser aplicado sobre o Valor Financeiro de Emissão caso a barreira de KO2 seja atingida no período de verificação. Formato: numérico com 4 inteiros e 4 decimais, maior ou igual a zero. Informações referentes a CallSpread
COE001056;Figura COE 001056 – Double Call KO + CallSpread;10;Participação cenário de Alta 3 (%);Campo de preenchimento obrigatório. Indica o percentual a ser aplicado sobre a valorização do Ativo Subjacente. Participação da CallSpread. Formato: Numérico com 6 inteiros e 4 decimais, maior que 0.
COE001056;Figura COE 001056 – Double Call KO + CallSpread;11;Limitador Cenário de Alta (%);Campo de preenchimento obrigatório. Indica o percentual a ser aplicado sobre o valor inicial do Ativo Subjacente. Limitador da CallSpread. Deverá ser maior que a barreira de KO2. Formato: Numérico com 4 inteiros e 8 decimais, maior que 0. Informações referentes ao ativo e a verificação de barreiras
COE001056;Figura COE 001056 – Double Call KO + CallSpread;12;Período de captura do ativo subjacente para liquidação;Campo de preenchimento obrigatório. Campo com as opções: Data Única, Janela de Datas e Mais Datas. Indica como será formado o fixing no vencimento. Caso o ativo subjacente seja uma Cesta,não é permitido selecionar a opção “Janela de Datas” Se indicado Janela de Datas ou Mais Datas, será obrigatório o preenchimento do campo “Tipo de Fixing para Vencimento”. Caso seja indicado “Mais Datas” as datas serão indicadas na seção “Mais Datas”.
COE001056;Figura COE 001056 – Double Call KO + CallSpread;13;Data para fixing;"Campo de preenchimento obrigatório, se campo “Período de captura do ativo subjacente para liquidação” for preenchido com ""Data única"". Formato: DD/MM/AAAA."
COE001056;Figura COE 001056 – Double Call KO + CallSpread;14;Data inicial para fixing;"Campo de preenchimento obrigatório, se campo “Período de captura do ativo subjacente para liquidação” for preenchido com ""Janela de Datas"". É possível escolher uma data maior ou igual à “Data de Emissão” (ou “Emissão a Termo”), e menor que “Data Final para Fixing”. Formato: DD/MM/AAAA."
COE001056;Figura COE 001056 – Double Call KO + CallSpread;15;Data final para fixing;"Campo de preenchimento obrigatório, se campo “Período de captura do ativo subjacente para liquidação” for preenchido com ""Janela de Datas"". Esta data deve ser posterior à indicada no campo “Data Inicial para Fixing”, e inferior a data de vencimento. Formato: DD/MM/AAAA."
COE001056;Figura COE 001056 – Double Call KO + CallSpread;16;Tipo de Cotação para Liquidação 1;Campo de preenchimento obrigatório. Indicação de qual será a cotação a ser considerada na liquidação da operação, referente ao Ativo Subjacente. Campo com as opções: Fechamento, Média, Máximo, Mínimo e Ajuste
COE001056;Figura COE 001056 – Double Call KO + CallSpread;17;Tipo de Cotação para verificação de barreira cenário de alta;Campo de preenchimento obrigatório. Tipo de cotação a ser considerada na verificação das barreiras de knock out. Campo com as opções: Fechamento, Média, Máximo, Mínimo e Ajuste.
COE001056;Figura COE 001056 – Double Call KO + CallSpread;18;Período de verificação de barreiras;Campo de preenchimento obrigatório. Campo com as opções: Americana e Europeia. Indica se a verificação da barreira será diária (Americana), dentro da janela de verificação, ou apenas no vencimento (Europeia). Se indicado “Europeia”, apenas a “Data para Fixing” pode ser preenchido. Se indicado “Americana”, apenas a “Data Inicial para Verificação” e “Data Final para Verificação” podem ser preenchidos.
COE001056;Figura COE 001056 – Double Call KO + CallSpread;19;Data Inicial para verificação;Campo de preenchimento obrigatório, caso o campo “Período de verificação de barreiras” for preenchido com “Americana”. Data inicial da janela de verificação da barreira de knock out. A partir de D+1 da “Data de Emissão” (ou “Emissão a Termo”) e menor que “Data Final para Verificação” Formato: DD/MM/AAAA
COE001056;Figura COE 001056 – Double Call KO + CallSpread;20;Data final para verificação;Campo de preenchimento obrigatório, caso o campo “Período de verificação de barreiras” for preenchido com “Americana”. Data final da janela de verificação da barreira de knock out. Esta data deve ser superior a indicada no campo “Data Inicial para verificação”, e inferior a data de vencimento. Formato: DD/MM/AAAA.
COE001056;Figura COE 001056 – Double Call KO + CallSpread;21;Tipo de Fixing para Vencimento;Campo de preenchimento obrigatório quando no campo “Período de captura do ativo subjacente para liquidação” for selecionado “Janela de Datas” ou “Mais Datas” . Campo com os domínios: Máxima no Período, Mínima no Período e Média no Período Indica como será formado o fixing para o vencimento do COE. • Máximo no período: O sistema irá verificar a cotação de todas as datas do intervalo da “Data fixing” (inclusive) até a “Data Fixing 2” (inclusive) e utilizará a maior cotação do intervalo como fixing do evento. • Mínimo no período: O sistema irá verificar a cotação de todas as datas do intervalo da “Data fixing” (inclusive) até a “Data Fixing 2” (inclusive) e utilizará a menor cotação do intervalo como fixing do evento. • Média no período: O sistema irá verificar a cotação de todas as datas do intervalo da “Data fixing” (inclusive) até a “Data Fixing 2” (inclusive) e utilizará a média de todas as cotações do intervalo como fixing do evento.
COE001058;Figura COE 001058 – Put KI + Callspread;1;Strike 1 (%);Campo de preenchimento obrigatório. Informar o strike, em percentual. Percentual aplicado sobre o Valor Inicial do Ativo Subjacente. Formato: Numérico com 4 inteiros e 8 decimais, maior que 0.
COE001058;Figura COE 001058 – Put KI + Callspread;2;Quantidade 1;Campo de preenchimento opcional. Informar a quantidade de opções. A quantidade indicada deverá ser maior que zero. Formato: Numérico com 10 inteiros e 4 decimais.
COE001058;Figura COE 001058 – Put KI + Callspread;3;Participação cenário de Alta (%);Campo de preenchimento opcional. Indica o percentual a ser aplicado sobre a valorização do Ativo Subjacente. Formato: Numérico com 6 inteiros e 4 decimais, maior que 0.
COE001058;Figura COE 001058 – Put KI + Callspread;4;Limitador cenário de Alta (%);Campo de preenchimento obrigatório. Informar o limitador de alta do Callspread, em percentual, a ser aplicado sobre o valor inicial do Ativo Subjacente. Formato: Numérico com 4 inteiros e 8 decimais, deverá ser maior que o Strike (%) e maior que 0.
COE001058;Figura COE 001058 – Put KI + Callspread;5;Barreira KI (%);Campo de preenchimento obrigatório. Informar a barreira de knock in da Put, em percentual. Percentual aplicado sobre o Valor Inicial do Ativo Subjacente. Formato: numérico com 4 inteiros e 8 decimais, sempre maior que zero.
COE001058;Figura COE 001058 – Put KI + Callspread;6;Rebate KI (%);Campo de preenchimento obrigatório. Indica percentual a ser aplicado sobre o Valor Financeiro de Emissão caso a barreira de knock in não seja atingida no período de verificação. Formato: numérico com 4 inteiros e 4 decimais, maior ou igual a zero.
COE001058;Figura COE 001058 – Put KI + Callspread;7;Período de verificação de barreiras;Campo de preenchimento obrigatório. Campo com as opções: Americana e Europeia. Indica se a verificação da barreira será diária (Americana), dentro da janela de verificação, ou apenas no vencimento (Europeia). Se indicado “Europeia”, apenas a “Data para Fixing” pode ser preenchido. Se indicado “Americana”, apenas a “Data Inicial para Verificação” e “Data Final para Verificação” podem ser preenchidos.
COE001058;Figura COE 001058 – Put KI + Callspread;8;Data Inicial para Verificação;Campo de preenchimento obrigatório, caso o campo “Período de verificação de barreiras” for preenchido com “Americana”. Data inicial da janela de verificação da barreira de knock in. A partir de D+1 da “Data de Emissão” (ou “Emissão a Termo”) e menor que “Data Final para Verificação” Formato: DD/MM/AAAA
COE001058;Figura COE 001058 – Put KI + Callspread;9;Data Final para Verificação;Campo de preenchimento obrigatório, caso o campo “Período de verificação de barreiras” for preenchido com “Americana”. Data final da janela de verificação da barreira de knock in. Esta data deve ser superior a indicada no campo “Data Inicial para verificação”, e inferior a data de vencimento. Formato: DD/MM/AAAA.
COE001058;Figura COE 001058 – Put KI + Callspread;10;Período de captura do ativo subjacente para liquidação;Campo de preenchimento obrigatório. Indica se no fechamento da operação, os ativos subjacentes serão liquidados por uma data única ou pela média asiática de um período de datas. Campo com as opções: Data Única e Janela de Datas.
COE001058;Figura COE 001058 – Put KI + Callspread;11;Data para fixing;"Campo de preenchimento obrigatório, se campo “Período de captura do ativo subjacente para liquidação” for preenchido com ""Data única"". Formato: DD/MM/AAAA."
COE001058;Figura COE 001058 – Put KI + Callspread;12;Data inicial para fixing;"Campo de preenchimento obrigatório, se campo “Período de captura do ativo subjacente para liquidação” for preenchido com ""Janela de Datas"". É possível escolher uma data maior ou igual à “Data de Emissão” (ou “Emissão a Termo”), e menor que “Data Final para Fixing”. Formato: DD/MM/AAAA."
COE001058;Figura COE 001058 – Put KI + Callspread;13;Data final para fixing;"Campo de preenchimento obrigatório, se campo “Período de captura do ativo subjacente para liquidação” for preenchido com ""Janela de Datas"". Esta data deve ser posterior à indicada no campo “Data Inicial para Fixing”, e inferior a data de vencimento. Formato: DD/MM/AAAA."
COE001058;Figura COE 001058 – Put KI + Callspread;14;Tipo de Cotação para Liquidação;Campo de preenchimento obrigatório. Indicação de qual será a cotação a ser considerada na liquidação da operação. Não preencher se a “Classe do Ativo Subjacente” for igual a “CESTA”. Campo com as opções: Fechamento, Média, Máximo, Mínimo e Ajuste.
COE001058;Figura COE 001058 – Put KI + Callspread;15;Tipo de cotação para verificação de barreira cenário de baixa;Campo de preenchimento obrigatório. Não preencher se a “Classe do Ativo Subjacente” for igual a “CESTA”. Indicação de qual será a cotação a ser considerada. Campo com as opções: Fechamento, Média, Máximo, Mínimo e Ajuste.
COE001058;Figura COE 001058 – Put KI + Callspread;16;Participação cenário de baixa (%);Campo de preenchimento obrigatório. Número indicando percentual a ser aplicado sobre a desvalorização do ativo subjacente. Formato: Numérico com 4 inteiros e 4 decimais, maior que 0.
COE001058;Figura COE 001058 – Put KI + Callspread;17;Tipo de Fixing para Vencimento;Campo de preenchimento obrigatório quando no campo “Período de captura do ativo subjacente para liquidação” for selecionado “Janela de Datas” ou “Mais Datas”. Campo com os domínios: Máxima Período, Mínima no Período e Média no Período Indica como será formado o fixing para o vencimento do COE. • Máximo no período: O sistema irá verificar a cotação de todas as datas do intervalo da “Data fixing” (inclusive) até a “Data Fixing 2” (inclusive) e utilizará a maior cotação do intervalo como fixing do evento. • Mínimo no período: O sistema irá verificar a cotação de todas as datas do intervalo da “Data fixing” (inclusive) até a “Data Fixing 2” (inclusive) e utilizará a menor cotação do intervalo como fixing do evento. • Média no período: O sistema irá verificar a cotação de todas as datas do intervalo da “Data fixing” (inclusive) até a “Data Fixing 2” (inclusive) e utilizará a média de todas as cotações do intervalo como fixing do evento.
COE001059;Figura COE 001059 – CCall KO Cond + VPut KI Double Bkt;1;Strike 1 (%);Campo de preenchimento obrigatório. Informar o strike da call, em percentual. Percentual aplicado sobre o Valor Inicial do Ativo Subjacente. Formato: Numérico com 4 inteiros e 8 decimais, maior que 0.
COE001059;Figura COE 001059 – CCall KO Cond + VPut KI Double Bkt;2;Quantidade 1;Campo de preenchimento opcional. Informar a quantidade de opções. A quantidade indicada deverá ser maior que zero. Formato: Numérico com 10 inteiros e 4 decimais.
COE001059;Figura COE 001059 – CCall KO Cond + VPut KI Double Bkt;3;Participação cenário de Alta (%);Campo de preenchimento opcional. Indica o percentual a ser aplicado sobre a valorização do Ativo Subjacente. Formato: Numérico com 6 inteiros e 4 decimais, maior que 0.
COE001059;Figura COE 001059 – CCall KO Cond + VPut KI Double Bkt;4;Tem KO Condicional?;Campo de preenchimento obrigatório. Informar se a opção “Call” possui barreira de KO. Se sim, a barreira de KO é condicional à barreira de KI da Put, ou seja, são verificadas em conjunto. (por ex.: caso o KI seja atingido, o KO também é atingido.) Campo com as opções: Sim e Não
COE001059;Figura COE 001059 – CCall KO Cond + VPut KI Double Bkt;5;Rebate KO (%);Campo de preenchimento obrigatório. Indica percentual a ser aplicado sobre o Valor Financeiro de Emissão caso a barreira de knock out seja atingida no período de verificação. Formato: numérico com 4 inteiros e 4 decimais, maior ou igual a zero. Dados da VPut KI
COE001059;Figura COE 001059 – CCall KO Cond + VPut KI Double Bkt;6;Strike 2 (%);Campo de preenchimento obrigatório. Informar o strike da put, em percentual. Percentual aplicado sobre o Valor Inicial do Ativo Subjacente. Formato: Numérico com 4 inteiros e 8 decimais, maior que 0.
COE001059;Figura COE 001059 – CCall KO Cond + VPut KI Double Bkt;7;Quantidade 2;Campo de preenchimento opcional. Informar a quantidade de opções. A quantidade indicada deverá ser maior que zero. Formato: Numérico com 10 inteiros e 4 decimais.
COE001059;Figura COE 001059 – CCall KO Cond + VPut KI Double Bkt;8;Participação cenário de Baixa (%);Campo de preenchimento opcional. Indica o percentual a ser aplicado sobre a valorização do Ativo Subjacente. Formato: Numérico com 6 inteiros e 4 decimais, maior que 0.
COE001059;Figura COE 001059 – CCall KO Cond + VPut KI Double Bkt;9;Barreira KI (%);Campo de preenchimento obrigatório. Informar a barreira de knock in da Put, em percentual. Percentual aplicado sobre o Valor Inicial do Ativo Subjacente. Formato: numérico com 4 inteiros e 8 decimais, sempre maior que zero.
COE001059;Figura COE 001059 – CCall KO Cond + VPut KI Double Bkt;10;Rebate KI (%);Campo de preenchimento obrigatório. Indica percentual a ser aplicado sobre o Valor Financeiro de Emissão caso a barreira de knock in não seja atingida no período de verificação. Formato: numérico com 4 inteiros e 4 decimais, maior ou igual a zero.
COE001059;Figura COE 001059 – CCall KO Cond + VPut KI Double Bkt;11;Período de verificação de barreiras;Campo de preenchimento obrigatório. Campo com as opções: Americana e Europeia. Indica se a verificação da barreira será diária (Americana), dentro da janela de verificação, ou apenas no vencimento (Europeia). Se indicado “Europeia”, apenas a “Data para Fixing” pode ser preenchido. Se indicado “Americana”, apenas a “Data Inicial para Verificação” e “Data Final para Verificação” podem ser preenchidos.
COE001059;Figura COE 001059 – CCall KO Cond + VPut KI Double Bkt;12;Data Inicial para Verificação;Campo de preenchimento obrigatório, caso o campo “Período de verificação de barreiras” for preenchido com “Americana”. Data inicial da janela de verificação da barreira de knock in. A partir de D+1 da “Data de Emissão” (ou “Emissão a Termo”) e menor que “Data Final para Verificação” Formato: DD/MM/AAAA
COE001059;Figura COE 001059 – CCall KO Cond + VPut KI Double Bkt;13;Data Final para Verificação;Campo de preenchimento obrigatório, caso o campo “Período de verificação de barreiras” for preenchido com “Americana”. Data final da janela de verificação da barreira de knock in. Esta data deve ser superior a indicada no campo “Data Inicial para verificação”, e inferior a data de vencimento. Formato: DD/MM/AAAA.
COE001059;Figura COE 001059 – CCall KO Cond + VPut KI Double Bkt;14;Tipo de cotação para verificação de barreira cenário de baixa;Campo de preenchimento obrigatório. Não preencher se a “Classe do Ativo Subjacente” for igual a “CESTA”. Indicação de qual será a cotação a ser considerada. Campo com as opções: Fechamento, Média, Máximo, Mínimo e Ajuste. Dados dos ativos subjacentes
COE001059;Figura COE 001059 – CCall KO Cond + VPut KI Double Bkt;15;Tipo de Cesta da Call;Informar o tipo de cesta da Call. Não pode ser o mesmo tipo de cesta indicado no campo “Tipo de Cesta da Put KI”. Campo com as opções: Standard, Best Of e Worst Of A parametrização da cesta tipo “Standard” deve ocorrer na função de Cestas existente do COE.
COE001059;Figura COE 001059 – CCall KO Cond + VPut KI Double Bkt;16;Tipo de Cesta da Put KI;Informar o tipo de cesta da Put KI. Não pode ser o mesmo tipo de cesta indicado no campo “Tipo de Cesta da Call”. Campo com as opções: Standard, Best Of e Worst Of A parametrização da cesta tipo “Standard” deve ocorrer na função de Cestas existente do COE.
COE001059;Figura COE 001059 – CCall KO Cond + VPut KI Double Bkt;17;Período de captura do ativo subjacente para liquidação;Campo de preenchimento obrigatório. Campo com as opções: Data Única, Janela de Datas e Mais Datas. Indica como será formado o fixing no vencimento. Caso o ativo subjacente seja uma Cesta, não é permitido selecionar a opção “Janela de Datas” Se indicado Janela de Datas ou Mais Datas, será obrigatório o preenchimento do campo “Tipo de Fixing para Vencimento”. Caso seja indicado “Mais Datas” as datas serão indicadas na seção “Mais Datas”.
COE001059;Figura COE 001059 – CCall KO Cond + VPut KI Double Bkt;18;Data para fixing;"Campo de preenchimento obrigatório, se campo “Período de captura do ativo subjacente para liquidação” for preenchido com ""Data única"". Formato: DD/MM/AAAA."
COE001059;Figura COE 001059 – CCall KO Cond + VPut KI Double Bkt;19;Data inicial para fixing;"Campo de preenchimento obrigatório, se campo “Período de captura do ativo subjacente para liquidação” for preenchido com ""Janela de Datas"". É possível escolher uma data maior ou igual à “Data de Emissão” (ou “Emissão a Termo”), e menor que “Data Final para Fixing”. Formato: DD/MM/AAAA."
COE001059;Figura COE 001059 – CCall KO Cond + VPut KI Double Bkt;20;Data final para fixing;"Campo de preenchimento obrigatório, se campo “Período de captura do ativo subjacente para liquidação” for preenchido com ""Janela de Datas"". Esta data deve ser posterior à indicada no campo “Data Inicial para Fixing”, e inferior a data de vencimento. Formato: DD/MM/AAAA."
COE001059;Figura COE 001059 – CCall KO Cond + VPut KI Double Bkt;21;Tipo de Cotação para Liquidação;Campo de preenchimento obrigatório. Indicação de qual será a cotação a ser considerada na liquidação da operação. Não preencher se a “Classe do Ativo Subjacente” for igual a “CESTA”. Campo com as opções: Fechamento, Média, Máximo, Mínimo e Ajuste.
COE001059;Figura COE 001059 – CCall KO Cond + VPut KI Double Bkt;22;Tipo de Fixing para Vencimento;Campo de preenchimento obrigatório quando no campo “Período de captura do ativo subjacente para liquidação” for selecionado “Janela de Datas” ou “Mais Datas”. Campo com os domínios: Máxima Período, Mínima no Período e Média no Período Indica como será formado o fixing para o vencimento do COE. • Máximo no período: O sistema irá verificar a cotação de todas as datas do intervalo da “Data fixing” (inclusive) até a “Data Fixing 2” (inclusive) e utilizará a maior cotação do intervalo como fixing do evento. • Mínimo no período: O sistema irá verificar a cotação de todas as datas do intervalo da “Data fixing” (inclusive) até a “Data Fixing 2” (inclusive) e utilizará a menor cotação do intervalo como fixing do evento. • Média no período: O sistema irá verificar a cotação de todas as datas do intervalo da “Data fixing” (inclusive) até a “Data Fixing 2” (inclusive) e utilizará a média de todas as cotações do intervalo como fixing do evento.
COE001060;Figura COE 001060 – CCallSpread + VPutSpread;1;Strike 1 (%);Campo de preenchimento obrigatório. Informar o strike, em percentual. Percentual aplicado sobre o Valor Inicial do Ativo Subjacente. Formato: Numérico com 4 inteiros e 8 decimais, maior que 0.
COE001060;Figura COE 001060 – CCallSpread + VPutSpread;2;Quantidade 1;Campo de preenchimento opcional. Informar a quantidade do Ativo Subjacente. A quantidade indicada deverá ser maior que zero. Formato: Numérico com 10 inteiros e 4 decimais.
COE001060;Figura COE 001060 – CCallSpread + VPutSpread;3;Limitador Cenário de Alta (%);Campo de preenchimento obrigatório. Indica o percentual a ser aplicado sobre o valor inicial do Ativo Subjacente. Limitador da CallSpread. Formato: Numérico com 4 inteiros e 8 decimais, maior que 0.
COE001060;Figura COE 001060 – CCallSpread + VPutSpread;4;Participação cenário de Alta (%);Campo de preenchimento obrigatório. Indica o percentual a ser aplicado sobre a valorização do Ativo Subjacente. Participação da CallSpread Formato: Numérico com 6 inteiros e 4 decimais, maior que 0.
COE001060;Figura COE 001060 – CCallSpread + VPutSpread;5;Strike 2 (%);Campo de preenchimento obrigatório. Informar o strike, em percentual. Percentual aplicado sobre o Valor Inicial do Ativo Subjacente. Formato: Numérico com 4 inteiros e 8 decimais, maior que 0.
COE001060;Figura COE 001060 – CCallSpread + VPutSpread;6;Quantidade 2;Campo de preenchimento opcional. Informar a quantidade do Ativo Subjacente. A quantidade indicada deverá ser maior que zero. Formato: Numérico com 10 inteiros e 4 decimais.
COE001060;Figura COE 001060 – CCallSpread + VPutSpread;7;Limitador Cenário de Baixa (%);Campo de preenchimento obrigatório. Indica o percentual a ser aplicado sobre o valor inicial do Ativo Subjacente. Limitador da PutSpread. Formato: Numérico com 4 inteiros e 8 decimais, maior que 0.
COE001060;Figura COE 001060 – CCallSpread + VPutSpread;8;Participação cenário de Baixa (%);Campo de preenchimento obrigatório. Indica o percentual a ser aplicado sobre a valorização do Ativo Subjacente. Participação da PutSpread. Formato: Numérico com 6 inteiros e 4 decimais, maior que 0.
COE001060;Figura COE 001060 – CCallSpread + VPutSpread;9;Período de captura do ativo subjacente para liquidação;Campo de preenchimento obrigatório. Campo com as opções: Data Única, Janela de Datas e Mais Datas. Indica como será formado o fixing no vencimento. Caso o ativo subjacente seja uma Cesta, não é permitido selecionar a opção “Janela de Datas” Se indicado Janela de Datas ou Mais Datas, será obrigatório o preenchimento do campo “Tipo de Fixing para Vencimento”. Caso seja indicado “Mais Datas” as datas serão indicadas na seção “Mais Datas”.
COE001060;Figura COE 001060 – CCallSpread + VPutSpread;10;Data para fixing;"Campo de preenchimento obrigatório, se campo “Período de captura do ativo subjacente para liquidação” for preenchido com ""Data única"". Formato: DD/MM/AAAA."
COE001060;Figura COE 001060 – CCallSpread + VPutSpread;11;Data inicial para fixing;"Campo de preenchimento obrigatório, se campo “Período de captura do ativo subjacente para liquidação” for preenchido com ""Janela de Datas"". É possível escolher uma data maior ou igual à “Data de Emissão” (ou “Emissão a Termo”), e menor que “Data Final para Fixing”. Formato: DD/MM/AAAA."
COE001060;Figura COE 001060 – CCallSpread + VPutSpread;12;Data final para fixing;"Campo de preenchimento obrigatório, se campo “Período de captura do ativo subjacente para liquidação” for preenchido com ""Janela de Datas"". Esta data deve ser posterior à indicada no campo “Data Inicial para Fixing”, e inferior a data de vencimento. Formato: DD/MM/AAAA."
COE001060;Figura COE 001060 – CCallSpread + VPutSpread;13;Tipo de Cotação para Liquidação;Campo de preenchimento obrigatório. Indicação de qual será a cotação a ser considerada na liquidação da operação, referente ao Ativo Subjacente. Campo com as opções: Fechamento, Média, Máximo, Mínimo e Ajuste.
COE001060;Figura COE 001060 – CCallSpread + VPutSpread;14;Tipo de Fixing para Vencimento;Campo de preenchimento obrigatório quando no campo “Período de captura do ativo subjacente para liquidação” for selecionado “Janela de Datas” ou “Mais Datas”. Campo com os domínios: Máxima Período, Mínima no Período e Média no Período Indica como será formado o fixing para o vencimento do COE. • Máximo no período: O sistema irá verificar a cotação de todas as datas do intervalo da “Data fixing” (inclusive) até a “Data Fixing 2” (inclusive) e utilizará a maior cotação do intervalo como fixing do evento. • Mínimo no período: O sistema irá verificar a cotação de todas as datas do intervalo da “Data fixing” (inclusive) até a “Data Fixing 2” (inclusive) e utilizará a menor cotação do intervalo como fixing do evento. • Média no período: O sistema irá verificar a cotação de todas as datas do intervalo da “Data fixing” (inclusive) até a “Data Fixing 2” (inclusive) e utilizará a média de todas as cotações do intervalo como fixing do evento.
COE001061;Figura COE 001061 – CCall + VPutSpread;1;Strike 1 (%);Campo de preenchimento obrigatório. Informar o strike, em percentual. Percentual aplicado sobre o Valor Inicial do Ativo Subjacente. Formato: Numérico com 4 inteiros e 8 decimais, maior que 0.
COE001061;Figura COE 001061 – CCall + VPutSpread;2;Quantidade 1;Campo de preenchimento opcional. Informar a quantidade do Ativo Subjacente. A quantidade indicada deverá ser maior que zero. Formato: Numérico com 10 inteiros e 4 decimais.
COE001061;Figura COE 001061 – CCall + VPutSpread;3;Participação cenário de Alta (%);Campo de preenchimento obrigatório. Indica o percentual a ser aplicado sobre a valorização do Ativo Subjacente. Participação da CallSpread Formato: Numérico com 6 inteiros e 4 decimais, maior que 0.
COE001061;Figura COE 001061 – CCall + VPutSpread;4;Strike 2 (%);Campo de preenchimento obrigatório. Informar o strike, em percentual. Percentual aplicado sobre o Valor Inicial do Ativo Subjacente. Formato: Numérico com 4 inteiros e 8 decimais, maior que 0.
COE001061;Figura COE 001061 – CCall + VPutSpread;5;Quantidade 2;Campo de preenchimento opcional. Informar a quantidade do Ativo Subjacente. A quantidade indicada deverá ser maior que zero. Formato: Numérico com 10 inteiros e 4 decimais..
COE001061;Figura COE 001061 – CCall + VPutSpread;6;Limitador Cenário de Baixa (%);Campo de preenchimento obrigatório. Indica o percentual a ser aplicado sobre o valor inicial do Ativo Subjacente. Limitador da PutSpread. Formato: Numérico com 4 inteiros e 8 decimais, maior que 0.
COE001061;Figura COE 001061 – CCall + VPutSpread;7;Participação cenário de Baixa (%);Campo de preenchimento obrigatório. Indica o percentual a ser aplicado sobre a valorização do Ativo Subjacente. Participação da PutSpread. Formato: Numérico com 6 inteiros e 4 decimais, maior que 0.
COE001061;Figura COE 001061 – CCall + VPutSpread;8;Período de captura do ativo subjacente para liquidação;Campo de preenchimento obrigatório. Campo com as opções: Data Única, Janela de Datas e Mais Datas. Indica como será formado o fixing no vencimento. Caso o ativo subjacente seja uma Cesta, não é permitido selecionar a opção “Janela de Datas” Se indicado Janela de Datas ou Mais Datas, será obrigatório o preenchimento do campo “Tipo de Fixing para Vencimento”. Caso seja indicado “Mais Datas” as datas serão indicadas na seção “Mais Datas”.
COE001061;Figura COE 001061 – CCall + VPutSpread;9;Data para fixing;"Campo de preenchimento obrigatório, se campo “Período de captura do ativo subjacente para liquidação” for preenchido com ""Data única"". Formato: DD/MM/AAAA."
COE001061;Figura COE 001061 – CCall + VPutSpread;10;Data inicial para fixing;"Campo de preenchimento obrigatório, se campo “Período de captura do ativo subjacente para liquidação” for preenchido com ""Janela de Datas"". É possível escolher uma data maior ou igual à “Data de Emissão” (ou “Emissão a Termo”), e menor que “Data Final para Fixing”. Formato: DD/MM/AAAA."
COE001061;Figura COE 001061 – CCall + VPutSpread;11;Data final para fixing;"Campo de preenchimento obrigatório, se campo “Período de captura do ativo subjacente para liquidação” for preenchido com ""Janela de Datas"". Esta data deve ser posterior à indicada no campo “Data Inicial para Fixing”, e inferior a data de vencimento. Formato: DD/MM/AAAA."
COE001061;Figura COE 001061 – CCall + VPutSpread;12;Tipo de Cotação para Liquidação;Campo de preenchimento obrigatório. Indicação de qual será a cotação a ser considerada na liquidação da operação, referente ao Ativo Subjacente Campo com as opções: Fechamento, Média, Máximo, Mínimo e Ajuste
COE001061;Figura COE 001061 – CCall + VPutSpread;13;Tipo de Fixing para Vencimento;Campo de preenchimento obrigatório quando no campo “Período de captura do ativo subjacente para liquidação” for selecionado “Janela de Datas” ou “Mais Datas”. Campo com os domínios: Máxima Período, Mínima no Período e Média no Período Indica como será formado o fixing para o vencimento do COE. • Máximo no período: O sistema irá verificar a cotação de todas as datas do intervalo da “Data fixing” (inclusive) até a “Data Fixing 2” (inclusive) e utilizará a maior cotação do intervalo como fixing do evento. • Mínimo no período: O sistema irá verificar a cotação de todas as datas do intervalo da “Data fixing” (inclusive) até a “Data Fixing 2” (inclusive) e utilizará a menor cotação do intervalo como fixing do evento. • Média no período: O sistema irá verificar a cotação de todas as datas do intervalo da “Data fixing” (inclusive) até a “Data Fixing 2” (inclusive) e utilizará a média de todas as cotações do intervalo como fixing do evento.
COE001062;Figura COE 001062 – Straddle CS + Put KO;1;Strike 1(%);Campo de preenchimento obrigatório. Percentual aplicado sobre o Valor Inicial do Ativo Subjacente. Formato: Numérico percentual com 4 inteiros e 8 decimais, maior que 0
COE001062;Figura COE 001062 – Straddle CS + Put KO;2;Quantidade 1;"Campo de preenchimento obrigatório, se campo “Período de captura do ativo subjacente para liquidação” for preenchido com ""Data única"". Formato: DD/MM/AAAA."
COE001062;Figura COE 001062 – Straddle CS + Put KO;3;Participação cenário de alta (%);Campo de preenchimento obrigatório. Número indicando percentual a ser aplicado sobre a valorização do ativo subjacente. Formato: Numérico com 4 inteiros e 4 decimais, maior que 0.
COE001062;Figura COE 001062 – Straddle CS + Put KO;4;Barreira no cenário de Baixa (%);Campo de preenchimento obrigatório. Indica o percentual a ser aplicado sobre o valor inicial do ativo subjacente. Formato: numérico com 4 inteiros e 8 decimais, sempre maior que zero.
COE001062;Figura COE 001062 – Straddle CS + Put KO;5;Tipo de cotação para verificação de barreira cenário de baixa;Campo de preenchimento obrigatório. Não preencher se a “Classe do Ativo Subjacente” for igual a “CESTA”. Indicação de qual será a cotação a ser considerada. Campo com as opções: Fechamento, Média, Máximo, Mínimo e Ajuste.
COE001062;Figura COE 001062 – Straddle CS + Put KO;6;Rebate KO(%);Campo de preenchimento obrigatório. Indica o percentual a ser aplicado sobre o VFE quando detectado que a cotação for menor que a barreira de KO no período de verificação. Formato: Numérico com 4 inteiros e 4 decimais, maior que 0.
COE001062;Figura COE 001062 – Straddle CS + Put KO;7;Participação cenário de baixa (%);Campo de preenchimento obrigatório. Número indicando percentual a ser aplicado sobre a valorização do ativo subjacente. Formato: Numérico com 4 inteiros e 4 decimais, maior que 0.
COE001062;Figura COE 001062 – Straddle CS + Put KO;8;Periodo de verificação de barreiras;Campo de preenchimento obrigatório. Campo com as opções: Americana e Europeia. Se indicado “Europeia” apenas a “Data para Fixing” pode ser preenchido. Se indicado “Americana” apenas a “Data Inicial para Verificação” e “Data Final para Verificação” podem ser preenchidos.
COE001062;Figura COE 001062 – Straddle CS + Put KO;9;Período de captura do ativo subjacente para liquidação;Campo de preenchimento obrigatório. Campo com as opções: Data Única, Janela de Datas e Mais Datas. Indica como será formado o fixing no vencimento. Caso o ativo subjacente seja uma Cesta, não é permitido selecionar a opção “Janela de Datas” Se indicado Janela de Datas ou Mais Datas, será obrigatório o preenchimento do campo “Tipo de Fixing para Vencimento”. Caso seja indicado “Mais Datas” as datas serão indicadas na seção “Mais Datas”.
COE001062;Figura COE 001062 – Straddle CS + Put KO;10;Data para fixing;"Campo de preenchimento obrigatório, se indicado ""Data única"". Formato: DD/MM/AAAA. Não preencher se a “Classe do Ativo Subjacente” for igual a “CESTA”"
COE001062;Figura COE 001062 – Straddle CS + Put KO;11;Data inicial para fixing;"Campo de preenchimento obrigatório, se indicado ""Janela de datas"". Formato: DD/MM/AAAA. Não preencher se a “Classe do Ativo Subjacente” for igual a “CESTA”. É possível escolher uma data maior ou igual à “Data de Emissão” (ou “Emissão a Termo”), e menor que “Data Final para Fixing”."
COE001062;Figura COE 001062 – Straddle CS + Put KO;12;Data final para fixing;"Campo de preenchimento obrigatório, se indicado ""Janela de datas"". Formato: DD/MM/AAAA. Não preencher se a “Classe do Ativo Subjacente” for igual a “CESTA”. Esta data deve ser posterior à indicada no campo “Data Inicial para Fixing”, sendo que o prazo máximo de dias entre a “Data Final para Fixing” e o vencimento é de 5 dias úteis e o prazo mínimo entre estas datas é 1 dia útil."
COE001062;Figura COE 001062 – Straddle CS + Put KO;13;Tipo de Cotação para Liquidação;Campo de preenchimento obrigatório. Indicação de qual será a cotação a ser considerada na liquidação da operação. Não preencher se a “Classe do Ativo Subjacente” for igual a “CESTA”. Campo com as opções: Fechamento, Média, Máximo, Mínimo e Ajuste
COE001062;Figura COE 001062 – Straddle CS + Put KO;14;Tipo de fixing para vencimento;Campo de preenchimento obrigatório quando no campo “Período de captura do ativo subjacente para liquidação” for selecionado “Janela de Datas” ou “Mais Datas” . Campo com os domínios: Máxima no Período, Mínima no Período e Média no Período Indica como será formado o fixing para o vencimento do COE. • Máximo no período: O sistema irá verificar a cotação de todas as datas do intervalo da “Data fixing” (inclusive) até a “Data Fixing 2” (inclusive) e utilizará a maior cotação do intervalo como fixing do evento. • Mínimo no período: O sistema irá verificar a cotação de todas as datas do intervalo da “Data fixing” (inclusive) até a “Data Fixing 2” (inclusive) e utilizará a menor cotação do intervalo como fixing do evento. • Média no período: O sistema irá verificar a cotação de todas as datas do intervalo da “Data fixing” (inclusive) até a “Data Fixing 2” (inclusive) e utilizará a média de todas as cotações do intervalo como fixing do evento
COE001062;Figura COE 001062 – Straddle CS + Put KO;15;Data inicial para verificação;Campo de preenchimento obrigatório, caso o campo “Período de verificação” for preenchido com “Americana”. Data inicial da janela de verificação do verificador. A partir de D+1 da “Data de Emissão” (ou “Emissão a Termo”) e menor que “Data Final para Verificação” Formato: DD/MM/AAAA Formato: numérico, 10 inteiros e 4 decimais.
COE001062;Figura COE 001062 – Straddle CS + Put KO;16;Data final para verificação;Campo de preenchimento obrigatório, caso o campo “Período de verificação” for preenchido com “Americana”. Data final da janela de verificação do verificador. Esta data deve ser superior a indicada no campo “Data Inicial para verificação”, e inferior a data de vencimento. Formato: DD/MM/AAAA.
COE001062;Figura COE 001062 – Straddle CS + Put KO;17;Opções Dependentes?;Campo de preenchimento obrigatório Caso selecionado ‘Sim’, em um eventual atingimento de barreira de Knock-out, as opções da estrutura serão desmontadas juntas. Caso selecionado ‘Não’, em um eventual atingimento de barreira de Knock-out , as opções da estrutura serão desmontadas individualmente, permanecendo a exposição para a opção ainda ativa. Campo com as opções: Sim e Não.
COE001062;Figura COE 001062 – Straddle CS + Put KO;18;Limitador cenário de alta (%);Campo de preenchimento obrigatório. Número indicando percentual a ser aplicado sobre o valor inicial do ativo subjacente. Formato: Numérico com 4 inteiros e 8 decimais, maior que 0.
COE001063;Figura COE 001063 – Straddle PS + Call KO;1;Strike 1(%);Campo de preenchimento obrigatório. Percentual aplicado sobre o Valor Inicial do Ativo Subjacente. Formato: Numérico percentual com 4 inteiros e 8 decimais, maior que 0
COE001063;Figura COE 001063 – Straddle PS + Call KO;2;Quantidade 1;"Campo de preenchimento obrigatório, se campo “Período de captura do ativo subjacente para liquidação” for preenchido com ""Data única"". Formato: DD/MM/AAAA."
COE001063;Figura COE 001063 – Straddle PS + Call KO;3;Participação cenário de baixa (%);Campo de preenchimento obrigatório. Número indicando percentual a ser aplicado sobre a valorização do ativo subjacente. Formato: Numérico com 4 inteiros e 4 decimais, maior que 0.
COE001063;Figura COE 001063 – Straddle PS + Call KO;4;Barreira no cenário de alta (%);Campo de preenchimento obrigatório. Indica o percentual a ser aplicado sobre o valor inicial do ativo subjacente. Formato: numérico com 4 inteiros e 8 decimais, sempre maior que zero.
COE001063;Figura COE 001063 – Straddle PS + Call KO;5;Tipo de cotação para verificação de barreira cenário de baixa;Campo de preenchimento obrigatório. Não preencher se a “Classe do Ativo Subjacente” for igual a “CESTA”. Indicação de qual será a cotação a ser considerada. Campo com as opções: Fechamento, Média, Máximo, Mínimo e Ajuste.
COE001063;Figura COE 001063 – Straddle PS + Call KO;6;Rebate KO(%);Campo de preenchimento obrigatório. Indica o percentual a ser aplicado sobre o VFE quando detectado que a cotação for menor que a barreira de KO no período de verificação. Formato: Numérico com 4 inteiros e 4 decimais, maior que 0.
COE001063;Figura COE 001063 – Straddle PS + Call KO;7;Participação cenário de alta (%);Campo de preenchimento obrigatório. Número indicando percentual a ser aplicado sobre a valorização do ativo subjacente. Formato: Numérico com 4 inteiros e 4 decimais, maior que 0.
COE001063;Figura COE 001063 – Straddle PS + Call KO;8;Periodo de verificação de barreiras;Campo de preenchimento obrigatório. Campo com as opções: Americana e Europeia. Se indicado “Europeia” apenas a “Data para Fixing” pode ser preenchido. Se indicado “Americana” apenas a “Data Inicial para Verificação” e “Data Final para Verificação” podem ser preenchidos.
COE001063;Figura COE 001063 – Straddle PS + Call KO;9;Período de captura do ativo subjacente para liquidação;Campo de preenchimento obrigatório. Campo com as opções: Data Única, Janela de Datas e Mais Datas. Indica como será formado o fixing no vencimento. Caso o ativo subjacente seja uma Cesta, não é permitido selecionar a opção “Janela de Datas” Se indicado Janela de Datas ou Mais Datas, será obrigatório o preenchimento do campo “Tipo de Fixing para Vencimento”. Caso seja indicado “Mais Datas” as datas serão indicadas na seção “Mais Datas”.
COE001063;Figura COE 001063 – Straddle PS + Call KO;10;Data para fixing;"Campo de preenchimento obrigatório, se indicado ""Data única"". Formato: DD/MM/AAAA. Não preencher se a “Classe do Ativo Subjacente” for igual a “CESTA”"
COE001063;Figura COE 001063 – Straddle PS + Call KO;11;Data inicial para fixing;"Campo de preenchimento obrigatório, se indicado ""Janela de datas"". Formato: DD/MM/AAAA. Não preencher se a “Classe do Ativo Subjacente” for igual a “CESTA”. É possível escolher uma data maior ou igual à “Data de Emissão” (ou “Emissão a Termo”), e menor que “Data Final para Fixing”."
COE001063;Figura COE 001063 – Straddle PS + Call KO;12;Data final para fixing;"Campo de preenchimento obrigatório, se indicado ""Janela de datas"". Formato: DD/MM/AAAA. Não preencher se a “Classe do Ativo Subjacente” for igual a “CESTA”. Esta data deve ser posterior à indicada no campo “Data Inicial para Fixing”, sendo que o prazo máximo de dias entre a “Data Final para Fixing” e o vencimento é de 5 dias úteis e o prazo mínimo entre estas datas é 1 dia útil."
COE001063;Figura COE 001063 – Straddle PS + Call KO;13;Tipo de Cotação para Liquidação;Campo de preenchimento obrigatório. Indicação de qual será a cotação a ser considerada na liquidação da operação. Não preencher se a “Classe do Ativo Subjacente” for igual a “CESTA”. Campo com as opções: Fechamento, Média, Máximo, Mínimo e Ajuste
COE001063;Figura COE 001063 – Straddle PS + Call KO;14;Tipo de fixing para vencimento;Campo de preenchimento obrigatório quando no campo “Período de captura do ativo subjacente para liquidação” for selecionado “Janela de Datas” ou “Mais Datas” . Campo com os domínios: Máxima no Período, Mínima no Período e Média no Período Indica como será formado o fixing para o vencimento do COE. • Máximo no período: O sistema irá verificar a cotação de todas as datas do intervalo da “Data fixing” (inclusive) até a “Data Fixing 2” (inclusive) e utilizará a maior cotação do intervalo como fixing do evento. • Mínimo no período: O sistema irá verificar a cotação de todas as datas do intervalo da “Data fixing” (inclusive) até a “Data Fixing 2” (inclusive) e utilizará a menor cotação do intervalo como fixing do evento. • Média no período: O sistema irá verificar a cotação de todas as datas do intervalo da “Data fixing” (inclusive) até a “Data Fixing 2” (inclusive) e utilizará a média de todas as cotações do intervalo como fixing do evento
COE001063;Figura COE 001063 – Straddle PS + Call KO;15;Data inicial para verificação;Campo de preenchimento obrigatório, caso o campo “Período de verificação” for preenchido com “Americana”. Data inicial da janela de verificação do verificador. A partir de D+1 da “Data de Emissão” (ou “Emissão a Termo”) e menor que “Data Final para Verificação” Formato: DD/MM/AAAA Formato: numérico, 10 inteiros e 4 decimais.
COE001063;Figura COE 001063 – Straddle PS + Call KO;16;Data final para verificação;Campo de preenchimento obrigatório, caso o campo “Período de verificação” for preenchido com “Americana”. Data final da janela de verificação do verificador. Esta data deve ser superior a indicada no campo “Data Inicial para verificação”, e inferior a data de vencimento. Formato: DD/MM/AAAA.
COE001063;Figura COE 001063 – Straddle PS + Call KO;17;Opções Dependentes?;Campo de preenchimento obrigatório Caso selecionado ‘Sim’, em um eventual atingimento de barreira de Knock-out, as opções da estrutura serão desmontadas juntas. Caso selecionado ‘Não’, em um eventual atingimento de barreira de Knock-out , as opções da estrutura serão desmontadas individualmente, permanecendo a exposição para a opção ainda ativa. Campo com as opções: Sim e Não.
COE001063;Figura COE 001063 – Straddle PS + Call KO;18;Limitador cenário de baIxa (%);Campo de preenchimento obrigatório. Número indicando percentual a ser aplicado sobre o valor inicial do ativo subjacente. Formato: Numérico com 4 inteiros e 8 decimais, maior que 0.
COE001064;Figura COE 001064 – Call com Participação;1;Strike 1(%);Campo de preenchimento obrigatório. Percentual aplicado sobre o Valor Inicial do Ativo Subjacente. Formato: Numérico percentual com 4 inteiros e 8 decimais, maior que 0
COE001064;Figura COE 001064 – Call com Participação;2;Data de Observação 1;Campo de preenchimento obrigatório. Informa a 1ª data que será considerada para utilização da Participação 1. Formato: DD/MM/AAAA.
COE001064;Figura COE 001064 – Call com Participação;3;Data de Observação 2;Campo de preenchimento opcional. Informa a 2ª data que será considerada para utilização da Participação 2. Formato: DD/MM/AAAA.
COE001064;Figura COE 001064 – Call com Participação;4;Data de Observação 3;Campo de preenchimento opcional. Informa a 3ª data que será considerada para utilização da Participação 3. Formato: DD/MM/AAAA.
COE001064;Figura COE 001064 – Call com Participação;5;Data de Observação 4;Campo de preenchimento opcional. Informa a 4ª data que será considerada para utilização da Participação 4. Formato: DD/MM/AAAA.
COE001064;Figura COE 001064 – Call com Participação;6;Data de Observação 5;Campo de preenchimento opcional. Informa a 5ª data que será considerada para utilização da Participação 5. Formato: DD/MM/AAAA.
COE001064;Figura COE 001064 – Call com Participação;7;Data de Observação 6;Campo de preenchimento opcional. Informa a 6ª data que será considerada para utilização da Participação 6. Formato: DD/MM/AAAA.
COE001064;Figura COE 001064 – Call com Participação;8;Data de Observação 7;Campo de preenchimento opcional. Informa a 7ª data que será considerada para utilização da Participação 7. Formato: DD/MM/AAAA.
COE001064;Figura COE 001064 – Call com Participação;9;Data de Observação 8;Campo de preenchimento opcional. Informa a 8ª data que será considerada para utilização da Participação 8. Formato: DD/MM/AAAA.
COE001064;Figura COE 001064 – Call com Participação;10;Data de Observação 9;Campo de preenchimento opcional. Informa a 9ª data que será considerada para utilização da Participação 9. Formato: DD/MM/AAAA.
COE001064;Figura COE 001064 – Call com Participação;11;Data de Observação 10;Campo de preenchimento opcional. Informa a 10ª data que será considerada para utilização da Participação 10. Formato: DD/MM/AAAA.
COE001064;Figura COE 001064 – Call com Participação;12;Participação Indexador 1 (%);Campo de preenchimento obrigatório. Informa a Participação utilizada na 1ª data que será considerada no cálculo do resultado. Campo numérico com 10 inteiros e 8 decimais
COE001064;Figura COE 001064 – Call com Participação;13;Participação Indexador 2 (%);Campo de preenchimento opcional. Informa a Participação utilizada na 2ª data que será considerada no cálculo do resultado. Campo numérico com 10 inteiros e 8 decimais
COE001064;Figura COE 001064 – Call com Participação;14;Participação Indexador 3 (%);Campo de preenchimento opcional. Informa a Participação utilizada na 3ª data que será considerada no cálculo do resultado. Campo numérico com 10 inteiros e 8 decimais
COE001064;Figura COE 001064 – Call com Participação;15;Participação Indexador 4 (%);Campo de preenchimento opcional. Informa a Participação utilizada na 4ª data que será considerada no cálculo do resultado. Campo numérico com 10 inteiros e 8 decimais
COE001064;Figura COE 001064 – Call com Participação;16;Participação Indexador 5 (%);Campo de preenchimento opcional. Informa a Participação utilizada na 5ª data que será considerada no cálculo do resultado. Campo numérico com 10 inteiros e 8 decimais
COE001064;Figura COE 001064 – Call com Participação;17;Participação Indexador 6 (%);Campo de preenchimento opcional. Informa a Participação utilizada na 6ª data que será considerada no cálculo do resultado. Campo numérico com 10 inteiros e 8 decimais
COE001064;Figura COE 001064 – Call com Participação;18;Participação Indexador 7 (%) Participação Indexador 8 (%) Participação Indexador 9 (%) Participação Indexador 10 (%);Campo de preenchimento opcional. Informa a Participação utilizada na 7ª data que será considerada no cálculo do resultado. Campo numérico com 10 inteiros e 8 decimais Campo de preenchimento opcional. Informa a Participação utilizada na 8ª data que será considerada no cálculo do resultado. Campo numérico com 10 inteiros e 8 decimais Campo de preenchimento opcional. Informa a Participação utilizada na 9ª data que será considerada no cálculo do resultado. Campo numérico com 10 inteiros e 8 decimais Campo de preenchimento opcional. Informa a Participação utilizada na 10ª data que será considerada no cálculo do resultado. Campo numérico com 10 inteiros e 8 decimais Tipo de Cotação Campo de preenchimento obrigatório. para Liquidação Indicação de qual será a cotação a ser considerada para os cálculos do Ativo resultado Campo com as opções: Fechamento, Média, Máximo, Mínimo e Ajuste
COE001065;Figura COE 001065 – Put com Participação;1;Strike 1(%);Campo de preenchimento obrigatório. Percentual aplicado sobre o Valor Inicial do Ativo Subjacente. Formato: Numérico percentual com 4 inteiros e 8 decimais, maior que 0
COE001065;Figura COE 001065 – Put com Participação;2;Data de Observação 1;Campo de preenchimento obrigatório. Informa a 1ª data que será considerada para utilização da Participação 1. Formato: DD/MM/AAAA.
COE001065;Figura COE 001065 – Put com Participação;3;Data de Observação 2;Campo de preenchimento opcional. Informa a 2ª data que será considerada para utilização da Participação 2. Formato: DD/MM/AAAA.
COE001065;Figura COE 001065 – Put com Participação;4;Data de Observação 3;Campo de preenchimento opcional. Informa a 3ª data que será considerada para utilização da Participação 3. Formato: DD/MM/AAAA.
COE001065;Figura COE 001065 – Put com Participação;5;Data de Observação 4;Campo de preenchimento opcional. Informa a 4ª data que será considerada para utilização da Participação 4. Formato: DD/MM/AAAA.
COE001065;Figura COE 001065 – Put com Participação;6;Data de Observação 5;Campo de preenchimento opcional. Informa a 5ª data que será considerada para utilização da Participação 5. Formato: DD/MM/AAAA.
COE001065;Figura COE 001065 – Put com Participação;7;Data de Observação 6;Campo de preenchimento opcional. Informa a 6ª data que será considerada para utilização da Participação 6. Formato: DD/MM/AAAA.
COE001065;Figura COE 001065 – Put com Participação;8;Data de Observação 7;Campo de preenchimento opcional. Informa a 7ª data que será considerada para utilização da Participação 7. Formato: DD/MM/AAAA.
COE001065;Figura COE 001065 – Put com Participação;9;Data de Observação 8;Campo de preenchimento opcional. Informa a 8ª data que será considerada para utilização da Participação 8. Formato: DD/MM/AAAA.
COE001065;Figura COE 001065 – Put com Participação;10;Data de Observação 9;Campo de preenchimento opcional. Informa a 9ª data que será considerada para utilização da Participação 9. Formato: DD/MM/AAAA.
COE001065;Figura COE 001065 – Put com Participação;11;Data de Observação 10;Campo de preenchimento opcional. Informa a 10ª data que será considerada para utilização da Participação 10. Formato: DD/MM/AAAA.
COE001065;Figura COE 001065 – Put com Participação;12;Participação Indexador 1 (%);Campo de preenchimento obrigatório. Informa a Participação utilizada na 1ª data que será considerada no cálculo do resultado. Campo numérico com 10 inteiros e 8 decimais
COE001065;Figura COE 001065 – Put com Participação;13;Participação Indexador 2 (%);Campo de preenchimento opcional. Informa a Participação utilizada na 2ª data que será considerada no cálculo do resultado. Campo numérico com 10 inteiros e 8 decimais
COE001065;Figura COE 001065 – Put com Participação;14;Participação Indexador 3 (%);Campo de preenchimento opcional. Informa a Participação utilizada na 3ª data que será considerada no cálculo do resultado. Campo numérico com 10 inteiros e 8 decimais
COE001065;Figura COE 001065 – Put com Participação;15;Participação Indexador 4 (%);Campo de preenchimento opcional. Informa a Participação utilizada na 4ª data que será considerada no cálculo do resultado. Campo numérico com 10 inteiros e 8 decimais
COE001065;Figura COE 001065 – Put com Participação;16;Participação Indexador 5 (%);Campo de preenchimento opcional. Informa a Participação utilizada na 5ª data que será considerada no cálculo do resultado. Campo numérico com 10 inteiros e 8 decimais
COE001065;Figura COE 001065 – Put com Participação;17;Participação Indexador 6 (%);Campo de preenchimento opcional. Informa a Participação utilizada na 6ª data que será considerada no cálculo do resultado. Campo numérico com 10 inteiros e 8 decimais
COE001065;Figura COE 001065 – Put com Participação;18;Participação Indexador 7 (%) Participação Indexador 8 (%) Participação Indexador 9 (%) Participação Indexador 10 (%);Campo de preenchimento opcional. Informa a Participação utilizada na 7ª data que será considerada no cálculo do resultado. Campo numérico com 10 inteiros e 8 decimais Campo de preenchimento opcional. Informa a Participação utilizada na 8ª data que será considerada no cálculo do resultado. Campo numérico com 10 inteiros e 8 decimais Campo de preenchimento opcional. Informa a Participação utilizada na 9ª data que será considerada no cálculo do resultado. Campo numérico com 10 inteiros e 8 decimais Campo de preenchimento opcional. Informa a Participação utilizada na 10ª data que será considerada no cálculo do resultado. Campo numérico com 10 inteiros e 8 decimais
COE001065;Figura COE 001065 – Put com Participação;19;Tipo de Cotação para Liquidação Ativo;Campo de preenchimento obrigatório. Indicação de qual será a cotação a ser considerada para os cálculos do resultado Campo com as opções: Fechamento, Média, Máximo, Mínimo e Ajuste
COE001066;Figura COE 001066 – Retorno – Fundos;1;IMPORTANTE Registro/Emissão do COE.;A figura 66 – Retorno – Fundos possui apenas 2 campos específicos da figura. As demais informações acerca da remuneração da figura deverão constar nos campos fixos da tela de Destacamos abaixo os campos com instruções de registro específicas para esta figura:
COE001066;Figura COE 001066 – Retorno – Fundos;2;Strike 1 (%);Campo de preenchimento obrigatório. Informar o strike, em percentual. Percentual aplicado sobre o Valor Inicial do Ativo Subjacente. Formato: Numérico com 4 inteiros e 8 decimais, maior que 0.
COE001066;Figura COE 001066 – Retorno – Fundos;3;Fixing para pagamentos intermediários;Campo de preenchimento obrigatório. Indica como será formado o fixing para o pagamento dos fluxos intermediários Campo com as opções: D-1, D-2, D-3, D-4 e D-5. Dados Fixos da tela de Registro/Emissão do COE
COE001066;Figura COE 001066 – Retorno – Fundos;4;Classe do Ativo Subjacente;Campo onde é informada a classe do ativo subjacente a ser utilizado no COE. IMPORTANTE: das opções disponíveis, nesta figura só podem ser utilizadas as classes Índices.
COE001066;Figura COE 001066 – Retorno – Fundos;5;Ativo Subjacente;Campo de preenchimento obrigatório.
COE001066;Figura COE 001066 – Retorno – Fundos;6;Valor Inicial do Ativo Subjacente;Campo de preenchimento obrigatório. Informar o preço inicial da cota de fundo do Ativo Subjacente. Formato: numérico com 12 inteiros e 8 decimais
COE001066;Figura COE 001066 – Retorno – Fundos;7;Posição do emissor no derivativo;Campo de preenchimento obrigatório. Indica se o emissor está ativo ou passivo no derivativo. IMPORTANTE: das opções disponíveis, nesta figura só pode ser utilizada a posição do emissor “Vendido”.
COE001066;Figura COE 001066 – Retorno – Fundos;8;Remunerador no vencimento;Campo de preenchimento obrigatório se “Remunerador no fluxo” for igual a “Figura 1066” Indica a remuneração adicional no vencimento do COE, se houver. Para consultar os domínios disponíveis, acessar o arquivo público AAAAMMDD_Dominios_DERIVATIVOS_COE Campo no formato numérico, (%) percentual de 4 inteiros e 4 decimais. Aceita valores positivos e superiores a zero.
COE001066;Figura COE 001066 – Retorno – Fundos;9;Descrição Remunerador;Campo de preenchimento obrigatório se o remunerador indicado for IPCA VCP ou USD VCP. Formato: texto com 300 posições.
COE001066;Figura COE 001066 – Retorno – Fundos;10;Remunerador Flutuante (%);Campo de preenchimento obrigatório se o Remunerador for DI. Campo de preenchimento obrigatório, quando houver, se o Remunerador for IPCA VCP ou USD VCP. Indica a porcentagem de remuneração para DI, ou IPCA VCP e USD VCP quando houver. Formato: Numérico com 4 inteiros e 4 decimais, maior que 0.
COE001066;Figura COE 001066 – Retorno – Fundos;11;Spread/Cupom (%);Campo de preenchimento obrigatório se o Remunerador indicado for Pré ou No Período.
COE001066;Figura COE 001066 – Retorno – Fundos;12;Base;Campo de preenchimento obrigatório quando informado o campo Spread/Cupom (%). Não preencher se remunerador indicado for “No Período”. Campo para informar a base do cupom do Remunerador. Campo com as opções: 252 exp, 360 exp e 360 lin.
COE001066;Figura COE 001066 – Retorno – Fundos;13;Cotação Inicial Remunerador;Não pode ser preenchido se remunerador igual a DI, PRE e NO PERÍODO. Informar a cotação inicial do remunerador se este for IPCA VCP ou USD VCP. Formato: Numérico com 5 inteiros e 8 decimais.
COE001066;Figura COE 001066 – Retorno – Fundos;14;Data Inicial Remunerador;Informar a data inicial do remunerador se ele for IPCA VCP ou USD VCP e o campo Cotação Inicial Remunerador não for preenchido. Não pode ser preenchido se houver fluxo de caixa ou se o remunerador for DI, PRE e NO PERÍODO. Não pode ser menor do que a data de emissão do COE ou a data de emissão a termo, caso preenchida. Deve ser dia útil do calendário nacional. Campo no formato DD/MM/AAAA.
COE001066;Figura COE 001066 – Retorno – Fundos;15;Data Final Remunerador;Informar a data final do remunerador se ele for IPCA VCP ou USD VCP. Não pode ser preenchido se houver fluxo de caixa ou se o remunerador for DI, PRE e NO PERÍODO. Deve ser dia útil do calendário nacional. Campo no formato DD/MM/AAAA.
COE001066;Figura COE 001066 – Retorno – Fundos;16;Resgate Antecipado;Campo de preenchimento obrigatório. Indica a existência de condição de resgate antecipado. IMPORTANTE: das opções disponíveis, nesta figura só pode ser utilizada a “Condição específica”. Condição específica: Condição pré-definida pelo emissor do COE, que permite o resgate antecipado do IF caso a condição seja atingida.
COE001066;Figura COE 001066 – Retorno – Fundos;17;Condição Específica de Resgate;Campo de preenchimento obrigatório Combo com as opções pré-definidas: Domínios* Descrição Detalhadas nas Indica que os eventos de documentações de emissão crédito e/ou demais eventos/cláusulas são definidos nas documentações de suporte da emissão. Verificação de níveis de Indica que os preço eventos/cláusulas de resgate antecipado no valor de mercado do COE, relacionados a verificação de preço do ativo subjacente, são definidos nas documentações de suporte da emissão. * Os domínios são criados sob demanda do Emissor.
COE001066;Figura COE 001066 – Retorno – Fundos;18;Fluxo de Caixa;Caixa com as opções: “Sim” e ”Não”. Indica se haverá pagamento nos fluxos intermediários. IMPORTANTE: Para essa figura é obrigatório indicar como “Sim”.
COE001066;Figura COE 001066 – Retorno – Fundos;19;Pagamento Extraordinário;Campo de preenchimento opcional. IMPORTANTE: observar as condições permitidas para uso na função “Indicação de Pagamento Extraordinário”. Opções de preenchimento: Branco, Sim – Final e Sim – Fluxo. Em Branco: o sistema não gera pendência para lançamento de pagamento extraordinário. Sim – Final: o sistema gera a operação de pagamento extraordinário na data de vencimento. Sim – Fluxo: o sistema gera a operação de pagamento extraordinário nas datas de fluxo de caixa. Portanto, essa opção não pode ser utilizada para COE sem fluxo de caixa. Dados Fixos da tela de Remunerador no Fluxo
COE001066;Figura COE 001066 – Retorno – Fundos;20;Remunerador no Fluxo;Campo de preenchimento obrigatório. Indica o indexador para pagamento de juros exclusivamente nas datas de evento informadas. IMPORTANTE: Para essa figura deverá ser utilizado “Figura 1066”. Caso desejem utilizar outro remunerador, acionar o time de Produtos – Derivativos e COE.
COE001067;COE001067 – Cput+VPut;1;Strike 1 (%);Campo de preenchimento obrigatório. Formato: Numérico percentual com 4 inteiros e 8 decimais, maior que 0. Percentual aplicado sobre o Valor Inicial do Ativo Subjacente. Deve ser inclusa a informação referente a Put Comprada
COE001067;COE001067 – Cput+VPut;2;Quantidade 1;Campo de preenchimento opcional. Informa a quantidade do ativo subjacente que é utilizado no cálculo de ajuste referente ao Strike 1. Formato: Numérico com 8 inteiros e 8 decimais. Deve ser inclusa a informação referente a Put Comprada
COE001067;COE001067 – Cput+VPut;3;Participação cenário de baixa 1 (%);Campo de preenchimento obrigatório. Número indicando percentual a ser aplicado sobre a desvalorização do ativo subjacente. Formato: Numérico com 4 inteiros e 4 decimais, maior que 0. Deve ser inclusa a informação referente a Put Comprada
COE001067;COE001067 – Cput+VPut;4;Strike 2 (%);Campo de preenchimento obrigatório. Formato: Numérico percentual com 4 inteiros e 8 decimais, maior que 0. Percentual aplicado sobre o Valor Inicial do Ativo Subjacente. Deve ser inclusa a informação referente a Put Vendida
COE001067;COE001067 – Cput+VPut;5;Quantidade 2;Campo de preenchimento opcional. Informa a quantidade do ativo subjacente que é utilizado no cálculo de ajuste referente ao Strike 1. Formato: Numérico com 8 inteiros e 8 decimais. Deve ser inclusa a informação referente a Put Vendida
COE001067;COE001067 – Cput+VPut;6;Participação cenário de baixa 2(%);Campo de preenchimento obrigatório. Número indicando percentual a ser aplicado sobre a desvalorização do ativo subjacente. Formato: Numérico com 4 inteiros e 4 decimais, maior que 0. Deve ser inclusa a informação referente a Put Vendida
COE001067;COE001067 – Cput+VPut;7;Período de captura do ativo subjacente para liquidação;Campo de preenchimento obrigatório. Campo com as opções: Data Única, Janela de Datas e Mais Datas. Indica como será formado o fixing no vencimento. Caso o ativo subjacente seja uma Cesta,não é permitido selecionar a opção “Janela de Datas” Se indicado Janela de Datas ou Mais Datas, será obrigatório o preenchimento do campo “Tipo de Fixing para Vencimento”. Caso seja indicado “Mais Datas” as datas serão indicadas na seção “Mais Datas”.
COE001067;COE001067 – Cput+VPut;8;Data inicial para fixing;"Campo de preenchimento obrigatório, se indicado ""Janela de datas"". Formato: DD/MM/AAAA. Não preencher se a “Classe do Ativo Subjacente” for igual a “CESTA”. É possível escolher uma data maior ou igual à “Data de Emissão” (ou “Emissão a Termo”), e menor que “Data Final para Fixing”."
COE001067;COE001067 – Cput+VPut;9;Data final para fixing;"Campo de preenchimento obrigatório, se indicado ""Janela de datas"". Formato: DD/MM/AAAA. Não preencher se a “Classe do Ativo Subjacente” for igual a “CESTA”. Esta data deve ser posterior à indicada no campo “Data Inicial para Fixing”, sendo que o prazo máximo de dias entre a “Data Final para Fixing” e o vencimento é de 5 dias úteis e o prazo mínimo entre estas datas é 1 dia útil."
COE001067;COE001067 – Cput+VPut;10;Data para fixing;"Campo de preenchimento obrigatório, se indicado ""Data única"". Formato: DD/MM/AAAA. Não preencher se a “Classe do Ativo Subjacente” for igual a “CESTA”."
COE001067;COE001067 – Cput+VPut;11;Tipo de Cotação para Liquidação;Campo de preenchimento obrigatório. Não preencher se a “Classe do Ativo Subjacente” for igual a “CESTA”. Indicação de qual será a cotação a ser considerada na liquidação da operação. Campo com as opções: Fechamento, Média, Máximo, Mínimo e Ajuste.
COE001067;COE001067 – Cput+VPut;12;Tipo de Fixing para Vencimento;Campo de preenchimento obrigatório quando no campo “Período de captura do ativo subjacente para liquidação” for selecionado “Janela de Datas” ou “Mais Datas” . Campo com os domínios: Máxima no Período, Mínima no Período e Média no Período Indica como será formado o fixing para o vencimento do COE. • Máximo no período: O sistema irá verificar a cotação de todas as datas do intervalo da “Data fixing” (inclusive) até a “Data Fixing 2” (inclusive) e utilizará a maior cotação do intervalo como fixing do evento. • Mínimo no período: O sistema irá verificar a cotação de todas as datas do intervalo da “Data fixing” (inclusive) até a “Data Fixing 2” (inclusive) e utilizará a menor cotação do intervalo como fixing do evento. • Média no período: O sistema irá verificar a cotação de todas as datas do intervalo da “Data fixing” (inclusive) até a “Data Fixing 2” (inclusive) e utilizará a média de todas as cotações do intervalo como fixing do evento.
COE001068;COE001068 - Double No Touch + Digital Call;1;Tipo de Cotação para Verificação de Barreiras no Cenário de Baixa;Campo de preenchimento obrigatório. Não preencher se a “Classe do Ativo Subjacente” for igual a “CESTA”. Indicação de qual será a cotação a ser considerada. Campo com as opções: Fechamento, Média, Máximo, Mínimo e Ajuste.
COE001068;COE001068 - Double No Touch + Digital Call;2;Tipo de Cotação para Verificação de Barreiras no Cenário de Alta;Campo de preenchimento obrigatório. Não preencher se a “Classe do Ativo Subjacente” for igual a “CESTA”. Indicação de qual será a cotação a ser considerada. Campo com as opções: Fechamento, Média, Máximo, Mínimo e Ajuste.
COE001068;COE001068 - Double No Touch + Digital Call;3;Barreira superior (%);Campo de preenchimento obrigatório. Indica o percentual a ser aplicado sobre o valor inicial do Ativo Subjacente. Formato: Numérico com 4 inteiros e 4 decimais, maior que 0 e maior que Barreira inferior.
COE001068;COE001068 - Double No Touch + Digital Call;4;Barreira inferior (%);Campo de preenchimento obrigatório. Indica o percentual a ser aplicado sobre o valor inicial do Ativo Subjacente. Formato: Numérico com 4 inteiros e 4 decimais, maior que 0 e menor que Barreira superior.
COE001068;COE001068 - Double No Touch + Digital Call;5;Data Inicial para Verificação;Campo de preenchimento obrigatório. A partir de D+1 da “Data de Emissão” (ou “Emissão a Termo”) e menor que “Data Final para Verificação” Formato: DD/MM/AAAA.
COE001068;COE001068 - Double No Touch + Digital Call;6;Data Final para Verificação;Campo de preenchimento obrigatório. Essa data deve ser posterior a indicada no campo “Data Inicial para Verificação”, sendo que o prazo mínimo de dias entre as datas deve ser de 1 dia útil. Formato: DD/MM/AAAA.
COE001068;COE001068 - Double No Touch + Digital Call;7;Strike 1 (%);Strike 1 (%) Campo de preenchimento obrigatório. Formato: Numérico percentual com 4 inteiros e 8 decimais, maior que 0. Percentual aplicado sobre o Valor Inicial do Ativo Subjacente.
COE001068;COE001068 - Double No Touch + Digital Call;8;Remuneração Adicional;Campo de preenchimento obrigatório. Indica o tipo de remunerador que será utilizado. Campo com as opções: Pré, DI e NO PERÍODO.
COE001068;COE001068 - Double No Touch + Digital Call;9;Remunerador Flutuante Adicional (%);Campo de preenchimento obrigatório, se indicado “DI”. Para o indicador “Pré”, este campo não deverá ser preenchido. Formato: Numérico com 4 inteiros e 4 decimais, maior que 0.
COE001068;COE001068 - Double No Touch + Digital Call;10;Cupom Remunerador Adicional;Campo de preenchimento obrigatório, se indicado “Pré”. Formato: Numérico com 5 inteiros e 4 decimais, incluindo o sinal “-“ e “+”. A não indicação do sinal deve ser considerada como “+”
COE001069;COE001069 - Digital KO_COE Call_Digital KI;1;Strike 1 (%);Campo de preenchimento obrigatório. Percentual aplicado sobre o Valor Inicial do Ativo Subjacente. Formato: Numérico percentual com 4 inteiros e 8 decimais, maior que 0.
COE001069;COE001069 - Digital KO_COE Call_Digital KI;2;Participação cenário de alta (%);Campo de preenchimento obrigatório. Número indicando percentual a ser aplicado sobre a valorização do ativo subjacente. Formato: Numérico percentual com 6 inteiros e 4 decimais, maior que 0.
COE001069;COE001069 - Digital KO_COE Call_Digital KI;3;Quantidade 1;Campo de preenchimento opcional. Valor inicial que serve para indicar a quantidade de Opções do COE, caso o Emissor não concorde com o cálculo do sistema. Formato: Numérico percentual com 10 inteiros e 4 decimais,
COE001069;COE001069 - Digital KO_COE Call_Digital KI;4;Barreira KO (%);Campo de preenchimento obrigatório. Percentual aplicado sobre o Valor Inicial do Ativo Subjacente. Formato: Numérico percentual com 4 inteiros e 8 decimais, maior que 0.
COE001069;COE001069 - Digital KO_COE Call_Digital KI;5;Rebate KO (%);Campo de preenchimento obrigatório. Formato: numérico com 4 inteiros e 4 decimais, maior ou igual a zero. Indica o percentual a ser aplicado sobre o VFE quando a cotação do ativo atingir a barreira de knock out durante o período verificação.
COE001069;COE001069 - Digital KO_COE Call_Digital KI;6;Barreira KI (%);Campo de preenchimento obrigatório. Percentual aplicado sobre o Valor Inicial do Ativo Subjacente. Formato: Numérico percentual com 4 inteiros e 8 decimais, maior que 0.
COE001069;COE001069 - Digital KO_COE Call_Digital KI;7;Rebate KI (%);Campo de preenchimento obrigatório. Formato: numérico com 4 inteiros e 4 decimais, maior ou igual a zero. Indica o percentual a ser aplicado sobre o VFE quando a cotação do ativo atingir a barreira de knock in durante o período verificação.
COE001069;COE001069 - Digital KO_COE Call_Digital KI;8;Período de captura do ativo subjacente para liquidação;Campo de preenchimento obrigatório. Campo com as opções: Data Única, Janela de Datas e Mais Datas. Indica como será formado o fixing no vencimento. Caso o ativo subjacente seja uma Cesta, não é permitido selecionar a opção “Janela de Datas” Se indicado Janela de Datas ou Mais Datas, será obrigatório o preenchimento do campo “Tipo de Fixing para Vencimento”. Caso seja indicado “Mais Datas” as datas serão indicadas na seção “Mais Datas”.
COE001069;COE001069 - Digital KO_COE Call_Digital KI;9;Data para fixing;"Campo de preenchimento obrigatório, se indicado ""Data única"". Formato: DD/MM/AAAA. Não preencher se a “Classe do Ativo Subjacente” for igual a “CESTA”."
COE001069;COE001069 - Digital KO_COE Call_Digital KI;10;Data inicial para fixing;"Campo de preenchimento obrigatório, se indicado ""Janela de datas"". Formato: DD/MM/AAAA. Não preencher se a “Classe do Ativo Subjacente” for igual a “CESTA”. É possível escolher uma data maior ou igual à “Data de Emissão” (ou “Emissão a Termo”), e menor que “Data Final para Fixing”."
COE001069;COE001069 - Digital KO_COE Call_Digital KI;11;Data final para fixing;"Campo de preenchimento obrigatório, se indicado ""Janela de datas"". Formato: DD/MM/AAAA. Não preencher se a “Classe do Ativo Subjacente” for igual a “CESTA”. Esta data deve ser posterior à indicada no campo “Data Inicial para Fixing”, sendo que o prazo máximo de dias entre a “Data Final para Fixing” e o vencimento é de 5 dias úteis e o prazo mínimo entre estas datas é 1 dia útil."
COE001069;COE001069 - Digital KO_COE Call_Digital KI;12;Tipo de Cotação para Liquidação;Campo de preenchimento obrigatório. Campo com as opções: Fechamento, Média, Máximo, Mínimo e Ajuste
COE001069;COE001069 - Digital KO_COE Call_Digital KI;13;Período de pagamento;Campo de preenchimento obrigatório. Campo com as opções: Ato e Vencimento
COE001069;COE001069 - Digital KO_COE Call_Digital KI;14;Tipo de cotação para verificação de barreira cenário de baixa;Campo de preenchimento obrigatório. Campo com as opções: Fechamento, Média, Máximo, Mínimo e Ajuste
COE001069;COE001069 - Digital KO_COE Call_Digital KI;15;Tipo de cotação para verificação de barreira cenário de alta;Campo de preenchimento obrigatório. Campo com as opções: Fechamento, Média, Máximo, Mínimo e Ajuste
COE001069;COE001069 - Digital KO_COE Call_Digital KI;16;Período de verificação de barreiras;Campo de preenchimento obrigatório. Se indicado “Europeia” apenas a “Data para Fixing” pode ser preenchido. Se indicado “Americana” apenas a “Data Inicial para Verificação” e “Data Final para Verificação” podem ser preenchidos. Campo com as opções: Americana e Europeia.
COE001069;COE001069 - Digital KO_COE Call_Digital KI;17;Data inicial para verificação;Campo de preenchimento obrigatório, se indicado “Americana”. A partir de D+1 da “Data de Emissão” (ou “Emissão a Termo”) e menor que “Data Final para Verificação” Formato: DD/MM/AAAA.
COE001069;COE001069 - Digital KO_COE Call_Digital KI;18;Data final para verificação;Campo de preenchimento obrigatório, se indicado “Americana”. Essa data deve ser posterior à indicada no campo “Data Inicial para Verificação”, sendo que o prazo mínimo de dias entre as datas deve ser de 1 dia útil. Formato: DD/MM/AAAA.
COE001070;COE001070 - COE Call_Digital KI;1;Strike 1 (%);Campo de preenchimento obrigatório. Percentual aplicado sobre o Valor Inicial do Ativo Subjacente. Formato: Numérico percentual com 4 inteiros e 8 decimais, maior que 0.
COE001070;COE001070 - COE Call_Digital KI;2;Participação cenário de alta (%);Campo de preenchimento obrigatório. Número indicando percentual a ser aplicado sobre a valorização do ativo subjacente. Formato: Numérico percentual com 6 inteiros e 4 decimais, maior que 0.
COE001070;COE001070 - COE Call_Digital KI;3;Quantidade 1;Campo de preenchimento opcional. Valor inicial que serve para indicar a quantidade de Opções do COE, caso o Emissor não concorde com o cálculo do sistema. Formato: Numérico percentual com 10 inteiros e 4 decimais.
COE001070;COE001070 - COE Call_Digital KI;4;Barreira de Baixa (%);Campo de preenchimento obrigatório. Percentual aplicado sobre o Valor Inicial do Ativo Subjacente. Formato: Numérico percentual com 4 inteiros e 8 decimais.
COE001070;COE001070 - COE Call_Digital KI;5;Período de captura do ativo subjacente para liquidação;Campo de preenchimento obrigatório. Campo com as opções: Data Única, Janela de Datas e Mais Datas. Indica como será formado o fixing no vencimento. Caso o ativo subjacente seja uma Cesta, não é permitido selecionar a opção “Janela de Datas” Se indicado Janela de Datas ou Mais Datas, será obrigatório o preenchimento do campo “Tipo de Fixing para Vencimento”. Caso seja indicado “Mais Datas” as datas serão indicadas na seção “Mais Datas”.
COE001070;COE001070 - COE Call_Digital KI;6;Data para fixing;"Campo de preenchimento obrigatório, se indicado ""Data única"". Formato: DD/MM/AAAA. Não preencher se a “Classe do Ativo Subjacente” for igual a “CESTA”."
COE001070;COE001070 - COE Call_Digital KI;7;Data inicial para fixing;"Campo de preenchimento obrigatório, se indicado ""Janela de datas"". Formato: DD/MM/AAAA. Não preencher se a “Classe do Ativo Subjacente” for igual a “CESTA”. É possível escolher uma data maior ou igual à “Data de Emissão” (ou “Emissão a Termo”), e menor que “Data Final para Fixing”."
COE001070;COE001070 - COE Call_Digital KI;8;Data final para fixing;"Campo de preenchimento obrigatório, se indicado ""Janela de datas"". Formato: DD/MM/AAAA. Não preencher se a “Classe do Ativo Subjacente” for igual a “CESTA”. Esta data deve ser posterior à indicada no campo “Data Inicial para Fixing”, sendo que o prazo máximo de dias entre a “Data Final para Fixing” e o vencimento é de 5 dias úteis e o prazo mínimo entre estas datas é 1 dia útil."
COE001070;COE001070 - COE Call_Digital KI;9;Tipo de Cotação para Liquidação;Campo de preenchimento obrigatório. Campo com as opções: Fechamento, Média, Máximo, Mínimo e Ajuste
COE001070;COE001070 - COE Call_Digital KI;10;Período de pagamento;Campo de preenchimento obrigatório. Campo com as opções: Ato e Vencimento
COE001070;COE001070 - COE Call_Digital KI;11;Tipo de cotação para verificação de barreira cenário de baixa;Campo de preenchimento obrigatório. Campo com as opções: Fechamento, Média, Máximo, Mínimo e Ajuste
COE001070;COE001070 - COE Call_Digital KI;12;Tipo de cotação para verificação de barreira cenário de alta;Campo de preenchimento obrigatório. Campo com as opções: Fechamento, Média, Máximo, Mínimo e Ajuste
COE001070;COE001070 - COE Call_Digital KI;13;Período de verificação de barreiras;Campo de preenchimento obrigatório. Se indicado “Europeia” apenas a “Data para Fixing” pode ser preenchido. Se indicado “Americana” apenas a “Data Inicial para Verificação” e “Data Final para Verificação” podem ser preenchidos. Campo com as opções: Americana e Europeia.
COE001070;COE001070 - COE Call_Digital KI;14;Data inicial para verificação;Campo de preenchimento obrigatório, se indicado “Americana”. A partir de D+1 da “Data de Emissão” (ou “Emissão a Termo”) e menor que “Data Final para Verificação” Formato: DD/MM/AAAA.
COE001070;COE001070 - COE Call_Digital KI;15;Data final para verificação;Campo de preenchimento obrigatório, se indicado “Americana”. Essa data deve ser posterior à indicada no campo “Data Inicial para Verificação”, sendo que o prazo mínimo de dias entre as datas deve ser de 1 dia útil. Formato: DD/MM/AAAA.
COE001071;COE001071 - Digital KO_CallSpread_Digital KI;1;Strike 1 (%);Campo de preenchimento obrigatório. Percentual aplicado sobre o Valor Inicial do Ativo Subjacente. Formato: Numérico percentual com 4 inteiros e 8 decimais, maior que 0.
COE001071;COE001071 - Digital KO_CallSpread_Digital KI;2;Participação cenário de alta (%);Campo de preenchimento obrigatório. Número indicando percentual a ser aplicado sobre a valorização do ativo subjacente. Formato: Numérico percentual com 6 inteiros e 4 decimais, maior que 0.
COE001071;COE001071 - Digital KO_CallSpread_Digital KI;3;Quantidade 1;Campo de preenchimento opcional. Valor inicial que serve para indicar a quantidade de Opções do COE, caso o Emissor não concorde com o cálculo do sistema. Formato: Numérico percentual com 10 inteiros e 4 decimais,
COE001071;COE001071 - Digital KO_CallSpread_Digital KI;4;Barreira KO (%);Campo de preenchimento obrigatório. Percentual aplicado sobre o Valor Inicial do Ativo Subjacente. Formato: Numérico percentual com 4 inteiros e 8 decimais, maior que 0.
COE001071;COE001071 - Digital KO_CallSpread_Digital KI;5;Rebate KO (%);Campo de preenchimento obrigatório. Formato: numérico com 4 inteiros e 4 decimais, maior ou igual a zero. Indica o percentual a ser aplicado sobre o VFE quando a cotação do ativo atingir a barreira de knock out durante o período verificação.
COE001071;COE001071 - Digital KO_CallSpread_Digital KI;6;Barreira KI (%);Campo de preenchimento obrigatório. Percentual aplicado sobre o Valor Inicial do Ativo Subjacente. Formato: Numérico percentual com 4 inteiros e 8 decimais, maior que 0.
COE001071;COE001071 - Digital KO_CallSpread_Digital KI;7;Rebate KI (%);Campo de preenchimento obrigatório. Formato: numérico com 4 inteiros e 4 decimais, maior ou igual a zero. Indica o percentual a ser aplicado sobre o VFE quando a cotação do ativo atingir a barreira de knock in durante o período verificação.
COE001071;COE001071 - Digital KO_CallSpread_Digital KI;8;Limitador cenário de alta (%);Campo de preenchimento obrigatório. Formato: numérico com 4 inteiros e 8 decimais, maior ou igual a zero. Percentual aplicado sobre o Valor Inicial do Ativo Subjacente.
COE001071;COE001071 - Digital KO_CallSpread_Digital KI;9;Período de captura do ativo subjacente para liquidação;Campo de preenchimento obrigatório. Campo com as opções: Data Única, Janela de Datas e Mais Datas. Indica como será formado o fixing no vencimento. Caso o ativo subjacente seja uma Cesta, não é permitido selecionar a opção “Janela de Datas” Se indicado Janela de Datas ou Mais Datas, será obrigatório o preenchimento do campo “Tipo de Fixing para Vencimento”. Caso seja indicado “Mais Datas” as datas serão indicadas na seção “Mais Datas”.
COE001071;COE001071 - Digital KO_CallSpread_Digital KI;10;Data para fixing;"Campo de preenchimento obrigatório, se indicado ""Data única"". Formato: DD/MM/AAAA. Não preencher se a “Classe do Ativo Subjacente” for igual a “CESTA”."
COE001071;COE001071 - Digital KO_CallSpread_Digital KI;11;Data inicial para fixing;"Campo de preenchimento obrigatório, se indicado ""Janela de datas"". Formato: DD/MM/AAAA. Não preencher se a “Classe do Ativo Subjacente” for igual a “CESTA”. É possível escolher uma data maior ou igual à “Data de Emissão” (ou “Emissão a Termo”), e menor que “Data Final para Fixing”."
COE001071;COE001071 - Digital KO_CallSpread_Digital KI;12;Data final para fixing;"Campo de preenchimento obrigatório, se indicado ""Janela de datas"". Formato: DD/MM/AAAA. Não preencher se a “Classe do Ativo Subjacente” for igual a “CESTA”. Esta data deve ser posterior à indicada no campo “Data Inicial para Fixing”, sendo que o prazo máximo de dias entre a “Data Final para Fixing” e o vencimento é de 5 dias úteis e o prazo mínimo entre estas datas é 1 dia útil."
COE001071;COE001071 - Digital KO_CallSpread_Digital KI;13;Tipo de Cotação para Liquidação;Campo de preenchimento obrigatório. Campo com as opções: Fechamento, Média, Máximo, Mínimo e Ajuste
COE001071;COE001071 - Digital KO_CallSpread_Digital KI;14;Período de pagamento;Campo de preenchimento obrigatório. Campo com as opções: Ato e Vencimento
COE001071;COE001071 - Digital KO_CallSpread_Digital KI;15;Tipo de cotação para verificação de barreira cenário de baixa;Campo de preenchimento obrigatório. Campo com as opções: Fechamento, Média, Máximo, Mínimo e Ajuste
COE001071;COE001071 - Digital KO_CallSpread_Digital KI;16;Tipo de cotação para verificação de barreira cenário de alta;Campo de preenchimento obrigatório. Campo com as opções: Fechamento, Média, Máximo, Mínimo e Ajuste
COE001071;COE001071 - Digital KO_CallSpread_Digital KI;17;Período de verificação de barreiras;Campo de preenchimento obrigatório. Se indicado “Europeia” apenas a “Data para Fixing” pode ser preenchido. Se indicado “Americana” apenas a “Data Inicial para Verificação” e “Data Final para Verificação” podem ser preenchidos. Campo com as opções: Americana e Europeia.
COE001071;COE001071 - Digital KO_CallSpread_Digital KI;18;Data inicial para verificação;Campo de preenchimento obrigatório, se indicado “Americana”. A partir de D+1 da “Data de Emissão” (ou “Emissão a Termo”) e menor que “Data Final para Verificação” Formato: DD/MM/AAAA.
COE001071;COE001071 - Digital KO_CallSpread_Digital KI;19;Data final para verificação;Campo de preenchimento obrigatório, se indicado “Americana”. Essa data deve ser posterior à indicada no campo “Data Inicial para Verificação”, sendo que o prazo mínimo de dias entre as datas deve ser de 1 dia útil. Formato: DD/MM/AAAA.
COE001073;COE001073 - Call_Alavancagens_com_Limitador;1;Strike 1 (%);Campo de preenchimento obrigatório. Percentual aplicado sobre o Valor Inicial do Ativo Subjacente. Formato: Numérico percentual com 4 inteiros e 8 decimais, maior que 0.
COE001073;COE001073 - Call_Alavancagens_com_Limitador;2;Participação cenário de alta (%);Campo de preenchimento obrigatório. Número indicando percentual a ser aplicado sobre a valorização do ativo subjacente no primeiro cenário de alta. Formato: Numérico percentual com 6 inteiros e 4 decimais, maior que 0.
COE001073;COE001073 - Call_Alavancagens_com_Limitador;3;Quantidade 1;Campo de preenchimento opcional. Valor inicial que serve para indicar a quantidade de Opções do COE, caso o Emissor não concorde com o cálculo do sistema. Formato: Numérico percentual com 10 inteiros e 4 decimais,
COE001073;COE001073 - Call_Alavancagens_com_Limitador;4;Vértice de Alta (%);Campo de preenchimento obrigatório. Percentual aplicado sobre o Valor Inicial do Ativo Subjacente. Formato: Numérico percentual com 4 inteiros e 8 decimais, maior que 0.
COE001073;COE001073 - Call_Alavancagens_com_Limitador;5;Participação cenário de alta 2 (%);Campo de preenchimento obrigatório. Número indicando percentual a ser aplicado sobre a valorização do ativo subjacente no segundo cenário de alta. Formato: Numérico percentual com 6 inteiros e 4 decimais, maior que 0.
COE001073;COE001073 - Call_Alavancagens_com_Limitador;6;Limitador cenário de alta (%);Campo de preenchimento obrigatório. Formato: numérico com 4 inteiros e 8 decimais, maior ou igual a zero. Percentual aplicado sobre o Valor Inicial do Ativo Subjacente.
COE001073;COE001073 - Call_Alavancagens_com_Limitador;7;Período de captura do ativo subjacente para liquidação;Campo de preenchimento obrigatório. Campo com as opções: Data Única, Janela de Datas e Mais Datas. Indica como será formado o fixing no vencimento. Caso o ativo subjacente seja uma Cesta, não é permitido selecionar a opção “Janela de Datas” Se indicado Janela de Datas ou Mais Datas, será obrigatório o preenchimento do campo “Tipo de Fixing para Vencimento”. Caso seja indicado “Mais Datas” as datas serão indicadas na seção “Mais Datas”.
COE001073;COE001073 - Call_Alavancagens_com_Limitador;8;Data para fixing;"Campo de preenchimento obrigatório, se indicado ""Data única"". Formato: DD/MM/AAAA. Não preencher se a “Classe do Ativo Subjacente” for igual a “CESTA”."
COE001073;COE001073 - Call_Alavancagens_com_Limitador;9;Data inicial para fixing;"Campo de preenchimento obrigatório, se indicado ""Janela de datas"". Formato: DD/MM/AAAA. Não preencher se a “Classe do Ativo Subjacente” for igual a “CESTA”. É possível escolher uma data maior ou igual à “Data de Emissão” (ou “Emissão a Termo”), e menor que “Data Final para Fixing”."
COE001073;COE001073 - Call_Alavancagens_com_Limitador;10;Data final para fixing;"Campo de preenchimento obrigatório, se indicado ""Janela de datas"". Formato: DD/MM/AAAA. Não preencher se a “Classe do Ativo Subjacente” for igual a “CESTA”. Esta data deve ser posterior à indicada no campo “Data Inicial para Fixing”, sendo que o prazo máximo de dias entre a “Data Final para Fixing” e o vencimento é de 5 dias úteis e o prazo mínimo entre estas datas é 1 dia útil."
COE001073;COE001073 - Call_Alavancagens_com_Limitador;11;Tipo de Cotação para Liquidação;Campo de preenchimento obrigatório. Campo com as opções: Fechamento, Média, Máximo, Mínimo e Ajuste
COE001074;COE001074 – Cesta de Put KO;1;Strike 1 (%);Campo de preenchimento obrigatório. Percentual aplicado sobre o Valor Inicial do Ativo Subjacente. Formato: Numérico percentual com 4 inteiros e 8 decimais, maior que 0.
COE001074;COE001074 – Cesta de Put KO;2;Participação cenário de baixa (%);Campo de preenchimento obrigatório. Número indicando percentual a ser aplicado sobre a desvalorização do ativo subjacente. Formato: Numérico com 4 inteiros e 4 decimais, maior que 0.
COE001074;COE001074 – Cesta de Put KO;3;Período de captura do ativo subjacente para liquidação;Campo de preenchimento obrigatório. Campo com as opções: Data Única, Janela de Datas e Mais Datas. Indica como será formado o fixing no vencimento. Caso o ativo subjacente seja uma Cesta, não é permitido selecionar a opção “Janela de Datas” Se indicado Janela de Datas ou Mais Datas, será obrigatório o preenchimento do campo “Tipo de Fixing para Vencimento”. Caso seja indicado “Mais Datas” as datas serão indicadas na seção “Mais Datas”.
COE001074;COE001074 – Cesta de Put KO;4;Data para fixing;"Campo de preenchimento obrigatório, se indicado ""Data única"". Formato: DD/MM/AAAA. Não preencher se a “Classe do Ativo Subjacente” for igual a “CESTA”."
COE001074;COE001074 – Cesta de Put KO;5;Data inicial para fixing;"Campo de preenchimento obrigatório, se indicado ""Janela de datas"". Formato: DD/MM/AAAA. Não preencher se a “Classe do Ativo Subjacente” for igual a “CESTA”. É possível escolher uma data maior ou igual à “Data de Emissão” (ou “Emissão a Termo”), e menor que “Data Final para Fixing”."
COE001074;COE001074 – Cesta de Put KO;6;Data final para fixing;"Campo de preenchimento obrigatório, se indicado ""Janela de datas"". Formato: DD/MM/AAAA. Não preencher se a “Classe do Ativo Subjacente” for igual a “CESTA”. Esta data deve ser posterior à indicada no campo “Data Inicial para Fixing”, sendo que o prazo máximo de dias entre a “Data Final para Fixing” e o vencimento é de 5 dias úteis e o prazo mínimo entre estas datas é 1 dia útil."
COE001074;COE001074 – Cesta de Put KO;7;Tipo de Cotação para Liquidação;Campo de preenchimento obrigatório. Não preencher se a “Classe do Ativo Subjacente” for igual a “CESTA”. Indicação de qual será a cotação a ser considerada na liquidação da operação. Campo com as opções: Fechamento, Média, Máximo, Mínimo e Ajuste.
COE001074;COE001074 – Cesta de Put KO;8;Rebate no Cenário de Baixa (%);Campo de preenchimento obrigatório. Formato: numérico com 4 inteiros e 4 decimais, maior ou igual a zero. Indica o percentual a ser aplicado sobre o VFE quando detectado que a cotação for maior que a barreira no período de verificação.
COE001074;COE001074 – Cesta de Put KO;9;Tipo de cotação para verificação de barreira cenario de baixa;Campo de preenchimento obrigatório. Não preencher se a “Classe do Ativo Subjacente” for igual a “CESTA”. Indicação de qual será a cotação a ser considerada. Campo com as opções: Fechamento, Média, Máximo, Mínimo e Ajuste
COE001074;COE001074 – Cesta de Put KO;10;Periodo de verificação de barreiras;Campo de preenchimento obrigatório. Campo com as opções: Americana e Europeia. Se indicado “Europeia” apenas a “Data para Fixing” pode ser preenchido. Se indicado “Americana” apenas a “Data Inicial para Verificação” e “Data Final para Verificação” podem ser preenchidos
COE001074;COE001074 – Cesta de Put KO;11;Data inicial para verificação;Campo de preenchimento obrigatório, se indicado “Americana”. A partir de D+1 da “Data de Emissão” (ou “Emissão a Termo”) e menor que “Data Final para Verificação” Formato: DD/MM/AAAA.
COE001074;COE001074 – Cesta de Put KO;12;Data final para verificação;Campo de preenchimento obrigatório, se indicado “Americana”. Essa data deve ser posterior à indicada no campo “Data Inicial para “Verificação”, sendo que o prazo mínimo de dias entre as datas deve ser de 1 dia útil. Formato: DD/MM/AAAA.
COE001074;COE001074 – Cesta de Put KO;13;Strike 2(%);Campo de preenchimento obrigatório. Percentual aplicado sobre o Valor Inicial do Ativo Subjacente 2.
COE001074;COE001074 – Cesta de Put KO;14;Barreira cenário de baixa (%);Campo de preenchimento obrigatório. Indica o percentual a ser aplicado sobre o valor inicial do ativo subjacente. Formato: numérico com 4 inteiros e 8 decimais, sempre maior que zero
COE001074;COE001074 – Cesta de Put KO;15;Participação cenário de baixa 2 (%);Campo de preenchimento obrigatório. Número indicando percentual a ser aplicado sobre a desvalorização do ativo subjacente. Formato: Numérico com 6 inteiros e 4 decimais, maior que 0
COE001074;COE001074 – Cesta de Put KO;16;Barreira cenário de baixa 2 (%);Campo de preenchimento obrigatório. Indica o percentual a ser aplicado sobre o valor inicial do ativo subjacente. Formato: numérico com 4 inteiros e 8 decimais, sempre maior que zero
COE001074;COE001074 – Cesta de Put KO;17;Rebate no Cenário de Baixa 2 (%);Campo de preenchimento obrigatório. Formato: numérico com 4 inteiros e 4 decimais, maior ou igual a zero. Indica o percentual a ser aplicado sobre o VFE quando detectado que a cotação for maior que a barreira no período de verificação.
COE001074;COE001074 – Cesta de Put KO;18;Tipo de Fixing para Vencimento;Campo de preenchimento obrigatório quando no campo “Período de captura do ativo subjacente para liquidação” for selecionado “Janela de Datas” ou “Mais Datas”. Campo com os domínios: Máxima no Período, Mínima no Período e Média no Período Indica como será formado o fixing para o vencimento do COE. • Máximo no período: O sistema irá verificar a cotação de todas as datas do intervalo da “Data fixing” (inclusive) até a “Data Fixing 2” (inclusive) e utilizará a maior cotação do intervalo como fixing do evento. • Mínimo no período: O sistema irá verificar a cotação de todas as datas do intervalo da “Data fixing” (inclusive) até a “Data Fixing 2” (inclusive) e utilizará a menor cotação do intervalo como fixing do evento. • Média no período: O sistema irá verificar a cotação de todas as datas do intervalo da “Data fixing” (inclusive) até a “Data Fixing 2” (inclusive) e utilizará a média de todas as cotações do intervalo como fixing do evento.
COE001074;COE001074 – Cesta de Put KO;19;Quantidade 1;Campo de preenchimento opcional. Número indicando a quantidade de opções que devem ser utilizadas no Strike 1. Formato: Numérico com 8 inteiros e 8 decimais, maior que 0.
COE001074;COE001074 – Cesta de Put KO;20;Quantidade 2;Campo de preenchimento opcional. Informa a quantidade do ativo subjacente que é utilizado no cálculo de ajuste referente ao Strike 2. Formato: Numérico com 8 inteiros e 8 decimais.
COE001074;COE001074 – Cesta de Put KO;21;Quantidade 3;Campo de preenchimento opcional. Informa a quantidade do ativo subjacente que é utilizado no cálculo de ajuste referente ao Strike 3. Formato: Numérico com 8 inteiros e 8 decimais.
COE001074;COE001074 – Cesta de Put KO;22;Strike 3_ (%);Campo de preenchimento obrigatório. Percentual aplicado sobre o Valor Inicial do Ativo Subjacente 3.
COE001074;COE001074 – Cesta de Put KO;23;Participação cenário de Baixa 3_ (%);Campo de preenchimento obrigatório. Número indicando percentual a ser aplicado sobre a desvalorização do ativo subjacente. Formato: Numérico com 6 inteiros e 4 decimais, maior que 0
COE001074;COE001074 – Cesta de Put KO;24;Barreira no Cenário de Baixa 3 (%);Campo de preenchimento obrigatório. Indica o percentual a ser aplicado sobre o valor inicial do ativo subjacente. Formato: numérico com 4 inteiros e 8 decimais, sempre maior que zero
COE001074;COE001074 – Cesta de Put KO;25;Rebate no Cenário de Baixa 3 (%);Campo de preenchimento obrigatório. Formato: numérico com 4 inteiros e 4 decimais, maior ou igual a zero. Indica o percentual a ser aplicado sobre o VFE quando detectado que a cotação for maior que a barreira no período de verificação.
COE001075;COE001075 – Dual Digital;1;Strike 1 (%);Campo de preenchimento obrigatório. Percentual aplicado sobre o Valor Inicial do Ativo Subjacente. Formato: Numérico percentual com 4 inteiros e 8 decimais, maior que 0.
COE001075;COE001075 – Dual Digital;2;Participação 1(%);Campo de preenchimento obrigatório. Número indicando percentual a ser aplicado sobre a valorização do ativo subjacente. Formato: Numérico percentual com 4 inteiros e 8 decimais, maior que 0.
COE001075;COE001075 – Dual Digital;3;Valor Inicial Ativo Subjacente 1;Campo de preenchimento obrigatório. Valor inicial que serve para o cálculo (os percentuais indicados nos campos incidirão sobre este campo) de participação e strikes referentes ao Ativo Subjacente.
COE001075;COE001075 – Dual Digital;4;Trigger 1;Campo de preenchimento obrigatório. Indica a forma de atingimento do verificador definido para o Ativo Subjacente. Campo com as opções: Acima e Abaixo.
COE001075;COE001075 – Dual Digital;5;Strike 2 (%);Campo de preenchimento obrigatório. Percentual aplicado sobre o Valor Inicial do Ativo Subjacente. Formato: Numérico percentual com 4 inteiros e 8 decimais, maior que 0.
COE001075;COE001075 – Dual Digital;6;Participação 2(%);Campo de preenchimento obrigatório. Número indicando percentual a ser aplicado sobre a valorização do Ativo Subjacente. Formato: Numérico percentual com 4 inteiros e 8 decimais, maior que 0.
COE001075;COE001075 – Dual Digital;7;Valor Inicial Ativo Subjacente 2;Campo de preenchimento obrigatório. Valor inicial que serve para o cálculo (os percentuais indicados nos campos incidirão sobre este campo) de participação e strikes referentes ao Ativo Subjacente.
COE001075;COE001075 – Dual Digital;8;Trigger 2;Campo de preenchimento obrigatório. Indica a forma de atingimento do verificador definido para o Ativo Subjacente. Campo com as opções: Acima e Abaixo.
COE001075;COE001075 – Dual Digital;9;Período de captura do ativo subjacente para liquidação;Campo de preenchimento obrigatório. Campo com as opções: Data Única, Janela de Datas e Mais Datas. Indica como será formado o fixing no vencimento. Caso o ativo subjacente seja uma Cesta, não é permitido selecionar a opção “Janela de Datas” Se indicado Janela de Datas ou Mais Datas, será obrigatório o preenchimento do campo “Tipo de Fixing para Vencimento”. Caso seja indicado “Mais Datas” as datas serão indicadas na seção “Mais Datas”.
COE001075;COE001075 – Dual Digital;10;Data para fixing;"Campo de preenchimento obrigatório, se indicado ""Data única"". Formato: DD/MM/AAAA. Não preencher se a “Classe do Ativo Subjacente” for igual a “CESTA”."
COE001075;COE001075 – Dual Digital;11;Data inicial para fixing;"Campo de preenchimento obrigatório, se indicado ""Janela de datas"". Formato: DD/MM/AAAA. Não preencher se a “Classe do Ativo Subjacente” for igual a “CESTA”. É possível escolher uma data maior ou igual à “Data de Emissão” (ou “Emissão a Termo”), e menor que “Data Final para Fixing”."
COE001075;COE001075 – Dual Digital;12;Data final para fixing;"Campo de preenchimento obrigatório, se indicado ""Janela de datas"". Formato: DD/MM/AAAA. Não preencher se a “Classe do Ativo Subjacente” for igual a “CESTA”. Esta data deve ser posterior à indicada no campo “Data Inicial para Fixing”, sendo que o prazo máximo de dias entre a “Data Final para Fixing” e o vencimento é de 5 dias úteis e o prazo mínimo entre estas datas é 1 dia útil."
COE001075;COE001075 – Dual Digital;13;Tipo verificação dos indexadores;Campo de preenchimento obrigatório. Indica o tipo de verificação dos ativos no vencimento, podendo ser dependentes ou independentes entre si. Campo com as opções: Dependente, Independente.
COE001075;COE001075 – Dual Digital;14;Data inicial para verificação;Campo de preenchimento obrigatório, se indicado “Americana”. A partir de D+1 da “Data de Emissão” (ou “Emissão a Termo”) e menor que “Data Final para Verificação” Formato: DD/MM/AAAA.
COE001075;COE001075 – Dual Digital;15;Data final para verificação;Campo de preenchimento obrigatório, se indicado “Americana”. Essa data deve ser posterior à indicada no campo “Data Inicial para Verificação”, sendo que o prazo mínimo de dias entre as datas deve ser de 1 dia útil. Formato: DD/MM/AAAA.
COE001075;COE001075 – Dual Digital;16;Período de verificação de barreiras;Campo de preenchimento obrigatório. Se indicado “Europeia” apenas a “Data para Fixing” pode ser preenchido. Se indicado “Americana” apenas a “Data Inicial para Verificação” e “Data Final para Verificação” podem ser preenchidos. Campo com as opções: Americana e Europeia.
COE001075;COE001075 – Dual Digital;17;Rebate KO(%);Campo de preenchimento obrigatório. Formato: numérico com 4 inteiros e 4 decimais, maior ou igual a zero. Indica o percentual a ser aplicado sobre o VFE quando a cotação do ativo atingir a barreira de knock out durante o período verificação.
COE001077;COE001077 – Cesta de Call KO + Call;1;Strike 1 (%);Campo de preenchimento obrigatório. Percentual aplicado sobre o Valor Inicial do Ativo Subjacente. Formato: Numérico percentual com 4 inteiros e 8 decimais, maior que 0.
COE001077;COE001077 – Cesta de Call KO + Call;2;Participação cenário de alta (%);Campo de preenchimento obrigatório. Número indicando percentual a ser aplicado sobre a valorização do ativo subjacente. Formato: Numérico com 4 inteiros e 4 decimais, maior que 0.
COE001077;COE001077 – Cesta de Call KO + Call;3;Barreira cenário de alta (%);Campo de preenchimento obrigatório. Formato: numérico com 4 inteiros e 8 decimais, sempre maior que zero. Indica o percentual a ser aplicado sobre o valor inicial do ativo.
COE001077;COE001077 – Cesta de Call KO + Call;4;Rebate no Cenário de Alta (%);Campo de preenchimento obrigatório. Formato: numérico com 4 inteiros e 4 decimais, maior ou igual a zero. Indica o percentual a ser aplicado sobre o VFE quando detectado que a cotação for maior que a barreira no período de verificação.
COE001077;COE001077 – Cesta de Call KO + Call;5;Período de captura do ativo subjacente para liquidação;"Campo de preenchimento obrigatório, se indicado ""Janela de datas"". Formato: DD/MM/AAAA. Não preencher se a “Classe do Ativo Subjacente” for igual a “CESTA”. É possível escolher uma data maior ou igual à “Data de Emissão” (ou “Emissão a Termo”), e menor que “Data Final para Fixing”."
COE001077;COE001077 – Cesta de Call KO + Call;6;Data para fixing;"Campo de preenchimento obrigatório, se indicado ""Data única"". Formato: DD/MM/AAAA. Não preencher se a “Classe do Ativo Subjacente” for igual a “CESTA”"
COE001077;COE001077 – Cesta de Call KO + Call;7;Data inicial para fixing;"Campo de preenchimento obrigatório, se indicado ""Janela de datas"". Formato: DD/MM/AAAA. Não preencher se a “Classe do Ativo Subjacente” for igual a “CESTA”. A partir de D+0 da “Data de Emissão” (ou “Emissão a Termo”), e menor que “Data Final para Fixing”."
COE001077;COE001077 – Cesta de Call KO + Call;8;Data final para fixing;"Campo de preenchimento obrigatório, se indicado ""Janela de datas"". Formato: DD/MM/AAAA. Não preencher se a “Classe do Ativo Subjacente” for igual a “CESTA”. Esta data deve ser posterior à indicada no campo “Data Inicial para Fixing”, sendo que o prazo máximo de dias entre a “Data Final para Fixing” e o vencimento é de 5 dias úteis e o prazo mínimo entre estas datas é 1 dia útil."
COE001077;COE001077 – Cesta de Call KO + Call;9;Tipo de Cotação para Liquidação;Campo de preenchimento obrigatório. Não preencher se a “Classe do Ativo Subjacente” for igual a “CESTA”. Indicação de qual será a cotação a ser considerada. Campo com as opções: Fechamento, Média, Máximo, Mínimo e Ajuste
COE001077;COE001077 – Cesta de Call KO + Call;10;Tipo de cotação para verificação de barreira cenario de alta;Campo de preenchimento obrigatório. Tipo de cotação a ser considerada na verificação da barreira de knock out. Campo com as opções: Fechamento, Média, Máximo, Mínimo e Ajuste.
COE001077;COE001077 – Cesta de Call KO + Call;11;Periodo de verificação de Barreiras;Campo de preenchimento obrigatório. Campo com as opções: Americana e Europeia. Se indicado “Europeia” apenas a “Data para Fixing” pode ser preenchido. Se indicado “Americana” apenas a “Data Inicial para Verificação” e “Data Final para Verificação” podem ser preenchidos.
COE001077;COE001077 – Cesta de Call KO + Call;12;Data inicial para Verificação;Campo de preenchimento obrigatório, se indicado “Americana”. A partir de D+1 da “Data de Emissão” (ou “Emissão a Termo”) e menor que “Data Final para Verificação”. Formato: DD/MM/AAAA.
COE001077;COE001077 – Cesta de Call KO + Call;13;Data final para Verificação;Campo de preenchimento obrigatório, se indicado “Americana”. Essa data deve ser posterior à indicada no campo “Data Inicial para Verificação”, sendo que o prazo mínimo de dias entre as datas deve ser de 1 dia útil. Formato: DD/MM/AAAA.
COE001077;COE001077 – Cesta de Call KO + Call;14;Tipo de Fixing para Vencimento;Campo de preenchimento obrigatório quando no campo “Período de captura do ativo subjacente para liquidação” for selecionado “Janela de Datas” ou “Mais Datas”. Campo com os domínios: Máxima no Período, Mínima no Período e Média no Período Indica como será formado o fixing para o vencimento do COE. • Máximo no período: O sistema irá verificar a cotação de todas as datas do intervalo da “Data fixing” (inclusive) até a “Data Fixing 2” (inclusive) e utilizará a maior cotação do intervalo como fixing do evento. • Mínimo no período: O sistema irá verificar a cotação de todas as datas do intervalo da “Data fixing” (inclusive) até a “Data Fixing 2” (inclusive) e utilizará a menor cotação do intervalo como fixing do evento. • Média no período: O sistema irá verificar a cotação de todas as datas do intervalo da “Data fixing” (inclusive) até a “Data Fixing 2” (inclusive) e utilizará a média de todas as cotações do intervalo como fixing do evento.
COE001077;COE001077 – Cesta de Call KO + Call;15;Quantidade 1;Campo de preenchimento opcional. Número indicando a quantidade de opções que devem ser utilizadas na operação. Formato: Numérico com 8 inteiros e 8 decimais, maior que 0.
COE001077;COE001077 – Cesta de Call KO + Call;16;Strike 2(%);Campo de preenchimento obrigatório. Percentual aplicado sobre o Valor Inicial do Ativo Subjacente.
COE001077;COE001077 – Cesta de Call KO + Call;17;Barreira cenário de alta 2 (%);Campo de preenchimento obrigatório. Barreira de KO2. Indica o percentual sobre o valor inicial do Ativo Subjacente. Formato: Numérico com 4 inteiros e 8 decimais, maior que o Strike 2 (%) e maior que zero.
COE001077;COE001077 – Cesta de Call KO + Call;18;Rebate no Cenário de Alta 2 (%);Campo de preenchimento obrigatório. Indica percentual a ser aplicado sobre o Valor Financeiro de Emissão caso a barreira de KO2 seja atingida no período de verificação. Formato: numérico com 4 inteiros e 4 decimais, maior ou igual a zero.
COE001077;COE001077 – Cesta de Call KO + Call;19;Strike 3 (%);Campo de preenchimento obrigatório. Percentual aplicado sobre o Valor Inicial do Ativo Subjacente.
COE001077;COE001077 – Cesta de Call KO + Call;20;Barreira no Cenário de Alta 3 (%);Campo de preenchimento obrigatório. Barreira de KO3. Indica o percentual sobre o valor inicial do Ativo Subjacente. Formato: Numérico com 4 inteiros e 8 decimais, maior que o Strike 3 (%) e maior que zero.
COE001077;COE001077 – Cesta de Call KO + Call;21;Rebate no Cenário de Alta 3 (%);Campo de preenchimento obrigatório. Indica percentual a ser aplicado sobre o Valor Financeiro de Emissão caso a barreira de KO3 seja atingida no período de verificação. Formato: numérico com 4 inteiros e 4 decimais, maior ou igual a zero.
COE001077;COE001077 – Cesta de Call KO + Call;22;Strike 4 (%);Campo de preenchimento obrigatório. Percentual aplicado sobre o Valor Inicial do Ativo Subjacente.
COE001077;COE001077 – Cesta de Call KO + Call;23;Barreira no Cenário de Alta 4 (%);Campo de preenchimento obrigatório. Barreira de KO4. Indica o percentual sobre o valor inicial do Ativo Subjacente. Formato: Numérico com 4 inteiros e 8 decimais, maior que o Strike 4 (%) e maior que zero.
COE001077;COE001077 – Cesta de Call KO + Call;24;Rebate no Cenário de Alta 4 (%);Campo de preenchimento obrigatório. Indica percentual a ser aplicado sobre o Valor Financeiro de Emissão caso a barreira de KO4 seja atingida no período de verificação. Formato: numérico com 4 inteiros e 4 decimais, maior ou igual a zero
COE001077;COE001077 – Cesta de Call KO + Call;25;Strike 5(%);Campo de preenchimento obrigatório. Percentual aplicado sobre o Valor Inicial do Ativo Subjacente.
COE001077;COE001077 – Cesta de Call KO + Call;26;Barreira no Cenário de Alta 5 (%);Campo de preenchimento obrigatório. Barreira de KO5. Indica o percentual sobre o valor inicial do Ativo Subjacente. Formato: Numérico com 4 inteiros e 8 decimais, maior que o Strike 4 (%) e maior que zero.
COE001077;COE001077 – Cesta de Call KO + Call;27;Rebate no Cenário de Alta 5 (%);Campo de preenchimento obrigatório. Indica percentual a ser aplicado sobre o Valor Financeiro de Emissão caso a barreira de KO5 seja atingida no período de verificação. Formato: numérico com 4 inteiros e 4 decimais, maior ou igual a zero.
COE001077;COE001077 – Cesta de Call KO + Call;28;Strike 6(%);Campo de preenchimento opcional. Percentual aplicado sobre o Valor Inicial do Ativo Subjacente.
COE001077;COE001077 – Cesta de Call KO + Call;29;Barreira no Cenário de Alta 6 (%);Campo de preenchimento opcional. Barreira de KO6. Indica o percentual sobre o valor inicial do Ativo Subjacente. Formato: Numérico com 4 inteiros e 8 decimais, maior que o Strike 4 (%) e maior que zero.
COE001077;COE001077 – Cesta de Call KO + Call;30;Rebate no Cenário de Alta 6 (%);Campo de preenchimento opcional. Indica percentual a ser aplicado sobre o Valor Financeiro de Emissão caso a barreira de KO6 seja atingida no período de verificação. Formato: numérico com 4 inteiros e 4 decimais, maior ou igual a zero.
COE001077;COE001077 – Cesta de Call KO + Call;31;Strike 7(%);Campo de preenchimento opcional. Percentual aplicado sobre o Valor Inicial do Ativo Subjacente.
COE001077;COE001077 – Cesta de Call KO + Call;32;Barreira no Cenário de Alta 7 (%);Campo de preenchimento opcional. Barreira de KO7. Indica o percentual sobre o valor inicial do Ativo Subjacente. Formato: Numérico com 4 inteiros e 8 decimais, maior que o Strike 4 (%) e maior que zero.
COE001077;COE001077 – Cesta de Call KO + Call;33;Rebate no Cenário de Alta 7 (%);Campo de preenchimento opcional. Indica percentual a ser aplicado sobre o Valor Financeiro de Emissão caso a barreira de KO7 seja atingida no período de verificação. Formato: numérico com 4 inteiros e 4 decimais, maior ou igual a zero.
COE001077;COE001077 – Cesta de Call KO + Call;34;Strike 8(%);Campo de preenchimento opcional. Percentual aplicado sobre o Valor Inicial do Ativo Subjacente.
COE001077;COE001077 – Cesta de Call KO + Call;35;Barreira no Cenário de Alta 8 (%);Campo de preenchimento opcional. Barreira de KO8. Indica o percentual sobre o valor inicial do Ativo Subjacente. Formato: Numérico com 4 inteiros e 8 decimais, maior que o Strike 4 (%) e maior que zero.
COE001077;COE001077 – Cesta de Call KO + Call;36;Rebate no Cenário de Alta 8 (%);Campo de preenchimento opcional. Indica percentual a ser aplicado sobre o Valor Financeiro de Emissão caso a barreira de KO8 seja atingida no período de verificação. Formato: numérico com 4 inteiros e 4 decimais, maior ou igual a zero.
COE001077;COE001077 – Cesta de Call KO + Call;37;Strike 9(%);Campo de preenchimento opcional. Percentual aplicado sobre o Valor Inicial do Ativo Subjacente.
COE001077;COE001077 – Cesta de Call KO + Call;38;Barreira no Cenário de Alta 9 (%);Campo de preenchimento opcional. Barreira de KO9. Indica o percentual sobre o valor inicial do Ativo Subjacente. Formato: Numérico com 4 inteiros e 8 decimais, maior que o Strike 4 (%) e maior que zero.
COE001077;COE001077 – Cesta de Call KO + Call;39;Rebate no Cenário de Alta 9 (%);Campo de preenchimento opcional. Indica percentual a ser aplicado sobre o Valor Financeiro de Emissão caso a barreira de KO9 seja atingida no período de verificação. Formato: numérico com 4 inteiros e 4 decimais, maior ou igual a zero.
COE001077;COE001077 – Cesta de Call KO + Call;40;Strike 10(%);Campo de preenchimento opcional. Percentual aplicado sobre o Valor Inicial do Ativo Subjacente.
COE001077;COE001077 – Cesta de Call KO + Call;41;Barreira no Cenário de Alta 10 (%);Campo de preenchimento opcional. Barreira de KO10. Indica o percentual sobre o valor inicial do Ativo Subjacente. Formato: Numérico com 4 inteiros e 8 decimais, maior que o Strike 4 (%) e maior que zero.
COE001077;COE001077 – Cesta de Call KO + Call;42;Rebate no Cenário de Alta 10 (%);Campo de preenchimento opcional. Indica percentual a ser aplicado sobre o Valor Financeiro de Emissão caso a barreira de KO10 seja atingida no período de verificação. Formato: numérico com 4 inteiros e 4 decimais, maior ou igual a zero.
COE001077;COE001077 – Cesta de Call KO + Call;43;Strike 11(%);Campo de preenchimento obrigatório. Percentual aplicado sobre o Valor Inicial da Call Vanilla.
COE001078;Figura COE 001078 – COE de Crédito – CDS;1;Nome do Campo;Descrição Dados do Ativo de Crédito
COE001078;Figura COE 001078 – COE de Crédito – CDS;2;Deslocamento do accrual do DI;Campo de preenchimento obrigatório. Informar se haverá deslocamento no cálculo do accrual do DI, em relação a data de fluxo do COE* Campo com as opções de D-1 a D-30 *: Para mais informações sobre o cálculo, consultar o Caderno de Fórmulas – COE.
COE001078;Figura COE 001078 – COE de Crédito – CDS;3;Entidade de referência;Campo de preenchimento obrigatório. Emissora, devedora ou garantidora das obrigações financeiras Formato: Texto com 40 posições
COE001078;Figura COE 001078 – COE de Crédito – CDS;4;Obrigação de referência;Campo de preenchimento opcional. Obrigação financeira da entidade de referência discriminada no COE Formato: Texto com 40 posições
COE001078;Figura COE 001078 – COE de Crédito – CDS;5;Quantidade de obrigações;Campo de preenchimento obrigatório. Informar se a obrigação de referência será com base em um ativo ou em uma cesta/entidade de referência. Campo com as opções: Single name, Cesta
COE001078;Figura COE 001078 – COE de Crédito – CDS;6;Agente de cálculo;Campo de preenchimento obrigatório. Informar a entidade responsável pela apuração dos valores a serem pagos ou das obrigações de referência a serem entregues pelo emissor do COE Campo com a opção: Emissor
COE001078;Figura COE 001078 – COE de Crédito – CDS;7;Determinação de ocorrência de evento;Campo de preenchimento obrigatório. Informar a entidade responsável pela comunicação da ocorrência do evento de crédito Campo com a opção: Emissor
COE001078;Figura COE 001078 – COE de Crédito – CDS;8;Condições para liquidação;Campo de preenchimento opcional. Informar as condições para liquidação antecipada Formato: Texto com 40 posições
COE001078;Figura COE 001078 – COE de Crédito – CDS;9;Liquidação em caso de evento de crédito (Recovery Value)* * Valor recuperado em decorrência do atingimento de um ou mais eventos de crédito estabelecidos na(s) documentação(ões) da emissão.;Campo de preenchimento obrigatório. Informar como ocorrerá a liquidação do ativo em caso de evento de crédito. Formato: Texto com 40 posições
COE001078;Figura COE 001078 – COE de Crédito – CDS;10;Taxa de proteção* *Remuneração paga ao investidor para que assuma o risco de crédito da entidade/obrigação de referência do COE.;Campo de preenchimento obrigatório. Informar a remuneração recebida por assumir o risco de crédito Formato: Texto com 40 posições Eventos de Crédito
COE001078;Figura COE 001078 – COE de Crédito – CDS;11;Falha de pagamento;Campo de preenchimento opcional. Campo com a opção: Sim
COE001078;Figura COE 001078 – COE de Crédito – CDS;12;Falência ou similar;Campo de preenchimento opcional. Campo com a opção: Sim
COE001078;Figura COE 001078 – COE de Crédito – CDS;13;Reestruturação;Campo de preenchimento opcional. Campo com a opção: Sim
COE001078;Figura COE 001078 – COE de Crédito – CDS;14;Vencimento antecipado de obrigações;Campo de preenchimento opcional. Campo com a opção: Sim
COE001078;Figura COE 001078 – COE de Crédito – CDS;15;Descumprimento de obrigações;Campo de preenchimento opcional. Campo com a opção: Sim
COE001078;Figura COE 001078 – COE de Crédito – CDS;16;Repúdio ou moratória;Campo de preenchimento opcional. Campo com a opção: Sim
COE001078;Figura COE 001078 – COE de Crédito – CDS;17;Intervenção estatal;Campo de preenchimento opcional. Campo com a opção: Sim
COE001079;Figura COE 001079 – COE de Crédito – CDS + Call;1;Nome do Campo;Descrição
COE001079;Figura COE 001079 – COE de Crédito – CDS + Call;2;Ativo subjacente Call;Campo de preenchimento obrigatório Formato: Texto com 40 posições Informar o ativo subjacente referência para a Call
COE001079;Figura COE 001079 – COE de Crédito – CDS + Call;3;Preço inicial Call;Campo de preenchimento obrigatório Formato: Numérico percentual com 4 inteiros e 8 decimais, maior que 0. Informar a cotação inicial do ativo subjacente referência para a Call.
COE001079;Figura COE 001079 – COE de Crédito – CDS + Call;4;Strike 1 (%);Campo de preenchimento obrigatório. Formato: Numérico percentual com 4 inteiros e 8 decimais, maior que 0. Percentual aplicado sobre o Valor Inicial do Ativo Subjacente.
COE001079;Figura COE 001079 – COE de Crédito – CDS + Call;5;Quantidade 1;Campo de preenchimento opcional. Informa a quantidade do ativo subjacente que é utilizado no cálculo de ajuste referente ao Strike 1. Formato: Numérico com 8 inteiros e 8 decimais.
COE001079;Figura COE 001079 – COE de Crédito – CDS + Call;6;Participação cenário de alta (%);Campo de preenchimento obrigatório. Número indicando percentual a ser aplicado sobre a valorização do ativo subjacente. Formato: Numérico com 4 inteiros e 4 decimais, maior que 0.
COE001079;Figura COE 001079 – COE de Crédito – CDS + Call;7;Período de captura do ativo subjacente para liquidação;Campo de preenchimento obrigatório. Campo com as opções: Data Única, Janela de Datas e Mais Datas. Indica como será formado o fixing no vencimento. Caso o ativo subjacente seja uma Cesta, não é permitido selecionar a opção “Janela de Datas” Se indicado Janela de Datas ou Mais Datas, será obrigatório o preenchimento do campo “Tipo de Fixing para Vencimento”. Caso seja indicado “Mais Datas” as datas serão indicadas na seção “Mais Datas”.
COE001079;Figura COE 001079 – COE de Crédito – CDS + Call;8;Data inicial para fixing;"Campo de preenchimento obrigatório, se indicado ""Janela de datas"". Formato: DD/MM/AAAA. Não preencher se a “Classe do Ativo Subjacente” for igual a “CESTA”. É possível escolher uma data maior ou igual à “Data de Emissão” (ou “Emissão a Termo”), e menor que “Data Final para Fixing”."
COE001079;Figura COE 001079 – COE de Crédito – CDS + Call;9;Data final para fixing;"Campo de preenchimento obrigatório, se indicado ""Janela de datas"". Formato: DD/MM/AAAA. Não preencher se a “Classe do Ativo Subjacente” for igual a “CESTA”. Esta data deve ser posterior à indicada no campo “Data Inicial para Fixing”, sendo que o prazo máximo de dias entre a “Data Final para Fixing” e o vencimento é de 5 dias úteis e o prazo mínimo entre estas datas é 1 dia útil."
COE001079;Figura COE 001079 – COE de Crédito – CDS + Call;10;Data para fixing;"Campo de preenchimento obrigatório, se indicado ""Data única"". Formato: DD/MM/AAAA. Não preencher se a “Classe do Ativo Subjacente” for igual a “CESTA”."
COE001079;Figura COE 001079 – COE de Crédito – CDS + Call;11;Tipo de cotação para liquidação;Campo de preenchimento obrigatório. Não preencher se a “Classe do Ativo Subjacente” for igual a “CESTA”. Indicação de qual será a cotação a ser considerada na liquidação da operação. Campo com as opções: Fechamento, Média, Máximo, Mínimo e Ajuste.
COE001079;Figura COE 001079 – COE de Crédito – CDS + Call;12;Tipo de fixing para vencimento;Campo de preenchimento obrigatório quando no campo “Período de captura do ativo subjacente para liquidação” for selecionado “Janela de Datas” ou “Mais Datas”. Campo com os domínios: Máxima no Período, Mínima no Período e Média no Período Indica como será formado o fixing para o vencimento do COE. • Máximo no período: O sistema irá verificar a cotação de todas as datas do intervalo da “Data fixing” (inclusive) até a “Data Fixing 2” (inclusive) e utilizará a maior cotação do intervalo como fixing do evento. • Mínimo no período: O sistema irá verificar a cotação de todas as datas do intervalo da “Data fixing” (inclusive) até a “Data Fixing 2” (inclusive) e utilizará a menor cotação do intervalo como fixing do evento. • Média no período: O sistema irá verificar a cotação de todas as datas do intervalo da “Data fixing” (inclusive) até a “Data Fixing 2” (inclusive) e utilizará a média de todas as cotações do intervalo como fixing do evento. Dados do Ativo de Crédito
COE001079;Figura COE 001079 – COE de Crédito – CDS + Call;13;Deslocamento do accrual do DI;Campo de preenchimento opcional. Informar se haverá deslocamento no cálculo do accrual do DI, em relação a data de fluxo do COE* Campo com as opções de D-1 a D-30 *: Para mais informações sobre o cálculo, consultar o Caderno de Fórmulas – COE.
COE001079;Figura COE 001079 – COE de Crédito – CDS + Call;14;Entidade de referência;Campo de preenchimento obrigatório. Emissora, devedora ou garantidora das obrigações financeiras Formato: Texto com 40 posições
COE001079;Figura COE 001079 – COE de Crédito – CDS + Call;15;Obrigação de referência;Campo de preenchimento opcional. Obrigação financeira da entidade de referência discriminada no COE Formato: Texto com 40 posições
COE001079;Figura COE 001079 – COE de Crédito – CDS + Call;16;Quantidade de obrigações;Campo de preenchimento obrigatório. Informar se a obrigação de referência será com base em um ativo ou em uma cesta/entidade de referência. Campo com as opções: Single name, Cesta
COE001079;Figura COE 001079 – COE de Crédito – CDS + Call;17;Agente de cálculo;Campo de preenchimento obrigatório. Informar a entidade responsável pela apuração dos valores a serem pagos ou das obrigações de referência a serem entregues pelo emissor do COE Campo com a opção: Emissor
COE001079;Figura COE 001079 – COE de Crédito – CDS + Call;18;Determinação de ocorrência de evento;Campo de preenchimento obrigatório. Informar a entidade responsável pela comunicação da ocorrência do evento de crédito Campo com a opção: Emissor
COE001079;Figura COE 001079 – COE de Crédito – CDS + Call;19;Condições para liquidação;Campo de preenchimento obrigatório. Informar as condições para liquidação antecipada Formato: Texto com 40 posições
COE001079;Figura COE 001079 – COE de Crédito – CDS + Call;20;Liquidação em caso de evento de crédito (Recovery Value);Campo de preenchimento obrigatório. Informar como ocorrerá a liquidação do ativo em caso de evento de crédito. Formato: Texto com 40 posições Eventos de Crédito
COE001079;Figura COE 001079 – COE de Crédito – CDS + Call;21;Falha de pagamento;Campo de preenchimento opcional. Campo com a opção: Sim
COE001079;Figura COE 001079 – COE de Crédito – CDS + Call;22;Falência ou similar;Campo de preenchimento opcional. Campo com a opção: Sim
COE001079;Figura COE 001079 – COE de Crédito – CDS + Call;23;Reestruturação;Campo de preenchimento opcional. Campo com a opção: Sim
COE001079;Figura COE 001079 – COE de Crédito – CDS + Call;24;Vencimento antecipado de obrigações;Campo de preenchimento opcional. Campo com a opção: Sim
COE001079;Figura COE 001079 – COE de Crédito – CDS + Call;25;Descumprimento de obrigações;Campo de preenchimento opcional. Campo com a opção: Sim
COE001079;Figura COE 001079 – COE de Crédito – CDS + Call;26;Repúdio ou moratória;Campo de preenchimento opcional. Campo com a opção: Sim
COE001079;Figura COE 001079 – COE de Crédito – CDS + Call;27;Intervenção estatal;Campo de preenchimento opcional. Campo com a opção: Sim
COE001080;Figura COE 001080 – COE de Crédito – TRS;1;Nome do Campo;Descrição
COE001080;Figura COE 001080 – COE de Crédito – TRS;2;Deslocamento do accrual do DI;Campo de preenchimento opcional. Informar se haverá deslocamento no cálculo do accrual do DI, em relação a data de fluxo do COE* Campo com as opções de D-1 a D-30 *: Para mais informações sobre o cálculo, consultar o Caderno de Fórmulas – COE.
COE001080;Figura COE 001080 – COE de Crédito – TRS;3;Entidade de referência;Campo de preenchimento obrigatório. Emissora, devedora ou garantidora das obrigações financeiras Formato: Texto com 40 posições
COE001080;Figura COE 001080 – COE de Crédito – TRS;4;Obrigação de referência;Campo de preenchimento opcional. Obrigação financeira da entidade de referência discriminada no COE Formato: Texto com 40 posições
COE001080;Figura COE 001080 – COE de Crédito – TRS;5;Quantidade de obrigações;Campo de preenchimento obrigatório. Informar se a obrigação de referência será com base em um ativo ou em uma cesta/entidade de referência. Campo com as opções: Single name, Cesta
COE001080;Figura COE 001080 – COE de Crédito – TRS;6;Agente de cálculo;Campo de preenchimento obrigatório. Informar a entidade responsável pela apuração dos valores a serem pagos ou das obrigações de referência a serem entregues pelo emissor do COE Campo com a opção: Emissor
COE001080;Figura COE 001080 – COE de Crédito – TRS;7;Determinação de ocorrência de evento;Campo de preenchimento obrigatório. Informar a entidade responsável pela comunicação da ocorrência do evento de crédito Campo com a opção: Emissor
COE001080;Figura COE 001080 – COE de Crédito – TRS;8;Condições para liquidação;Campo de preenchimento obrigatório. Informar as condições para liquidação antecipada Formato: Texto com 40 posições
COE001080;Figura COE 001080 – COE de Crédito – TRS;9;Liquidação em caso de evento de crédito (Recovery Value);Campo de preenchimento obrigatório. Informar como ocorrerá a liquidação do ativo em caso de evento de crédito. Formato: Texto com 40 posições Eventos de Crédito
COE001080;Figura COE 001080 – COE de Crédito – TRS;10;Falha de pagamento;Campo de preenchimento opcional. Campo com a opção: Sim
COE001080;Figura COE 001080 – COE de Crédito – TRS;11;Falência ou similar;Campo de preenchimento opcional. Campo com a opção: Sim
COE001080;Figura COE 001080 – COE de Crédito – TRS;12;Reestruturação;Campo de preenchimento opcional. Campo com a opção: Sim
COE001080;Figura COE 001080 – COE de Crédito – TRS;13;Vencimento antecipado de obrigações;Campo de preenchimento opcional. Campo com a opção: Sim
COE001080;Figura COE 001080 – COE de Crédito – TRS;14;Descumprimento de obrigações;Campo de preenchimento opcional. Campo com a opção: Sim
COE001080;Figura COE 001080 – COE de Crédito – TRS;15;Repúdio ou moratória;Campo de preenchimento opcional. Campo com a opção: Sim
COE001080;Figura COE 001080 – COE de Crédito – TRS;16;Intervenção estatal;Campo de preenchimento opcional. Campo com a opção: Sim
COE001081;Figura COE001081 – Call + Foward;1;Strike 1 (%);Campo de preenchimento obrigatório. É possível indicar nos seguintes formatos Percentual aplicado sobre o Valor Inicial do Ativo Subjacente. Formato: Numérico percentual com 4 inteiros e 8 decimais *Campo necessariamente deve ser informado em pontos
COE001081;Figura COE001081 – Call + Foward;2;Quantidade 1;Campo de preenchimento opcional. Informa a quantidade do ativo subjacente que é utilizado no cálculo de ajuste referente ao Strike 1. Formato: Numérico com 8 inteiros e 8 decimais.
COE001081;Figura COE001081 – Call + Foward;3;Strike 2 (%);Campo de preenchimento obrigatório. É possível indicar nos seguintes formatos Percentual aplicado sobre o Valor Inicial do Ativo Subjacente. Formato: Numérico percentual com 4 inteiros e 8 decimais *Campo necessariamente deve ser informado em pontos
COE001081;Figura COE001081 – Call + Foward;4;Quantidade 2;Campo de preenchimento opcional. Informa a quantidade do ativo subjacente que é utilizado no cálculo de ajuste referente ao Strike 2 Formato: Número com 8 inteiros e 8 decimais.
COE001081;Figura COE001081 – Call + Foward;5;Período de captura do ativo subjacente para liquidação;Campo de preenchimento obrigatório. Campo com as opções: Data Única, Janela de Datas e Mais Datas. Indica como será formado o fixing no vencimento. Caso o ativo subjacente seja uma Cesta,não é permitido selecionar a opção “Janela de Datas” Se indicado Janela de Datas ou Mais Datas, será obrigatório o preenchimento do campo “Tipo de Fixing para Vencimento”. Caso seja indicado “Mais Datas” as datas serão indicadas na seção “Mais Datas”.
COE001081;Figura COE001081 – Call + Foward;6;Data inicial para fixing;"Campo de preenchimento obrigatório, se indicado ""Janela de datas"". É possível escolher uma data maior ou igual à “Data de Emissão” (ou “Emissão a Termo”), e menor que “Data Final para Fixing”. Formato: DD/MM/AAAA. Não preencher se a “Classe do Ativo Subjacente” for igual a “CESTA”."
COE001081;Figura COE001081 – Call + Foward;7;Data final para fixing;"Campo de preenchimento obrigatório, se indicado ""Janela de datas"". Esta data deve ser posterior à indicada no campo “Data Inicial para Fixing”, sendo que o prazo máximo de dias entre a “Data Final para Fixing” e o vencimento é de 5 dias úteis e o prazo mínimo entre estas datas é 1 dia útil. Formato: DD/MM/AAAA. Não preencher se a “Classe do Ativo Subjacente” for igual a “CESTA”."
COE001081;Figura COE001081 – Call + Foward;8;Data para fixing;"Campo de preenchimento obrigatório, se indicado ""Data única"". Formato: DD/MM/AAAA. Não preencher se a “Classe do Ativo Subjacente” for igual a “CESTA”."
COE001081;Figura COE001081 – Call + Foward;9;Tipo de Cotação para Liquidação;Campo de preenchimento obrigatório. Não preencher se a “Classe do Ativo Subjacente” for igual a “CESTA”. Indicação de qual será a cotação a ser considerada na liquidação da operação. Campo com as opções: Fechamento, Média, Máximo, Mínimo e Ajuste.
COE001081;Figura COE001081 – Call + Foward;10;Strike 3 (%);Campo de preenchimento obrigatório. É possível indicar nos seguintes formatos Percentual aplicado sobre o Valor Inicial do Ativo Subjacente. Formato: Numérico percentual com 4 inteiros e 8 decimais
COE001081;Figura COE001081 – Call + Foward;11;Strike 4 (%);Campo de preenchimento obrigatório. É possível indicar nos seguintes formatos Percentual aplicado sobre o Valor Inicial do Ativo Subjacente. Formato: Numérico percentual com 4 inteiros e 8 decimais
COE001081;Figura COE001081 – Call + Foward;12;Cupom remunerador adicional (%);Campo de preenchimento obrigatório. Indica o cupom a ser pago se a cotação estiver entre o Strike 3 e o Strike 4 Formato: Numérico com 5 inteiros e 4 decimais, incluindo o sinal “-“ e “+”. A não indicação do sinal deve ser considerada como “+”
COE001081;Figura COE001081 – Call + Foward;13;Tipo de Fixing para Vencimento;Campo de preenchimento obrigatório quando no campo “Período de captura do ativo subjacente para liquidação” for selecionado “Janela de Datas” ou “Mais Datas” . Campo com os domínios: Máxima no Período, Mínima no Período e Média no Período Indica como será formado o fixing para o vencimento do COE. • Máximo no período: O sistema irá verificar a cotação de todas as datas do intervalo da “Data fixing” (inclusive) até a “Data Fixing 2” (inclusive) e utilizará a maior cotação do intervalo como fixing do evento. • Mínimo no período: O sistema irá verificar a cotação de todas as datas do intervalo da “Data fixing” (inclusive) até a “Data Fixing 2” (inclusive) e utilizará a menor cotação do intervalo como fixing do evento. • Média no período: O sistema irá verificar a cotação de todas as datas do intervalo da “Data fixing” (inclusive) até a “Data Fixing 2” (inclusive) e utilizará a média de todas as cotações do intervalo como fixing do evento.
COE001082;Figura COE 001082 – Retorno Amortização - Fundos;1;Nome do Campo;Descrição
COE001082;Figura COE 001082 – Retorno Amortização - Fundos;2;Data de verificação amortização 1;Campo de preenchimento obrigatório. Informar a data que será verificado o pagamento da amortização 1. Formato: DD/MM/AAAA.
COE001082;Figura COE 001082 – Retorno Amortização - Fundos;3;Data de verificação amortização 2;Campo de preenchimento opcional. Informar a data que será verificado o pagamento da amortização 2. Formato: DD/MM/AAAA.
COE001082;Figura COE 001082 – Retorno Amortização - Fundos;4;Data de verificação amortização 3;Campo de preenchimento opcional. Informar a data que será verificado o pagamento da amortização 3. Formato: DD/MM/AAAA.
COE001082;Figura COE 001082 – Retorno Amortização - Fundos;5;Data de verificação amortização 4;Campo de preenchimento opcional. Informar a data que será verificado o pagamento da amortização 4. Formato: DD/MM/AAAA.
COE001082;Figura COE 001082 – Retorno Amortização - Fundos;6;Data de verificação amortização 5;Campo de preenchimento opcional. Informar a data que será verificado o pagamento da amortização 5. Formato: DD/MM/AAAA.
COE001082;Figura COE 001082 – Retorno Amortização - Fundos;7;Data de verificação amortização 6;Campo de preenchimento opcional. Informar a data que será verificado o pagamento da amortização 6. Formato: DD/MM/AAAA.
COE001082;Figura COE 001082 – Retorno Amortização - Fundos;8;Data de verificação amortização 7;Campo de preenchimento opcional. Informar a data que será verificado o pagamento da amortização 7. Formato: DD/MM/AAAA.
COE001082;Figura COE 001082 – Retorno Amortização - Fundos;9;Data de verificação amortização 8;Campo de preenchimento opcional. Informar a data que será verificado o pagamento da amortização 8. Formato: DD/MM/AAAA.
COE001082;Figura COE 001082 – Retorno Amortização - Fundos;10;Data de verificação amortização 9;Campo de preenchimento opcional. Informar a data que será verificado o pagamento da amortização 9. Formato: DD/MM/AAAA.
COE001082;Figura COE 001082 – Retorno Amortização - Fundos;11;Data de verificação amortização 10;Campo de preenchimento opcional. Informar a data que será verificado o pagamento da amortização 10. Formato: DD/MM/AAAA.
COE001082;Figura COE 001082 – Retorno Amortização - Fundos;12;Data de verificação amortização 11;Campo de preenchimento opcional. Informar a data que será verificado o pagamento da amortização 11. Formato: DD/MM/AAAA.
COE001082;Figura COE 001082 – Retorno Amortização - Fundos;13;Data de verificação amortização 12;Campo de preenchimento opcional. Informar a data que será verificado o pagamento da amortização 12. Formato: DD/MM/AAAA.
COE001082;Figura COE 001082 – Retorno Amortização - Fundos;14;Data de verificação amortização 13;Campo de preenchimento opcional. Informar a data que será verificado o pagamento da amortização 13. Formato: DD/MM/AAAA.
COE001082;Figura COE 001082 – Retorno Amortização - Fundos;15;Data de verificação amortização 14;Campo de preenchimento opcional. Informar a data que será verificado o pagamento da amortização 14. Formato: DD/MM/AAAA.
COE001082;Figura COE 001082 – Retorno Amortização - Fundos;16;Data de verificação amortização 15;Campo de preenchimento opcional. Informar a data que será verificado o pagamento da amortização 15. Formato: DD/MM/AAAA.
COE001082;Figura COE 001082 – Retorno Amortização - Fundos;17;Data de verificação amortização 16;Campo de preenchimento opcional. Informar a data que será verificado o pagamento da amortização 16. Formato: DD/MM/AAAA.
COE001082;Figura COE 001082 – Retorno Amortização - Fundos;18;Data de verificação amortização 17;Campo de preenchimento opcional. Informar a data que será verificado o pagamento da amortização 17. Formato: DD/MM/AAAA.
COE001082;Figura COE 001082 – Retorno Amortização - Fundos;19;Data de verificação amortização 18;Campo de preenchimento opcional. Informar a data que será verificado o pagamento da amortização 18. Formato: DD/MM/AAAA.
COE001082;Figura COE 001082 – Retorno Amortização - Fundos;20;Data de verificação amortização 19;Campo de preenchimento opcional. Informar a data que será verificado o pagamento da amortização 19. Formato: DD/MM/AAAA.
COE001082;Figura COE 001082 – Retorno Amortização - Fundos;21;Data de verificação amortização 20;Campo de preenchimento opcional. Informar a data que será verificado o pagamento da amortização 20. Formato: DD/MM/AAAA.
COE001082;Figura COE 001082 – Retorno Amortização - Fundos;22;Data de verificação amortização 21;Campo de preenchimento opcional. Informar a data que será verificado o pagamento da amortização 21. Formato: DD/MM/AAAA.
COE001082;Figura COE 001082 – Retorno Amortização - Fundos;23;Data de verificação amortização 22;Campo de preenchimento opcional. Informar a data que será verificado o pagamento da amortização 22. Formato: DD/MM/AAAA.
COE001082;Figura COE 001082 – Retorno Amortização - Fundos;24;Data de verificação amortização 23;Campo de preenchimento opcional. Informar a data que será verificado o pagamento da amortização 23. Formato: DD/MM/AAAA.
COE001082;Figura COE 001082 – Retorno Amortização - Fundos;25;Data de verificação amortização 24;Campo de preenchimento opcional. Informar a data que será verificado o pagamento da amortização 24. Formato: DD/MM/AAAA.
COE001082;Figura COE 001082 – Retorno Amortização - Fundos;26;Data de verificação amortização 25;Campo de preenchimento opcional. Informar a data que será verificado o pagamento da amortização 25. Formato: DD/MM/AAAA.
COE001082;Figura COE 001082 – Retorno Amortização - Fundos;27;Data de verificação amortização 26;Campo de preenchimento opcional. Informar a data que será verificado o pagamento da amortização 26. Formato: DD/MM/AAAA.
COE001082;Figura COE 001082 – Retorno Amortização - Fundos;28;Data de verificação amortização 27;Campo de preenchimento opcional. Informar a data que será verificado o pagamento da amortização 27. Formato: DD/MM/AAAA.
COE001082;Figura COE 001082 – Retorno Amortização - Fundos;29;Data de verificação amortização 28;Campo de preenchimento opcional. Informar a data que será verificado o pagamento da amortização 28. Formato: DD/MM/AAAA.
COE001082;Figura COE 001082 – Retorno Amortização - Fundos;30;Data de verificação amortização 29;Campo de preenchimento opcional. Informar a data que será verificado o pagamento da amortização 29. Formato: DD/MM/AAAA.
COE001082;Figura COE 001082 – Retorno Amortização - Fundos;31;Data de verificação amortização 30;Campo de preenchimento opcional. Informar a data que será verificado o pagamento da amortização 30. Formato: DD/MM/AAAA.
COE001082;Figura COE 001082 – Retorno Amortização - Fundos;32;Data de verificação amortização 31;Campo de preenchimento opcional. Informar a data que será verificado o pagamento da amortização 31. Formato: DD/MM/AAAA.
COE001082;Figura COE 001082 – Retorno Amortização - Fundos;33;Data de verificação amortização 32;Campo de preenchimento opcional. Informar a data que será verificado o pagamento da amortização 32. Formato: DD/MM/AAAA.
COE001082;Figura COE 001082 – Retorno Amortização - Fundos;34;Data de verificação amortização 33;Campo de preenchimento opcional. Informar a data que será verificado o pagamento da amortização 33. Formato: DD/MM/AAAA.
COE001082;Figura COE 001082 – Retorno Amortização - Fundos;35;Data de verificação amortização 34;Campo de preenchimento obrigatório. Informar a data que será verificado o pagamento da amortização 34. Formato: DD/MM/AAAA.
COE001082;Figura COE 001082 – Retorno Amortização - Fundos;36;Data de verificação amortização 35;Campo de preenchimento opcional. Informar a data que será verificado o pagamento da amortização 35. Formato: DD/MM/AAAA.
COE001082;Figura COE 001082 – Retorno Amortização - Fundos;37;Data de verificação amortização 36;Campo de preenchimento opcional. Informar a data que será verificado o pagamento da amortização 36. Formato: DD/MM/AAAA.
COE001082;Figura COE 001082 – Retorno Amortização - Fundos;38;Data de verificação amortização 37;Campo de preenchimento opcional. Informar a data que será verificado o pagamento da amortização 37. Formato: DD/MM/AAAA.
COE001082;Figura COE 001082 – Retorno Amortização - Fundos;39;Data de verificação amortização 38;Campo de preenchimento opcional. Informar a data que será verificado o pagamento da amortização 38. Formato: DD/MM/AAAA.
COE001082;Figura COE 001082 – Retorno Amortização - Fundos;40;Data de verificação amortização 39;Campo de preenchimento opcional. Informar a data que será verificado o pagamento da amortização 39. Formato: DD/MM/AAAA.
COE001082;Figura COE 001082 – Retorno Amortização - Fundos;41;Data de verificação amortização 40;Campo de preenchimento opcional. Informar a data que será verificado o pagamento da amortização 40. Formato: DD/MM/AAAA.
COE001082;Figura COE 001082 – Retorno Amortização - Fundos;42;Data de verificação amortização 41;Campo de preenchimento opcional. Informar a data que será verificado o pagamento da amortização 41. Formato: DD/MM/AAAA.
COE001082;Figura COE 001082 – Retorno Amortização - Fundos;43;Data de verificação amortização 42;Campo de preenchimento opcional. Informar a data que será verificado o pagamento da amortização 42. Formato: DD/MM/AAAA.
COE001082;Figura COE 001082 – Retorno Amortização - Fundos;44;Data de verificação amortização 43;Campo de preenchimento opcional. Informar a data que será verificado o pagamento da amortização 43. Formato: DD/MM/AAAA.
COE001082;Figura COE 001082 – Retorno Amortização - Fundos;45;Data de verificação amortização 44;Campo de preenchimento opcional. Informar a data que será verificado o pagamento da amortização 44. Formato: DD/MM/AAAA.
COE001082;Figura COE 001082 – Retorno Amortização - Fundos;46;Data de verificação amortização 45;Campo de preenchimento opcional. Informar a data que será verificado o pagamento da amortização 45. Formato: DD/MM/AAAA.
COE001082;Figura COE 001082 – Retorno Amortização - Fundos;47;Data de verificação amortização 46;Campo de preenchimento opcional. Informar a data que será verificado o pagamento da amortização 46. Formato: DD/MM/AAAA.
COE001082;Figura COE 001082 – Retorno Amortização - Fundos;48;Data de verificação amortização 47;Campo de preenchimento opcional. Informar a data que será verificado o pagamento da amortização 47. Formato: DD/MM/AAAA.
COE001082;Figura COE 001082 – Retorno Amortização - Fundos;49;Data de verificação amortização 48;Campo de preenchimento opcional. Informar a data que será verificado o pagamento da amortização 48. Formato: DD/MM/AAAA.
COE001082;Figura COE 001082 – Retorno Amortização - Fundos;50;Data de verificação amortização 49;Campo de preenchimento opcional. Informar a data que será verificado o pagamento da amortização 49. Formato: DD/MM/AAAA.
COE001082;Figura COE 001082 – Retorno Amortização - Fundos;51;Data de verificação amortização 50;Campo de preenchimento opcional. Informar a data que será verificado o pagamento da amortização 50. Formato: DD/MM/AAAA.
COE001082;Figura COE 001082 – Retorno Amortização - Fundos;52;Data de verificação amortização 51;Campo de preenchimento opcional. Informar a data que será verificado o pagamento da amortização 51. Formato: DD/MM/AAAA.
COE001082;Figura COE 001082 – Retorno Amortização - Fundos;53;Data de verificação amortização 52;Campo de preenchimento opcional. Informar a data que será verificado o pagamento da amortização 52. Formato: DD/MM/AAAA.
COE001082;Figura COE 001082 – Retorno Amortização - Fundos;54;Data de verificação amortização 53;Campo de preenchimento opcional. Informar a data que será verificado o pagamento da amortização 53. Formato: DD/MM/AAAA.
COE001082;Figura COE 001082 – Retorno Amortização - Fundos;55;Data de verificação amortização 54;Campo de preenchimento opcional. Informar a data que será verificado o pagamento da amortização 54. Formato: DD/MM/AAAA.
COE001082;Figura COE 001082 – Retorno Amortização - Fundos;56;Data de verificação amortização 55;Campo de preenchimento opcional. Informar a data que será verificado o pagamento da amortização 55. Formato: DD/MM/AAAA.
COE001082;Figura COE 001082 – Retorno Amortização - Fundos;57;Data de verificação amortização 56;Campo de preenchimento opcional. Informar a data que será verificado o pagamento da amortização 56. Formato: DD/MM/AAAA.
COE001082;Figura COE 001082 – Retorno Amortização - Fundos;58;Data de verificação amortização 57;Campo de preenchimento opcional. Informar a data que será verificado o pagamento da amortização 57. Formato: DD/MM/AAAA.
COE001082;Figura COE 001082 – Retorno Amortização - Fundos;59;Data de verificação amortização 58;Campo de preenchimento opcional. Informar a data que será verificado o pagamento da amortização 58. Formato: DD/MM/AAAA.
COE001082;Figura COE 001082 – Retorno Amortização - Fundos;60;Data de verificação amortização 59;Campo de preenchimento opcional. Informar a data que será verificado o pagamento da amortização 59. Formato: DD/MM/AAAA.
COE001082;Figura COE 001082 – Retorno Amortização - Fundos;61;Data de verificação amortização 60;Campo de preenchimento opcional. Informar a data que será verificado o pagamento da amortização 60. Formato: DD/MM/AAAA.
COE001082;Figura COE 001082 – Retorno Amortização - Fundos;62;Data de verificação amortização 61;Campo de preenchimento opcional. Informar a data que será verificado o pagamento da amortização 61. Formato: DD/MM/AAAA.
COE001082;Figura COE 001082 – Retorno Amortização - Fundos;63;Data de verificação amortização 62;Campo de preenchimento opcional. Informar a data que será verificado o pagamento da amortização 62. Formato: DD/MM/AAAA.
COE001082;Figura COE 001082 – Retorno Amortização - Fundos;64;Data de verificação amortização 63;Campo de preenchimento opcional. Informar a data que será verificado o pagamento da amortização 63. Formato: DD/MM/AAAA.
COE001082;Figura COE 001082 – Retorno Amortização - Fundos;65;Data de verificação amortização 64;Campo de preenchimento opcional. Informar a data que será verificado o pagamento da amortização 64. Formato: DD/MM/AAAA.
COE001082;Figura COE 001082 – Retorno Amortização - Fundos;66;Data de verificação amortização 65;Campo de preenchimento opcional. Informar a data que será verificado o pagamento da amortização 65. Formato: DD/MM/AAAA.
COE001082;Figura COE 001082 – Retorno Amortização - Fundos;67;Data de verificação amortização 66;Campo de preenchimento opcional. Informar a data que será verificado o pagamento da amortização 66. Formato: DD/MM/AAAA.
COE001082;Figura COE 001082 – Retorno Amortização - Fundos;68;Data de verificação amortização 67;Campo de preenchimento obrigatório. Informar a data que será verificado o pagamento da amortização 67. Formato: DD/MM/AAAA.
COE001082;Figura COE 001082 – Retorno Amortização - Fundos;69;Data de verificação amortização 68;Campo de preenchimento opcional. Informar a data que será verificado o pagamento da amortização 68. Formato: DD/MM/AAAA.
COE001082;Figura COE 001082 – Retorno Amortização - Fundos;70;Data de verificação amortização 69;Campo de preenchimento opcional. Informar a data que será verificado o pagamento da amortização 69. Formato: DD/MM/AAAA.
COE001082;Figura COE 001082 – Retorno Amortização - Fundos;71;Data de verificação amortização 70;Campo de preenchimento opcional. Informar a data que será verificado o pagamento da amortização 70. Formato: DD/MM/AAAA.
COE001082;Figura COE 001082 – Retorno Amortização - Fundos;72;Data de verificação amortização 71;Campo de preenchimento opcional. Informar a data que será verificado o pagamento da amortização 71. Formato: DD/MM/AAAA.
COE001082;Figura COE 001082 – Retorno Amortização - Fundos;73;Data de verificação amortização 72;Campo de preenchimento opcional. Informar a data que será verificado o pagamento da amortização 72. Formato: DD/MM/AAAA.
COE001082;Figura COE 001082 – Retorno Amortização - Fundos;74;Data de verificação amortização 73;Campo de preenchimento opcional. Informar a data que será verificado o pagamento da amortização 73. Formato: DD/MM/AAAA.
COE001082;Figura COE 001082 – Retorno Amortização - Fundos;75;Data de verificação amortização 74;Campo de preenchimento opcional. Informar a data que será verificado o pagamento da amortização 74. Formato: DD/MM/AAAA.
COE001082;Figura COE 001082 – Retorno Amortização - Fundos;76;Data de verificação amortização 75;Campo de preenchimento opcional. Informar a data que será verificado o pagamento da amortização 75. Formato: DD/MM/AAAA.
COE001082;Figura COE 001082 – Retorno Amortização - Fundos;77;Data de verificação amortização 76;Campo de preenchimento opcional. Informar a data que será verificado o pagamento da amortização 76. Formato: DD/MM/AAAA.
COE001082;Figura COE 001082 – Retorno Amortização - Fundos;78;Data de verificação amortização 77;Campo de preenchimento opcional. Informar a data que será verificado o pagamento da amortização 77. Formato: DD/MM/AAAA.
COE001082;Figura COE 001082 – Retorno Amortização - Fundos;79;Data de verificação amortização 78;Campo de preenchimento opcional. Informar a data que será verificado o pagamento da amortização 78. Formato: DD/MM/AAAA.
COE001082;Figura COE 001082 – Retorno Amortização - Fundos;80;Data de verificação amortização 79;Campo de preenchimento opcional. Informar a data que será verificado o pagamento da amortização 79. Formato: DD/MM/AAAA.
COE001082;Figura COE 001082 – Retorno Amortização - Fundos;81;Data de verificação amortização 80;Campo de preenchimento opcional. Informar a data que será verificado o pagamento da amortização 80. Formato: DD/MM/AAAA.
COE001082;Figura COE 001082 – Retorno Amortização - Fundos;82;Data de verificação amortização 81;Campo de preenchimento opcional. Informar a data que será verificado o pagamento da amortização 81. Formato: DD/MM/AAAA.
COE001082;Figura COE 001082 – Retorno Amortização - Fundos;83;Data de verificação amortização 82;Campo de preenchimento opcional. Informar a data que será verificado o pagamento da amortização 82. Formato: DD/MM/AAAA.
COE001082;Figura COE 001082 – Retorno Amortização - Fundos;84;Data de verificação amortização 83;Campo de preenchimento opcional. Informar a data que será verificado o pagamento da amortização 83. Formato: DD/MM/AAAA.
COE001082;Figura COE 001082 – Retorno Amortização - Fundos;85;Data de verificação amortização 84;Campo de preenchimento opcional. Informar a data que será verificado o pagamento da amortização 84. Formato: DD/MM/AAAA.
COE001082;Figura COE 001082 – Retorno Amortização - Fundos;86;Data de verificação amortização 85;Campo de preenchimento opcional. Informar a data que será verificado o pagamento da amortização 85. Formato: DD/MM/AAAA.
COE001082;Figura COE 001082 – Retorno Amortização - Fundos;87;Data de verificação amortização 86;Campo de preenchimento opcional. Informar a data que será verificado o pagamento da amortização 86. Formato: DD/MM/AAAA.
COE001082;Figura COE 001082 – Retorno Amortização - Fundos;88;Data de verificação amortização 87;Campo de preenchimento opcional. Informar a data que será verificado o pagamento da amortização 87. Formato: DD/MM/AAAA.
COE001082;Figura COE 001082 – Retorno Amortização - Fundos;89;Data de verificação amortização 88;Campo de preenchimento opcional. Informar a data que será verificado o pagamento da amortização 88. Formato: DD/MM/AAAA.
COE001082;Figura COE 001082 – Retorno Amortização - Fundos;90;Data de verificação amortização 89;Campo de preenchimento opcional. Informar a data que será verificado o pagamento da amortização 89. Formato: DD/MM/AAAA.
COE001082;Figura COE 001082 – Retorno Amortização - Fundos;91;Data de verificação amortização 90;Campo de preenchimento opcional. Informar a data que será verificado o pagamento da amortização 90. Formato: DD/MM/AAAA.
COE001082;Figura COE 001082 – Retorno Amortização - Fundos;92;Data de verificação amortização 91;Campo de preenchimento opcional. Informar a data que será verificado o pagamento da amortização 91. Formato: DD/MM/AAAA.
COE001082;Figura COE 001082 – Retorno Amortização - Fundos;93;Data de verificação amortização 92;Campo de preenchimento opcional. Informar a data que será verificado o pagamento da amortização 92. Formato: DD/MM/AAAA.
COE001082;Figura COE 001082 – Retorno Amortização - Fundos;94;Data de verificação amortização 93;Campo de preenchimento opcional. Informar a data que será verificado o pagamento da amortização 93. Formato: DD/MM/AAAA.
COE001082;Figura COE 001082 – Retorno Amortização - Fundos;95;Data de verificação amortização 94;Campo de preenchimento opcional. Informar a data que será verificado o pagamento da amortização 94. Formato: DD/MM/AAAA.
COE001082;Figura COE 001082 – Retorno Amortização - Fundos;96;Data de verificação amortização 95;Campo de preenchimento opcional. Informar a data que será verificado o pagamento da amortização 95. Formato: DD/MM/AAAA.
COE001082;Figura COE 001082 – Retorno Amortização - Fundos;97;Data de verificação amortização 96;Campo de preenchimento opcional. Informar a data que será verificado o pagamento da amortização 96. Formato: DD/MM/AAAA.
COE001082;Figura COE 001082 – Retorno Amortização - Fundos;98;Data de verificação amortização 97;Campo de preenchimento opcional. Informar a data que será verificado o pagamento da amortização 97. Formato: DD/MM/AAAA.
COE001082;Figura COE 001082 – Retorno Amortização - Fundos;99;Data de verificação amortização 98;Campo de preenchimento opcional. Informar a data que será verificado o pagamento da amortização 98. Formato: DD/MM/AAAA.
COE001082;Figura COE 001082 – Retorno Amortização - Fundos;100;Data de verificação amortização 99;Campo de preenchimento opcional. Informar a data que será verificado o pagamento da amortização 99. Formato: DD/MM/AAAA.
COE001082;Figura COE 001082 – Retorno Amortização - Fundos;101;Data de verificação amortização 100 Dados Fixos da tela de Remunerador;Campo de preenchimento opcional. Informar a data que será verificado o pagamento da amortização 100. Formato: DD/MM/AAAA. no Fluxo
COE001082;Figura COE 001082 – Retorno Amortização - Fundos;102;Remunerador no Fluxo;Campo de preenchimento obrigatório. Indicar as datas de liquidação do valor de amortização pago pelo fundo. O valor da amortização será repassado no fluxo do COE. IMPORTANTE: Para essa figura deverá ser utilizado “Amortização Fundo - Figura 1082”. Caso desejem utilizar outro remunerador, acionar o time de Produtos – Derivativos e COE.
COE001083;Figura COE 001083 - COE de Crédito - Troca de Indexadores;1;Campos;Descrição
COE001083;Figura COE 001083 - COE de Crédito - Troca de Indexadores;2;Ativo Subjacente Período 1;Campo de preenchimento obrigatório. Campo com as opções para o Ativo Subjacente 1 (Pré, DI ou IPCA).
COE001083;Figura COE 001083 - COE de Crédito - Troca de Indexadores;3;Participação Indexador 1 (%);Campo de preenchimento obrigatório se “Ativo Subjacente 1” indicado como “DI” ou “IPCA”. Se “Ativo Subjacente 1” e “Ativo Subjacente 2” forem preenchidos de forma igual, selecionando “DI” ou “IPCA” em ambos, este campo deve ser preenchido com um percentual diferente de “Participação Indexador 2 (%)”. Para “Pré”, este campo não deverá ser preenchido. Formato: Numérico com 10 inteiros e 8 decimais, maior que 0.
COE001083;Figura COE 001083 - COE de Crédito - Troca de Indexadores;4;Cupom Período 1 (%);Campo de preenchimento obrigatório se “Ativo Subjacente 1” indicado como “Pré”. Preenchimento opcional se indicado como “DI” ou “IPCA”. Se “Ativo Subjacente 2” também tiver sido indicado como “Pré”, este campo deve ser preenchido com um percentual diferente de “Cupom Período 2 (%)”. Formato: Numérico com 10 inteiros e 8 decimais, incluindo o sinal “-“ e “+”. A não indicação do sinal deve ser considerada como “+”.
COE001083;Figura COE 001083 - COE de Crédito - Troca de Indexadores;5;Base Período 1;Campo de preenchimento obrigatório quando informado o campo Cupom Período 1 (%). Campo indicador para informar a base do Cupom do Período 1. Campo com as opções: 252 exp, 360 exp e 360 lin.
COE001083;Figura COE 001083 - COE de Crédito - Troca de Indexadores;6;Ativo Subjacente Período 2;Campo de preenchimento obrigatório. Campo com as opções para o Ativo Subjacente 2 (Pré, DI ou IPCA).
COE001083;Figura COE 001083 - COE de Crédito - Troca de Indexadores;7;Participação Indexador 2 (%);Campo de preenchimento obrigatório se “Ativo Subjacente 2” indicado como “DI” ou “IPCA”. Se “Ativo Subjacente 1” e “Ativo Subjacente 2 forem preenchidos de forma igual, selecionando “DI” ou “IPCA” em ambos, este campo deve ser preenchido com um percentual diferente de “Participação Indexador 1 (%)”. Para “Pré”, este campo não deverá ser preenchido. Formato: Numérico com 10 inteiros e 8 decimais, maior que 0.
COE001083;Figura COE 001083 - COE de Crédito - Troca de Indexadores;8;Cupom Período 2 (%);Campo de preenchimento obrigatório se “Ativo Subjacente 2” indicado como “Pré”. Preenchimento opcional se indicado como “DI” ou “IPCA”. Se “Ativo Subjacente 1” também tiver sido indicado como “Pré”, este campo deve ser preenchido com um percentual diferente de “Cupom Período 1 (%)”. Formato: Numérico com 10 inteiros e 8 decimais, incluindo o sinal “-“ e “+”. A não indicação do sinal deve ser considerada como “+”.
COE001083;Figura COE 001083 - COE de Crédito - Troca de Indexadores;9;Base Período 2;Campo de preenchimento obrigatório, quando informado o campo Cupom Período 2 (%). Campo indicador para informar a base do Cupom do Período 2. Campo com as opções: 252 exp, 360 exp e 360 lin.
COE001083;Figura COE 001083 - COE de Crédito - Troca de Indexadores;10;Data da troca do ativo subjacente;Campo de preenchimento obrigatório. Informar a data na qual haverá a troca de ativo subjacente. Esta data deverá ser maior que a data de início e menor que a data de vencimento Formato: DD/MM/AAAA.
COE001083;Figura COE 001083 - COE de Crédito - Troca de Indexadores;11;Dados do Ativo;de Crédito
COE001083;Figura COE 001083 - COE de Crédito - Troca de Indexadores;12;Entidade de referência;Campo de preenchimento obrigatório. Emissora, devedora ou garantidora das obrigações financeiras Formato: Texto com 40 posições
COE001083;Figura COE 001083 - COE de Crédito - Troca de Indexadores;13;Obrigação de referência;Campo de preenchimento opcional. Obrigação financeira da entidade de referência discriminada no COE Formato: Texto com 40 posições
COE001083;Figura COE 001083 - COE de Crédito - Troca de Indexadores;14;Quantidade de obrigações;Campo de preenchimento obrigatório. Informar se a obrigação de referência será com base em um ativo ou em uma cesta/entidade de referência. Campo com as opções: Single name, Cesta
COE001083;Figura COE 001083 - COE de Crédito - Troca de Indexadores;15;Agente de cálculo;Campo de preenchimento obrigatório. Informar a entidade responsável pela apuração dos valores a serem pagos ou das obrigações de referência a serem entregues pelo emissor do COE Campo com a opção: Emissor
COE001083;Figura COE 001083 - COE de Crédito - Troca de Indexadores;16;Determinação de ocorrência de evento;Campo de preenchimento obrigatório. Informar a entidade responsável pela comunicação da ocorrência do evento de crédito Campo com a opção: Emissor
COE001083;Figura COE 001083 - COE de Crédito - Troca de Indexadores;17;Condições para liquidação;Campo de preenchimento opcional. Informar as condições para liquidação antecipada Formato: Texto com 40 posições
COE001083;Figura COE 001083 - COE de Crédito - Troca de Indexadores;18;Liquidação em caso de evento de crédito (Recovery Value)* * Valor recuperado em decorrência do atingimento de um ou mais eventos de crédito estabelecidos na(s) documentação(ões) da emissão.;Campo de preenchimento obrigatório. Informar como ocorrerá a liquidação do ativo em caso de evento de crédito. Formato: Texto com 40 posições Eventos de Crédito
COE001083;Figura COE 001083 - COE de Crédito - Troca de Indexadores;19;Falha de pagamento;Campo de preenchimento opcional. Campo com a opção: Sim
COE001083;Figura COE 001083 - COE de Crédito - Troca de Indexadores;20;Falência ou similar;Campo de preenchimento opcional. Campo com a opção: Sim
COE001083;Figura COE 001083 - COE de Crédito - Troca de Indexadores;21;Reestruturação;Campo de preenchimento opcional. Campo com a opção: Sim
COE001083;Figura COE 001083 - COE de Crédito - Troca de Indexadores;22;Vencimento antecipado de obrigações;Campo de preenchimento opcional. Campo com a opção: Sim
COE001083;Figura COE 001083 - COE de Crédito - Troca de Indexadores;23;Descumprimento de obrigações;Campo de preenchimento opcional. Campo com a opção: Sim
COE001083;Figura COE 001083 - COE de Crédito - Troca de Indexadores;24;Repúdio ou moratória;Campo de preenchimento opcional. Campo com a opção: Sim
COE001083;Figura COE 001083 - COE de Crédito - Troca de Indexadores;25;Intervenção estatal;Campo de preenchimento opcional. Campo com a opção: Sim
COE001084;Figura COE 001084 - COE de Crédito - TRS Loan;1;Nome do Campo;Descrição Deslocamento do accrual do DI Campo de preenchimento opcional. Informar se haverá deslocamento no cálculo do accrual do DI, em relação a data de fluxo do COE* Campo com as opções de D-1 a D-30 *: Para mais informações sobre o cálculo, consultar o Caderno de Fórmulas – COE.
COE001084;Figura COE 001084 - COE de Crédito - TRS Loan;2;Entidade de referência;Campo de preenchimento obrigatório. Emissora, devedora ou garantidora das obrigações financeiras Formato: Texto com 40 posições
COE001084;Figura COE 001084 - COE de Crédito - TRS Loan;3;Obrigação de referência;Campo de preenchimento opcional. Obrigação financeira da entidade de referência discriminada no COE Formato: Texto com 40 posições
COE001084;Figura COE 001084 - COE de Crédito - TRS Loan;4;Quantidade de obrigações;Campo de preenchimento obrigatório. Informar se a obrigação de referência será com base em um ativo ou em uma cesta/entidade de referência. Campo com as opções: Single name, Cesta
COE001084;Figura COE 001084 - COE de Crédito - TRS Loan;5;Agente de cálculo;Campo de preenchimento obrigatório. Informar a entidade responsável pela apuração dos valores a serem pagos ou das obrigações de referência a serem entregues pelo emissor do COE Campo com a opção: Emissor
COE001084;Figura COE 001084 - COE de Crédito - TRS Loan;6;Determinação de ocorrência de evento;Campo de preenchimento obrigatório. Informar a entidade responsável pela comunicação da ocorrência do evento de crédito Campo com a opção: Emissor
COE001084;Figura COE 001084 - COE de Crédito - TRS Loan;7;Condições para liquidação;Campo de preenchimento obrigatório. Informar as condições para liquidação antecipada Formato: Texto com 40 posições
COE001084;Figura COE 001084 - COE de Crédito - TRS Loan;8;Liquidação em caso de evento de crédito (Recovery Value);Campo de preenchimento obrigatório. Informar como ocorrerá a liquidação do ativo em caso de evento de crédito. Formato: Texto com 40 posições Eventos de Crédito
COE001084;Figura COE 001084 - COE de Crédito - TRS Loan;9;Falha de pagamento;Campo de preenchimento opcional. Campo com a opção: Sim
COE001084;Figura COE 001084 - COE de Crédito - TRS Loan;10;Falência ou similar;Campo de preenchimento opcional. Campo com a opção: Sim
COE001084;Figura COE 001084 - COE de Crédito - TRS Loan;11;Reestruturação;Campo de preenchimento opcional. Campo com a opção: Sim
COE001084;Figura COE 001084 - COE de Crédito - TRS Loan;12;Vencimento antecipado de obrigações;Campo de preenchimento opcional. Campo com a opção: Sim
COE001084;Figura COE 001084 - COE de Crédito - TRS Loan;13;Descumprimento de obrigações;Campo de preenchimento opcional. Campo com a opção: Sim
COE001084;Figura COE 001084 - COE de Crédito - TRS Loan;14;Repúdio ou moratória;Campo de preenchimento opcional. Campo com a opção: Sim
COE001084;Figura COE 001084 - COE de Crédito - TRS Loan;15;Intervenção estatal;Campo de preenchimento opcional. Campo com a opção: Sim
COE001084;Figura COE 001084 - COE de Crédito - TRS Loan;16;Lender Loan Borrower Loan Notional Loan Expiry date Loan ID Loan;Informar o nome/razão social do mutuante do Loan Informar o nome/razão social do mutuário do Loan Informar o valor financeiro acordado no Loan Informar a data de vencimento do Loan Informar o código interno para identificação do Loan
COE001085;COE001085 – COE de Crédito – CDS com Amortização;1;Destacamos abaixo os campos com instruções de registro;específicas para esta figura: Dados do Ativo de Crédito
COE001085;COE001085 – COE de Crédito – CDS com Amortização;2;Nome do campo;Descrição
COE001085;COE001085 – COE de Crédito – CDS com Amortização;3;Deslocamento do accrual do DI;Campo de preenchimento opcional. Informar se haverá deslocamento no cálculo do accrual do DI, em relação a data de fluxo do COE* Campo com as opções de D-1 a D-30 *: Para mais informações sobre o cálculo, consultar o Caderno de Fórmulas – COE.
COE001085;COE001085 – COE de Crédito – CDS com Amortização;4;Entidade de referência;Campo de preenchimento obrigatório. Emissora, devedora ou garantidora das obrigações financeiras Formato: Texto com 40 posições
COE001085;COE001085 – COE de Crédito – CDS com Amortização;5;Obrigação de referência;Campo de preenchimento opcional. Obrigação financeira da entidade de referência discriminada no COE Formato: Texto com 40 posições
COE001085;COE001085 – COE de Crédito – CDS com Amortização;6;Quantidade de obrigações;Campo de preenchimento obrigatório. Informar se a obrigação de referência será com base em um ativo ou em uma cesta/entidade de referência. Campo com as opções: Single name, Cesta
COE001085;COE001085 – COE de Crédito – CDS com Amortização;7;Agente de cálculo;Campo de preenchimento obrigatório. Informar a entidade responsável pela apuração dos valores a serem pagos ou das obrigações de referência a serem entregues pelo emissor do COE Campo com a opção: Emissor
COE001085;COE001085 – COE de Crédito – CDS com Amortização;8;Determinação de ocorrência de evento;Campo de preenchimento obrigatório. Informar a entidade responsável pela comunicação da ocorrência do evento de crédito Campo com a opção: Emissor
COE001085;COE001085 – COE de Crédito – CDS com Amortização;9;Condições para liquidação;Campo de preenchimento opcional. Informar as condições para liquidação antecipada Formato: Texto com 40 posições
COE001085;COE001085 – COE de Crédito – CDS com Amortização;10;Liquidação em caso de evento de crédito (Recovery Value)* * Valor recuperado em decorrência do atingimento de um ou mais eventos de crédito estabelecidos na(s) documentação(ões) da emissão.;Campo de preenchimento obrigatório. Informar como ocorrerá a liquidação do ativo em caso de evento de crédito. Formato: Texto com 40 posições
COE001085;COE001085 – COE de Crédito – CDS com Amortização;11;Taxa de proteção*;Campo de preenchimento obrigatório.
COE001085;COE001085 – COE de Crédito – CDS com Amortização;12;*Remuneração paga ao investidor para que assuma o risco de crédito da entidade/obrigação de referência do COE.;Informar a remuneração recebida por assumir o risco de crédito Formato: Texto com 40 posições Eventos de Crédito
COE001085;COE001085 – COE de Crédito – CDS com Amortização;13;Falha de pagamento;Campo de preenchimento opcional. Campo com a opção: Sim
COE001085;COE001085 – COE de Crédito – CDS com Amortização;14;Falência ou similar;Campo de preenchimento opcional. Campo com a opção: Sim
COE001085;COE001085 – COE de Crédito – CDS com Amortização;15;Reestruturação;Campo de preenchimento opcional. Campo com a opção: Sim
COE001085;COE001085 – COE de Crédito – CDS com Amortização;16;Vencimento antecipado de obrigações;Campo de preenchimento opcional. Campo com a opção: Sim
COE001085;COE001085 – COE de Crédito – CDS com Amortização;17;Descumprimento de obrigações;Campo de preenchimento opcional. Campo com a opção: Sim
COE001085;COE001085 – COE de Crédito – CDS com Amortização;18;Repúdio ou moratória;Campo de preenchimento opcional. Campo com a opção: Sim
COE001085;COE001085 – COE de Crédito – CDS com Amortização;19;Intervenção estatal;Campo de preenchimento opcional. Campo com a opção: Sim Amortização
COE001085;COE001085 – COE de Crédito – CDS com Amortização;20;Amortização 1 (%);Campo de preenchimento opcional. Informar o percentual a ser amortizado no fluxo do COE* Campo com preenchimento de 0% a 100%. *: Para mais informações sobre o cálculo, consultar o Caderno de Fórmulas – COE.
COE001085;COE001085 – COE de Crédito – CDS com Amortização;21;Amortização 2 (%);Campo de preenchimento opcional. Campo com a opção: Sim
COE001085;COE001085 – COE de Crédito – CDS com Amortização;22;Amortização 3 (%);Campo de preenchimento opcional. Informar o percentual a ser amortizado no fluxo do COE* Campo com preenchimento de 0% a 100%. *: Para mais informações sobre o cálculo, consultar o Caderno de Fórmulas – COE.
COE001085;COE001085 – COE de Crédito – CDS com Amortização;23;Amortização 4 (%);Campo de preenchimento opcional. Informar o percentual a ser amortizado no fluxo do COE* Campo com preenchimento de 0% a 100%. *: Para mais informações sobre o cálculo, consultar o Caderno de Fórmulas – COE.
COE001085;COE001085 – COE de Crédito – CDS com Amortização;24;Amortização 5 (%);Campo de preenchimento opcional. Informar o percentual a ser amortizado no fluxo do COE* Campo com preenchimento de 0% a 100%. *: Para mais informações sobre o cálculo, consultar o Caderno de Fórmulas – COE.
COE001085;COE001085 – COE de Crédito – CDS com Amortização;25;Amortização 6 (%);Campo de preenchimento opcional. Informar o percentual a ser amortizado no fluxo do COE* Campo com preenchimento de 0% a 100%. *: Para mais informações sobre o cálculo, consultar o Caderno de Fórmulas – COE.
COE001085;COE001085 – COE de Crédito – CDS com Amortização;26;Amortização 7 (%);Campo de preenchimento opcional. Informar o percentual a ser amortizado no fluxo do COE* Campo com preenchimento de 0% a 100%. *: Para mais informações sobre o cálculo, consultar o Caderno de Fórmulas – COE.
COE001085;COE001085 – COE de Crédito – CDS com Amortização;27;Amortização 8 (%);Campo de preenchimento opcional. Informar o percentual a ser amortizado no fluxo do COE* Campo com preenchimento de 0% a 100%. *: Para mais informações sobre o cálculo, consultar o Caderno de Fórmulas – COE.
COE001085;COE001085 – COE de Crédito – CDS com Amortização;28;Amortização 9 (%);Campo de preenchimento opcional. Informar o percentual a ser amortizado no fluxo do COE* Campo com preenchimento de 0% a 100%. *: Para mais informações sobre o cálculo, consultar o Caderno de Fórmulas – COE.
COE001085;COE001085 – COE de Crédito – CDS com Amortização;29;Amortização 10 (%);Campo de preenchimento opcional. Informar o percentual a ser amortizado no fluxo do COE* Campo com preenchimento de 0% a 100%. *: Para mais informações sobre o cálculo, consultar o Caderno de Fórmulas – COE.
COE001085;COE001085 – COE de Crédito – CDS com Amortização;30;Amortização 11 (%);Campo de preenchimento opcional. Informar o percentual a ser amortizado no fluxo do COE* Campo com preenchimento de 0% a 100%. *: Para mais informações sobre o cálculo, consultar o Caderno de Fórmulas – COE.
COE001085;COE001085 – COE de Crédito – CDS com Amortização;31;Amortização 12 (%);Campo de preenchimento opcional. Informar o percentual a ser amortizado no fluxo do COE* Campo com preenchimento de 0% a 100%. *: Para mais informações sobre o cálculo, consultar o Caderno de Fórmulas – COE.
COE001086;COE001086 – COE de Crédito – TRS com Amortização;1;Destacamos abaixo os campos com instruções de registro;específicas para esta figura:
COE001086;COE001086 – COE de Crédito – TRS com Amortização;2;Nome do Campo;Descrição
COE001086;COE001086 – COE de Crédito – TRS com Amortização;3;Deslocamento do accrual do DI;Campo de preenchimento opcional. Informar se haverá deslocamento no cálculo do accrual do DI, em relação a data de fluxo do COE* Campo com as opções de D-1 a D-30 *: Para mais informações sobre o cálculo, consultar o Caderno de Fórmulas – COE.
COE001086;COE001086 – COE de Crédito – TRS com Amortização;4;Entidade de referência;Campo de preenchimento obrigatório. Emissora, devedora ou garantidora das obrigações financeiras Formato: Texto com 40 posições
COE001086;COE001086 – COE de Crédito – TRS com Amortização;5;Obrigação de referência;Campo de preenchimento opcional. Obrigação financeira da entidade de referência discriminada no COE Formato: Texto com 40 posições
COE001086;COE001086 – COE de Crédito – TRS com Amortização;6;Quantidade de obrigações;Campo de preenchimento obrigatório. Informar se a obrigação de referência será com base em um ativo ou em uma cesta/entidade de referência. Campo com as opções: Single name, Cesta
COE001086;COE001086 – COE de Crédito – TRS com Amortização;7;Agente de cálculo;Campo de preenchimento obrigatório. Informar a entidade responsável pela apuração dos valores a serem pagos ou das obrigações de referência a serem entregues pelo emissor do COE Campo com a opção: Emissor
COE001086;COE001086 – COE de Crédito – TRS com Amortização;8;Determinação COE001022 de ocorrência de evento;Campo de preenchimento obrigatório. Informar a entidade responsável pela comunicação da ocorrência do evento de crédito Campo com a opção: Emissor
COE001086;COE001086 – COE de Crédito – TRS com Amortização;9;Condições para liquidação;Campo de preenchimento obrigatório. Informar as condições para liquidação antecipada Formato: Texto com 40 posições
COE001086;COE001086 – COE de Crédito – TRS com Amortização;10;Liquidação em caso de evento de crédito (Recovery Value);Campo de preenchimento obrigatório. Informar como ocorrerá a liquidação do ativo em caso de evento de crédito. Formato: Texto com 40 posições Eventos de Crédito
COE001086;COE001086 – COE de Crédito – TRS com Amortização;11;Falha de pagamento;Campo de preenchimento opcional. Campo com a opção: Sim
COE001086;COE001086 – COE de Crédito – TRS com Amortização;12;Falência ou similar;Campo de preenchimento opcional. Campo com a opção: Sim
COE001086;COE001086 – COE de Crédito – TRS com Amortização;13;Reestruturação;Campo de preenchimento opcional. Campo com a opção: Sim
COE001086;COE001086 – COE de Crédito – TRS com Amortização;14;Vencimento antecipado de obrigações;Campo de preenchimento opcional. Campo com a opção: Sim
COE001086;COE001086 – COE de Crédito – TRS com Amortização;15;Descumprimento de obrigações;Campo de preenchimento opcional. Campo com a opção: Sim
COE001086;COE001086 – COE de Crédito – TRS com Amortização;16;Repúdio ou moratória;Campo de preenchimento opcional. Campo com a opção: Sim
COE001086;COE001086 – COE de Crédito – TRS com Amortização;17;Intervenção estatal;Campo de preenchimento opcional. Campo com a opção: Sim Amortização
COE001086;COE001086 – COE de Crédito – TRS com Amortização;18;Amortização 1 (%);Campo de preenchimento opcional. Informar o percentual a ser amortizado no fluxo do COE* Campo com preenchimento de 0% a 100%. *: Para mais informações sobre o cálculo, consultar o Caderno de Fórmulas – COE.
COE001086;COE001086 – COE de Crédito – TRS com Amortização;19;Amortização 2 (%);Campo de preenchimento opcional. Campo com a opção: Sim
COE001086;COE001086 – COE de Crédito – TRS com Amortização;20;Amortização 3 (%);Campo de preenchimento opcional. Informar o percentual a ser amortizado no fluxo do COE* Campo com preenchimento de 0% a 100%. *: Para mais informações sobre o cálculo, consultar o Caderno de Fórmulas – COE.
COE001086;COE001086 – COE de Crédito – TRS com Amortização;21;Amortização 4 (%);Campo de preenchimento opcional. Informar o percentual a ser amortizado no fluxo do COE* Campo com preenchimento de 0% a 100%. *: Para mais informações sobre o cálculo, consultar o Caderno de Fórmulas – COE.
COE001086;COE001086 – COE de Crédito – TRS com Amortização;22;Amortização 5 (%);Campo de preenchimento opcional. Informar o percentual a ser amortizado no fluxo do COE* Campo com preenchimento de 0% a 100%. *: Para mais informações sobre o cálculo, consultar o Caderno de Fórmulas – COE.
COE001086;COE001086 – COE de Crédito – TRS com Amortização;23;Amortização 6 (%);Campo de preenchimento opcional. Informar o percentual a ser amortizado no fluxo do COE* Campo com preenchimento de 0% a 100%. *: Para mais informações sobre o cálculo, consultar o Caderno de Fórmulas – COE.
COE001086;COE001086 – COE de Crédito – TRS com Amortização;24;Amortização 7 (%);Campo de preenchimento opcional. Informar o percentual a ser amortizado no fluxo do COE* Campo com preenchimento de 0% a 100%. *: Para mais informações sobre o cálculo, consultar o Caderno de Fórmulas – COE.
COE001086;COE001086 – COE de Crédito – TRS com Amortização;25;Amortização 8 (%);Campo de preenchimento opcional. Informar o percentual a ser amortizado no fluxo do COE* Campo com preenchimento de 0% a 100%. *: Para mais informações sobre o cálculo, consultar o Caderno de Fórmulas – COE.
COE001086;COE001086 – COE de Crédito – TRS com Amortização;26;Amortização 9 (%);Campo de preenchimento opcional. Informar o percentual a ser amortizado no fluxo do COE* Campo com preenchimento de 0% a 100%. *: Para mais informações sobre o cálculo, consultar o Caderno de Fórmulas – COE.
COE001086;COE001086 – COE de Crédito – TRS com Amortização;27;Amortização 10 (%);Campo de preenchimento opcional. Informar o percentual a ser amortizado no fluxo do COE* Campo com preenchimento de 0% a 100%. *: Para mais informações sobre o cálculo, consultar o Caderno de Fórmulas – COE.
COE001086;COE001086 – COE de Crédito – TRS com Amortização;28;Amortização 11 (%);Campo de preenchimento opcional. Informar o percentual a ser amortizado no fluxo do COE* Campo com preenchimento de 0% a 100%. *: Para mais informações sobre o cálculo, consultar o Caderno de Fórmulas – COE.
COE001086;COE001086 – COE de Crédito – TRS com Amortização;29;Amortização 12 (%);Campo de preenchimento opcional. Informar o percentual a ser amortizado no fluxo do COE* Campo com preenchimento de 0% a 100%. *: Para mais informações sobre o cálculo, consultar o Caderno de Fórmulas – COE.
COE001087;COE001087 – Call Spread + Call Spread;1;Para essa figura, no campo fixo Ativo;Subjacente, preencher como ATIVOCOE39 e no campo Valor Inicial do Ativo Subjacente, preencher como 10.000.
COE001087;COE001087 – Call Spread + Call Spread;2;Classe do ativo subjacente;Campo de preenchimento obrigatório. Campo com as opções das Classes de Ativos referente ao Ativo Subjacente 1 (TAXAS DE CAMBIO, INDICES).
COE001087;COE001087 – Call Spread + Call Spread;3;Ativo Subjacente 1;Campo de preenchimento obrigatório. Campo com as opções para o Ativo Subjacente 1, referente à Classe do Ativo Subjacente 1 (IBOVESPA, DOLAR DOS EUA).
COE001087;COE001087 – Call Spread + Call Spread;4;Valor Inicial Ativo Subjacente 1;Campo de preenchimento obrigatório. Valor inicial que serve para o cálculo (os percentuais indicados nos campos incidirão sobre este campo) de limitadores e strikes referentes ao Ativo Subjacente 1.
COE001087;COE001087 – Call Spread + Call Spread;5;Strike 1(%);Campo de preenchimento obrigatório. Percentual aplicado sobre o Valor Inicial do Ativo Subjacente 1.
COE001087;COE001087 – Call Spread + Call Spread;6;Quantidade 1;Campo de preenchimento obrigatório. Informar a quantidade do Ativo Subjacente 1.
COE001087;COE001087 – Call Spread + Call Spread;7;Valor Inicial Ativo Subjacente 2;Campo de preenchimento obrigatório. Valor inicial que serve para o cálculo (os percentuais indicados nos campos incidirão sobre este campo) de limitadores e strikes referentes ao Ativo Subjacente 2.
COE001087;COE001087 – Call Spread + Call Spread;8;Ativo Subjacente 2;Campo de preenchimento obrigatório. Informar a quantidade do Ativo Subjacente 2 Campo de preenchimento obrigatório. Percentual aplicado sobre o Valor Inicial do Ativo Subjacente 2. Campo de preenchimento obrigatório.
COE001087;COE001087 – Call Spread + Call Spread;9;Quantidade 2;Campo de preenchimento obrigatório. Número indicando percentual a ser aplicado sobre a valorização do Ativo Subjacente 2Campo de preenchimento obrigatório. Número indicando percentual a ser aplicado sobre o valor inicial do Ativo Subjacente 2.Campo de preenchimento obrigatório. Informar a quantidade do Ativo Subjacente 2
COE001087;COE001087 – Call Spread + Call Spread;10;Limitador cenário de alta (%);Campo de preenchimento obrigatório. Campo com as opções: Data Única, Janela de Datas e Mais Datas. Indica como será formado o fixing no vencimento. Caso o ativo subjacente seja uma Cesta,não é permitido selecionar a opção “Janela de Datas” Se indicado Janela de Datas ou Mais Datas, será obrigatório o preenchimento do campo “Tipo de Fixing para Vencimento”. Caso seja indicado “Mais Datas” as datas serão indicadas na seção “Mais Datas”.Campo de preenchimento obrigatório. Número indicando percentual a ser aplicado sobre a valorização do Ativo Subjacente 2Campo de preenchimento obrigatório. Número indicando percentual a ser aplicado sobre o valor inicial do Ativo Subjacente 2.
COE001087;COE001087 – Call Spread + Call Spread;11;Participação cenário de alta (%)Strike 2(%);"Campo de preenchimento obrigatório, se indicado ""Data única"". Formato: DD/MM/AAAA.Campo de preenchimento obrigatório. Campo com as opções: Data Única, Janela de Datas e Mais Datas. Indica como será formado o fixing no vencimento. Caso o ativo subjacente seja uma Cesta,não é permitido selecionar a opção “Janela de Datas” Se indicado Janela de Datas ou Mais Datas, será obrigatório o preenchimento do campo “Tipo de Fixing para Vencimento”. Caso seja indicado “Mais Datas” as datas serão indicadas na seção “Mais Datas”..Campo de preenchimento obrigatório. Número indicando percentual a ser aplicado sobre a valorização do Ativo Subjacente 2Campo de preenchimento obrigatório. Percentual aplicado sobre o Valor Inicial do Ativo Subjacente 2."
COE001087;COE001087 – Call Spread + Call Spread;12;Período de captura do ativo subjacente para liquidaçãoQuantidade 2;"Campo de preenchimento obrigatório, se indicado ""Janela de datas"". Formato: DD/MM/AAAA. É possível escolher uma data maior ou igual à “Data de Emissão” (ou “Emissão a Termo”), e menor que “Data Final para Fixing”.Campo de preenchimento obrigatório, se indicado ""Data única"". Formato: DD/MM/AAAA.Campo de preenchimento obrigatório. Campo com as opções: Data Única, Janela de Datas e Mais Datas. Indica como será formado o fixing no vencimento. Caso o ativo subjacente seja uma Cesta,não é permitido selecionar a opção “Janela de Datas” Se indicado Janela de Datas ou Mais Datas, será obrigatório o preenchimento do campo “Tipo de Fixing para Vencimento”. Caso seja indicado “Mais Datas” as datas serão indicadas na seção “Mais Datas”..Campo de preenchimento obrigatório. Informar a quantidade do Ativo Subjacente 2"
COE001087;COE001087 – Call Spread + Call Spread;13;Data para fixingLimitador cenário de alta (%);"Campo de preenchimento obrigatório, se indicado ""Janela de datas"". Formato: DD/MM/AAAA. Esta data deve ser posterior à indicada no campo “Data Inicial para Fixing”, sendo que o prazo máximo de dias entre a “Data Final para Fixing” e o vencimento é de 5 dias úteis e o prazo mínimo entre estas datas é 1 dia útil.Campo de preenchimento obrigatório, se indicado ""Janela de datas"". Formato: DD/MM/AAAA. É possível escolher uma data maior ou igual à “Data de Emissão” (ou “Emissão a Termo”), e menor que “Data Final para Fixing”.Campo de preenchimento obrigatório, se indicado ""Data única"". Formato: DD/MM/AAAA.Campo de preenchimento obrigatório. Número indicando percentual a ser aplicado sobre o valor inicial do Ativo Subjacente 2."
COE001087;COE001087 – Call Spread + Call Spread;14;Data inicial para fixingParticipação cenário de alta (%);"Campo de preenchimento obrigatório, se indicado ""Janela de datas"". Formato: DD/MM/AAAA. Esta data deve ser posterior à indicada no campo “Data Inicial para Fixing”, sendo que o prazo máximo de dias entre a “Data Final para Fixing” e o vencimento é de 5 dias úteis e o prazo mínimo entre estas datas é 1 dia útil.Campo de preenchimento obrigatório, se indicado ""Janela de datas"". Formato: DD/MM/AAAA. É possível escolher uma data maior ou igual à “Data de Emissão” (ou “Emissão a Termo”), e menor que “Data Final para Fixing”.Campo de preenchimento obrigatório. Número indicando percentual a ser aplicado sobre a valorização do Ativo Subjacente 2"
COE001087;COE001087 – Call Spread + Call Spread;15;Data final para fixingPeríodo de captura do ativo subjacente para liquidação;"Campo de preenchimento obrigatório, se indicado ""Janela de datas"". Formato: DD/MM/AAAA. Esta data deve ser posterior à indicada no campo “Data Inicial para Fixing”, sendo que o prazo máximo de dias entre a “Data Final para Fixing” e o vencimento é de 5 dias úteis e o prazo mínimo entre estas datas é 1 dia útil.Campo de preenchimento obrigatório. Campo com as opções: Data Única, Janela de Datas e Mais Datas. Indica como será formado o fixing no vencimento. Caso o ativo subjacente seja uma Cesta,não é permitido selecionar a opção “Janela de Datas” Se indicado Janela de Datas ou Mais Datas, será obrigatório o preenchimento do campo “Tipo de Fixing para Vencimento”. Caso seja indicado “Mais Datas” as datas serão indicadas na seção “Mais Datas”.."
COE001087;COE001087 – Call Spread + Call Spread;16;Data para fixing;"Campo de preenchimento obrigatório, se indicado ""Data única"". Formato: DD/MM/AAAA."
COE001087;COE001087 – Call Spread + Call Spread;17;Data inicial para fixing;"Campo de preenchimento obrigatório, se indicado ""Janela de datas"". Formato: DD/MM/AAAA. É possível escolher uma data maior ou igual à “Data de Emissão” (ou “Emissão a Termo”), e menor que “Data Final para Fixing”."
COE001087;COE001087 – Call Spread + Call Spread;18;Data final para fixing;"Campo de preenchimento obrigatório, se indicado ""Janela de datas"". Formato: DD/MM/AAAA. Esta data deve ser posterior à indicada no campo “Data Inicial para Fixing”, sendo que o prazo máximo de dias entre a “Data Final para Fixing” e o vencimento é de 5 dias úteis e o prazo mínimo entre estas datas é 1 dia útil."
COE001088;COE001088 – Cesta de Opções;1;figura:;
COE001088;COE001088 – Cesta de Opções;2;Nome do Campo;Descrição
COE001088;COE001088 – Cesta de Opções;3;Opção 1;Campo de preenchimento obrigatório. Informar o tipo de payoff da opção. Campo com as opções: Call, Put, Callspread, Putspread, Call KI, Call KO, Put KI, Put KO, Call Digital, Put Digital
COE001088;COE001088 – Cesta de Opções;4;Ativo Subjacente1;Campo de preenchimento obrigatório. Campo com as opções dos Ativos Subjacentes referentes a Classe do Ativo Subjacente selecionada anteriormente. O Ativo Subjacente é o Índice de Valorização do COE.
COE001088;COE001088 – Cesta de Opções;5;Classe do Ativo Subjacente 1;"Campo com as opções das Classes de Ativos referente ao Ativo Subjacente 1 (ACOES, ACOES INTERNACIONAIS, COMMODITIES; INDICES; INDICES DE PRECOS, INDICES INTERNACIONAIS; JUROS, JUROS INTERNACIONAIS, TAXA DE CAMBIO)."
COE001088;COE001088 – Cesta de Opções;6;Valor Inicial Ativo Subjacente 1;Campo de preenchimento obrigatório. Valor inicial que serve para o cálculo (os percentuais indicados nos campos incidirão sobre este campo) de limitadores e strikes referentes ao Ativo Subjacente 1.
COE001088;COE001088 – Cesta de Opções;7;Quantidade 1;Campo de preenchimento obrigatório. Informar a quantidade do Ativo Subjacente 1.
COE001088;COE001088 – Cesta de Opções;8;Participação 1(%);Campo de preenchimento obrigatório. Número indicando percentual a ser aplicado sobre a valorização do Ativo Subjacente 1.
COE001088;COE001088 – Cesta de Opções;9;Limitador 1(%);Campo de preenchimento opcional. Número indicando percentual a ser aplicado sobre o valor inicial do ativo subjacente. Formato: Numérico com 4 inteiros e 8 decimais. Preencher quando selecionado Callspread ou Putspread do campo “Opção”.
COE001088;COE001088 – Cesta de Opções;10;Barreira 1(%);Campo de preenchimento opcional. Formato: numérico com 4 inteiros e 8 decimais, sempre maior que zero. Indica o percentual a ser aplicado sobre o valor inicial do ativo. Preencher quando selecionado Call KI, Call KO, Put KI, Put KO, Call Digital ou Put Digital no campo “Opção”.
COE001088;COE001088 – Cesta de Opções;11;Rebate 1(%);Campo de preenchimento opcional. Formato: numérico com 4 inteiros e 4 decimais, maior ou igual a zero. Indica o percentual a ser aplicado sobre o VFE quando detectado que a cotação for maior que a barreira no período de verificação. Preencher quando selecionado Call Digital ou Put Digital no campo “Opção”.
COE001088;COE001088 – Cesta de Opções;12;Período de verificação de barreiras 1;Campo de preenchimento opcional. Campo com as opções: Americana e Europeia. Se indicado “Europeia” apenas a “Data para Fixing” pode ser preenchido. Se indicado “Americana” apenas a “Data Inicial para Verificação” e “Data Final para Verificação” podem ser preenchidos.
COE001088;COE001088 – Cesta de Opções;13;Tipo de cotação para verificação de barreira 1;Campo de preenchimento opcional. Indicação de qual será a cotação a ser considerada. Campo com as opções: Fechamento, Média, Máximo, Mínimo e Ajuste
COE001088;COE001088 – Cesta de Opções;14;Data inicial para verificação 1;Campo de preenchimento obrigatório, se indicado “Americana”. A partir de D+1 da “Data de Emissão” (ou “Emissão a Termo”) e menor que “Data Final para Verificação”. Formato: DD/MM/AAAA.
COE001088;COE001088 – Cesta de Opções;15;Data final para verificação 1;Campo de preenchimento obrigatório, se indicado “Americana”. Essa data deve ser posterior a indicada no campo “Data Inicial para Verificação”, sendo que o prazo mínimo de dias entre as datas deve ser de 1 dia útil. Formato: DD/MM/AAAA.
COE001088;COE001088 – Cesta de Opções;16;Período de captura do ativo subjacente para liquidação 1;Campo de preenchimento opcional. Campo com as opções: Data Única, Janela de Datas e Mais Datas. Indica como será formado o fixing no vencimento. Se indicado Janela de Datas ou Mais Datas, será obrigatório o preenchimento do campo “Tipo de Fixing para Vencimento”. Caso seja indicado “Mais Datas” as datas serão indicadas na seção “Mais Datas”
COE001088;COE001088 – Cesta de Opções;17;Data para fixing 1;"Campo de preenchimento obrigatório, se indicado ""Data única"". Formato: DD/MM/AAAA."
COE001088;COE001088 – Cesta de Opções;18;Data inicial para fixing 1;"Campo de preenchimento obrigatório, se indicado ""Janela de datas"". Formato: DD/MM/AAAA. É possível escolher uma data maior ou igual à “Data de Emissão” (ou “Emissão a Termo”), e menor que “Data Final para Fixing”."
COE001088;COE001088 – Cesta de Opções;19;Data final para fixing 1;"Campo de preenchimento obrigatório, se indicado ""Janela de datas"". Formato: DD/MM/AAAA. Esta data deve ser posterior à indicada no campo “Data Inicial para Fixing”, sendo que o prazo máximo de dias entre a “Data Final para Fixing” e o vencimento é de 5 dias úteis e o prazo mínimo entre estas datas é 1 dia útil."
COE001088;COE001088 – Cesta de Opções;20;Tipo de fixing para vencimento 1;Campo de preenchimento obrigatório quando no campo “Período de captura do ativo subjacente para liquidação” for selecionado “Janela de Datas” ou “Mais Datas”. Campo com os domínios: Máxima no Período, Mínima no Período e Média no Período. Indica como será formado o fixing para o vencimento do COE. • Máximo no período: O sistema irá verificar a cotação de todas as datas do intervalo da “Data fixing” (inclusive) até a “Data Fixing 2” (inclusive) e utilizará a maior cotação do intervalo como fixing do evento. • Mínimo no período: O sistema irá verificar a cotação de todas as datas do intervalo da “Data fixing” (inclusive) até a “Data Fixing 2” (inclusive) e utilizará a menor cotação do intervalo como fixing do evento. • Média no período: O sistema irá verificar a cotação de todas as datas do intervalo da “Data fixing” (inclusive) até a “Data Fixing 2” (inclusive) e utilizará a média de todas as cotações do intervalo como fixing do evento.
COE001088;COE001088 – Cesta de Opções;21;Opção 2;Campo de preenchimento obrigatório. Informar o tipo de payoff da opção. Campo com as opções: Call, Put, Callspread, Putspread, Call KI, Call KO, Put KI, Put KO, Call Digital, Put Digital
COE001088;COE001088 – Cesta de Opções;22;Ativo Subjacente2;Campo de preenchimento obrigatório. Campo com as opções dos Ativos Subjacentes referentes a Classe do Ativo Subjacente selecionada anteriormente. O Ativo Subjacente é o Índice de Valorização do COE.
COE001088;COE001088 – Cesta de Opções;23;Classe do Ativo Subjacente 2;"Campo com as opções das Classes de Ativos referente ao Ativo Subjacente 2 (ACOES, ACOES INTERNACIONAIS, COMMODITIES; INDICES; INDICES DE PRECOS, INDICES INTERNACIONAIS; JUROS, JUROS INTERNACIONAIS, TAXA DE CAMBIO)."
COE001088;COE001088 – Cesta de Opções;24;Valor Inicial Ativo Subjacente 2;Campo de preenchimento obrigatório. Valor inicial que serve para o cálculo (os percentuais indicados nos campos incidirão sobre este campo) de limitadores e strikes referentes ao Ativo Subjacente 2.
COE001088;COE001088 – Cesta de Opções;25;Quantidade 2;Campo de preenchimento obrigatório. Informar a quantidade do Ativo Subjacente 2.
COE001088;COE001088 – Cesta de Opções;26;Participação 2(%);Campo de preenchimento obrigatório. Número indicando percentual a ser aplicado sobre a valorização do Ativo Subjacente 2.
COE001088;COE001088 – Cesta de Opções;27;Limitador 2(%);Campo de preenchimento opcional. Número indicando percentual a ser aplicado sobre o valor inicial do ativo subjacente. Formato: Numérico com 4 inteiros e 8 decimais. Preencher quando selecionado Callspread ou Putspread do campo “Opção”.
COE001088;COE001088 – Cesta de Opções;28;Barreira 2(%);Campo de preenchimento opcional. Formato: numérico com 4 inteiros e 8 decimais, sempre maior que zero. Indica o percentual a ser aplicado sobre o valor inicial do ativo. Preencher quando selecionado Call KI, Call KO, Put KI, Put KO, Call Digital ou Put Digital no campo “Opção”.
COE001088;COE001088 – Cesta de Opções;29;Rebate 2(%);Campo de preenchimento opcional. Formato: numérico com 4 inteiros e 4 decimais, maior ou igual a zero. Indica o percentual a ser aplicado sobre o VFE quando detectado que a cotação for maior que a barreira no período de verificação. Preencher quando selecionado Call Digital ou Put Digital no campo “Opção”.
COE001088;COE001088 – Cesta de Opções;30;Período de verificação de barreiras 2;Campo de preenchimento opcional. Campo com as opções: Americana e Europeia. Se indicado “Europeia” apenas a “Data para Fixing” pode ser preenchido. Se indicado “Americana” apenas a “Data Inicial para Verificação” e “Data Final para Verificação” podem ser preenchidos.
COE001088;COE001088 – Cesta de Opções;31;Tipo de cotação para verificação de barreira 2;Campo de preenchimento opcional. Indicação de qual será a cotação a ser considerada. Campo com as opções: Fechamento, Média, Máximo, Mínimo e Ajuste
COE001088;COE001088 – Cesta de Opções;32;Data inicial para verificação 2;Campo de preenchimento obrigatório, se indicado “Americana”. A partir de D+1 da “Data de Emissão” (ou “Emissão a Termo”) e menor que “Data Final para Verificação”. Formato: DD/MM/AAAA.
COE001088;COE001088 – Cesta de Opções;33;Data final para verificação 2;Campo de preenchimento obrigatório, se indicado “Americana”. Essa data deve ser posterior a indicada no campo “Data Inicial para Verificação”, sendo que o prazo mínimo de dias entre as datas deve ser de 1 dia útil. Formato: DD/MM/AAAA.
COE001088;COE001088 – Cesta de Opções;34;Período de captura do ativo subjacente para liquidação 2;Campo de preenchimento opcional. Campo com as opções: Data Única, Janela de Datas e Mais Datas. Indica como será formado o fixing no vencimento. Se indicado Janela de Datas ou Mais Datas, será obrigatório o preenchimento do campo “Tipo de Fixing para Vencimento”. Caso seja indicado “Mais Datas” as datas serão indicadas na seção “Mais Datas”
COE001088;COE001088 – Cesta de Opções;35;Data para fixing 2;"Campo de preenchimento obrigatório, se indicado ""Data única"". Formato: DD/MM/AAAA."
COE001088;COE001088 – Cesta de Opções;36;Data inicial para fixing 2;"Campo de preenchimento obrigatório, se indicado ""Janela de datas"". Formato: DD/MM/AAAA. É possível escolher uma data maior ou igual à “Data de Emissão” (ou “Emissão a Termo”), e menor que “Data Final para Fixing”."
COE001088;COE001088 – Cesta de Opções;37;Data final para fixing 2;"Campo de preenchimento obrigatório, se indicado ""Janela de datas"". Formato: DD/MM/AAAA. Esta data deve ser posterior à indicada no campo “Data Inicial para Fixing”, sendo que o prazo máximo de dias entre a “Data Final para Fixing” e o vencimento é de 5 dias úteis e o prazo mínimo entre estas datas é 1 dia útil."
COE001088;COE001088 – Cesta de Opções;38;Tipo de fixing para vencimento 2;Campo de preenchimento obrigatório quando no campo “Período de captura do ativo subjacente para liquidação” for selecionado “Janela de Datas” ou “Mais Datas”. Campo com os domínios: Máxima no Período, Mínima no Período e Média no Período. Indica como será formado o fixing para o vencimento do COE. • Máximo no período: O sistema irá verificar a cotação de todas as datas do intervalo da “Data fixing” (inclusive) até a “Data Fixing 2” (inclusive) e utilizará a maior cotação do intervalo como fixing do evento. • Mínimo no período: O sistema irá verificar a cotação de todas as datas do intervalo da “Data fixing” (inclusive) até a “Data Fixing 2” (inclusive) e utilizará a menor cotação do intervalo como fixing do evento. • Média no período: O sistema irá verificar a cotação de todas as datas do intervalo da “Data fixing” (inclusive) até a “Data Fixing 2” (inclusive) e utilizará a média de todas as cotações do intervalo como fixing do evento.
COE001088;COE001088 – Cesta de Opções;39;Opção 3;Campo de preenchimento opcional. Informar o tipo de payoff da opção. Campo com as opções: Call, Put, Callspread, Putspread, Call KI, Call KO, Put KI, Put KO, Call Digital, Put Digital
COE001088;COE001088 – Cesta de Opções;40;Ativo Subjacente 3;Campo de preenchimento opcional. Campo com as opções dos Ativos Subjacentes referentes a Classe do Ativo Subjacente selecionada anteriormente. O Ativo Subjacente é o Índice de Valorização do COE.
COE001088;COE001088 – Cesta de Opções;41;Classe do Ativo Subjacente 3;"Campo com as opções das Classes de Ativos referente ao Ativo Subjacente 3 (ACOES, ACOES INTERNACIONAIS, COMMODITIES; INDICES; INDICES DE PRECOS, INDICES INTERNACIONAIS; JUROS, JUROS INTERNACIONAIS, TAXA DE CAMBIO)."
COE001088;COE001088 – Cesta de Opções;42;Valor Inicial Ativo Subjacente 3;Campo de preenchimento opcional. Valor inicial que serve para o cálculo (os percentuais indicados nos campos incidirão sobre este campo) de limitadores e strikes referentes ao Ativo Subjacente 3.
COE001088;COE001088 – Cesta de Opções;43;Quantidade 3;Campo de preenchimento opcional. Informar a quantidade do Ativo Subjacente 3.
COE001088;COE001088 – Cesta de Opções;44;Participação 3(%);Campo de preenchimento opcional. Número indicando percentual a ser aplicado sobre a valorização do Ativo Subjacente 3.
COE001088;COE001088 – Cesta de Opções;45;Limitador 3(%);Campo de preenchimento opcional. Número indicando percentual a ser aplicado sobre o valor inicial do ativo subjacente. Formato: Numérico com 4 inteiros e 8 decimais. Preencher quando selecionado Callspread ou Putspread do campo “Opção”.
COE001088;COE001088 – Cesta de Opções;46;Barreira 3(%);Campo de preenchimento opcional. Formato: numérico com 4 inteiros e 8 decimais, sempre maior que zero. Indica o percentual a ser aplicado sobre o valor inicial do ativo. Preencher quando selecionado Call KI, Call KO, Put KI, Put KO, Call Digital ou Put Digital no campo “Opção”.
COE001088;COE001088 – Cesta de Opções;47;Rebate 3(%);Campo de preenchimento opcional. Formato: numérico com 4 inteiros e 4 decimais, maior ou igual a zero. Indica o percentual a ser aplicado sobre o VFE quando detectado que a cotação for maior que a barreira no período de verificação. Preencher quando selecionado Call Digital ou Put Digital no campo “Opção”.
COE001088;COE001088 – Cesta de Opções;48;Período de verificação de barreiras 3;Campo de preenchimento opcional. Campo com as opções: Americana e Europeia. Se indicado “Europeia” apenas a “Data para Fixing” pode ser preenchido. Se indicado “Americana” apenas a “Data Inicial para Verificação” e “Data Final para Verificação” podem ser preenchidos.
COE001088;COE001088 – Cesta de Opções;49;Tipo de cotação para verificação de barreira 3;Campo de preenchimento opcional. Indicação de qual será a cotação a ser considerada. Campo com as opções: Fechamento, Média, Máximo, Mínimo e Ajuste
COE001088;COE001088 – Cesta de Opções;50;Data inicial para verificação 3;Campo de preenchimento obrigatório, se indicado “Americana”. A partir de D+1 da “Data de Emissão” (ou “Emissão a Termo”) e menor que “Data Final para Verificação”. Formato: DD/MM/AAAA.
COE001088;COE001088 – Cesta de Opções;51;Data final para verificação 3;Campo de preenchimento obrigatório, se indicado “Americana”. Essa data deve ser posterior a indicada no campo “Data Inicial para Verificação”, sendo que o prazo mínimo de dias entre as datas deve ser de 1 dia útil. Formato: DD/MM/AAAA.
COE001088;COE001088 – Cesta de Opções;52;Período de captura do ativo subjacente para liquidação 3;Campo de preenchimento opcional. Campo com as opções: Data Única, Janela de Datas e Mais Datas. Indica como será formado o fixing no vencimento. Se indicado Janela de Datas ou Mais Datas, será obrigatório o preenchimento do campo “Tipo de Fixing para Vencimento”. Caso seja indicado “Mais Datas” as datas serão indicadas na seção “Mais Datas”
COE001088;COE001088 – Cesta de Opções;53;Data para fixing 3;"Campo de preenchimento obrigatório, se indicado ""Data única"". Formato: DD/MM/AAAA."
COE001088;COE001088 – Cesta de Opções;54;Data inicial para fixing 3;"Campo de preenchimento obrigatório, se indicado ""Janela de datas"". Formato: DD/MM/AAAA. É possível escolher uma data maior ou igual à “Data de Emissão” (ou “Emissão a Termo”), e menor que “Data Final para Fixing”."
COE001088;COE001088 – Cesta de Opções;55;Data final para fixing 3;"Campo de preenchimento obrigatório, se indicado ""Janela de datas"". Formato: DD/MM/AAAA. Esta data deve ser posterior à indicada no campo “Data Inicial para Fixing”, sendo que o prazo máximo de dias entre a “Data Final para Fixing” e o vencimento é de 5 dias úteis e o prazo mínimo entre estas datas é 1 dia útil."
COE001088;COE001088 – Cesta de Opções;56;Tipo de fixing para vencimento 3;Campo de preenchimento obrigatório quando no campo “Período de captura do ativo subjacente para liquidação” for selecionado “Janela de Datas” ou “Mais Datas”. Campo com os domínios: Máxima no Período, Mínima no Período e Média no Período. Indica como será formado o fixing para o vencimento do COE. • Máximo no período: O sistema irá verificar a cotação de todas as datas do intervalo da “Data fixing” (inclusive) até a “Data Fixing 2” (inclusive) e utilizará a maior cotação do intervalo como fixing do evento. • Mínimo no período: O sistema irá verificar a cotação de todas as datas do intervalo da “Data fixing” (inclusive) até a “Data Fixing 2” (inclusive) e utilizará a menor cotação do intervalo como fixing do evento. • Média no período: O sistema irá verificar a cotação de todas as datas do intervalo da “Data fixing” (inclusive) até a “Data Fixing 2” (inclusive) e utilizará a média de todas as cotações do intervalo como fixing do evento.
COE001088;COE001088 – Cesta de Opções;57;Opção 4;Campo de preenchimento opcional. Informar o tipo de payoff da opção. Campo com as opções: Call, Put, Callspread, Putspread, Call KI, Call KO, Put KI, Put KO, Call Digital, Put Digital
COE001088;COE001088 – Cesta de Opções;58;Ativo Subjacente 4;Campo de preenchimento opcional. Campo com as opções dos Ativos Subjacentes referentes a Classe do Ativo Subjacente selecionada anteriormente. O Ativo Subjacente é o Índice de Valorização do COE.
COE001088;COE001088 – Cesta de Opções;59;Classe do Ativo Subjacente 4;"Campo com as opções das Classes de Ativos referente ao Ativo Subjacente 4 (ACOES, ACOES INTERNACIONAIS, COMMODITIES; INDICES; INDICES DE PRECOS, INDICES INTERNACIONAIS; JUROS, JUROS INTERNACIONAIS, TAXA DE CAMBIO)."
COE001088;COE001088 – Cesta de Opções;60;Valor Inicial Ativo Subjacente 4;Campo de preenchimento opcional. Valor inicial que serve para o cálculo (os percentuais indicados nos campos incidirão sobre este campo) de limitadores e strikes referentes ao Ativo Subjacente 4.
COE001088;COE001088 – Cesta de Opções;61;Quantidade 4;Campo de preenchimento opcional. Informar a quantidade do Ativo Subjacente 4.
COE001088;COE001088 – Cesta de Opções;62;Participação 4(%);Campo de preenchimento opcional. Número indicando percentual a ser aplicado sobre a valorização do Ativo Subjacente 4.
COE001088;COE001088 – Cesta de Opções;63;Limitador 4(%);Campo de preenchimento opcional. Número indicando percentual a ser aplicado sobre o valor inicial do ativo subjacente. Formato: Numérico com 4 inteiros e 8 decimais. Preencher quando selecionado Callspread ou Putspread do campo “Opção”.
COE001088;COE001088 – Cesta de Opções;64;Barreira 4(%);Campo de preenchimento opcional. Formato: numérico com 4 inteiros e 8 decimais, sempre maior que zero. Indica o percentual a ser aplicado sobre o valor inicial do ativo. Preencher quando selecionado Call KI, Call KO, Put KI, Put KO, Call Digital ou Put Digital no campo “Opção”.
COE001088;COE001088 – Cesta de Opções;65;Rebate 4(%);Campo de preenchimento opcional. Formato: numérico com 4 inteiros e 4 decimais, maior ou igual a zero. Indica o percentual a ser aplicado sobre o VFE quando detectado que a cotação for maior que a barreira no período de verificação. Preencher quando selecionado Call Digital ou Put Digital no campo “Opção”.
COE001088;COE001088 – Cesta de Opções;66;Período de verificação de barreiras 4;Campo de preenchimento opcional. Campo com as opções: Americana e Europeia. Se indicado “Europeia” apenas a “Data para Fixing” pode ser preenchido. Se indicado “Americana” apenas a “Data Inicial para Verificação” e “Data Final para Verificação” podem ser preenchidos.
COE001088;COE001088 – Cesta de Opções;67;Tipo de cotação para verificação de barreira 4;Campo de preenchimento opcional. Indicação de qual será a cotação a ser considerada. Campo com as opções: Fechamento, Média, Máximo, Mínimo e Ajuste
COE001088;COE001088 – Cesta de Opções;68;Data inicial para verificação 4;Campo de preenchimento obrigatório, se indicado “Americana”. A partir de D+1 da “Data de Emissão” (ou “Emissão a Termo”) e menor que “Data Final para Verificação”. Formato: DD/MM/AAAA.
COE001088;COE001088 – Cesta de Opções;69;Data final para verificação 4;Campo de preenchimento obrigatório, se indicado “Americana”. Essa data deve ser posterior a indicada no campo “Data Inicial para Verificação”, sendo que o prazo mínimo de dias entre as datas deve ser de 1 dia útil. Formato: DD/MM/AAAA.
COE001088;COE001088 – Cesta de Opções;70;Período de captura do ativo subjacente para liquidação 4;Campo de preenchimento opcional. Campo com as opções: Data Única, Janela de Datas e Mais Datas. Indica como será formado o fixing no vencimento. Se indicado Janela de Datas ou Mais Datas, será obrigatório o preenchimento do campo “Tipo de Fixing para Vencimento”. Caso seja indicado “Mais Datas” as datas serão indicadas na seção “Mais Datas”
COE001088;COE001088 – Cesta de Opções;71;Data para fixing 4;"Campo de preenchimento obrigatório, se indicado ""Data única"". Formato: DD/MM/AAAA."
COE001088;COE001088 – Cesta de Opções;72;Data inicial para fixing 4;"Campo de preenchimento obrigatório, se indicado ""Janela de datas"". Formato: DD/MM/AAAA. É possível escolher uma data maior ou igual à “Data de Emissão” (ou “Emissão a Termo”), e menor que “Data Final para Fixing”."
COE001088;COE001088 – Cesta de Opções;73;Data final para fixing 4;"Campo de preenchimento obrigatório, se indicado ""Janela de datas"". Formato: DD/MM/AAAA. Esta data deve ser posterior à indicada no campo “Data Inicial para Fixing”, sendo que o prazo máximo de dias entre a “Data Final para Fixing” e o vencimento é de 5 dias úteis e o prazo mínimo entre estas datas é 1 dia útil."
COE001088;COE001088 – Cesta de Opções;74;Tipo de fixing para vencimento 4;Campo de preenchimento obrigatório quando no campo “Período de captura do ativo subjacente para liquidação” for selecionado “Janela de Datas” ou “Mais Datas”. Campo com os domínios: Máxima no Período, Mínima no Período e Média no Período. Indica como será formado o fixing para o vencimento do COE. • Máximo no período: O sistema irá verificar a cotação de todas as datas do intervalo da “Data fixing” (inclusive) até a “Data Fixing 2” (inclusive) e utilizará a maior cotação do intervalo como fixing do evento. • Mínimo no período: O sistema irá verificar a cotação de todas as datas do intervalo da “Data fixing” (inclusive) até a “Data Fixing 2” (inclusive) e utilizará a menor cotação do intervalo como fixing do evento. • Média no período: O sistema irá verificar a cotação de todas as datas do intervalo da “Data fixing” (inclusive) até a “Data Fixing 2” (inclusive) e utilizará a média de todas as cotações do intervalo como fixing do evento.
COE001088;COE001088 – Cesta de Opções;75;Opção 5;Campo de preenchimento opcional. Informar o tipo de payoff da opção. Campo com as opções: Call, Put, Callspread, Putspread, Call KI, Call KO, Put KI, Put KO, Call Digital, Put Digital
COE001088;COE001088 – Cesta de Opções;76;Ativo Subjacente 5;Campo de preenchimento opcional, Campo com as opções dos Ativos Subjacentes referentes a Classe do Ativo Subjacente selecionada anteriormente. O Ativo Subjacente é o Índice de Valorização do COE.
COE001088;COE001088 – Cesta de Opções;77;Classe do Ativo Subjacente 5;"Campo com as opções das Classes de Ativos referente ao Ativo Subjacente 5. (ACOES, ACOES INTERNACIONAIS, COMMODITIES; INDICES; INDICES DE PRECOS, INDICES INTERNACIONAIS; JUROS, JUROS INTERNACIONAIS, TAXA DE CAMBIO)."
COE001088;COE001088 – Cesta de Opções;78;Valor Inicial Ativo Subjacente 5;Campo de preenchimento opcional. Valor inicial que serve para o cálculo (os percentuais indicados nos campos incidirão sobre este campo) de limitadores e strikes referentes ao Ativo Subjacente 5.
COE001088;COE001088 – Cesta de Opções;79;Quantidade 5;Campo de preenchimento opcional. Informar a quantidade do Ativo Subjacente 5.
COE001088;COE001088 – Cesta de Opções;80;Participação 5(%);Campo de preenchimento opcional. Número indicando percentual a ser aplicado sobre a valorização do Ativo Subjacente 5.
COE001088;COE001088 – Cesta de Opções;81;Limitador 5(%);Campo de preenchimento opcional. Número indicando percentual a ser aplicado sobre o valor inicial do ativo subjacente. Formato: Numérico com 4 inteiros e 8 decimais. Preencher quando selecionado Callspread ou Putspread do campo “Opção”.
COE001088;COE001088 – Cesta de Opções;82;Barreira 5(%);Campo de preenchimento opcional. Formato: numérico com 4 inteiros e 8 decimais, sempre maior que zero. Indica o percentual a ser aplicado sobre o valor inicial do ativo. Preencher quando selecionado Call KI, Call KO, Put KI, Put KO, Call Digital ou Put Digital no campo “Opção”.
COE001088;COE001088 – Cesta de Opções;83;Rebate 5(%);Campo de preenchimento opcional. Formato: numérico com 4 inteiros e 4 decimais, maior ou igual a zero. Indica o percentual a ser aplicado sobre o VFE quando detectado que a cotação for maior que a barreira no período de verificação. Preencher quando selecionado Call Digital ou Put Digital no campo “Opção”.
COE001088;COE001088 – Cesta de Opções;84;Período de verificação de barreiras 5;Campo de preenchimento opcional. Campo com as opções: Americana e Europeia. Se indicado “Europeia” apenas a “Data para Fixing” pode ser preenchido. Se indicado “Americana” apenas a “Data Inicial para Verificação” e “Data Final para Verificação” podem ser preenchidos.
COE001088;COE001088 – Cesta de Opções;85;Tipo de cotação para verificação de barreira 5;Campo de preenchimento opcional. Indicação de qual será a cotação a ser considerada. Campo com as opções: Fechamento, Média, Máximo, Mínimo e Ajuste
COE001088;COE001088 – Cesta de Opções;86;Data inicial para verificação 5;Campo de preenchimento obrigatório, se indicado “Americana”. A partir de D+1 da “Data de Emissão” (ou “Emissão a Termo”) e menor que “Data Final para Verificação”. Formato: DD/MM/AAAA.
COE001088;COE001088 – Cesta de Opções;87;Data final para verificação 5;Campo de preenchimento obrigatório, se indicado “Americana”. Essa data deve ser posterior a indicada no campo “Data Inicial para Verificação”, sendo que o prazo mínimo de dias entre as datas deve ser de 1 dia útil. Formato: DD/MM/AAAA.
COE001088;COE001088 – Cesta de Opções;88;Período de captura do ativo subjacente para liquidação 5;Campo de preenchimento opcional. Campo com as opções: Data Única, Janela de Datas e Mais Datas. Indica como será formado o fixing no vencimento. Se indicado Janela de Datas ou Mais Datas, será obrigatório o preenchimento do campo “Tipo de Fixing para Vencimento”. Caso seja indicado “Mais Datas” as datas serão indicadas na seção “Mais Datas”
COE001088;COE001088 – Cesta de Opções;89;Data para fixing 5;"Campo de preenchimento obrigatório, se indicado ""Data única"". Formato: DD/MM/AAAA."
COE001088;COE001088 – Cesta de Opções;90;Data inicial para fixing 5;"Campo de preenchimento obrigatório, se indicado ""Janela de datas"". Formato: DD/MM/AAAA. É possível escolher uma data maior ou igual à “Data de Emissão” (ou “Emissão a Termo”), e menor que “Data Final para Fixing”."
COE001088;COE001088 – Cesta de Opções;91;Data final para fixing 5;"Campo de preenchimento obrigatório, se indicado ""Janela de datas"". Formato: DD/MM/AAAA. Esta data deve ser posterior à indicada no campo “Data Inicial para Fixing”, sendo que o prazo máximo de dias entre a “Data Final para Fixing” e o vencimento é de 5 dias úteis e o prazo mínimo entre estas datas é 1 dia útil."
COE001088;COE001088 – Cesta de Opções;92;Tipo de fixing para vencimento 5;Campo de preenchimento obrigatório quando no campo “Período de captura do ativo subjacente para liquidação” for selecionado “Janela de Datas” ou “Mais Datas”. Campo com os domínios: Máxima no Período, Mínima no Período e Média no Período. Indica como será formado o fixing para o vencimento do COE. • Máximo no período: O sistema irá verificar a cotação de todas as datas do intervalo da “Data fixing” (inclusive) até a “Data Fixing 2” (inclusive) e utilizará a maior cotação do intervalo como fixing do evento. • Mínimo no período: O sistema irá verificar a cotação de todas as datas do intervalo da “Data fixing” (inclusive) até a “Data Fixing 2” (inclusive) e utilizará a menor cotação do intervalo como fixing do evento. • Média no período: O sistema irá verificar a cotação de todas as datas do intervalo da “Data fixing” (inclusive) até a “Data Fixing 2” (inclusive) e utilizará a média de todas as cotações do intervalo como fixing do evento.
COE001088;COE001088 – Cesta de Opções;93;Opção 6;Campo de preenchimento opcional. Informar o tipo de payoff da opção. Campo com as opções: Call, Put, Callspread, Putspread, Call KI, Call KO, Put KI, Put KO, Call Digital, Put Digital
COE001088;COE001088 – Cesta de Opções;94;Ativo Subjacente 6;Campo de preenchimento opcional, Campo com as opções dos Ativos Subjacentes referentes a Classe do Ativo Subjacente selecionada anteriormente. O Ativo Subjacente é o Índice de Valorização do COE.
COE001088;COE001088 – Cesta de Opções;95;Classe do Ativo Subjacente 6;"Campo com as opções das Classes de Ativos referente ao Ativo Subjacente 6. (ACOES, ACOES INTERNACIONAIS, COMMODITIES; INDICES; INDICES DE PRECOS, INDICES INTERNACIONAIS; JUROS, JUROS INTERNACIONAIS, TAXA DE CAMBIO)."
COE001088;COE001088 – Cesta de Opções;96;Valor Inicial Ativo Subjacente 6;Campo de preenchimento opcional. Valor inicial que serve para o cálculo (os percentuais indicados nos campos incidirão sobre este campo) de limitadores e strikes referentes ao Ativo Subjacente 6.
COE001088;COE001088 – Cesta de Opções;97;Quantidade 6;Campo de preenchimento opcional. Informar a quantidade do Ativo Subjacente 6.
COE001088;COE001088 – Cesta de Opções;98;Participação 6(%);Campo de preenchimento opcional. Número indicando percentual a ser aplicado sobre a valorização do Ativo Subjacente 6.
COE001088;COE001088 – Cesta de Opções;99;Limitador 6(%);Campo de preenchimento opcional. Número indicando percentual a ser aplicado sobre o valor inicial do ativo subjacente. Formato: Numérico com 4 inteiros e 8 decimais. Preencher quando selecionado Callspread ou Putspread do campo “Opção”.
COE001088;COE001088 – Cesta de Opções;100;Barreira 6(%);Campo de preenchimento opcional. Formato: numérico com 4 inteiros e 8 decimais, sempre maior que zero. Indica o percentual a ser aplicado sobre o valor inicial do ativo. Preencher quando selecionado Call KI, Call KO, Put KI, Put KO, Call Digital ou Put Digital no campo “Opção”.
COE001088;COE001088 – Cesta de Opções;101;Rebate 6(%);Campo de preenchimento opcional. Formato: numérico com 4 inteiros e 4 decimais, maior ou igual a zero. Indica o percentual a ser aplicado sobre o VFE quando detectado que a cotação for maior que a barreira no período de verificação. Preencher quando selecionado Call Digital ou Put Digital no campo “Opção”.
COE001088;COE001088 – Cesta de Opções;102;Período de verificação de barreiras 6;Campo de preenchimento opcional. Campo com as opções: Americana e Europeia. Se indicado “Europeia” apenas a “Data para Fixing” pode ser preenchido. Se indicado “Americana” apenas a “Data Inicial para Verificação” e “Data Final para Verificação” podem ser preenchidos.
COE001088;COE001088 – Cesta de Opções;103;Tipo de cotação para verificação de barreira 6;Campo de preenchimento opcional. Indicação de qual será a cotação a ser considerada. Campo com as opções: Fechamento, Média, Máximo, Mínimo e Ajuste
COE001088;COE001088 – Cesta de Opções;104;Data inicial para verificação 6;Campo de preenchimento obrigatório, se indicado “Americana”. A partir de D+1 da “Data de Emissão” (ou “Emissão a Termo”) e menor que “Data Final para Verificação”. Formato: DD/MM/AAAA.
COE001088;COE001088 – Cesta de Opções;105;Data final para verificação 6;Campo de preenchimento obrigatório, se indicado “Americana”. Essa data deve ser posterior a indicada no campo “Data Inicial para Verificação”, sendo que o prazo mínimo de dias entre as datas deve ser de 1 dia útil. Formato: DD/MM/AAAA.
COE001088;COE001088 – Cesta de Opções;106;Período de captura do ativo subjacente para liquidação 6;Campo de preenchimento opcional. Campo com as opções: Data Única, Janela de Datas e Mais Datas. Indica como será formado o fixing no vencimento. Se indicado Janela de Datas ou Mais Datas, será obrigatório o preenchimento do campo “Tipo de Fixing para Vencimento”. Caso seja indicado “Mais Datas” as datas serão indicadas na seção “Mais Datas”
COE001088;COE001088 – Cesta de Opções;107;Data para fixing 6;"Campo de preenchimento obrigatório, se indicado ""Data única"". Formato: DD/MM/AAAA."
COE001088;COE001088 – Cesta de Opções;108;Data inicial para fixing 6;"Campo de preenchimento obrigatório, se indicado ""Janela de datas"". Formato: DD/MM/AAAA. É possível escolher uma data maior ou igual à “Data de Emissão” (ou “Emissão a Termo”), e menor que “Data Final para Fixing”."
COE001088;COE001088 – Cesta de Opções;109;Data final para fixing 6;"Campo de preenchimento obrigatório, se indicado ""Janela de datas"". Formato: DD/MM/AAAA. Esta data deve ser posterior à indicada no campo “Data Inicial para Fixing”, sendo que o prazo máximo de dias entre a “Data Final para Fixing” e o vencimento é de 5 dias úteis e o prazo mínimo entre estas datas é 1 dia útil."
COE001088;COE001088 – Cesta de Opções;110;Tipo de fixing para vencimento 6;Campo de preenchimento obrigatório quando no campo “Período de captura do ativo subjacente para liquidação” for selecionado “Janela de Datas” ou “Mais Datas”. Campo com os domínios: Máxima no Período, Mínima no Período e Média no Período. Indica como será formado o fixing para o vencimento do COE. • Máximo no período: O sistema irá verificar a cotação de todas as datas do intervalo da “Data fixing” (inclusive) até a “Data Fixing 2” (inclusive) e utilizará a maior cotação do intervalo como fixing do evento. • Mínimo no período: O sistema irá verificar a cotação de todas as datas do intervalo da “Data fixing” (inclusive) até a “Data Fixing 2” (inclusive) e utilizará a menor cotação do intervalo como fixing do evento. • Média no período: O sistema irá verificar a cotação de todas as datas do intervalo da “Data fixing” (inclusive) até a “Data Fixing 2” (inclusive) e utilizará a média de todas as cotações do intervalo como fixing do evento.
COE001088;COE001088 – Cesta de Opções;111;Opção 7;Campo de preenchimento opcional. Informar o tipo de payoff da opção. Campo com as opções: Call, Put, Callspread, Putspread, Call KI, Call KO, Put KI, Put KO, Call Digital, Put Digital
COE001088;COE001088 – Cesta de Opções;112;Ativo Subjacente 7;Campo de preenchimento opcional, Campo com as opções dos Ativos Subjacentes referentes a Classe do Ativo Subjacente selecionada anteriormente. O Ativo Subjacente é o Índice de Valorização do COE.
COE001088;COE001088 – Cesta de Opções;113;Classe do Ativo Subjacente 7;"Campo com as opções das Classes de Ativos referente ao Ativo Subjacente 7. (ACOES, ACOES INTERNACIONAIS, COMMODITIES; INDICES; INDICES DE PRECOS, INDICES INTERNACIONAIS; JUROS, JUROS INTERNACIONAIS, TAXA DE CAMBIO)."
COE001088;COE001088 – Cesta de Opções;114;Valor Inicial Ativo Subjacente 7;Campo de preenchimento opcional. Valor inicial que serve para o cálculo (os percentuais indicados nos campos incidirão sobre este campo) de limitadores e strikes referentes ao Ativo Subjacente 7.
COE001088;COE001088 – Cesta de Opções;115;Quantidade 7;Campo de preenchimento opcional. Informar a quantidade do Ativo Subjacente 7.
COE001088;COE001088 – Cesta de Opções;116;Participação 7(%);Campo de preenchimento opcional. Número indicando percentual a ser aplicado sobre a valorização do Ativo Subjacente 7.
COE001088;COE001088 – Cesta de Opções;117;Limitador 7(%);Campo de preenchimento opcional. Número indicando percentual a ser aplicado sobre o valor inicial do ativo subjacente. Formato: Numérico com 4 inteiros e 8 decimais. Preencher quando selecionado Callspread ou Putspread do campo “Opção”.
COE001088;COE001088 – Cesta de Opções;118;Barreira 7(%);Campo de preenchimento opcional. Formato: numérico com 4 inteiros e 8 decimais, sempre maior que zero. Indica o percentual a ser aplicado sobre o valor inicial do ativo. Preencher quando selecionado Call KI, Call KO, Put KI, Put KO, Call Digital ou Put Digital no campo “Opção”.
COE001088;COE001088 – Cesta de Opções;119;Rebate 7(%);Campo de preenchimento opcional. Formato: numérico com 4 inteiros e 4 decimais, maior ou igual a zero. Indica o percentual a ser aplicado sobre o VFE quando detectado que a cotação for maior que a barreira no período de verificação. Preencher quando selecionado Call Digital ou Put Digital no campo “Opção”.
COE001088;COE001088 – Cesta de Opções;120;Período de verificação de barreiras 7;Campo de preenchimento opcional. Campo com as opções: Americana e Europeia. Se indicado “Europeia” apenas a “Data para Fixing” pode ser preenchido. Se indicado “Americana” apenas a “Data Inicial para Verificação” e “Data Final para Verificação” podem ser preenchidos.
COE001088;COE001088 – Cesta de Opções;121;Tipo de cotação para verificação de barreira 7;Campo de preenchimento opcional. Indicação de qual será a cotação a ser considerada. Campo com as opções: Fechamento, Média, Máximo, Mínimo e Ajuste
COE001088;COE001088 – Cesta de Opções;122;Data inicial para verificação 7;Campo de preenchimento obrigatório, se indicado “Americana”. A partir de D+1 da “Data de Emissão” (ou “Emissão a Termo”) e menor que “Data Final para Verificação”. Formato: DD/MM/AAAA.
COE001088;COE001088 – Cesta de Opções;123;Data final para verificação 7;Campo de preenchimento obrigatório, se indicado “Americana”. Essa data deve ser posterior a indicada no campo “Data Inicial para Verificação”, sendo que o prazo mínimo de dias entre as datas deve ser de 1 dia útil. Formato: DD/MM/AAAA.
COE001088;COE001088 – Cesta de Opções;124;Período de captura do ativo subjacente para liquidação 7;Campo de preenchimento opcional. Campo com as opções: Data Única, Janela de Datas e Mais Datas. Indica como será formado o fixing no vencimento. Se indicado Janela de Datas ou Mais Datas, será obrigatório o preenchimento do campo “Tipo de Fixing para Vencimento”. Caso seja indicado “Mais Datas” as datas serão indicadas na seção “Mais Datas”
COE001088;COE001088 – Cesta de Opções;125;Data para fixing 7;"Campo de preenchimento obrigatório, se indicado ""Data única"". Formato: DD/MM/AAAA."
COE001088;COE001088 – Cesta de Opções;126;Data inicial para fixing 7;"Campo de preenchimento obrigatório, se indicado ""Janela de datas"". Formato: DD/MM/AAAA. É possível escolher uma data maior ou igual à “Data de Emissão” (ou “Emissão a Termo”), e menor que “Data Final para Fixing”."
COE001088;COE001088 – Cesta de Opções;127;Data final para fixing 7;"Campo de preenchimento obrigatório, se indicado ""Janela de datas"". Formato: DD/MM/AAAA. Esta data deve ser posterior à indicada no campo “Data Inicial para Fixing”, sendo que o prazo máximo de dias entre a “Data Final para Fixing” e o vencimento é de 5 dias úteis e o prazo mínimo entre estas datas é 1 dia útil."
COE001088;COE001088 – Cesta de Opções;128;Tipo de fixing para vencimento 7;Campo de preenchimento obrigatório quando no campo “Período de captura do ativo subjacente para liquidação” for selecionado “Janela de Datas” ou “Mais Datas”. Campo com os domínios: Máxima no Período, Mínima no Período e Média no Período. Indica como será formado o fixing para o vencimento do COE. • Máximo no período: O sistema irá verificar a cotação de todas as datas do intervalo da “Data fixing” (inclusive) até a “Data Fixing 2” (inclusive) e utilizará a maior cotação do intervalo como fixing do evento. • Mínimo no período: O sistema irá verificar a cotação de todas as datas do intervalo da “Data fixing” (inclusive) até a “Data Fixing 2” (inclusive) e utilizará a menor cotação do intervalo como fixing do evento. • Média no período: O sistema irá verificar a cotação de todas as datas do intervalo da “Data fixing” (inclusive) até a “Data Fixing 2” (inclusive) e utilizará a média de todas as cotações do intervalo como fixing do evento.
COE001088;COE001088 – Cesta de Opções;129;Opção 8;Campo de preenchimento opcional. Informar o tipo de payoff da opção. Campo com as opções: Call, Put, Callspread, Putspread, Call KI, Call KO, Put KI, Put KO, Call Digital, Put Digital
COE001088;COE001088 – Cesta de Opções;130;Ativo Subjacente 8;Campo de preenchimento opcional, Campo com as opções dos Ativos Subjacentes referentes a Classe do Ativo Subjacente selecionada anteriormente. O Ativo Subjacente é o Índice de Valorização do COE.
COE001088;COE001088 – Cesta de Opções;131;Classe do Ativo Subjacente 8;"Campo com as opções das Classes de Ativos referente ao Ativo Subjacente 8. (ACOES, ACOES INTERNACIONAIS, COMMODITIES; INDICES; INDICES DE PRECOS, INDICES INTERNACIONAIS; JUROS, JUROS INTERNACIONAIS, TAXA DE CAMBIO)."
COE001088;COE001088 – Cesta de Opções;132;Valor Inicial Ativo Subjacente 8;Campo de preenchimento opcional. Valor inicial que serve para o cálculo (os percentuais indicados nos campos incidirão sobre este campo) de limitadores e strikes referentes ao Ativo Subjacente 8.
COE001088;COE001088 – Cesta de Opções;133;Quantidade 8;Campo de preenchimento opcional. Informar a quantidade do Ativo Subjacente 8.
COE001088;COE001088 – Cesta de Opções;134;Participação 8(%);Campo de preenchimento opcional. Número indicando percentual a ser aplicado sobre a valorização do Ativo Subjacente 8.
COE001088;COE001088 – Cesta de Opções;135;Limitador 8(%);Campo de preenchimento opcional. Número indicando percentual a ser aplicado sobre o valor inicial do ativo subjacente. Formato: Numérico com 4 inteiros e 8 decimais. Preencher quando selecionado Callspread ou Putspread do campo “Opção”.
COE001088;COE001088 – Cesta de Opções;136;Barreira 8(%);Campo de preenchimento opcional. Formato: numérico com 4 inteiros e 8 decimais, sempre maior que zero. Indica o percentual a ser aplicado sobre o valor inicial do ativo. Preencher quando selecionado Call KI, Call KO, Put KI, Put KO, Call Digital ou Put Digital no campo “Opção”.
COE001088;COE001088 – Cesta de Opções;137;Rebate 8(%);Campo de preenchimento opcional. Formato: numérico com 4 inteiros e 4 decimais, maior ou igual a zero. Indica o percentual a ser aplicado sobre o VFE quando detectado que a cotação for maior que a barreira no período de verificação. Preencher quando selecionado Call Digital ou Put Digital no campo “Opção”.
COE001088;COE001088 – Cesta de Opções;138;Período de verificação de barreiras 8;Campo de preenchimento opcional. Campo com as opções: Americana e Europeia. Se indicado “Europeia” apenas a “Data para Fixing” pode ser preenchido. Se indicado “Americana” apenas a “Data Inicial para Verificação” e “Data Final para Verificação” podem ser preenchidos.
COE001088;COE001088 – Cesta de Opções;139;Tipo de cotação para verificação de barreira 8;Campo de preenchimento opcional. Indicação de qual será a cotação a ser considerada. Campo com as opções: Fechamento, Média, Máximo, Mínimo e Ajuste
COE001088;COE001088 – Cesta de Opções;140;Data inicial para verificação 8;Campo de preenchimento obrigatório, se indicado “Americana”. A partir de D+1 da “Data de Emissão” (ou “Emissão a Termo”) e menor que “Data Final para Verificação”. Formato: DD/MM/AAAA.
COE001088;COE001088 – Cesta de Opções;141;Data final para verificação 8;Campo de preenchimento obrigatório, se indicado “Americana”. Essa data deve ser posterior a indicada no campo “Data Inicial para Verificação”, sendo que o prazo mínimo de dias entre as datas deve ser de 1 dia útil. Formato: DD/MM/AAAA.
COE001088;COE001088 – Cesta de Opções;142;Período de captura do ativo subjacente para liquidação 8;Campo de preenchimento opcional. Campo com as opções: Data Única, Janela de Datas e Mais Datas. Indica como será formado o fixing no vencimento. Se indicado Janela de Datas ou Mais Datas, será obrigatório o preenchimento do campo “Tipo de Fixing para Vencimento”. Caso seja indicado “Mais Datas” as datas serão indicadas na seção “Mais Datas”
COE001088;COE001088 – Cesta de Opções;143;Data para fixing 8;"Campo de preenchimento obrigatório, se indicado ""Data única"". Formato: DD/MM/AAAA."
COE001088;COE001088 – Cesta de Opções;144;Data inicial para fixing 8;"Campo de preenchimento obrigatório, se indicado ""Janela de datas"". Formato: DD/MM/AAAA. É possível escolher uma data maior ou igual à “Data de Emissão” (ou “Emissão a Termo”), e menor que “Data Final para Fixing”."
COE001088;COE001088 – Cesta de Opções;145;Data final para fixing 8;"Campo de preenchimento obrigatório, se indicado ""Janela de datas"". Formato: DD/MM/AAAA. Esta data deve ser posterior à indicada no campo “Data Inicial para Fixing”, sendo que o prazo máximo de dias entre a “Data Final para Fixing” e o vencimento é de 5 dias úteis e o prazo mínimo entre estas datas é 1 dia útil."
COE001088;COE001088 – Cesta de Opções;146;Tipo de fixing para vencimento 8;Campo de preenchimento obrigatório quando no campo “Período de captura do ativo subjacente para liquidação” for selecionado “Janela de Datas” ou “Mais Datas”. Campo com os domínios: Máxima no Período, Mínima no Período e Média no Período. Indica como será formado o fixing para o vencimento do COE. • Máximo no período: O sistema irá verificar a cotação de todas as datas do intervalo da “Data fixing” (inclusive) até a “Data Fixing 2” (inclusive) e utilizará a maior cotação do intervalo como fixing do evento. • Mínimo no período: O sistema irá verificar a cotação de todas as datas do intervalo da “Data fixing” (inclusive) até a “Data Fixing 2” (inclusive) e utilizará a menor cotação do intervalo como fixing do evento. • Média no período: O sistema irá verificar a cotação de todas as datas do intervalo da “Data fixing” (inclusive) até a “Data Fixing 2” (inclusive) e utilizará a média de todas as cotações do intervalo como fixing do evento.
COE001088;COE001088 – Cesta de Opções;147;Opção 9;Campo de preenchimento opcional. Informar o tipo de payoff da opção. Campo com as opções: Call, Put, Callspread, Putspread, Call KI, Call KO, Put KI, Put KO, Call Digital, Put Digital
COE001088;COE001088 – Cesta de Opções;148;Ativo Subjacente 9;Campo de preenchimento opcional, Campo com as opções dos Ativos Subjacentes referentes a Classe do Ativo Subjacente selecionada anteriormente. O Ativo Subjacente é o Índice de Valorização do COE.
COE001088;COE001088 – Cesta de Opções;149;Classe do Ativo Subjacente 9;"Campo com as opções das Classes de Ativos referente ao Ativo Subjacente 9. (ACOES, ACOES INTERNACIONAIS, COMMODITIES; INDICES; INDICES DE PRECOS, INDICES INTERNACIONAIS; JUROS, JUROS INTERNACIONAIS, TAXA DE CAMBIO)."
COE001088;COE001088 – Cesta de Opções;150;Valor Inicial Ativo Subjacente 9;Campo de preenchimento opcional. Valor inicial que serve para o cálculo (os percentuais indicados nos campos incidirão sobre este campo) de limitadores e strikes referentes ao Ativo Subjacente 9.
COE001088;COE001088 – Cesta de Opções;151;Quantidade 9;Campo de preenchimento opcional. Informar a quantidade do Ativo Subjacente 9.
COE001088;COE001088 – Cesta de Opções;152;Participação 9(%);Campo de preenchimento opcional. Número indicando percentual a ser aplicado sobre a valorização do Ativo Subjacente 9.
COE001088;COE001088 – Cesta de Opções;153;Limitador 9(%);Campo de preenchimento opcional. Número indicando percentual a ser aplicado sobre o valor inicial do ativo subjacente. Formato: Numérico com 4 inteiros e 8 decimais. Preencher quando selecionado Callspread ou Putspread do campo “Opção”.
COE001088;COE001088 – Cesta de Opções;154;Barreira 9(%);Campo de preenchimento opcional. Formato: numérico com 4 inteiros e 8 decimais, sempre maior que zero. Indica o percentual a ser aplicado sobre o valor inicial do ativo. Preencher quando selecionado Call KI, Call KO, Put KI, Put KO, Call Digital ou Put Digital no campo “Opção”.
COE001088;COE001088 – Cesta de Opções;155;Rebate 9(%);Campo de preenchimento opcional. Formato: numérico com 4 inteiros e 4 decimais, maior ou igual a zero. Indica o percentual a ser aplicado sobre o VFE quando detectado que a cotação for maior que a barreira no período de verificação. Preencher quando selecionado Call Digital ou Put Digital no campo “Opção”.
COE001088;COE001088 – Cesta de Opções;156;Período de verificação de barreiras 9;Campo de preenchimento opcional. Campo com as opções: Americana e Europeia. Se indicado “Europeia” apenas a “Data para Fixing” pode ser preenchido. Se indicado “Americana” apenas a “Data Inicial para Verificação” e “Data Final para Verificação” podem ser preenchidos.
COE001088;COE001088 – Cesta de Opções;157;Tipo de cotação para verificação de barreira 9;Campo de preenchimento opcional. Indicação de qual será a cotação a ser considerada. Campo com as opções: Fechamento, Média, Máximo, Mínimo e Ajuste
COE001088;COE001088 – Cesta de Opções;158;Data inicial para verificação 9;Campo de preenchimento obrigatório, se indicado “Americana”. A partir de D+1 da “Data de Emissão” (ou “Emissão a Termo”) e menor que “Data Final para Verificação”. Formato: DD/MM/AAAA.
COE001088;COE001088 – Cesta de Opções;159;Data final para verificação 9;Campo de preenchimento obrigatório, se indicado “Americana”. Essa data deve ser posterior a indicada no campo “Data Inicial para Verificação”, sendo que o prazo mínimo de dias entre as datas deve ser de 1 dia útil. Formato: DD/MM/AAAA.
COE001088;COE001088 – Cesta de Opções;160;Período de captura do ativo subjacente para liquidação 9;Campo de preenchimento opcional. Campo com as opções: Data Única, Janela de Datas e Mais Datas. Indica como será formado o fixing no vencimento. Se indicado Janela de Datas ou Mais Datas, será obrigatório o preenchimento do campo “Tipo de Fixing para Vencimento”. Caso seja indicado “Mais Datas” as datas serão indicadas na seção “Mais Datas”
COE001088;COE001088 – Cesta de Opções;161;Data para fixing 9;"Campo de preenchimento obrigatório, se indicado ""Data única"". Formato: DD/MM/AAAA."
COE001088;COE001088 – Cesta de Opções;162;Data inicial para fixing 9;"Campo de preenchimento obrigatório, se indicado ""Janela de datas"". Formato: DD/MM/AAAA. É possível escolher uma data maior ou igual à “Data de Emissão” (ou “Emissão a Termo”), e menor que “Data Final para Fixing”."
COE001088;COE001088 – Cesta de Opções;163;Data final para fixing 9;"Campo de preenchimento obrigatório, se indicado ""Janela de datas"". Formato: DD/MM/AAAA. Esta data deve ser posterior à indicada no campo “Data Inicial para Fixing”, sendo que o prazo máximo de dias entre a “Data Final para Fixing” e o vencimento é de 5 dias úteis e o prazo mínimo entre estas datas é 1 dia útil."
COE001088;COE001088 – Cesta de Opções;164;Tipo de fixing para vencimento 9;Campo de preenchimento obrigatório quando no campo “Período de captura do ativo subjacente para liquidação” for selecionado “Janela de Datas” ou “Mais Datas”. Campo com os domínios: Máxima no Período, Mínima no Período e Média no Período. Indica como será formado o fixing para o vencimento do COE. • Máximo no período: O sistema irá verificar a cotação de todas as datas do intervalo da “Data fixing” (inclusive) até a “Data Fixing 2” (inclusive) e utilizará a maior cotação do intervalo como fixing do evento. • Mínimo no período: O sistema irá verificar a cotação de todas as datas do intervalo da “Data fixing” (inclusive) até a “Data Fixing 2” (inclusive) e utilizará a menor cotação do intervalo como fixing do evento. • Média no período: O sistema irá verificar a cotação de todas as datas do intervalo da “Data fixing” (inclusive) até a “Data Fixing 2” (inclusive) e utilizará a média de todas as cotações do intervalo como fixing do evento.
COE001088;COE001088 – Cesta de Opções;165;Opção 10;Campo de preenchimento opcional. Informar o tipo de payoff da opção. Campo com as opções: Call, Put, Callspread, Putspread, Call KI, Call KO, Put KI, Put KO, Call Digital, Put Digital
COE001088;COE001088 – Cesta de Opções;166;Ativo Subjacente 10;Campo de preenchimento opcional, Campo com as opções dos Ativos Subjacentes referentes a Classe do Ativo Subjacente selecionada anteriormente. O Ativo Subjacente é o Índice de Valorização do COE.
COE001088;COE001088 – Cesta de Opções;167;Classe do Ativo Subjacente 10;"Campo com as opções das Classes de Ativos referente ao Ativo Subjacente 10. (ACOES, ACOES INTERNACIONAIS, COMMODITIES; INDICES; INDICES DE PRECOS, INDICES INTERNACIONAIS; JUROS, JUROS INTERNACIONAIS, TAXA DE CAMBIO)."
COE001088;COE001088 – Cesta de Opções;168;Valor Inicial Ativo Subjacente 10;Campo de preenchimento opcional. Valor inicial que serve para o cálculo (os percentuais indicados nos campos incidirão sobre este campo) de limitadores e strikes referentes ao Ativo Subjacente 10.
COE001088;COE001088 – Cesta de Opções;169;Quantidade 10;Campo de preenchimento opcional. Informar a quantidade do Ativo Subjacente 10.
COE001088;COE001088 – Cesta de Opções;170;Participação 10(%);Campo de preenchimento opcional. Número indicando percentual a ser aplicado sobre a valorização do Ativo Subjacente 10.
COE001088;COE001088 – Cesta de Opções;171;Limitador 10(%);Campo de preenchimento opcional. Número indicando percentual a ser aplicado sobre o valor inicial do ativo subjacente. Formato: Numérico com 4 inteiros e 8 decimais. Preencher quando selecionado Callspread ou Putspread do campo “Opção”.
COE001088;COE001088 – Cesta de Opções;172;Barreira 10(%);Campo de preenchimento opcional. Formato: numérico com 4 inteiros e 8 decimais, sempre maior que zero. Indica o percentual a ser aplicado sobre o valor inicial do ativo. Preencher quando selecionado Call KI, Call KO, Put KI, Put KO, Call Digital ou Put Digital no campo “Opção”.
COE001088;COE001088 – Cesta de Opções;173;Rebate 10(%);Campo de preenchimento opcional. Formato: numérico com 4 inteiros e 4 decimais, maior ou igual a zero. Indica o percentual a ser aplicado sobre o VFE quando detectado que a cotação for maior que a barreira no período de verificação. Preencher quando selecionado Call Digital ou Put Digital no campo “Opção”.
COE001088;COE001088 – Cesta de Opções;174;Período de verificação de barreiras 10;Campo de preenchimento opcional. Campo com as opções: Americana e Europeia. Se indicado “Europeia” apenas a “Data para Fixing” pode ser preenchido. Se indicado “Americana” apenas a “Data Inicial para Verificação” e “Data Final para Verificação” podem ser preenchidos.
COE001088;COE001088 – Cesta de Opções;175;Tipo de cotação para verificação de barreira 10;Campo de preenchimento opcional. Indicação de qual será a cotação a ser considerada. Campo com as opções: Fechamento, Média, Máximo, Mínimo e Ajuste
COE001088;COE001088 – Cesta de Opções;176;Data inicial para verificação 10;Campo de preenchimento obrigatório, se indicado “Americana”. A partir de D+1 da “Data de Emissão” (ou “Emissão a Termo”) e menor que “Data Final para Verificação”. Formato: DD/MM/AAAA.
COE001088;COE001088 – Cesta de Opções;177;Data final para verificação 10;Campo de preenchimento obrigatório, se indicado “Americana”. Essa data deve ser posterior a indicada no campo “Data Inicial para Verificação”, sendo que o prazo mínimo de dias entre as datas deve ser de 1 dia útil. Formato: DD/MM/AAAA.
COE001088;COE001088 – Cesta de Opções;178;Período de captura do ativo subjacente para liquidação 10;Campo de preenchimento opcional. Campo com as opções: Data Única, Janela de Datas e Mais Datas. Indica como será formado o fixing no vencimento. Se indicado Janela de Datas ou Mais Datas, será obrigatório o preenchimento do campo “Tipo de Fixing para Vencimento”. Caso seja indicado “Mais Datas” as datas serão indicadas na seção “Mais Datas”
COE001088;COE001088 – Cesta de Opções;179;Data para fixing 10;"Campo de preenchimento obrigatório, se indicado ""Data única"". Formato: DD/MM/AAAA."
COE001088;COE001088 – Cesta de Opções;180;Data inicial para fixing 10;"Campo de preenchimento obrigatório, se indicado ""Janela de datas"". Formato: DD/MM/AAAA. É possível escolher uma data maior ou igual à “Data de Emissão” (ou “Emissão a Termo”), e menor que “Data Final para Fixing”."
COE001088;COE001088 – Cesta de Opções;181;Data final para fixing 10;"Campo de preenchimento obrigatório, se indicado ""Janela de datas"". Formato: DD/MM/AAAA. Esta data deve ser posterior à indicada no campo “Data Inicial para Fixing”, sendo que o prazo máximo de dias entre a “Data Final para Fixing” e o vencimento é de 5 dias úteis e o prazo mínimo entre estas datas é 1 dia útil."
COE001088;COE001088 – Cesta de Opções;182;Tipo de fixing para vencimento 10;Campo de preenchimento obrigatório quando no campo “Período de captura do ativo subjacente para liquidação” for selecionado “Janela de Datas” ou “Mais Datas”. Campo com os domínios: Máxima no Período, Mínima no Período e Média no Período. Indica como será formado o fixing para o vencimento do COE. • Máximo no período: O sistema irá verificar a cotação de todas as datas do intervalo da “Data fixing” (inclusive) até a “Data Fixing 2” (inclusive) e utilizará a maior cotação do intervalo como fixing do evento. • Mínimo no período: O sistema irá verificar a cotação de todas as datas do intervalo da “Data fixing” (inclusive) até a “Data Fixing 2” (inclusive) e utilizará a menor cotação do intervalo como fixing do evento. • Média no período: O sistema irá verificar a cotação de todas as datas do intervalo da “Data fixing” (inclusive) até a “Data Fixing 2” (inclusive) e utilizará a média de todas as cotações do intervalo como fixing do evento.
COE001088;COE001088 – Cesta de Opções;183;Operação de intermediação no mercado primário para COE A intermediação praticada no âmbito da B3 é a de uma negociação, de modo a auferir resultado relativamente às obrigações inerentes à operação, de ou de liquidez. Caracteriza-se como intermediação no mercado primário com uma de venda definitiva de títulos, efetuada pelo;Em Registro de Operação – Depósito e Compra/Venda Definitiva atividade em que um Participante atua entre as partes financeiro positivo ou nulo, sem a assunção, qualquer tipo de risco de crédito, de mercado a associação de uma operação de depósito participante Intermediador, identificado pela conta XXXXX. 69-X com liquidação financeira na modalidade Mul tilateral/Cetip e Bruta STR.
COE001088;COE001088 – Cesta de Opções;184;"COE Simplificado Motivos que tornam um COE simplificado: 1. COE com Entrega Física igual ""SIM""; 2. COE alterado depois de Depositado; consultar a seção Funcionalidade)";"COE Simplificado é o certificado que pelos motivos abaixo não é calculado automaticamente pela B3. 3. COE com Lookback, somente se for alterado o valor inicial do ativo -subjacente através da função “Atualização de PU”, pelo motivo “Valores Lookback”; 4. COE registrado com uma Figura não-calculada. 5. COE registrado com Funcionalidade que torna o COE simplificado (para mais detalhes,"
COE001088;COE001088 – Cesta de Opções;185;Transferência de IF sem Financeiro > Transferência de I.F Sem Financeiro > Solicitação. Funções TVM.;Através desta função, pode-se solicitar a transferência sem o financeiro do COE entre contas de diferentes instituições ou entre as contas de Clientes de uma mesma instituição A função está disponível no módulo de Títulos e Valores Mobiliários > Cadastramento de Operações Para maiores esclarecimentos, esta função encontra-se detalhada no Manual de Operações –
COE001088;COE001088 – Cesta de Opções;186;Ativos subjacentes;
COE001088;COE001088 – Cesta de Opções;187;A relação completa de ativos subjacentes disponíveis Esse arquivo pode ser acessado de duas formas:;para o COE pode ser encontrada no arquivo “AAAAMMDD_ Ativos_Subjacentes.txt”, que tem atualização diária. 1. Acesso via plataforma NoMe – Menu>Transfe. de Arquivo>Arquivo>Arquivos Públicos 2. Acesso via FTP - ftp://ftp.cetip.com.br/Public/
COE001088;COE001088 – Cesta de Opções;188;Para solicitar a análise da possibilidade de incluir para o e-mail para op.derivativosbalcao@b3.com.br .;um novo ativo nesta lista, basta enviar a demanda
COE001088;COE001088 – Cesta de Opções;189;Abaixo seguem mais informações sobre a utilização de;alguns ativos-subjacentes especiais. Qualquer dúvida quanto a sua utilização, favor contatar a B3 através do e-mail coe@b3.com.br.
COE001088;COE001088 – Cesta de Opções;190;Índices Proprietários;
COE001088;COE001088 – Cesta de Opções;191;É de responsabilidade do Emissor obter as ativo subjacente do COE do Emissor.;eventuais licenças e/ou autorizações exigidas pela entidade responsável pela apuração do índice proprietário para utilização, do referido índice, como
COE001088;COE001088 – Cesta de Opções;192;A metodologia utilizada para apuração do índice Emissor.;proprietário é de exclusiva responsabilidade do
COE001088;COE001088 – Cesta de Opções;193;Ativos exclusivos;
COE001088;COE001088 – Cesta de Opções;194;Os ativos subjacentes apresentados na tabela 1 com a Figura que tenha a mesma numeração. variáveis.;foram criados com o propósito meramente operacional (portanto, não há nenhuma captura). A utilização desses ativos deve ser feita somente Para as Figuras citadas, os ativos subjacentes específicos são indicados nos respectivos campos Tabela 1 – Ativos Exclusivos
COE001088;COE001088 – Cesta de Opções;195;Ativo Classe do Ativo Subjacente Subjacente;Valor Inicial do Ativo Figura Subjacente
COE001088;COE001088 – Cesta de Opções;196;ATIVOCOE39 ÍNDICES;10.000 39 - Call Spread + Put Spread
COE001088;COE001088 – Cesta de Opções;197;ATIVOCOE40 ÍNDICES;10.000 40 - Put Spread + Put Spread
COE001088;COE001088 – Cesta de Opções;198;ATIVOCOE45 ÍNDICES;10.000 45 – Troca de indexadores
COE001088;COE001088 – Cesta de Opções;199;Índices mas com algumas diferenças.;Os ativos subjacentes apresentados na tabela 2 são índices criados pela acumulação da Taxa DI-B3, Tabela 2 - Indices
COE001088;COE001088 – Cesta de Opções;200;Ativo Classe do Ativo INDICE DI ÍNDICES IDI BMF D0 ÍNDICES IDI BMF * ÍNDICES Tabela 2 – Índices;Capturado Número-índice Data Base Divulgação Subjacente Subjacente automaticamente? base Sim 10.000 02/01/2008 www.b3.com.br Sim 100.000 02/01/2009 www.b3.com.br Não 100.000 02/01/2009 www.b3.com.br
COE001088;COE001088 – Cesta de Opções;201;* Neste índice, a data de referência do número 03/03/201X do índice IDI BMF D0.;-índice é sempre D+1 do IDI BMF DO. Por exemplo, neste índice, o valor do número-índice de 02/03/201X será igual ao valor do número -índice de
COE001088;COE001088 – Cesta de Opções;202;Taxas de Juros em Cesta de ativos;
COE001088;COE001088 – Cesta de Opções;203;Os ativos subjacentes apresentados na tabela 3 combinada em cesta do tipo Best/Worst of.;foram criados exclusivamente para utilização Tabela 3 – Ativos Subjacentes de Juros para Cesta
COE001088;COE001088 – Cesta de Opções;204;Ativo Classe do Ativo TAXA DI JUROS TX JUROS PERIODO Tabela 3 – Taxas de juros em Cesta de ativos;Capturado Valor Inicial do Ativo-Subjacente Subjacente Subjacente automaticamente? Não Informar o % da Taxa DI-Cetip a ser acruado Não Informar o valor da taxa pré-fixada no período
COE001088;COE001088 – Cesta de Opções;205;Ativos subjacentes com memória* Os ativos subjacentes apresentados na tabela 4 foram cotação para liquidação de “n” datas de observação. Para replicar esse mecanismo deve utilizar, junto com;criados com o objetivo de refletir a melhor o ativo “MB”, a funcionalidade de Fluxo de Caixa e indicar as datas de verificação no campo “Data fixing”. Tabela 4 – Ativos Subjacentes Com Memória
COE001088;COE001088 – Cesta de Opções;206;Ativo Subjacente Classe do Ativo Subjacente;Capturado automaticamente
COE001088;COE001088 – Cesta de Opções;207;PINEEHAMB Índices;Não
COE001088;COE001088 – Cesta de Opções;208;SPECFR6PMB Índices Internacionais;Não
COE001088;COE001088 – Cesta de Opções;209;Sendo: *Válido somente para contratos em estoque verificar a função de Mais Datas,;MB (Memória Best): Será considerada a maior cotação em “n” datas de observação. emitidos com esses ativos. Para novas emissões,
COE001088;COE001088 – Cesta de Opções;210;Ativos subjacentes com memória alavancada Os ativos subjacentes “MA” apresentados na tabela melhor performance alavancada, verificada em “n” vencimento do COE. Isto é, será considerado o performance do ativo na respectiva data de observação Para replicar esse mecanismo é necessário utilizar a mesmo ativo não calculado “XPTO4MA” para cada data de indicará as datas de observação. ser feita a atualização de PU indicando o valor final COE.;5 foram criados com o objetivo de refletir a datas de observação, para a liquidação no maior resultado obtido na multiplicação da pelo respectivo percentual de alavancagem. classe do ativo subjacente “CESTA” e indicar o tipo de cesta “Spread”. A quantidade de ativos da cesta deverá refletir a quantidade de datas de observação, sendo no máximo 20. No registro das informações da cesta, é necessário repetir o observação. O campo “Peso %” indicará a alavancagem da performance do ativo na respectiva data de observação e o campo “Data fixing” Como a cesta não será calculada (uma vez que os ativos que a compõe também não serão), deverá da Cesta o qual refletirá a performance final do Tabela 5 – Ativos Subjacentes com Memória Alavancada
COE001088;COE001088 – Cesta de Opções;211;Ativo Subjacente Classe do Ativo Subjacente;Capturado automaticamente
COE001088;COE001088 – Cesta de Opções;212;MSFDMSV9MA Índices Internacionais;Não
COE001088;COE001088 – Cesta de Opções;213;Sendo: observação. Ativos subjacentes “_43” Os ativos subjacentes apresentados na tabela 7 foram Extraordinário.;MA (Memória Alavancada): Será considerada a maior performance alavancada em “n” datas de criados exclusivamente para utilização na figura COE001043 – Edge Accrual, combinada com as funcionalidades de Indicação de Pagamento Extraordinário nas datas de evento e Fluxo de Caixa com barreira de chamada, Nesse mecanismo, caso seja disparada a barreira de chamada em alguma data de evento, a remuneração será calculada de acordo com a metodologia da figura COE001043 – Edge Accrual proporcional ao período observado, e será informada por meio da ferramenta de Pagamento
COE001088;COE001088 – Cesta de Opções;214;Tabela 7 – Ativos BBDC4_43 Ações Nacionais JBSS3_43 Ações Nacionais LREN3_43 Ações Nacionais PETR4_43 Ações Nacionais;Subjacentes “43” Ativo Subjacente Classe do Ativo Subjacente Capturado automaticamente BABA UN_43 Ações Internacionais Não CSCO UW_43 Ações Internacionais Não NFLX UW_43 Ações Internacionais Não 6758 JT_43 Ações Internacionais Não EA UW_43 Ações Internacionais Não TTWO UW_43 Ações Internacionais Não 7974 JT_43 Ações Internacionais Não ATVI UW_43 Ações Internacionais Não Não Não Não Não
COE001088;COE001088 – Cesta de Opções;215;Ativos subjacentes Watermark Performance* Os ativos subjacentes apresentados na tabela 8 foram positiva.;criados exclusivamente para utilização em estruturas em que, nas datas de evento intermediárias, a remuneração será a performance do ativo excedente em relação à melhor performance observada nas datas de evento anteriores, desde que Para replicar esse mecanismo, devem ser utilizadas, junto com o ativo “WP”, as funcionalidades de Fluxo de Caixa e Indicação de Pagamento Extraordinário no fluxo.
COE001088;COE001088 – Cesta de Opções;216;Tabela 8 – Ativos Ativo Subjacente Classe do Ativo Subjacente CSEAEMTR_WP Ações Internacionais ENHAEMOK_WP Índices Internacionais;Subjacentes WP Capturado automaticamente Não Não
COE001088;COE001088 – Cesta de Opções;217;*Válido somente para contratos em estoque;emitidos com esses ativos. Para novas emissões, verificar o item Funcionalidades – Watermark Performance,
COE001088;COE001088 – Cesta de Opções;218;Ativos subjacentes com Performance Acumulada (“_PA”)* Os ativos subjacentes apresentados na tabela 9 foram Caixa. Exemplo: Valor inicial do ativo: 100 Fluxo 1 -3% Fluxo 2 -5% Fluxo 3 4% Fluxo 4 -1% Fluxo 5 7% Vcto 2%;criados para refletir a performance acumulada nas datas de evento. Devem ser utilizados em conjunto com a ferramenta de Fluxo de Nas datas de evento, o emissor deverá informar na função de Atualização do PU o valor do ativo correspondente à performance acumulada, contabilizando como “zero” as performances negativas. Performance Performance acumulada Valor do ativo 0% 100 0% 100 4% 104 4% 104 11% 111 13% 113
COE001088;COE001088 – Cesta de Opções;219;Tabela 9 – Ativos AIR FP_PA Ações Internacionais VIV FP_PA Ações Internacionais MC FP_PA Ações Internacionais MT NA_PA Ações Internacionais;Subjacentes “_PA” Ativo Subjacente Classe do Ativo Subjacente Capturado automaticamente Não Não Não Não
COE001088;COE001088 – Cesta de Opções;220;*Válido somente para contratos em estoque;emitidos com esses ativos. Para novas emissões, verificar o item Funcionalidades – Performance Acumulada,
COE001088;COE001088 – Cesta de Opções;221;Funcionalidade formas de remuneração, cálculo de performance e podem ser atreladas ao payoff do COE. Os domínios disponíveis estão detalhados abaixo e a ser realizada para o time de Produtos – Derivativos e • E-mail: derivativo@b3.com.br;O campo “Funcionalidade”, indicado no registro do COE, tem como objetivo disponibilizar diferentes outras funções demandas pelo mercado que solicitação de novas funcionalidades pode COE, através dos contatos: • Telefones: (11) 2565-5966/5956/5954/5950/6532
COE001088;COE001088 – Cesta de Opções;222;Domínios disponíveis e detalhamento:;
COE001088;COE001088 – Cesta de Opções;223;1) Watermark Performance: performance do ativo subjacente excedente em relação de evento anteriores, desde que positiva. Para utilização dessa funcionalidade: • É obrigatória a indicação de Fluxo de Caixa • Será necessário realizar o lançamento funcionalidade. de Funcionalidades.;Estruturas em que nas datas de evento do COE o cálculo do Remunerador no fluxo será a à melhor performance observada nas datas e Remunerador no Fluxo. do PU do Remunerador no fluxo, em que o valor corresponda ao pagamento de cada fluxo de acordo com a metodologia de cálculo da Para mais informações sobre o cálculo da funcionalidade, consultar o Caderno de Fórmulas – Seção
COE001088;COE001088 – Cesta de Opções;224;2) Performance Acumulada: Estruturas em que nas datas de evento intermediárias Para utilização dessa funcionalidade: • É obrigatória a indicação de Fluxo de Caixa Chamada (%)). evento. Seção de Funcionalidades.;(fluxo de caixa) a verificação das barreiras do COE será com base na performance acumulada do ativo subjacente, ou seja, a cada data de evento intermediária, sempre que a performance do ativo for positiva, ela será somada à performance das datas de evento anteriores, e as performances negativas serão contabilizadas como “zero”. e Barreiras (Barreira Cupom (%) e/ou Barreira • Será necessário realizar o lançamento da cotação do ativo subjacente nas datas de evento intermediárias em que o valor da cotação corresponda performance acumulada até a data do Para mais informações sobre o cálculo da funcionalidade, consultar o Caderno de Fórmulas –
COE001088;COE001088 – Cesta de Opções;225;IMPORTANTE: As funcionalidades podem: cálculo de cada funcionalidade. cada funcionalidade.;• Desligar o cálculo do ativo subjacente do COE: Será necessário realizar o lançamento da cotação do ativo nas datas de evento do COE, com o valor final correspondente ao • Tornar o COE simplificado: Será necessário realizar o lançamento do PU para COE simplificado na data de vencimento do COE, com o valor final correspondente ao cálculo de
COE001088;COE001088 – Cesta de Opções;226;Funcionalidade Desliga o;cálculo do ativo? Torna o COE simplificado?
COE001088;COE001088 – Cesta de Opções;227;WATERMARK PERFORMANCE;NÃO NÃO
COE001088;COE001088 – Cesta de Opções;228;PERFORMANCE ACUMULADA;SIM NÃO
COE001088;COE001088 – Cesta de Opções;229;Cestas;
COE001088;COE001088 – Cesta de Opções;230;Os domínios disponíveis para o campo “Tipo de Cesta” • E-mail: derivativo@b3.com.br;indicado na função de Parametrização de Cesta estão detalhados abaixo e a solicitação de novos tipos de Cesta pode ser realizada para o time de Produtos – Derivativos e COE, através dos contatos: • Telefones: (11) 2565-5966/5956/5954/5950/6532
COE001088;COE001088 – Cesta de Opções;231;Domínios disponíveis e detalhamento: • WORST OF: mecanismo em que a performance da subjacente. subjacente. • STANDARD: mecanismo em que a performance da cesta, o peso dos ativos deve ser positivo e qualquer valor. qualquer valor. • MEMORIZER: mecanismo em que em cada ativo da dos ativos pode ser positivo ou negativo e o valor. Seção de Funcionalidades.;"Cesta será a performance do pior ativo • BEST OF: mecanismo em que a performance da Cesta será a performance do melhor ativo Cesta será calculada com a performance de todos os ativos, multiplicada pelo seu respectivo Peso (%) indicado no registro. Nessa somar 100% • SPREAD: mecanismo em que a performance da Cesta será calculada com a performance de todos os ativos, multiplicada pelo seu respectivo Peso (%) indicado no registro. Nessa cesta, o peso dos ativos pode ser positivo ou negativo e o somatório dos pesos pode assumir • RAINBOW: mecanismo em que os pesos dos ativos da cesta serão atribuídos conforme a performance de cada ativo (ativo com maior performance recebe o maior peso; ativo com segunda maior performance recebe o segundo maior peso, e assim por diante). Nessa cesta, o peso dos ativos pode ser positivo, negativo ou zero, e o somatório dos pesos pode assumir cesta é analisando individualmente se atingiu as condições de barreira, dessa forma, a barreira é disparada quando o último ativo atender os condicionantes de barreira (ACIMA, ABAIXO ou ENTRE). Nessa cesta, o peso somatório dos pesos pode assumir qualquer • HIMALAYA: mecanismo em que cada ativo da cesta é analisado individualmente em cada período, o ativo de melhor performance é retirado da cesta e sua rentabilidade é guardada. No segundo período será analisado os ativos restantes da cesta e novamente será selecionado o ativo de melhor performance. No vencimento, a cesta será calculada com cada performance coletada – podendo ser podendo ser ponderada por um fator, ou não. Para mais informações sobre o cálculo da funcionalidade, consultar o Caderno de Fórmulas na"
