Nome do Grupo;Nome do Subgrupo;Codigo TipoIF;Identificador Qualificacao;Descricao Qualificacao;Data Inclusao;
CARTEIRA DE INVESTIMENTO;Espécie do Instrumento Financeiro;ACI;14056;Ação de Empresa Fechada;20190628
CARTEIRA DE INVESTIMENTO;Espécie do Instrumento Financeiro;ACI;14057;Cota de Empresa Ltda;20190628
CARTEIRA DE INVESTIMENTO;Espécie do Instrumento Financeiro;ACI;14059;Direito Creditório;20190628
CARTEIRA DE INVESTIMENTO;Espécie do Instrumento Financeiro;ACI;14058;Direito sobre bem imóvel;20190628
CARTEIRA DE INVESTIMENTO;Forma de Pagamento;ACI;14039;Pagamento de amortização periódica e juros no vencimento;20190628
CARTEIRA DE INVESTIMENTO;Forma de Pagamento;ACI;14044;Pagamento de amortização periódica sem taxa de juros;20190628
CARTEIRA DE INVESTIMENTO;Forma de Pagamento;ACI;14040;Pagamento de juros e amortizações periódicos;20190628
CARTEIRA DE INVESTIMENTO;Forma de Pagamento;ACI;14041;Pagamento de juros e principal no vencimento;20190628
CARTEIRA DE INVESTIMENTO;Forma de Pagamento;ACI;14045;Pagamento de parcelas fixas;20190628
CARTEIRA DE INVESTIMENTO;Forma de Pagamento;ACI;14043;Pagamento de principal no vencimento sem taxa de juros;20190628
CARTEIRA DE INVESTIMENTO;Forma de Pagamento;ACI;14042;Pagamento Periódico de juros e principal no vencimento;20190628
CARTEIRA DE INVESTIMENTO;Periodicidade de Amortização;ACI;14072;Anual;20190628
CARTEIRA DE INVESTIMENTO;Periodicidade de Amortização;ACI;14068;Bimestral;20190628
CARTEIRA DE INVESTIMENTO;Periodicidade de Amortização;ACI;14067;Mensal;20190628
CARTEIRA DE INVESTIMENTO;Periodicidade de Amortização;ACI;14073;Não se Aplica;20190628
CARTEIRA DE INVESTIMENTO;Periodicidade de Amortização;ACI;14070;Quadrimestral;20190628
CARTEIRA DE INVESTIMENTO;Periodicidade de Amortização;ACI;14071;Semestral;20190628
CARTEIRA DE INVESTIMENTO;Periodicidade de Amortização;ACI;14069;Trimestral;20190628
CARTEIRA DE INVESTIMENTO;Periodicidade de Juros;ACI;14065;Anual;20190628
CARTEIRA DE INVESTIMENTO;Periodicidade de Juros;ACI;14061;Bimestral;20190628
CARTEIRA DE INVESTIMENTO;Periodicidade de Juros;ACI;14060;Mensal;20190628
CARTEIRA DE INVESTIMENTO;Periodicidade de Juros;ACI;14066;Não se Aplica;20190628
CARTEIRA DE INVESTIMENTO;Periodicidade de Juros;ACI;14063;Quadrimestral;20190628
CARTEIRA DE INVESTIMENTO;Periodicidade de Juros;ACI;14064;Semestral;20190628
CARTEIRA DE INVESTIMENTO;Periodicidade de Juros;ACI;14062;Trimestral;20190628
CARTEIRA DE INVESTIMENTO;Taxa Referencial ou Indexador;ACI;14032;DI;20190628
CARTEIRA DE INVESTIMENTO;Taxa Referencial ou Indexador;ACI;14036;IGP-DI;20190628
CARTEIRA DE INVESTIMENTO;Taxa Referencial ou Indexador;ACI;14035;IGP-M;20190628
CARTEIRA DE INVESTIMENTO;Taxa Referencial ou Indexador;ACI;14038;INPC;20190628
CARTEIRA DE INVESTIMENTO;Taxa Referencial ou Indexador;ACI;14037;IPCA;20190628
CARTEIRA DE INVESTIMENTO;Taxa Referencial ou Indexador;ACI;14031;Pre-fixado;20190628
CARTEIRA DE INVESTIMENTO;Taxa Referencial ou Indexador;ACI;14033;Selic;20190628
CARTEIRA DE INVESTIMENTO;Taxa Referencial ou Indexador;ACI;14034;TR;20190628
CURVAS;Tipo do Indicador do Índice (VCP);CCB;104;IGP-M;20101022
CURVAS;Tipo do Indicador do Índice (VCP);CCB;106;INCC;20101022
CURVAS;Tipo do Indicador do Índice (VCP);CCB;105;INPC;20101022
CURVAS;Tipo do Indicador do Índice (VCP);CCB;252;IPCA;20101223
CURVAS;Tipo do Indicador do Índice (VCP);CCB;1;JUROS;20101022
CURVAS;Tipo do Indicador do Índice (VCP);CCB;102;PERC TAXA DI;20101022
CURVAS;Tipo do Indicador do Índice (VCP);CCB;103;PERC TAXA SELIC;20101022
CURVAS;Tipo do Indicador do Índice (VCP);CCB;6801;Pré-fixado – FGC;20131114
CURVAS;Tipo do Indicador do Índice (VCP);CCB;2;TAXA DE CAMBIO;20101022
CURVAS;Tipo do Indicador do Índice (VCP);CCB;170;TAXA PREFIXADA;20101022
CURVAS;Tipo do Indicador do Índice (VCP);CCB;108;TBF;20101022
CURVAS;Tipo do Indicador do Índice (VCP);CCB;107;TJLP;20101022
CURVAS;Tipo do Indicador do Índice (VCP);CCB;22840;TLP-IPCA;20230804
CURVAS;Tipo do Indicador do Índice (VCP);CCB;22841;TLP-PREFIXADA;20230804
CURVAS;Tipo do Indicador do Índice (VCP);CCB;109;TR;20101022
CURVAS;Tipo do Indicador do Índice (VCP);CCB;7543;UMBNDES;20140425
CURVAS;Tipo do Indicador do Índice (VCP);CCE;104;IGP-M;20101022
CURVAS;Tipo do Indicador do Índice (VCP);CCE;106;INCC;20101022
CURVAS;Tipo do Indicador do Índice (VCP);CCE;105;INPC;20101022
CURVAS;Tipo do Indicador do Índice (VCP);CCE;252;IPCA;20110530
CURVAS;Tipo do Indicador do Índice (VCP);CCE;1;JUROS;20101022
CURVAS;Tipo do Indicador do Índice (VCP);CCE;102;PERC TAXA DI;20101022
CURVAS;Tipo do Indicador do Índice (VCP);CCE;103;PERC TAXA SELIC;20101022
CURVAS;Tipo do Indicador do Índice (VCP);CCE;6801;Pré-fixado – FGC;20180605
CURVAS;Tipo do Indicador do Índice (VCP);CCE;2;TAXA DE CAMBIO;20101022
CURVAS;Tipo do Indicador do Índice (VCP);CCE;170;TAXA PREFIXADA;20101022
CURVAS;Tipo do Indicador do Índice (VCP);CCE;108;TBF;20101022
CURVAS;Tipo do Indicador do Índice (VCP);CCE;107;TJLP;20101022
CURVAS;Tipo do Indicador do Índice (VCP);CCE;109;TR;20101022
CURVAS;Tipo do Indicador do Índice (VCP);CCI;2475;ANTT / ARTESP;20150904
CURVAS;Tipo do Indicador do Índice (VCP);CCI;24820;CEMIG;20240510
CURVAS;Tipo do Indicador do Índice (VCP);CCI;8746;ICC-SSA;20141126
CURVAS;Tipo do Indicador do Índice (VCP);CCI;10836;IGP-DI;20161104
CURVAS;Tipo do Indicador do Índice (VCP);CCI;104;IGP-M;20150105
CURVAS;Tipo do Indicador do Índice (VCP);CCI;106;INCC;20230308
CURVAS;Tipo do Indicador do Índice (VCP);CCI;252;IPCA;20141216
CURVAS;Tipo do Indicador do Índice (VCP);CCI;13169;IPC-FGV;20181023
CURVAS;Tipo do Indicador do Índice (VCP);CCI;13170;IPC-FIPE;20181023
CURVAS;Tipo do Indicador do Índice (VCP);CCI;102;PERC TAXA DI;20151015
CURVAS;Tipo do Indicador do Índice (VCP);CCI;103;PERC TAXA SELIC;20190128
CURVAS;Tipo do Indicador do Índice (VCP);CCI;170;TAXA PREFIXADA;20150107
CURVAS;Tipo do Indicador do Índice (VCP);CCI;109;TR;20150828
CURVAS;Tipo do Indicador do Índice (VCP);CDB;15346;% DI ANIVERSÁRIO MENSAL;20200806
CURVAS;Tipo do Indicador do Índice (VCP);CDB;19946;DAP;20220912
CURVAS;Tipo do Indicador do Índice (VCP);CDB;23400;DI rentabilidade D+30;20231019
CURVAS;Tipo do Indicador do Índice (VCP);CDCA;252;IPCA;20110530
CURVAS;Tipo do Indicador do Índice (VCP);CDCA;1;JUROS;20101022
CURVAS;Tipo do Indicador do Índice (VCP);CDCA;102;PERC TAXA DI;20101022
CURVAS;Tipo do Indicador do Índice (VCP);CDCA;103;PERC TAXA SELIC;20101022
CURVAS;Tipo do Indicador do Índice (VCP);CDCA;170;TAXA PREFIXADA;20150902
CURVAS;Tipo do Indicador do Índice (VCP);CMER;299;ACUCAR  CRISTAL - BM&F;20120720
CURVAS;Tipo do Indicador do Índice (VCP);CMER;325;ACUCAR - ICE;20120720
CURVAS;Tipo do Indicador do Índice (VCP);CMER;310;ACUCAR CRISTAL - ESALQ;20120720
CURVAS;Tipo do Indicador do Índice (VCP);CMER;301;ACUCAR CRISTAL EMPACOTADO - ESALQ;20120720
CURVAS;Tipo do Indicador do Índice (VCP);CMER;311;ACUCAR REFINADO - ESALQ;20120720
CURVAS;Tipo do Indicador do Índice (VCP);CMER;312;ALCOOL ANIDRO COMBUSTÍVEL - ESALQ;20120720
CURVAS;Tipo do Indicador do Índice (VCP);CMER;302;ALCOOL HIDRATADO COMBUSTÍVEL - ESALQ;20120720
CURVAS;Tipo do Indicador do Índice (VCP);CMER;303;ALCOOL HIDRATADO OUTROS FINS - ESALQ;20120720
CURVAS;Tipo do Indicador do Índice (VCP);CMER;313;ALGODAO EM PLUMA - ESALQ;20120720
CURVAS;Tipo do Indicador do Índice (VCP);CMER;314;ARROZ EM CASCA - BM&F;20120720
CURVAS;Tipo do Indicador do Índice (VCP);CMER;315;ARROZ EM CASCA - ESALQ;20120720
CURVAS;Tipo do Indicador do Índice (VCP);CMER;316;BEZERRO - BM&F;20120720
CURVAS;Tipo do Indicador do Índice (VCP);CMER;304;BEZERRO - ESALQ;20120720
CURVAS;Tipo do Indicador do Índice (VCP);CMER;293;BOI GORDO - BM&F;20120720
CURVAS;Tipo do Indicador do Índice (VCP);CMER;291;BOI GORDO - ESALQ;20120720
CURVAS;Tipo do Indicador do Índice (VCP);CMER;294;CAFE ARABICA - BM&F;20120720
CURVAS;Tipo do Indicador do Índice (VCP);CMER;290;CAFE ARABICA - ESALQ;20120720
CURVAS;Tipo do Indicador do Índice (VCP);CMER;305;CAFE CONILLON - ESALQ;20120720
CURVAS;Tipo do Indicador do Índice (VCP);CMER;292;CANA-DE-ACUCAR - ESALQ;20120720
CURVAS;Tipo do Indicador do Índice (VCP);CMER;296;Dólar Fechamento Venda;20120720
CURVAS;Tipo do Indicador do Índice (VCP);CMER;300;Dólar 11:30 Venda;20120720
CURVAS;Tipo do Indicador do Índice (VCP);CMER;306;FARINHA DE MANDIOCA FINA BRANCA/CRUA TIPO 1 - ESALQ;20120720
CURVAS;Tipo do Indicador do Índice (VCP);CMER;307;FARINHA DE MANDIOCA GROSSA BRANCA/CRUA TIPO 1 - ESALQ;20120720
CURVAS;Tipo do Indicador do Índice (VCP);CMER;317;FECULA DE MANDIOCA - ESALQ;20120720
CURVAS;Tipo do Indicador do Índice (VCP);CMER;318;FRANGO - ESALQ;20120720
CURVAS;Tipo do Indicador do Índice (VCP);CMER;252;IPCA;20120720
CURVAS;Tipo do Indicador do Índice (VCP);CMER;319;LARANJA INDUSTRIA - ESALQ;20120720
CURVAS;Tipo do Indicador do Índice (VCP);CMER;320;LARANJA PERA IN NATURA - ESALQ;20120720
CURVAS;Tipo do Indicador do Índice (VCP);CMER;321;LEITE CRU - INTEGRAL - ESALQ;20120720
CURVAS;Tipo do Indicador do Índice (VCP);CMER;295;MILHO - BM&F;20120720
CURVAS;Tipo do Indicador do Índice (VCP);CMER;322;MILHO - ESALQ;20120720
CURVAS;Tipo do Indicador do Índice (VCP);CMER;329;PAGTO PERIÓDICO SEM TAXA DE JUROS;20120720
CURVAS;Tipo do Indicador do Índice (VCP);CMER;339;Pré-Escalonado;20120720
CURVAS;Tipo do Indicador do Índice (VCP);CMER;323;RAIZ DE MANDIOCA - ESALQ;20120720
CURVAS;Tipo do Indicador do Índice (VCP);CMER;298;SOJA - BM&F;20120720
CURVAS;Tipo do Indicador do Índice (VCP);CMER;5033;SOJA - CBOT;20120720
CURVAS;Tipo do Indicador do Índice (VCP);CMER;324;SOJA (PARANA) - ESALQ;20120720
CURVAS;Tipo do Indicador do Índice (VCP);CMER;308;SOJA (PARANAGUA) - ESALQ;20120720
CURVAS;Tipo do Indicador do Índice (VCP);CMER;309;SUINO - ESALQ;20120720
CURVAS;Tipo do Indicador do Índice (VCP);CMER;170;TAXA PREFIXADA;20120720
CURVAS;Tipo do Indicador do Índice (VCP);CMER;297;US$ PTAX800 CJE;20120720
CURVAS;Tipo do Indicador do Índice (VCP);CPR;23140;% TAXA SELIC;20230920
CURVAS;Tipo do Indicador do Índice (VCP);CPR;299;ACUCAR  CRISTAL - BM&F;20110318
CURVAS;Tipo do Indicador do Índice (VCP);CPR;325;ACUCAR - ICE;20110318
CURVAS;Tipo do Indicador do Índice (VCP);CPR;310;ACUCAR CRISTAL - ESALQ;20110318
CURVAS;Tipo do Indicador do Índice (VCP);CPR;301;ACUCAR CRISTAL EMPACOTADO - ESALQ;20110318
CURVAS;Tipo do Indicador do Índice (VCP);CPR;311;ACUCAR REFINADO - ESALQ;20110318
CURVAS;Tipo do Indicador do Índice (VCP);CPR;312;ALCOOL ANIDRO COMBUSTÍVEL - ESALQ;20110318
CURVAS;Tipo do Indicador do Índice (VCP);CPR;302;ALCOOL HIDRATADO COMBUSTÍVEL - ESALQ;20110318
CURVAS;Tipo do Indicador do Índice (VCP);CPR;303;ALCOOL HIDRATADO OUTROS FINS - ESALQ;20110318
CURVAS;Tipo do Indicador do Índice (VCP);CPR;5090;ALGODÃO - ICE;20120925
CURVAS;Tipo do Indicador do Índice (VCP);CPR;313;ALGODAO EM PLUMA - ESALQ;20110318
CURVAS;Tipo do Indicador do Índice (VCP);CPR;314;ARROZ EM CASCA - BM&F;20110318
CURVAS;Tipo do Indicador do Índice (VCP);CPR;315;ARROZ EM CASCA - ESALQ;20110318
CURVAS;Tipo do Indicador do Índice (VCP);CPR;316;BEZERRO - BM&F;20110318
CURVAS;Tipo do Indicador do Índice (VCP);CPR;304;BEZERRO - ESALQ;20110318
CURVAS;Tipo do Indicador do Índice (VCP);CPR;293;BOI GORDO - BM&F;20110318
CURVAS;Tipo do Indicador do Índice (VCP);CPR;291;BOI GORDO - ESALQ;20110318
CURVAS;Tipo do Indicador do Índice (VCP);CPR;26031;BOI GORDO CEPEA;20241219
CURVAS;Tipo do Indicador do Índice (VCP);CPR;15304;Boi Magro - CEPEA;20200722
CURVAS;Tipo do Indicador do Índice (VCP);CPR;294;CAFE ARABICA - BM&F;20110318
CURVAS;Tipo do Indicador do Índice (VCP);CPR;290;CAFE ARABICA - ESALQ;20110318
CURVAS;Tipo do Indicador do Índice (VCP);CPR;305;CAFE CONILLON - ESALQ;20110318
CURVAS;Tipo do Indicador do Índice (VCP);CPR;292;CANA-DE-ACUCAR - ESALQ;20110318
CURVAS;Tipo do Indicador do Índice (VCP);CPR;28942;CNY fechamento – prefixado;20260723
CURVAS;Tipo do Indicador do Índice (VCP);CPR;28462;DI - Taxa Negativa;20260331
CURVAS;Tipo do Indicador do Índice (VCP);CPR;296;Dólar Fechamento Venda;20110318
CURVAS;Tipo do Indicador do Índice (VCP);CPR;300;Dólar 11:30 Venda;20110318
CURVAS;Tipo do Indicador do Índice (VCP);CPR;306;FARINHA DE MANDIOCA FINA BRANCA/CRUA TIPO 1 - ESALQ;20110318
CURVAS;Tipo do Indicador do Índice (VCP);CPR;307;FARINHA DE MANDIOCA GROSSA BRANCA/CRUA TIPO 1 - ESALQ;20110318
CURVAS;Tipo do Indicador do Índice (VCP);CPR;317;FECULA DE MANDIOCA - ESALQ;20110318
CURVAS;Tipo do Indicador do Índice (VCP);CPR;318;FRANGO - ESALQ;20110318
CURVAS;Tipo do Indicador do Índice (VCP);CPR;252;IPCA;20110530
CURVAS;Tipo do Indicador do Índice (VCP);CPR;319;LARANJA INDUSTRIA - ESALQ;20110318
CURVAS;Tipo do Indicador do Índice (VCP);CPR;320;LARANJA PERA IN NATURA - ESALQ;20110318
CURVAS;Tipo do Indicador do Índice (VCP);CPR;321;LEITE CRU - INTEGRAL - ESALQ;20110318
CURVAS;Tipo do Indicador do Índice (VCP);CPR;295;MILHO - BM&F;20110318
CURVAS;Tipo do Indicador do Índice (VCP);CPR;322;MILHO - ESALQ;20110318
CURVAS;Tipo do Indicador do Índice (VCP);CPR;17205;Pagamento final sem taxa de juros;20210715
CURVAS;Tipo do Indicador do Índice (VCP);CPR;329;PAGTO PERIÓDICO SEM TAXA DE JUROS;20110413
CURVAS;Tipo do Indicador do Índice (VCP);CPR;102;PERC TAXA DI;20140815
CURVAS;Tipo do Indicador do Índice (VCP);CPR;27107;PRE DESEMBOLSO;20250728
CURVAS;Tipo do Indicador do Índice (VCP);CPR;339;Pré-Escalonado;20110826
CURVAS;Tipo do Indicador do Índice (VCP);CPR;323;RAIZ DE MANDIOCA - ESALQ;20110318
CURVAS;Tipo do Indicador do Índice (VCP);CPR;23720;SOFR;20241230
CURVAS;Tipo do Indicador do Índice (VCP);CPR;298;SOJA - BM&F;20110318
CURVAS;Tipo do Indicador do Índice (VCP);CPR;5033;SOJA - CBOT;20120622
CURVAS;Tipo do Indicador do Índice (VCP);CPR;324;SOJA (PARANA) - ESALQ;20110318
CURVAS;Tipo do Indicador do Índice (VCP);CPR;308;SOJA (PARANAGUA) - ESALQ;20110318
CURVAS;Tipo do Indicador do Índice (VCP);CPR;309;SUINO - ESALQ;20110318
CURVAS;Tipo do Indicador do Índice (VCP);CPR;26723;Taxa Fixa Composta (BNDES);20250526
CURVAS;Tipo do Indicador do Índice (VCP);CPR;26724;Taxa Fixa Composta MPME (BNDES);20250526
CURVAS;Tipo do Indicador do Índice (VCP);CPR;170;TAXA PREFIXADA;20110826
CURVAS;Tipo do Indicador do Índice (VCP);CPR;26721;Taxa Prefixada FAT – Pré5 (BNDES);20250526
CURVAS;Tipo do Indicador do Índice (VCP);CPR;26722;Taxa Prefixada FAT MPME – Pré3 (BNDES);20250526
CURVAS;Tipo do Indicador do Índice (VCP);CPR;26022;TERM SOFR 1M;20241213
CURVAS;Tipo do Indicador do Índice (VCP);CPR;26023;TERM SOFR 12M;20241213
CURVAS;Tipo do Indicador do Índice (VCP);CPR;26024;TERM SOFR 3M;20241213
CURVAS;Tipo do Indicador do Índice (VCP);CPR;26025;TERM SOFR 6M;20241213
CURVAS;Tipo do Indicador do Índice (VCP);CPR;26101;TFB (Taxa Fixa do BNDES);20250113
CURVAS;Tipo do Indicador do Índice (VCP);CPR;26102;TFBD Tx Fixa do BNDES Dolar;20250113
CURVAS;Tipo do Indicador do Índice (VCP);CPR;6037;Trigo - BM&F;20130710
CURVAS;Tipo do Indicador do Índice (VCP);CPR;297;US$ PTAX800 CJE;20110318
CURVAS;Tipo do Indicador do Índice (VCP);CRA;252;IPCA;20110530
CURVAS;Tipo do Indicador do Índice (VCP);CRA;102;PERC TAXA DI;20130926
CURVAS;Tipo do Indicador do Índice (VCP);CRA;170;TAXA PREFIXADA;20131009
CURVAS;Tipo do Indicador do Índice (VCP);CRH;104;IGP-M;20111021
CURVAS;Tipo do Indicador do Índice (VCP);CRH;106;INCC;20111021
CURVAS;Tipo do Indicador do Índice (VCP);CRH;105;INPC;20111021
CURVAS;Tipo do Indicador do Índice (VCP);CRH;252;IPCA;20111021
CURVAS;Tipo do Indicador do Índice (VCP);CRH;102;PERC TAXA DI;20111021
CURVAS;Tipo do Indicador do Índice (VCP);CRH;103;PERC TAXA SELIC;20111021
CURVAS;Tipo do Indicador do Índice (VCP);CRH;170;TAXA PREFIXADA;20111021
CURVAS;Tipo do Indicador do Índice (VCP);CRH;107;TJLP;20111026
CURVAS;Tipo do Indicador do Índice (VCP);CRH;109;TR;20130102
CURVAS;Tipo do Indicador do Índice (VCP);CRI;252;IPCA;20251127
CURVAS;Tipo do Indicador do Índice (VCP);CRI;102;PERC TAXA DI;20251127
CURVAS;Tipo do Indicador do Índice (VCP);CRP;104;IGP-M;20111021
CURVAS;Tipo do Indicador do Índice (VCP);CRP;106;INCC;20111021
CURVAS;Tipo do Indicador do Índice (VCP);CRP;105;INPC;20111021
CURVAS;Tipo do Indicador do Índice (VCP);CRP;252;IPCA;20111021
CURVAS;Tipo do Indicador do Índice (VCP);CRP;102;PERC TAXA DI;20111021
CURVAS;Tipo do Indicador do Índice (VCP);CRP;103;PERC TAXA SELIC;20111021
CURVAS;Tipo do Indicador do Índice (VCP);CRP;170;TAXA PREFIXADA;20111021
CURVAS;Tipo do Indicador do Índice (VCP);CRP;107;TJLP;20120113
CURVAS;Tipo do Indicador do Índice (VCP);CRP;109;TR;20130102
CURVAS;Tipo do Indicador do Índice (VCP);CRPH;104;IGP-M;20111021
CURVAS;Tipo do Indicador do Índice (VCP);CRPH;106;INCC;20111021
CURVAS;Tipo do Indicador do Índice (VCP);CRPH;105;INPC;20111021
CURVAS;Tipo do Indicador do Índice (VCP);CRPH;252;IPCA;20111021
CURVAS;Tipo do Indicador do Índice (VCP);CRPH;102;PERC TAXA DI;20111021
CURVAS;Tipo do Indicador do Índice (VCP);CRPH;103;PERC TAXA SELIC;20111021
CURVAS;Tipo do Indicador do Índice (VCP);CRPH;170;TAXA PREFIXADA;20111021
CURVAS;Tipo do Indicador do Índice (VCP);CRPH;107;TJLP;20120113
CURVAS;Tipo do Indicador do Índice (VCP);CRPH;109;TR;20130102
CURVAS;Tipo do Indicador do Índice (VCP);DEB;102;PERC TAXA DI;20131029
CURVAS;Tipo do Indicador do Índice (VCP);DI;28023;DIV-PREFIXADO;20251209
CURVAS;Tipo do Indicador do Índice (VCP);IECE;6642;LIBOR;20131010
CURVAS;Tipo do Indicador do Índice (VCP);IECE;7443;Pré-fixado – Variável;20140410
CURVAS;Tipo do Indicador do Índice (VCP);IECE;23720;SOFR;20231208
CURVAS;Tipo do Indicador do Índice (VCP);IECE;170;TAXA PREFIXADA;20140130
CURVAS;Tipo do Indicador do Índice (VCP);IECE;6640;US Treasury – 10 years;20131010
CURVAS;Tipo do Indicador do Índice (VCP);IECE;8048;US Treasury – 5 years;20140805
CURVAS;Tipo do Indicador do Índice (VCP);IECE;15976;VARIAÇÃO CAMBIAL;20210310
CURVAS;Tipo do Indicador do Índice (VCP);IECI;6680;Lucro Distribuído e Capital Principal;20190611
CURVAS;Tipo do Indicador do Índice (VCP);IECI;6861;TAXA DE OPERAÇÃO DE CRÉDITO;20131128
CURVAS;Tipo do Indicador do Índice (VCP);IECI;109;TR;20160615
CURVAS;Tipo do Indicador do Índice (VCP);IECP;6680;Lucro Distribuído e Capital Principal;20131025
CURVAS;Tipo do Indicador do Índice (VCP);LCA;296;Dólar Fechamento Venda;20210903
CURVAS;Tipo do Indicador do Índice (VCP);LCA;300;Dólar 11:30 Venda;20210903
CURVAS;Tipo do Indicador do Índice (VCP);LCA;104;IGP-M;20150904
CURVAS;Tipo do Indicador do Índice (VCP);LCA;252;IPCA;20110530
CURVAS;Tipo do Indicador do Índice (VCP);LCA;1;JUROS;20101022
CURVAS;Tipo do Indicador do Índice (VCP);LCA;102;PERC TAXA DI;20101022
CURVAS;Tipo do Indicador do Índice (VCP);LCA;103;PERC TAXA SELIC;20101022
CURVAS;Tipo do Indicador do Índice (VCP);LCI;104;IGP-M;20160707
CURVAS;Tipo do Indicador do Índice (VCP);LCI;252;IPCA;20160707
CURVAS;Tipo do Indicador do Índice (VCP);LCI;12287;Juros Pos;20180301
CURVAS;Tipo do Indicador do Índice (VCP);LCI;15660;POUPANCA + PREFIXADO;20210211
CURVAS;Tipo do Indicador do Índice (VCP);LF;252;IPCA;20240105
CURVAS;Tipo do Indicador do Índice (VCP);LF;15008;Selic LFG;20200417
CURVAS;Tipo do Indicador do Índice (VCP);LF;20161;TAXA DI DEFASADO;20250611
CURVAS;Tipo do Indicador do Índice (VCP);LF;107;TJLP;20170905
CURVAS;Tipo do Indicador do Índice (VCP);LFSC;17117;DI+Pré;20210604
CURVAS;Tipo do Indicador do Índice (VCP);LFSC;252;IPCA;20170831
CURVAS;Tipo do Indicador do Índice (VCP);LFSC;20540;Taxa de Juros SOFR;20230102
CURVAS;Tipo do Indicador do Índice (VCP);LFSN;17117;DI+Pré;20210604
CURVAS;Tipo do Indicador do Índice (VCP);LFSN;252;IPCA;20230831
CURVAS;Tipo do Indicador do Índice (VCP);LFSP;6802;LFS4192-PREFIXADO;20131114
CURVAS;Tipo do Indicador do Índice (VCP);LIG;104;IGP-M;20190322
CURVAS;Tipo do Indicador do Índice (VCP);LIG;252;IPCA;20190322
CURVAS;Tipo do Indicador do Índice (VCP);LIG;12287;Juros Pos;20190322
CURVAS;Tipo do Indicador do Índice (VCP);NC;25982;Ajuste Parcela + Saldo;20241203
CURVAS;Tipo do Indicador do Índice (VCP);NC;104;IGP-M;20241002
CURVAS;Tipo do Indicador do Índice (VCP);NC;106;INCC;20241002
CURVAS;Tipo do Indicador do Índice (VCP);NC;252;IPCA;20221222
CURVAS;Tipo do Indicador do Índice (VCP);NC;102;PERC TAXA DI;20240619
CURVAS;Tipo do Indicador do Índice (VCP);NC;24621;Taxa DI Amort Fixa;20240403
CURVAS;Tipo do Indicador do Índice (VCP);NC;20161;TAXA DI DEFASADO;20221028
CURVAS;Tipo do Indicador do Índice (VCP);NC;170;TAXA PREFIXADA;20240619
CURVAS;Tipo do Indicador do Índice (VCP);NC;21860;TR+;20230519
CURVAS;Tipo do Indicador do Índice (VCP);NCE;104;IGP-M;20101022
CURVAS;Tipo do Indicador do Índice (VCP);NCE;106;INCC;20101022
CURVAS;Tipo do Indicador do Índice (VCP);NCE;105;INPC;20101022
CURVAS;Tipo do Indicador do Índice (VCP);NCE;252;IPCA;20110530
CURVAS;Tipo do Indicador do Índice (VCP);NCE;1;JUROS;20101022
CURVAS;Tipo do Indicador do Índice (VCP);NCE;6642;LIBOR;20131120
CURVAS;Tipo do Indicador do Índice (VCP);NCE;102;PERC TAXA DI;20101022
CURVAS;Tipo do Indicador do Índice (VCP);NCE;103;PERC TAXA SELIC;20101022
CURVAS;Tipo do Indicador do Índice (VCP);NCE;6801;Pré-fixado – FGC;20180605
CURVAS;Tipo do Indicador do Índice (VCP);NCE;2;TAXA DE CAMBIO;20101022
CURVAS;Tipo do Indicador do Índice (VCP);NCE;170;TAXA PREFIXADA;20101022
CURVAS;Tipo do Indicador do Índice (VCP);NCE;108;TBF;20101022
CURVAS;Tipo do Indicador do Índice (VCP);NCE;107;TJLP;20101022
CURVAS;Tipo do Indicador do Índice (VCP);NCE;109;TR;20101022
CURVAS;Tipo do Indicador do Índice (VCP);NCR;104;IGP-M;20111021
CURVAS;Tipo do Indicador do Índice (VCP);NCR;106;INCC;20111021
CURVAS;Tipo do Indicador do Índice (VCP);NCR;105;INPC;20111021
CURVAS;Tipo do Indicador do Índice (VCP);NCR;252;IPCA;20111021
CURVAS;Tipo do Indicador do Índice (VCP);NCR;102;PERC TAXA DI;20111021
CURVAS;Tipo do Indicador do Índice (VCP);NCR;103;PERC TAXA SELIC;20111021
CURVAS;Tipo do Indicador do Índice (VCP);NCR;170;TAXA PREFIXADA;20111021
CURVAS;Tipo do Indicador do Índice (VCP);NCR;107;TJLP;20120113
CURVAS;Tipo do Indicador do Índice (VCP);NCR;109;TR;20130102
CURVAS;Tipo Classe;OPC;5101;AAPL US EQUITY;20231017
CURVAS;Tipo Classe;OPC;17760;ATR Componente Açúcar – Consecana;20220125
CURVAS;Tipo Classe;OPC;17761;ATR Componente Etanol – Consecana;20220125
CURVAS;Tipo Classe;OPC;23320;BNPIHFAC INDEX;20231009
CURVAS;Tipo Classe;OPC;24360;BNPXTRAI INDEX;20240226
CURVAS;Tipo Classe;OPC;15989;CBIO B3;20260115
CURVAS;Tipo Classe;OPC;23600;Energia Elétrica PLD ANUAL - CCEE;20231114
CURVAS;Tipo Classe;OPC;21660;ETF DE RUSSEL 1000;20230428
CURVAS;Tipo Classe;OPC;21822;FUTURO DE BENZENO;20230516
CURVAS;Tipo Classe;OPC;5713;FUTURO DE CRUDE OIL;20220216
CURVAS;Tipo Classe;OPC;24160;FUTURO DE ETANOL;20240122
CURVAS;Tipo Classe;OPC;21821;FUTURO DE ETILENO;20230516
CURVAS;Tipo Classe;OPC;18882;Futuro de Europe Pulp BHKP;20230207
CURVAS;Tipo Classe;OPC;17961;Futuro de Frete;20230329
CURVAS;Tipo Classe;OPC;20800;FUTURO DE GASOLINA;20230207
CURVAS;Tipo Classe;OPC;8586;FUTURO DE HEATING OIL;20230207
CURVAS;Tipo Classe;OPC;5026;Futuro de Pulp Europe NBSK;20230207
CURVAS;Tipo Classe;OPC;20801;FUTURO DE UREIA;20230207
CURVAS;Tipo Classe;OPC;27141;GSCBBZEX INDEX;20250801
CURVAS;Tipo Classe;OPC;23621;GSISSK1D INDEX;20231120
CURVAS;Tipo Classe;OPC;24760;GSMACVBR INDEX;20240502
CURVAS;Tipo Classe;OPC;23620;GSVIDO01 INDEX;20231120
CURVAS;Tipo Classe;OPC;18200;IDI;20220203
CURVAS;Tipo Classe;OPC;1018;IPCA;20260326
CURVAS;Tipo Classe;OPC;26028;IPCA + B32;20241217
CURVAS;Tipo Classe;OPC;17820;NU US EQUITY;20240410
CURVAS;Tipo Classe;OPC;21140;OPÇÃO FUTURO CRUDE OIL;20230306
CURVAS;Tipo Classe;OPC;18740;PETROLEO;20220516
CURVAS;Tipo Classe;OPC;5048;PETR4;20231017
CURVAS;Tipo Classe;OPC;22380;RDLN3 Comdty;20230627
CURVAS;Tipo Classe;OPC;22000;RIEK23 Comdty;20230530
CURVAS;Tipo Classe;OPC;24200;SAN SM EQUITY;20240123
CURVAS;Tipo Classe;OPC;5182;SPX INDEX - S&P 500 INDEX;20231226
CURVAS;Tipo Classe;OPC;21;US$ Spot;20220802
CURVAS;Tipo Classe;OPC;19785;USD;20220802
CURVAS;Tipo Classe;OPC;20440;XP M1 FIDC;20221206
CURVAS;Tipo Classe;OPC;21980;ZRWK23 Comdty;20230530
CURVAS;Tipo Classe;SWAP;6017;AA US EQUITY;20130708
CURVAS;Tipo Classe;SWAP;10380;AAA NA EQUITY;20160310
CURVAS;Tipo Classe;SWAP;15503;AAL LN Equity;20201110
CURVAS;Tipo Classe;SWAP;15985;AAL US Equity;20210312
CURVAS;Tipo Classe;SWAP;9928;AAPL UQ Equity;20150807
CURVAS;Tipo Classe;SWAP;5101;AAPL US EQUITY;20121210
CURVAS;Tipo Classe;SWAP;9929;AAPL UW Equity;20150807
CURVAS;Tipo Classe;SWAP;10130;AAXJ UP Equity;20151103
CURVAS;Tipo Classe;SWAP;9213;AAXJ UQ Equity;20150312
CURVAS;Tipo Classe;SWAP;7222;AAXJ US Equity;20140214
CURVAS;Tipo Classe;SWAP;2556;ABCBBZ 7 7/8 04/08/20 Corp - REGS;20150916
CURVAS;Tipo Classe;SWAP;7463;ABCB4 BZ EQUITY;20140416
CURVAS;Tipo Classe;SWAP;5937;ABE SM EQUITY;20130624
CURVAS;Tipo Classe;SWAP;7484;ABEV3 BZ EQUITY;20140422
CURVAS;Tipo Classe;SWAP;18768;ABGSCAR2 Index;20220519
CURVAS;Tipo Classe;SWAP;20502;ABGSCCC8 Index;20221221
CURVAS;Tipo Classe;SWAP;21481;ABGSCRV9 INDEX;20230413
CURVAS;Tipo Classe;SWAP;20481;ABGSD007 Index;20221213
CURVAS;Tipo Classe;SWAP;19022;ABGS1099 Index;20220630
CURVAS;Tipo Classe;SWAP;18767;ABGS1176 Index;20220519
CURVAS;Tipo Classe;SWAP;28921;ABGS1286 Index;20260717
CURVAS;Tipo Classe;SWAP;12847;ABMGA2A LX Equity;20180810
CURVAS;Tipo Classe;SWAP;7743;ABRE11 BZ EQUITY;20140604
CURVAS;Tipo Classe;SWAP;8646;ABRE3 BZ EQUITY;20141029
CURVAS;Tipo Classe;SWAP;13088;ACBFF US Equity;20180925
CURVAS;Tipo Classe;SWAP;27402;ACDC US EQUITY;20250905
CURVAS;Tipo Classe;SWAP;14764;ACEL US Equity;20200108
CURVAS;Tipo Classe;SWAP;14763;ACEL/WS US Equity;20200108
CURVAS;Tipo Classe;SWAP;28562;ACH US Equity;20260420
CURVAS;Tipo Classe;SWAP;18620;ACI US EQUITY;20220414
CURVAS;Tipo Classe;SWAP;18240;ACUPET 7 ½ 01/13/32;20220208
CURVAS;Tipo Classe;SWAP;25642;ACWI UQ EQUITY;20241014
CURVAS;Tipo Classe;SWAP;9667;ACWI US Equity;20150528
CURVAS;Tipo Classe;SWAP;13729;ACWX US Equity;20190312
CURVAS;Tipo Classe;SWAP;17520;ACX SM EQUITY;20211019
CURVAS;Tipo Classe;SWAP;24180;ADBE US EQUITY;20240122
CURVAS;Tipo Classe;SWAP;8367;ADM LN Equity;20140929
CURVAS;Tipo Classe;SWAP;20280;ADS GR Equity;20221116
CURVAS;Tipo Classe;SWAP;7341;ADT 3 1/2  07/15/22 CORP;20140317
CURVAS;Tipo Classe;SWAP;10190;ADT 4 7/8 07/15/42 Corp;20151113
CURVAS;Tipo Classe;SWAP;9687;ADT 6 1/4 10/15/21 Corp;20150608
CURVAS;Tipo Classe;SWAP;28142;ADUR US Equity;20260115
CURVAS;Tipo Classe;SWAP;7485;AEDU3 BZ EQUITY;20140422
CURVAS;Tipo Classe;SWAP;15105;AEGEBZ 5 ¾ 10/10/24 REGS CORP;20200527
CURVAS;Tipo Classe;SWAP;25162;AEHR US Equity;20240717
CURVAS;Tipo Classe;SWAP;15416;AEM UN Equity;20200824
CURVAS;Tipo Classe;SWAP;15049;AEM US Equity;20200505
CURVAS;Tipo Classe;SWAP;17432;AES US EQUITY;20210929
CURVAS;Tipo Classe;SWAP;17500;AESANDES CI EQUITY;20211018
CURVAS;Tipo Classe;SWAP;16104;AFYA US Equity;20210420
CURVAS;Tipo Classe;SWAP;17781;AG US EQUITY;20211202
CURVAS;Tipo Classe;SWAP;18706;AGCO US Equity;20220511
CURVAS;Tipo Classe;SWAP;13149;AGG US Equity;20181018
CURVAS;Tipo Classe;SWAP;15048;AGI US Equity;20200505
CURVAS;Tipo Classe;SWAP;10714;AGRO US Equity;20160829
CURVAS;Tipo Classe;SWAP;8247;AGUAS/A CI Equity;20140909
CURVAS;Tipo Classe;SWAP;5118;AHL US EQUITY;20121221
CURVAS;Tipo Classe;SWAP;10857;AIG US Equity;20161116
CURVAS;Tipo Classe;SWAP;21720;AIJPXAT5 Index;20230511
CURVAS;Tipo Classe;SWAP;27741;AIQ US EQUITY;20251103
CURVAS;Tipo Classe;SWAP;26026;AIR FP EQUITY;20241213
CURVAS;Tipo Classe;SWAP;17428;AJRD US Equity;20210922
CURVAS;Tipo Classe;SWAP;24901;ALAR US EQUITY;20240522
CURVAS;Tipo Classe;SWAP;26742;ALLD3 BZ EQUITY;20250527
CURVAS;Tipo Classe;SWAP;7486;ALLL3 BZ EQUITY;20140422
CURVAS;Tipo Classe;SWAP;24524;ALOS3 BZ EQUITY;20240320
CURVAS;Tipo Classe;SWAP;19977;ALPA4 BZ Equity;20220916
CURVAS;Tipo Classe;SWAP;11282;ALPEKA MM Equity;20170426
CURVAS;Tipo Classe;SWAP;12968;ALSFFCT LX Equity;20180828
CURVAS;Tipo Classe;SWAP;10583;ALTICE 8 1/8 01/15/24 Corp;20160614
CURVAS;Tipo Classe;SWAP;26527;ALUM LN Equity;20250410
CURVAS;Tipo Classe;SWAP;5125;Alumínio;20121221
CURVAS;Tipo Classe;SWAP;5037;AMAR3;20120716
CURVAS;Tipo Classe;SWAP;27321;AMBI US EQUITY;20250827
CURVAS;Tipo Classe;SWAP;17347;AMBP3 BZ Equity;20210817
CURVAS;Tipo Classe;SWAP;5066;AMBV4;20120828
CURVAS;Tipo Classe;SWAP;17415;AMD US Equity;20210916
CURVAS;Tipo Classe;SWAP;17431;AMER3 BZ EQUITY;20210927
CURVAS;Tipo Classe;SWAP;26029;AMOB3 BZ EQUITY;20241218
CURVAS;Tipo Classe;SWAP;5195;AMX US EQUITY;20130225
CURVAS;Tipo Classe;SWAP;8627;AMXL MM Equity;20141028
CURVAS;Tipo Classe;SWAP;11542;AMZN US Equity;20170731
CURVAS;Tipo Classe;SWAP;13269;AMZN UW Equity;20181109
CURVAS;Tipo Classe;SWAP;9208;ANIM3 BZ Equity;20150227
CURVAS;Tipo Classe;SWAP;9278;ANN GY EQUITY;20150320
CURVAS;Tipo Classe;SWAP;9727;ANTM US Equity;20150615
CURVAS;Tipo Classe;SWAP;17029;ANTO LN Equity;20210510
CURVAS;Tipo Classe;SWAP;20007;AP ENERGIAS RENOVÁVEIS FI;20220929
CURVAS;Tipo Classe;SWAP;18840;APAM SM EQUITY;20220531
CURVAS;Tipo Classe;SWAP;17460;APD US EQUITY;20211011
CURVAS;Tipo Classe;SWAP;28544;APLD US Equity;20260414
CURVAS;Tipo Classe;SWAP;28901;APP US Equity;20260716
CURVAS;Tipo Classe;SWAP;25281;AQFRAEF LX EQUITY;20240821
CURVAS;Tipo Classe;SWAP;13370;AQLL11 (CNPJ 13.555.918/0001-49);20181204
CURVAS;Tipo Classe;SWAP;19909;AR US Equity;20220822
CURVAS;Tipo Classe;SWAP;21640;ARACA FIMCP;20230426
CURVAS;Tipo Classe;SWAP;15347;ARCE US Equity;20200806
CURVAS;Tipo Classe;SWAP;12166;ARCO US Equity;20180126
CURVAS;Tipo Classe;SWAP;13369;ARFI11B (CNPJ 14.069.202/0001-02);20181204
CURVAS;Tipo Classe;SWAP;13489;ARGENT 2 12 12/31/38 Corp;20190115
CURVAS;Tipo Classe;SWAP;14944;ARGENT 2 12 12/31/38 GOVT;20200309
CURVAS;Tipo Classe;SWAP;26441;ARGT UP;20250331
CURVAS;Tipo Classe;SWAP;6480;ARI SJ EQUITY;20130911
CURVAS;Tipo Classe;SWAP;17392;ARKF US Equity;20210823
CURVAS;Tipo Classe;SWAP;16016;ARKG UF Equity;20210330
CURVAS;Tipo Classe;SWAP;15619;ARKG UP Equity;20210120
CURVAS;Tipo Classe;SWAP;17441;ARKK UP EQUITY;20211006
CURVAS;Tipo Classe;SWAP;17390;ARKK US Equity;20210820
CURVAS;Tipo Classe;SWAP;17410;ARKQ US Equity;20210913
CURVAS;Tipo Classe;SWAP;17393;ARKW US Equity;20210823
CURVAS;Tipo Classe;SWAP;25881;ARML3 BZ EQUITY;20241121
CURVAS;Tipo Classe;SWAP;6400;ARTR3 BZ EQUITY;20130822
CURVAS;Tipo Classe;SWAP;12547;ARZZ3 BZ Equity;20180611
CURVAS;Tipo Classe;SWAP;23980;ASAI3 BZ EQUITY;20240108
CURVAS;Tipo Classe;SWAP;7924;ASCMA 9 1/8  04/01/20 Corp;20140710
CURVAS;Tipo Classe;SWAP;9868;ASHR US Equity;20150717
CURVAS;Tipo Classe;SWAP;24181;ASML US EQUITY;20240122
CURVAS;Tipo Classe;SWAP;6479;ASR SJ EQUITY;20130911
CURVAS;Tipo Classe;SWAP;27021;ASTONM 10 03/31/29 Corp;20250717
CURVAS;Tipo Classe;SWAP;8146;ASURB MM Equity;20140820
CURVAS;Tipo Classe;SWAP;5084;ASX SPI 200 FUTURES;20120829
CURVAS;Tipo Classe;SWAP;5173;AS51 INDEX - S&P/ASX 200 INDEX;20130129
CURVAS;Tipo Classe;SWAP;15982;ATAD LI Equity;20210312
CURVAS;Tipo Classe;SWAP;7985;ATCNA 7 3/4 05/15/22 Corp;20140724
CURVAS;Tipo Classe;SWAP;17760;ATR Componente Açúcar – Consecana;20211130
CURVAS;Tipo Classe;SWAP;17761;ATR Componente Etanol – Consecana;20211130
CURVAS;Tipo Classe;SWAP;11883;ATTO US Equity;20171110
CURVAS;Tipo Classe;SWAP;10211;ATVI US Equity;20151119
CURVAS;Tipo Classe;SWAP;15415;AU UN Equity;20200824
CURVAS;Tipo Classe;SWAP;28107;AUAU3 BZ EQUITY;20260105
CURVAS;Tipo Classe;SWAP;27001;AUGO US EQUITY;20250714
CURVAS;Tipo Classe;SWAP;24525;AURE3 BZ EQUITY;20240320
CURVAS;Tipo Classe;SWAP;8310;AUTGIL 6 34 01/15/23 Corp - REGS;20140918
CURVAS;Tipo Classe;SWAP;8326;AUTGIL 8 ¼ 05/24/21  Corp - REGS;20140923
CURVAS;Tipo Classe;SWAP;24182;AVGO US EQUITY;20240122
CURVAS;Tipo Classe;SWAP;7061;AVH US EQUITY;20140115
CURVAS;Tipo Classe;SWAP;5105;AVP US EQUITY;20121212
CURVAS;Tipo Classe;SWAP;18710;AWK US Equity;20220511
CURVAS;Tipo Classe;SWAP;28861;AXIA3 BZ EQUITY;20260709
CURVAS;Tipo Classe;SWAP;6841;AXP US EQUITY;20131127
CURVAS;Tipo Classe;SWAP;25301;AZN LN EQUITY;20240822
CURVAS;Tipo Classe;SWAP;15385;AZN US Equity;20200812
CURVAS;Tipo Classe;SWAP;11342;AZUL US Equity;20170519
CURVAS;Tipo Classe;SWAP;11803;AZULSA 5 7/8 10/26/24 Corp - REGS;20171020
CURVAS;Tipo Classe;SWAP;26641;AZUL4 BZ EQUITY;20250508
CURVAS;Tipo Classe;SWAP;26321;AZZA3 BZ EQUITY;20250312
CURVAS;Tipo Classe;SWAP;14503;BA US Equity;20191104
CURVAS;Tipo Classe;SWAP;13270;BABA UN Equity;20181109
CURVAS;Tipo Classe;SWAP;11462;BABA US Equity;20170621
CURVAS;Tipo Classe;SWAP;14683;BAC US Equity;20191210
CURVAS;Tipo Classe;SWAP;9542;BACHOCOB MM Equity;20150504
CURVAS;Tipo Classe;SWAP;23640;BAGCNOPR INDEX;20231121
CURVAS;Tipo Classe;SWAP;9167;BAK US Equity;20150212
CURVAS;Tipo Classe;SWAP;14623;BAKIDE 7.45 11/15/29 CORP;20191129
CURVAS;Tipo Classe;SWAP;9791;BAM US Equity;20150701
CURVAS;Tipo Classe;SWAP;10617;BANBRA 5 7/8 01/19/23 Corp;20160715
CURVAS;Tipo Classe;SWAP;9811;BANBRA 5 7/8 01/26/22 Corp - REGS;20150706
CURVAS;Tipo Classe;SWAP;10813;BANBRA 6 1/4 10/29/49 Corp - REGS;20161021
CURVAS;Tipo Classe;SWAP;2456;BANBRA 8 1/2 10/29/49 Corp - REGS;20150902
CURVAS;Tipo Classe;SWAP;8426;BANBRA 9 06/29/49 Corp - REGS;20141009
CURVAS;Tipo Classe;SWAP;9209;BANBRA 9 1/4 10/29/49 Corp – REGS;20150305
CURVAS;Tipo Classe;SWAP;10474;BANSAF 6 3/4 01/27/21 Corp;20160418
CURVAS;Tipo Classe;SWAP;15306;BANVOR 4 3/8 07/29/25 REGS CORP;20200723
CURVAS;Tipo Classe;SWAP;7281;BAP PE Equity;20140220
CURVAS;Tipo Classe;SWAP;7361;BAP US EQUITY;20140318
CURVAS;Tipo Classe;SWAP;23641;BASLDOUR INDEX;20231121
CURVAS;Tipo Classe;SWAP;17945;BAYN GY Equity;20220104
CURVAS;Tipo Classe;SWAP;11402;BBAJIOO MM Equity;20170608
CURVAS;Tipo Classe;SWAP;6381;BBAS3;20130820
CURVAS;Tipo Classe;SWAP;10536;BBDBCN 7 ¾ 03/15/20 Corp;20160520
CURVAS;Tipo Classe;SWAP;7487;BBDC3 BZ EQUITY;20140422
CURVAS;Tipo Classe;SWAP;5045;BBDC4;20120809
CURVAS;Tipo Classe;SWAP;6622;BBHCOSI LX EQUITY;20131004
CURVAS;Tipo Classe;SWAP;7488;BBSE3 BZ EQUITY;20140422
CURVAS;Tipo Classe;SWAP;12208;BBVA SM Equity;20180219
CURVAS;Tipo Classe;SWAP;9210;BCA US EQUITY;20150305
CURVAS;Tipo Classe;SWAP;8266;BCH US Equity;20140911
CURVAS;Tipo Classe;SWAP;11001;BCOBMG 8 7/8 08/05/20 Corp;20170126
CURVAS;Tipo Classe;SWAP;10090;BCOBMG 9.95 11/05/19 Corp;20151006
CURVAS;Tipo Classe;SWAP;17944;BCOM LN Equity;20220104
CURVAS;Tipo Classe;SWAP;24881;BCOMXAL INDEX;20240521
CURVAS;Tipo Classe;SWAP;10332;BCOPAN 8 ½ 04/23/20 Corp  - REGS;20160115
CURVAS;Tipo Classe;SWAP;22360;BCSFAPDV BLP Curncy;20230627
CURVAS;Tipo Classe;SWAP;15550;BE US Equity;20201209
CURVAS;Tipo Classe;SWAP;24841;BEEFBZ Corp;20240513
CURVAS;Tipo Classe;SWAP;22320;BEEFBZ 4 3/8 03/18/31 Corp;20230623
CURVAS;Tipo Classe;SWAP;15045;BEEFBZ 6 ½ 09/20/26 REGS CORP;20200429
CURVAS;Tipo Classe;SWAP;5040;BEEF3;20120716
CURVAS;Tipo Classe;SWAP;15618;BETZ UP Equity;20210120
CURVAS;Tipo Classe;SWAP;17880;BFIT NA EQUITY;20211215
CURVAS;Tipo Classe;SWAP;18709;BG US Equity;20220511
CURVAS;Tipo Classe;SWAP;25581;BGA Curncy;20241003
CURVAS;Tipo Classe;SWAP;23300;BHIA12 BZ EQUITY;20231009
CURVAS;Tipo Classe;SWAP;10638;BHP US Equity;20160728
CURVAS;Tipo Classe;SWAP;5035;BICB4;20120716
CURVAS;Tipo Classe;SWAP;14231;BIDI11 BZ Equity;20190813
CURVAS;Tipo Classe;SWAP;15425;BIDI4 BZ Equity;20200904
CURVAS;Tipo Classe;SWAP;12507;BIDU US Equity;20180523
CURVAS;Tipo Classe;SWAP;26862;BILLIONS INDEX;20250624
CURVAS;Tipo Classe;SWAP;20660;BIOM3 BS EQUITY;20230126
CURVAS;Tipo Classe;SWAP;5079;BISA3;20120828
CURVAS;Tipo Classe;SWAP;17139;BITF CN EQUITY;20210610
CURVAS;Tipo Classe;SWAP;17521;BITO UP EQUITY;20211019
CURVAS;Tipo Classe;SWAP;17387;BITQ UP EQUITY;20210819
CURVAS;Tipo Classe;SWAP;15066;BKLN US Equity;20200514
CURVAS;Tipo Classe;SWAP;9316;BKNG US Equity;20150323
CURVAS;Tipo Classe;SWAP;15980;BKNG UW Equity;20210311
CURVAS;Tipo Classe;SWAP;18509;BKR US Equity;20220325
CURVAS;Tipo Classe;SWAP;12587;BKRSPEA LX Equity;20180626
CURVAS;Tipo Classe;SWAP;5185;BKW US EQUITY;20130215
CURVAS;Tipo Classe;SWAP;24526;BLAU3 BZ EQUITY;20240320
CURVAS;Tipo Classe;SWAP;18708;BLD US Equity;20220511
CURVAS;Tipo Classe;SWAP;17262;BLDR US EQUITY;20210803
CURVAS;Tipo Classe;SWAP;25961;BLK US EQUITY;20241129
CURVAS;Tipo Classe;SWAP;17623;BLL US EQUITY;20211108
CURVAS;Tipo Classe;SWAP;15420;BLMN US Equity;20200902
CURVAS;Tipo Classe;SWAP;15979;BLMN UW EQUITY;20210311
CURVAS;Tipo Classe;SWAP;17121;BLOK UP EQUITY;20210608
CURVAS;Tipo Classe;SWAP;15537;BLPD US Equity;20201201
CURVAS;Tipo Classe;SWAP;6343;BMA US EQUITY;20130815
CURVAS;Tipo Classe;SWAP;14723;BMEBMZ 9 5/8 07/16/20 REGS-CORP;20191217
CURVAS;Tipo Classe;SWAP;17094;BMOB3 BZ Equity;20210517
CURVAS;Tipo Classe;SWAP;25921;BN US EQUITY;20241125
CURVAS;Tipo Classe;SWAP;27701;BNBPREV BZ EQUITY;20251029
CURVAS;Tipo Classe;SWAP;6644;BNDES 5,75 26/09/2023;20131014
CURVAS;Tipo Classe;SWAP;17580;BNO US EQUITY;20211103
CURVAS;Tipo Classe;SWAP;12927;BNPICASE Index;20180824
CURVAS;Tipo Classe;SWAP;18621;BNPIC52V Index;20220418
CURVAS;Tipo Classe;SWAP;10454;BNPID8UA Index;20160406
CURVAS;Tipo Classe;SWAP;12948;BNPIECFT Index;20180824
CURVAS;Tipo Classe;SWAP;18000;BNPIGIFT Index;20220119
CURVAS;Tipo Classe;SWAP;23320;BNPIHFAC INDEX;20231009
CURVAS;Tipo Classe;SWAP;18482;BNPIMAC4 Index;20220322
CURVAS;Tipo Classe;SWAP;12947;BNPIMAD5 Index;20180824
CURVAS;Tipo Classe;SWAP;17701;BNPIMAU5 Index;20211118
CURVAS;Tipo Classe;SWAP;13107;BNPIMOMA Index;20180928
CURVAS;Tipo Classe;SWAP;17439;BNPISFIN Index;20211001
CURVAS;Tipo Classe;SWAP;21500;BNPITEC5 INDEX;20230413
CURVAS;Tipo Classe;SWAP;17412;BNPIUIL5 Index;20210915
CURVAS;Tipo Classe;SWAP;15667;BNPIWA8U Index;20210219
CURVAS;Tipo Classe;SWAP;10773;BNPI8DUF Index;20160921
CURVAS;Tipo Classe;SWAP;24720;BNPXCXRP INDEX;20240422
CURVAS;Tipo Classe;SWAP;24520;BNPXFIB8 Index;20240319
CURVAS;Tipo Classe;SWAP;24360;BNPXTRAI INDEX;20240226
CURVAS;Tipo Classe;SWAP;13129;BNR GR Equity;20181010
CURVAS;Tipo Classe;SWAP;17142;BOE AU EQUITY;20210615
CURVAS;Tipo Classe;SWAP;17541;BOIL US EQUITY;20211022
CURVAS;Tipo Classe;SWAP;24240;BOL FP EQUITY;20240131
CURVAS;Tipo Classe;SWAP;5102;BOLSAA MM EQUITY;20121212
CURVAS;Tipo Classe;SWAP;6781;BOND US EQUITY;20131111
CURVAS;Tipo Classe;SWAP;14351;BONSUC 9 1/4 11/03/20 REGS - CORP;20191001
CURVAS;Tipo Classe;SWAP;26661;BORR US EQUITY;20250509
CURVAS;Tipo Classe;SWAP;23100;BOTZ UQ EQUITY;20230915
CURVAS;Tipo Classe;SWAP;26062;BOTZ US EQUITY;20241227
CURVAS;Tipo Classe;SWAP;5019;BOVA11;20120404
CURVAS;Tipo Classe;SWAP;5087;BOVESPA INDEX FUT;20120905
CURVAS;Tipo Classe;SWAP;28542;BOVX11 BZ Equity;20260410
CURVAS;Tipo Classe;SWAP;12467;BOX US Equity;20180510
CURVAS;Tipo Classe;SWAP;22420;BO1 Comdty;20230703
CURVAS;Tipo Classe;SWAP;5179;BP US EQUITY;20130201
CURVAS;Tipo Classe;SWAP;18160;BPAC11 BZ Equity;20220131
CURVAS;Tipo Classe;SWAP;9586;BRADES 5.9 01/16/21 Corp;20150515
CURVAS;Tipo Classe;SWAP;10393;BRADES 6 3/4 09/29/19 Corp;20160317
CURVAS;Tipo Classe;SWAP;7343;BRAP4;20140318
CURVAS;Tipo Classe;SWAP;24842;BRASKM Corp;20240513
CURVAS;Tipo Classe;SWAP;10394;BRASKM 5 3/4 04/15/21 Corp;20160317
CURVAS;Tipo Classe;SWAP;10653;BRASKM 7 1/8 07/22/41 Corp;20160803
CURVAS;Tipo Classe;SWAP;10379;BRASKM 7 3/8 10/29/49 Corp;20160309
CURVAS;Tipo Classe;SWAP;25862;BRAV3 BZ EQUITY;20241119
CURVAS;Tipo Classe;SWAP;10941;BRAZIL REALTY FII;20170104
CURVAS;Tipo Classe;SWAP;10373;BRAZIL 4 1/4 01/07/25 Corp;20160229
CURVAS;Tipo Classe;SWAP;25401;BRAZIL0931;20240902
CURVAS;Tipo Classe;SWAP;14985;BRCR11 (CNPJ 08.924.783/0001-0);20200327
CURVAS;Tipo Classe;SWAP;13851;BRDT3 BZ Equity;20190415
CURVAS;Tipo Classe;SWAP;9647;BRFSBZ 3.95 05/22/23 Corp - REGS;20150527
CURVAS;Tipo Classe;SWAP;15104;BRFSBZ 4 7/8 01/24/30 REGS CORP;20200526
CURVAS;Tipo Classe;SWAP;15433;BRFSBZ 5 ¾ 09/21/50 REGS CORP;20200917
CURVAS;Tipo Classe;SWAP;5069;BRFS3;20120828
CURVAS;Tipo Classe;SWAP;5715;BRIN3 BZ EQUITY;20130430
CURVAS;Tipo Classe;SWAP;8708;BRK/A US Equity;20141112
CURVAS;Tipo Classe;SWAP;16038;BRK/B UN EQUITY;20210407
CURVAS;Tipo Classe;SWAP;6600;BRK/B US EQUITY;20130930
CURVAS;Tipo Classe;SWAP;5036;BRKM5;20120716
CURVAS;Tipo Classe;SWAP;26041;BRLCOP;20241223
CURVAS;Tipo Classe;SWAP;5073;BRML3;20120828
CURVAS;Tipo Classe;SWAP;23561;BRPPCNTP INDEX;20231109
CURVAS;Tipo Classe;SWAP;7489;BRPR3 BZ EQUITY;20140422
CURVAS;Tipo Classe;SWAP;26261;BRR INDEX;20250220
CURVAS;Tipo Classe;SWAP;25360;BRRAP INDEX;20240828
CURVAS;Tipo Classe;SWAP;9989;BRSRBZ 7 3/8 02/02/22 Corp - REGS;20150825
CURVAS;Tipo Classe;SWAP;10856;BRZU US Equity;20161111
CURVAS;Tipo Classe;SWAP;11302;BSAC US Equity;20170502
CURVAS;Tipo Classe;SWAP;8967;BSAN CI Equity;20150108
CURVAS;Tipo Classe;SWAP;8666;BSBR US Equity;20141104
CURVAS;Tipo Classe;SWAP;5104;BSMX US EQUITY;20121212
CURVAS;Tipo Classe;SWAP;17388;BTC INDEX;20210819
CURVAS;Tipo Classe;SWAP;16115;BTGAUNI KY Equity;20210427
CURVAS;Tipo Classe;SWAP;16116;BTGDBNI KY Equity;20210427
CURVAS;Tipo Classe;SWAP;11161;BTGINTB KY Equity;20170308
CURVAS;Tipo Classe;SWAP;7604;BTGINTG KY EQUITY;20140430
CURVAS;Tipo Classe;SWAP;8866;BTGINTH KY Equity;20141216
CURVAS;Tipo Classe;SWAP;10011;BTGPALP BZ EQUITY;20150925
CURVAS;Tipo Classe;SWAP;15411;BTGPA1A KY Equity;20200820
CURVAS;Tipo Classe;SWAP;15410;BTGPGA1 KY Equity;20200820
CURVAS;Tipo Classe;SWAP;15412;BTGPGRA KY Equity;20200820
CURVAS;Tipo Classe;SWAP;15409;BTGPGRD KY Equity;20200820
CURVAS;Tipo Classe;SWAP;15623;BTGPGRF KY Equity;20210122
CURVAS;Tipo Classe;SWAP;15927;BTGRATE KY Equity;20210223
CURVAS;Tipo Classe;SWAP;17153;BTGRJSM KY Equity;20210622
CURVAS;Tipo Classe;SWAP;17098;BTGRMSM KY Equity;20210524
CURVAS;Tipo Classe;SWAP;7466;BTOW3 BZ EQUITY;20140416
CURVAS;Tipo Classe;SWAP;5112;BUD US EQUITY;20121214
CURVAS;Tipo Classe;SWAP;13007;BUENOS 10 7/8 01/26/21 REGS Corp;20180830
CURVAS;Tipo Classe;SWAP;13490;BUENOS 4 05/15/35 Corp;20190115
CURVAS;Tipo Classe;SWAP;13931;BUENOS 6 12 02/15/23 CORP;20190507
CURVAS;Tipo Classe;SWAP;13509;BUENOS 7 78 06/15/27 Corp;20190116
CURVAS;Tipo Classe;SWAP;12887;BUENOS 9 1/8 03/16/24 CORP;20180813
CURVAS;Tipo Classe;SWAP;13930;BUENOS 9 58 04/18/28 CORP;20190507
CURVAS;Tipo Classe;SWAP;7261;BVC CB EQUITY;20140220
CURVAS;Tipo Classe;SWAP;14969;BVMFBZ 5 ½ 07/16/20 REGS CORP;20200320
CURVAS;Tipo Classe;SWAP;9994;BVN US EQUITY;20150922
CURVAS;Tipo Classe;SWAP;21060;BX US EQUITY;20230302
CURVAS;Tipo Classe;SWAP;23560;BZPTAVDI INDEX;20231109
CURVAS;Tipo Classe;SWAP;14400;BZRFIB5+ Index;20191011
CURVAS;Tipo Classe;SWAP;14402;BZRFIMAB Index;20191011
CURVAS;Tipo Classe;SWAP;26821;BZRFIMB5 INDEX;20250611
CURVAS;Tipo Classe;SWAP;14401;BZRFIRFM Index;20191011
CURVAS;Tipo Classe;SWAP;13429;B3SA3 BZ Equity;20190103
CURVAS;Tipo Classe;SWAP;25042;B5P2NV INDEX;20240625
CURVAS;Tipo Classe;SWAP;27862;CA FP Equity;20251113
CURVAS;Tipo Classe;SWAP;12167;CAAP US Equity;20180205
CURVAS;Tipo Classe;SWAP;11582;CAC Index;20170804
CURVAS;Tipo Classe;SWAP;20680;CACC US EQUITY;20230127
CURVAS;Tipo Classe;SWAP;21620;CAD CN EQUITY;20230418
CURVAS;Tipo Classe;SWAP;5817;CAIXA FIP MZO LOGÍSTICA;20130523
CURVAS;Tipo Classe;SWAP;10354;CAIXBR 4 ¼ 05/13/19 Corp;20160201
CURVAS;Tipo Classe;SWAP;9707;CAIXBR 4 1/2 10/03/18 Corp;20150612
CURVAS;Tipo Classe;SWAP;10378;CAIXBR 7 1/4 07/23/24 Corp;20160307
CURVAS;Tipo Classe;SWAP;28465;CAR US Equity;20260402
CURVAS;Tipo Classe;SWAP;10897;CARE11 BZ Equity;20161130
CURVAS;Tipo Classe;SWAP;7824;CASCN 5 1/2  07/15/22 Corp US146900AM71;20140618
CURVAS;Tipo Classe;SWAP;27802;CASH3 BZ EQUITY;20251106
CURVAS;Tipo Classe;SWAP;14483;CB CIXBPFB5 Index;20191030
CURVAS;Tipo Classe;SWAP;11783;CBD US Equity;20171013
CURVAS;Tipo Classe;SWAP;15989;CBIO B3;20210315
CURVAS;Tipo Classe;SWAP;8486;CCI 4 7/8 04/15/22 Corp;20141015
CURVAS;Tipo Classe;SWAP;15424;CCJ US Equity;20200904
CURVAS;Tipo Classe;SWAP;15532;CCL US Equity;20201123
CURVAS;Tipo Classe;SWAP;17145;CCO CN EQUITY;20210618
CURVAS;Tipo Classe;SWAP;5081;CCRO3;20120828
CURVAS;Tipo Classe;SWAP;6499;CCU US EQUITY;20130913
CURVAS;Tipo Classe;SWAP;22960;CCZ3 Comdty;20230830
CURVAS;Tipo Classe;SWAP;19976;CEAB3 BZ Equity;20220916
CURVAS;Tipo Classe;SWAP;25461;CEMAR 6.3 12/15/31 Corp;20240912
CURVAS;Tipo Classe;SWAP;19003;CEMB US Equity;20220629
CURVAS;Tipo Classe;SWAP;6660;CEMEX - CX US EQUITY;20131018
CURVAS;Tipo Classe;SWAP;5977;CEMEX SAB CPO MEXICO;20130705
CURVAS;Tipo Classe;SWAP;17502;CENCOSHO CI Equity;20211018
CURVAS;Tipo Classe;SWAP;17391;CENCOSUD CI Equity;20210820
CURVAS;Tipo Classe;SWAP;13210;CEPU US Equity;20181031
CURVAS;Tipo Classe;SWAP;7491;CESP6 BZ EQUITY;20140422
CURVAS;Tipo Classe;SWAP;29101;CESTA IBOV;20260825
CURVAS;Tipo Classe;SWAP;18280;CF US Equity;20220210
CURVAS;Tipo Classe;SWAP;2455;CFF 1204310F63;20150902
CURVAS;Tipo Classe;SWAP;24981;CFR SE EQUITY;20240611
CURVAS;Tipo Classe;SWAP;17208;CGW US Equity;20210721
CURVAS;Tipo Classe;SWAP;6722;CHDRAUIB MM EQUITY;20131106
CURVAS;Tipo Classe;SWAP;9808;CHILE CI EQUITY;20150703
CURVAS;Tipo Classe;SWAP;17427;CHNG US Equity;20210922
CURVAS;Tipo Classe;SWAP;10673;CHTR US EQUITY;20160809
CURVAS;Tipo Classe;SWAP;6761;CIB US EQUITY;20131107
CURVAS;Tipo Classe;SWAP;7805;CIE SM Equity;20140611
CURVAS;Tipo Classe;SWAP;9768;CIELBZ 3 3/4 11/16/22 Corp - REGS;20150624
CURVAS;Tipo Classe;SWAP;5065;CIEL3;20120828
CURVAS;Tipo Classe;SWAP;15246;CIEQCUOI Index;20200630
CURVAS;Tipo Classe;SWAP;23500;CIEQDUT1 INDEX;20231031
CURVAS;Tipo Classe;SWAP;17028;CIEQDUV1 Index;20210510
CURVAS;Tipo Classe;SWAP;15245;CIEQDUV3 Index;20200630
CURVAS;Tipo Classe;SWAP;22500;CIEQDUV7 Index;20230711
CURVAS;Tipo Classe;SWAP;27005;CIEQDV12 Index;20250716
CURVAS;Tipo Classe;SWAP;27006;CIEQDV16 Index;20250716
CURVAS;Tipo Classe;SWAP;15244;CIEQPU01 Index;20200630
CURVAS;Tipo Classe;SWAP;23504;CIEQSSU1 INDEX;20231031
CURVAS;Tipo Classe;SWAP;23501;CIEQVHG1 INDEX;20231031
CURVAS;Tipo Classe;SWAP;21583;CIEQVREH Index;20230417
CURVAS;Tipo Classe;SWAP;23503;CIEQVRUD INDEX;20231031
CURVAS;Tipo Classe;SWAP;21582;CIEQVRUH Index;20230417
CURVAS;Tipo Classe;SWAP;22501;CIEQVRUI Index;20230711
CURVAS;Tipo Classe;SWAP;21580;CIEQVVHL Index;20230417
CURVAS;Tipo Classe;SWAP;21581;CIEQVVH1 Index;20230417
CURVAS;Tipo Classe;SWAP;20380;CIEQVV01 Index;20221129
CURVAS;Tipo Classe;SWAP;10757;CIF US Equity;20160914
CURVAS;Tipo Classe;SWAP;11343;CIG US Equity;20170519
CURVAS;Tipo Classe;SWAP;18680;CIIRBFUU Index;20220426
CURVAS;Tipo Classe;SWAP;18681;CIIRBF2U Index;20220426
CURVAS;Tipo Classe;SWAP;17093;CIIRSAF1 Index;20210517
CURVAS;Tipo Classe;SWAP;25161;CIIRSUT1 Index;20240717
CURVAS;Tipo Classe;SWAP;25261;CIIRSUT3 INDEX;20240819
CURVAS;Tipo Classe;SWAP;23502;CIIRVUM1 INDEX;20231031
CURVAS;Tipo Classe;SWAP;26601;CIMAAGD5 INDEX;20250430
CURVAS;Tipo Classe;SWAP;15500;CIMAAIAI Index;20201104
CURVAS;Tipo Classe;SWAP;18961;CIMAANS1 Index;20220622
CURVAS;Tipo Classe;SWAP;17920;CIMAATH1 Index;20211221
CURVAS;Tipo Classe;SWAP;19910;CIMABSA1 Index;20220824
CURVAS;Tipo Classe;SWAP;25223;CIMAITPS Index;20240809
CURVAS;Tipo Classe;SWAP;24321;CIMAJUB1;20240208
CURVAS;Tipo Classe;SWAP;20520;CIMAMIA1;20221221
CURVAS;Tipo Classe;SWAP;26081;CIMARPI2 INDEX;20250108
CURVAS;Tipo Classe;SWAP;17156;CIMASAF1 Index;20210624
CURVAS;Tipo Classe;SWAP;17115;CIMATH01 Index;20210602
CURVAS;Tipo Classe;SWAP;22502;CIMATH02 Index;20230711
CURVAS;Tipo Classe;SWAP;20361;CINT US Equity;20221128
CURVAS;Tipo Classe;SWAP;9149;CITHOL 10 ¾ 02/15/20 CORP - 144A;20150210
CURVAS;Tipo Classe;SWAP;18641;CITIGRND Index;20220420
CURVAS;Tipo Classe;SWAP;6762;CL US EQUITY;20131107
CURVAS;Tipo Classe;SWAP;15488;CLF US Equity;20201005
CURVAS;Tipo Classe;SWAP;8229;CLICP Index;20140905
CURVAS;Tipo Classe;SWAP;9559;CLNX SM Equity;20150507
CURVAS;Tipo Classe;SWAP;19984;CLSA3 BZ Equity;20220920
CURVAS;Tipo Classe;SWAP;28124;CLW US Equity;20260109
CURVAS;Tipo Classe;SWAP;17462;CMC US Equity;20211013
CURVAS;Tipo Classe;SWAP;15977;CMCSA UN Equity;20210311
CURVAS;Tipo Classe;SWAP;10614;CMCSA US EQUITY;20160711
CURVAS;Tipo Classe;SWAP;9187;CME US Equity;20150219
CURVAS;Tipo Classe;SWAP;15539;CMI US Equity;20201201
CURVAS;Tipo Classe;SWAP;11963;CMIGBZ 9 ¼ 12/05/24 Corp;20171201
CURVAS;Tipo Classe;SWAP;12807;CMIGBZ 9 ¼ 12/05/24 (ISIN USP2205LAT28);20180806
CURVAS;Tipo Classe;SWAP;5072;CMIG4;20120828
CURVAS;Tipo Classe;SWAP;23741;CMIN3 BZ EQUITY;20231211
CURVAS;Tipo Classe;SWAP;15937;CMPC CI Equity;20210301
CURVAS;Tipo Classe;SWAP;20561;CMRE US EQUITY;20230103
CURVAS;Tipo Classe;SWAP;9728;CNA US Equity;20150615
CURVAS;Tipo Classe;SWAP;28145;CNC CN Equity;20260115
CURVAS;Tipo Classe;SWAP;14864;CNE CN Equity;20200214
CURVAS;Tipo Classe;SWAP;5183;CNH-BRL;20130213
CURVAS;Tipo Classe;SWAP;7763;CNK 5 1/8 12/15/2022 Corp;20140605
CURVAS;Tipo Classe;SWAP;2515;CNV US EQUITY;20150911
CURVAS;Tipo Classe;SWAP;5630;CNY EMTA;20130405
CURVAS;Tipo Classe;SWAP;5126;CO FP EQUITY;20121226
CURVAS;Tipo Classe;SWAP;15026;COGN3 BZ Equity;20200424
CURVAS;Tipo Classe;SWAP;17119;COIN US EQUITY;20210608
CURVAS;Tipo Classe;SWAP;16117;COIN UW Equity;20210428
CURVAS;Tipo Classe;SWAP;8987;COLBUN CI Equity;20150109
CURVAS;Tipo Classe;SWAP;12367;Cólon costa-riquenho;20180405
CURVAS;Tipo Classe;SWAP;5798;COMERUBC MM EQUITY;20130521
CURVAS;Tipo Classe;SWAP;28401;Cooper/LME-USDBRL-IPCA-IPA-OG-DI;20260324
CURVAS;Tipo Classe;SWAP;8228;COOVIBR Index;20140904
CURVAS;Tipo Classe;SWAP;18180;COP US Equity;20220202
CURVAS;Tipo Classe;SWAP;26526;COPA LN Equity;20250410
CURVAS;Tipo Classe;SWAP;14887;COPX US Equity;20200226
CURVAS;Tipo Classe;SWAP;5172;CORN FUTURE - CBOT;20130129
CURVAS;Tipo Classe;SWAP;55;Coroa Dinamarca;20100517
CURVAS;Tipo Classe;SWAP;53;Coroa Noruega;20100517
CURVAS;Tipo Classe;SWAP;23;Coroa Suecia;20100517
CURVAS;Tipo Classe;SWAP;6901;CORPBANC CI EQUITY;20131209
CURVAS;Tipo Classe;SWAP;28681;CORZ US Equity;20260527
CURVAS;Tipo Classe;SWAP;5714;COSAN LUXEMBOURG SA;20130426
CURVAS;Tipo Classe;SWAP;10756;COTY US Equity;20160913
CURVAS;Tipo Classe;SWAP;5136;CPA US EQUITY;20130107
CURVAS;Tipo Classe;SWAP;17686;CPER US EQUITY;20211117
CURVAS;Tipo Classe;SWAP;7492;CPFE3 BZ EQUITY;20140422
CURVAS;Tipo Classe;SWAP;20420;CPI;20221202
CURVAS;Tipo Classe;SWAP;7493;CPLE6 BZ EQUITY;20140422
CURVAS;Tipo Classe;SWAP;27864;CPURNSA  INDEX;20251113
CURVAS;Tipo Classe;SWAP;17409;CQQQ US Equity;20210913
CURVAS;Tipo Classe;SWAP;14904;CRAK US Equity;20200228
CURVAS;Tipo Classe;SWAP;13209;CRESY US Equity;20181031
CURVAS;Tipo Classe;SWAP;25861;CRFB3 BZ EQUITY;20241119
CURVAS;Tipo Classe;SWAP;12667;CRM US Equity;20180706
CURVAS;Tipo Classe;SWAP;28121;CRMT US EQUITY;20260108
CURVAS;Tipo Classe;SWAP;23040;CROX US EQUITY;20230908
CURVAS;Tipo Classe;SWAP;7494;CRUZ3 BZ EQUITY;20140422
CURVAS;Tipo Classe;SWAP;28721;CRWV US Equity;20260602
CURVAS;Tipo Classe;SWAP;9578;CSANBZ 8 1/4 11/29/49 Corp;20150508
CURVAS;Tipo Classe;SWAP;15975;CSAN-W US EQUITY;20210308
CURVAS;Tipo Classe;SWAP;7495;CSAN3 BZ EQUITY;20140422
CURVAS;Tipo Classe;SWAP;18462;CSEAGETR Index;20220318
CURVAS;Tipo Classe;SWAP;14804;CSEAGG20 Index;20200115
CURVAS;Tipo Classe;SWAP;17840;CSEAIFTR Index;20211210
CURVAS;Tipo Classe;SWAP;18705;CSEAMA14 Index;20220511
CURVAS;Tipo Classe;SWAP;12638;CSGRBHE LX Equity;20180629
CURVAS;Tipo Classe;SWAP;16041;CSHMESB BZ Equity;20210412
CURVAS;Tipo Classe;SWAP;26541;CSIQ US EQUITY;20250411
CURVAS;Tipo Classe;SWAP;18760;CSJAH10B Index;20220516
CURVAS;Tipo Classe;SWAP;11201;CSMG3 BZ Equity;20170321
CURVAS;Tipo Classe;SWAP;14843;CSNABZ 6 34 01/28/28 REGS-CORP;20200124
CURVAS;Tipo Classe;SWAP;10091;CSNABZ 6 7/8 09/21/19 Corp;20151007
CURVAS;Tipo Classe;SWAP;5046;CSNA3;20120809
CURVAS;Tipo Classe;SWAP;5736;CSNA3 (contínuo);20130503
CURVAS;Tipo Classe;SWAP;14544;CSTREND5 Index;20191121
CURVAS;Tipo Classe;SWAP;27681;CSU CN EQUITY;20251027
CURVAS;Tipo Classe;SWAP;5143;CT - COTTON NO.2 FUTR;20130108
CURVAS;Tipo Classe;SWAP;5178;CULTIBAB MM EQUITY;20130201
CURVAS;Tipo Classe;SWAP;17925;CURY3 BZ EQUITY;20211222
CURVAS;Tipo Classe;SWAP;15983;CVAC US Equity;20210312
CURVAS;Tipo Classe;SWAP;17184;CVE US EQUITY;20210707
CURVAS;Tipo Classe;SWAP;28122;CVGI US Equity;20260109
CURVAS;Tipo Classe;SWAP;21220;CVX UN EQUITY;20230313
CURVAS;Tipo Classe;SWAP;17090;CVX US Equity;20210512
CURVAS;Tipo Classe;SWAP;24527;CXSE3 BZ EQUITY;20240320
CURVAS;Tipo Classe;SWAP;5061;CYRE3;20120828
CURVAS;Tipo Classe;SWAP;5096;CZZ US EQUITY;20121205
CURVAS;Tipo Classe;SWAP;14170;CZZ 5 1/2 09/20/29 REGS - CORP;20190725
CURVAS;Tipo Classe;SWAP;15987;DAL US Equity;20210312
CURVAS;Tipo Classe;SWAP;18707;DARUS Equity;20220511
CURVAS;Tipo Classe;SWAP;7497;DASA3 BZ EQUITY;20140422
CURVAS;Tipo Classe;SWAP;9277;DAX Index;20150319
CURVAS;Tipo Classe;SWAP;5757;DAXEX GY EQUITY;20130513
CURVAS;Tipo Classe;SWAP;2535;DAYCOV 5 ¾ 03/19/19  Corp - REGS;20150915
CURVAS;Tipo Classe;SWAP;19932;DBA UP Equity;20220901
CURVAS;Tipo Classe;SWAP;15423;DBA US Equity;20200904
CURVAS;Tipo Classe;SWAP;15164;DBB US Equity;20200610
CURVAS;Tipo Classe;SWAP;15932;DBC UP Equity;20210224
CURVAS;Tipo Classe;SWAP;15939;DBC US Equity;20210302
CURVAS;Tipo Classe;SWAP;10381;DBK GY Equity;20160310
CURVAS;Tipo Classe;SWAP;8308;DBPHLD 7 34 10/15/20 Corp – REGS;20140918
CURVAS;Tipo Classe;SWAP;8309;DBPHLD 7 34 10/15/20 Corp – 144A;20140918
CURVAS;Tipo Classe;SWAP;9459;DBRI 0.1 04 15 23 Corp;20150423
CURVAS;Tipo Classe;SWAP;9458;DBRI 1 3-4 04 15 20 Corp;20150423
CURVAS;Tipo Classe;SWAP;19908;DE US Equity;20220822
CURVAS;Tipo Classe;SWAP;24922;DELL US EQUITY;20240523
CURVAS;Tipo Classe;SWAP;14543;DESP US Equity;20191120
CURVAS;Tipo Classe;SWAP;9419;DFE US Equity;20150413
CURVAS;Tipo Classe;SWAP;9418;DHR US Equity;20150413
CURVAS;Tipo Classe;SWAP;14;DI;20100517
CURVAS;Tipo Classe;SWAP;8466;DIA US Equity;20141014
CURVAS;Tipo Classe;SWAP;13027;DIICELC LX Equity;20180903
CURVAS;Tipo Classe;SWAP;6399;DIRR3;20130822
CURVAS;Tipo Classe;SWAP;13990;DIS UN Equity;20190618
CURVAS;Tipo Classe;SWAP;11543;DIS UP Equity;20170731
CURVAS;Tipo Classe;SWAP;7201;DIS US EQUITY;20140204
CURVAS;Tipo Classe;SWAP;26241;DIVO11 BZ EQUITY;20250214
CURVAS;Tipo Classe;SWAP;19907;DK US Equity;20220822
CURVAS;Tipo Classe;SWAP;5196;DL NA EQUITY;20130226
CURVAS;Tipo Classe;SWAP;23160;DLO US EQUITY;20230925
CURVAS;Tipo Classe;SWAP;11121;DLTR US Equity;20170301
CURVAS;Tipo Classe;SWAP;16045;DML CN Equity;20210413
CURVAS;Tipo Classe;SWAP;15995;DNN US Equity;20210323
CURVAS;Tipo Classe;SWAP;6177;DO US Equity;20130722
CURVAS;Tipo Classe;SWAP;10876;Dólar de Singapura - SGD;20161123
CURVAS;Tipo Classe;SWAP;327;Dólar EMTA;20110328
CURVAS;Tipo Classe;SWAP;10010;DOMC11 BZ EQUITY;20150925
CURVAS;Tipo Classe;SWAP;5003;Dow Jones UBS F3;20120202
CURVAS;Tipo Classe;SWAP;24300;DQ US EQUITY;20240207
CURVAS;Tipo Classe;SWAP;17211;DRIV UQ Equity;20210726
CURVAS;Tipo Classe;SWAP;18480;DRV US Equity;20220321
CURVAS;Tipo Classe;SWAP;15285;DSI UP Equity;20200721
CURVAS;Tipo Classe;SWAP;10698;DSL US Equity;20160826
CURVAS;Tipo Classe;SWAP;25120;DSY FP Equity;20240709
CURVAS;Tipo Classe;SWAP;5166;DTE GR EQUITY;20130121
CURVAS;Tipo Classe;SWAP;7498;DTEX3 BZ EQUITY;20140422
CURVAS;Tipo Classe;SWAP;5154;DUFN VX EQUITY;20130111
CURVAS;Tipo Classe;SWAP;9420;DVA 5 05/01/25 Corp;20150415
CURVAS;Tipo Classe;SWAP;9850;DVA 5 1/8 07/15/24 Corp;20150713
CURVAS;Tipo Classe;SWAP;7823;DVR US EQUITY;20140618
CURVAS;Tipo Classe;SWAP;9295;DWNI GY EQUITY;20150320
CURVAS;Tipo Classe;SWAP;15491;DXCM UW Equity;20201008
CURVAS;Tipo Classe;SWAP;19975;DXCO3 BZ Equity;20220916
CURVAS;Tipo Classe;SWAP;11021;DXY Curncy;20170130
CURVAS;Tipo Classe;SWAP;18320;DYNCODO BZ Equity;20220215
CURVAS;Tipo Classe;SWAP;13609;EA US Equity;20190215
CURVAS;Tipo Classe;SWAP;10755;EAD US Equity;20160913
CURVAS;Tipo Classe;SWAP;15633;EBR US Equity;20210126
CURVAS;Tipo Classe;SWAP;5139;EC US EQUITY;20130107
CURVAS;Tipo Classe;SWAP;11602;ECELUP 8 5/8 06/16/21 Corp. - REGS;20170808
CURVAS;Tipo Classe;SWAP;11804;ECH US Equity;20171024
CURVAS;Tipo Classe;SWAP;9067;ECL CI Equity;20150123
CURVAS;Tipo Classe;SWAP;24843;ECOPET Corp;20240513
CURVAS;Tipo Classe;SWAP;7499;ECOR3 BZ EQUITY;20140422
CURVAS;Tipo Classe;SWAP;12909;EDD US Equity;20180815
CURVAS;Tipo Classe;SWAP;11081;EDN US Equity;20170220
CURVAS;Tipo Classe;SWAP;13510;EDNAR 9 ¾ 10/25/22 Corp;20190116
CURVAS;Tipo Classe;SWAP;6379;EEM US EQUITY;20130820
CURVAS;Tipo Classe;SWAP;15762;EFIV UP Equity;20210222
CURVAS;Tipo Classe;SWAP;12987;EFJPFE5N Index;20180830
CURVAS;Tipo Classe;SWAP;12988;EFJPFU5E Index;20180830
CURVAS;Tipo Classe;SWAP;15994;EFR CN Equity;20210323
CURVAS;Tipo Classe;SWAP;13912;EGIE3 BZ Equity;20190503
CURVAS;Tipo Classe;SWAP;17214;EGLE US Equity;20210726
CURVAS;Tipo Classe;SWAP;17660;EL US EQUITY;20211110
CURVAS;Tipo Classe;SWAP;14846;ELEBRA 4 5/8 02/04/2030 REGS-CORP;20200131
CURVAS;Tipo Classe;SWAP;10110;ELEBRA 5 3/4 10/27/21 Corp - REGS;20151020
CURVAS;Tipo Classe;SWAP;10594;ELEBRA 6 7/8 07/30/19 Corp;20160622
CURVAS;Tipo Classe;SWAP;6382;ELET3;20130820
CURVAS;Tipo Classe;SWAP;7500;ELET6 BZ EQUITY;20140422
CURVAS;Tipo Classe;SWAP;20106;ELF US Equity;20221020
CURVAS;Tipo Classe;SWAP;10247;ELP US Equity;20151123
CURVAS;Tipo Classe;SWAP;7501;ELPL4 BZ EQUITY;20140422
CURVAS;Tipo Classe;SWAP;11562;EMB US Equity;20170801
CURVAS;Tipo Classe;SWAP;8147;EMBONOB CI Equity;20140820
CURVAS;Tipo Classe;SWAP;10616;EMBRBZ 5.05 06/15/25 Corp;20160715
CURVAS;Tipo Classe;SWAP;9809;EMBRBZ 5.15 06/15/22 Corp;20150706
CURVAS;Tipo Classe;SWAP;7503;EMBR3 BZ EQUITY;20140422
CURVAS;Tipo Classe;SWAP;12908;EMD US Equity;20180815
CURVAS;Tipo Classe;SWAP;24880;EMXC UQ EQUITY;20240521
CURVAS;Tipo Classe;SWAP;13932;ENAT3 BZ Equity;20190508
CURVAS;Tipo Classe;SWAP;7504;ENBR3 BZ EQUITY;20140422
CURVAS;Tipo Classe;SWAP;7943;Energia Elétrica PLD - CCEE;20140711
CURVAS;Tipo Classe;SWAP;23600;Energia Elétrica PLD ANUAL - CCEE;20231114
CURVAS;Tipo Classe;SWAP;21900;Energia Elétrica -PLD/USD- SE;20230523
CURVAS;Tipo Classe;SWAP;26281;ENEV3 BZ EQUITY;20250224
CURVAS;Tipo Classe;SWAP;13189;ENHABDAP Index;20181024
CURVAS;Tipo Classe;SWAP;13749;ENHAEMD5 Index;20190314
CURVAS;Tipo Classe;SWAP;6439;ENI US EQUITY;20130829
CURVAS;Tipo Classe;SWAP;14984;ENIC US Equity;20200326
CURVAS;Tipo Classe;SWAP;25101;ENJU3 BZ Equity;20240703
CURVAS;Tipo Classe;SWAP;18100;ENPH UQ Equity;20220127
CURVAS;Tipo Classe;SWAP;14624;EONIA Index;20191202
CURVAS;Tipo Classe;SWAP;28602;EOSE US Equity;20260508
CURVAS;Tipo Classe;SWAP;20580;EPOL US EQUITY;20230106
CURVAS;Tipo Classe;SWAP;17782;EQT US EQUITY;20211202
CURVAS;Tipo Classe;SWAP;9588;EQTL3 BZ EQUITY;20150520
CURVAS;Tipo Classe;SWAP;15497;EQX US Equity;20201027
CURVAS;Tipo Classe;SWAP;15187;ESGD US Equity;20200617
CURVAS;Tipo Classe;SWAP;15186;ESGE US Equity;20200617
CURVAS;Tipo Classe;SWAP;15185;ESGU US Equity;20200617
CURVAS;Tipo Classe;SWAP;8787;ESRX US Equity;20141201
CURVAS;Tipo Classe;SWAP;7502;ESTC3 BZ EQUITY;20140422
CURVAS;Tipo Classe;SWAP;73;Estratégia;20100517
CURVAS;Tipo Classe;SWAP;17900;ESTRON index;20211216
CURVAS;Tipo Classe;SWAP;17433;ET US EQUITY;20210929
CURVAS;Tipo Classe;SWAP;10582;ETB US EQUITY;20160613
CURVAS;Tipo Classe;SWAP;25841;ETHE11 BZ EQUITY;20241108
CURVAS;Tipo Classe;SWAP;25361;ETHUSDAP INDEX;20240828
CURVAS;Tipo Classe;SWAP;10581;ETW US EQUITY;20160610
CURVAS;Tipo Classe;SWAP;16033;EU CN Equity;20210401
CURVAS;Tipo Classe;SWAP;20085;EUFN US Equity;20221011
CURVAS;Tipo Classe;SWAP;19025;EUO US Equity;20220705
CURVAS;Tipo Classe;SWAP;13789;EURBARR LX Equity;20190325
CURVAS;Tipo Classe;SWAP;1009;EURIBOR-EURO;20111021
CURVAS;Tipo Classe;SWAP;22;EURO;20100517
CURVAS;Tipo Classe;SWAP;7421;EURO STOXX Banks Index Futures (FESB);20140404
CURVAS;Tipo Classe;SWAP;5097;EURO-OAT FUTURO;20121205
CURVAS;Tipo Classe;SWAP;7465;EVEN3 BZ EQUITY;20140416
CURVAS;Tipo Classe;SWAP;27242;EVEX US EQUITY;20250814
CURVAS;Tipo Classe;SWAP;17543;EVR LN EQUITY;20211025
CURVAS;Tipo Classe;SWAP;10961;EWA US Equity;20170117
CURVAS;Tipo Classe;SWAP;9541;EWJ UP Equity;20150504
CURVAS;Tipo Classe;SWAP;27861;EWQ US  Equity;20251113
CURVAS;Tipo Classe;SWAP;15432;EWT UP Equity;20200911
CURVAS;Tipo Classe;SWAP;10580;EWT US Equity;20160610
CURVAS;Tipo Classe;SWAP;14991;EWU US Equity;20200403
CURVAS;Tipo Classe;SWAP;15004;EWUS US Equity;20200406
CURVAS;Tipo Classe;SWAP;5100;EWW US EQUITY;20121210
CURVAS;Tipo Classe;SWAP;8806;EWY US Equity;20141203
CURVAS;Tipo Classe;SWAP;15024;EWZ UP Equity;20200423
CURVAS;Tipo Classe;SWAP;5201;EWZ US EQUITY;20130308
CURVAS;Tipo Classe;SWAP;13995;EXITO CB Equity;20190626
CURVAS;Tipo Classe;SWAP;17783;EXK US EQUITY;20211202
CURVAS;Tipo Classe;SWAP;15981;EXPE UW Equity;20210311
CURVAS;Tipo Classe;SWAP;6641;EXX SJ EQUITY;20131010
CURVAS;Tipo Classe;SWAP;25864;EZTC3 BZ EQUITY;20241119
CURVAS;Tipo Classe;SWAP;12327;EZU US Equity;20180316
CURVAS;Tipo Classe;SWAP;18101;F UN Equity;20220127
CURVAS;Tipo Classe;SWAP;5997;FALAB CI EQUITY;20130705
CURVAS;Tipo Classe;SWAP;18260;FALN US Equity;20220209
CURVAS;Tipo Classe;SWAP;19906;FANG US Equity;20220822
CURVAS;Tipo Classe;SWAP;12227;Fator IPCA – BNDES;20180222
CURVAS;Tipo Classe;SWAP;10455;FAZ US Equity;20160408
CURVAS;Tipo Classe;SWAP;10713;FB US Equity;20160829
CURVAS;Tipo Classe;SWAP;6258;FBR US EQUITY;20130801
CURVAS;Tipo Classe;SWAP;12044;FCAU UN Equity;20171220
CURVAS;Tipo Classe;SWAP;28603;FCEL US Equity;20260508
CURVAS;Tipo Classe;SWAP;12187;FCFE18 MM Equity;20180208
CURVAS;Tipo Classe;SWAP;9255;FCFS US Equity;20150318
CURVAS;Tipo Classe;SWAP;14885;FCX US Equity;20200220
CURVAS;Tipo Classe;SWAP;14967;FEDL01 Index;20200317
CURVAS;Tipo Classe;SWAP;10360;FEDSOPEN;20160218
CURVAS;Tipo Classe;SWAP;14965;FEZ US Equity;20200316
CURVAS;Tipo Classe;SWAP;8307;FIBRAMQ MM Equity;20140918
CURVAS;Tipo Classe;SWAP;7505;FIBR3 BZ EQUITY;20140422
CURVAS;Tipo Classe;SWAP;26802;FIC AJ BETA FIC DC RL;20250606
CURVAS;Tipo Classe;SWAP;11221;FIDC ANGA SABEMI CO VI SN 1 (2409916SEN);20170324
CURVAS;Tipo Classe;SWAP;18684;FIDC Angá Sabemi XI;20220427
CURVAS;Tipo Classe;SWAP;11985;FIHO12 MM Equity;20171211
CURVAS;Tipo Classe;SWAP;13389;FISD11 (CNPJ 16.543.270/0001-89);20181221
CURVAS;Tipo Classe;SWAP;9276;FJP US Equity;20150319
CURVAS;Tipo Classe;SWAP;8226;Florim;20140904
CURVAS;Tipo Classe;SWAP;27821;FLRY3 BZ EQUITY;20251110
CURVAS;Tipo Classe;SWAP;15348;FM CN Equity;20200806
CURVAS;Tipo Classe;SWAP;27941;FMC US  Equity;20251125
CURVAS;Tipo Classe;SWAP;8027;FMEGR 5 5/8  07/31/19 Corp;20140731
CURVAS;Tipo Classe;SWAP;10193;FMEGR 5 5/8 07/31/19 Corp - 144A;20151118
CURVAS;Tipo Classe;SWAP;6305;FMG AU EQUITY;20130808
CURVAS;Tipo Classe;SWAP;5693;FMX US EQUITY;20130424
CURVAS;Tipo Classe;SWAP;15125;FNV US Equity;20200529
CURVAS;Tipo Classe;SWAP;6982;FORUS CI EQUITY;20131219
CURVAS;Tipo Classe;SWAP;28163;FOXF US EQUITY;20260121
CURVAS;Tipo Classe;SWAP;54;Franco Suiço;20100517
CURVAS;Tipo Classe;SWAP;27581;FRAS3 BZ EQUITY;20251010
CURVAS;Tipo Classe;SWAP;9127;FRES LN Equity;20150130
CURVAS;Tipo Classe;SWAP;6560;FRI US EQUITY;20130925
CURVAS;Tipo Classe;SWAP;6441;FRTIEEQ LX - Nordea 1;20130829
CURVAS;Tipo Classe;SWAP;8706;FRTR 1 ¾ 11/25/24 Corp;20141111
CURVAS;Tipo Classe;SWAP;6218;FSHOP13 MM EQUITY;20130724
CURVAS;Tipo Classe;SWAP;14423;FTCH US Equity;20191016
CURVAS;Tipo Classe;SWAP;5164;FTE FP EQUITY;20130121
CURVAS;Tipo Classe;SWAP;10584;FTR 10 ½ 09/15/22 Corp;20160614
CURVAS;Tipo Classe;SWAP;7383;FTR 7 1/8  01/15/23 Corp;20140321
CURVAS;Tipo Classe;SWAP;6259;FTSE 100 INDEX FUTURE;20130805
CURVAS;Tipo Classe;SWAP;11744;FUNO11 MM Equity;20171004
CURVAS;Tipo Classe;SWAP;10574;Fut. de Título do Tesouro do Reino Unido;20160606
CURVAS;Tipo Classe;SWAP;23200;FUTURO DE AÇO;20230928
CURVAS;Tipo Classe;SWAP;14310;FUTURO DE AÇUCAR;20190906
CURVAS;Tipo Classe;SWAP;22700;FUTURO DE ALGODAO;20230725
CURVAS;Tipo Classe;SWAP;5159;FUTURO DE ALUMINIUM;20130111
CURVAS;Tipo Classe;SWAP;5108;Futuro de AUD;20121213
CURVAS;Tipo Classe;SWAP;21822;FUTURO DE BENZENO;20230516
CURVAS;Tipo Classe;SWAP;19783;Futuro de Bitcoin;20220726
CURVAS;Tipo Classe;SWAP;24040;FUTURO DE CACAU;20240112
CURVAS;Tipo Classe;SWAP;5014;FUTURO DE CAC40;20120402
CURVAS;Tipo Classe;SWAP;5119;Futuro de CAD;20121221
CURVAS;Tipo Classe;SWAP;11502;FUTURO DE CARVÃO;20170714
CURVAS;Tipo Classe;SWAP;13409;Futuro de CHF;20181224
CURVAS;Tipo Classe;SWAP;13449;Futuro de CNH;20190108
CURVAS;Tipo Classe;SWAP;7442;FUTURO DE COFFEE;20140408
CURVAS;Tipo Classe;SWAP;5199;FUTURO DE COPPER;20130301
CURVAS;Tipo Classe;SWAP;5175;FUTURO DE CORN;20130129
CURVAS;Tipo Classe;SWAP;5877;FUTURO DE COROA NORUEGUESA;20130606
CURVAS;Tipo Classe;SWAP;5713;FUTURO DE CRUDE OIL;20130426
CURVAS;Tipo Classe;SWAP;14271;Futuro de Cupom IPCA (DAP);20190826
CURVAS;Tipo Classe;SWAP;1016;Futuro de DAX;20111130
CURVAS;Tipo Classe;SWAP;7202;Futuro de DI de 1 dia (DI1);20140204
CURVAS;Tipo Classe;SWAP;13991;Futuro de DXY Index;20190618
CURVAS;Tipo Classe;SWAP;16037;Futuro de Emissões de Carbono EUA;20210407
CURVAS;Tipo Classe;SWAP;24160;FUTURO DE ETANOL;20240122
CURVAS;Tipo Classe;SWAP;19782;Futuro de Ether;20220726
CURVAS;Tipo Classe;SWAP;21821;FUTURO DE ETILENO;20230516
CURVAS;Tipo Classe;SWAP;5120;Futuro de EURO;20121221
CURVAS;Tipo Classe;SWAP;7081;Futuro de Euro - BUXL;20140116
CURVAS;Tipo Classe;SWAP;5857;Futuro de Euro-Bund - RX COMDTY;20130604
CURVAS;Tipo Classe;SWAP;18882;Futuro de Europe Pulp BHKP;20220602
CURVAS;Tipo Classe;SWAP;12747;Futuro de Euro-Schatz DUU COMDTY;20180720
CURVAS;Tipo Classe;SWAP;1010;Futuro de EuroStoxx50;20111101
CURVAS;Tipo Classe;SWAP;17961;Futuro de Frete;20220110
CURVAS;Tipo Classe;SWAP;5031;Futuro de FTSE/MIB Index;20120612
CURVAS;Tipo Classe;SWAP;20780;FUTURO DE GAS OLEO;20230207
CURVAS;Tipo Classe;SWAP;20800;FUTURO DE GASOLINA;20231226
CURVAS;Tipo Classe;SWAP;5121;Futuro de GBP;20121221
CURVAS;Tipo Classe;SWAP;5155;FUTURO DE GOLD;20130111
CURVAS;Tipo Classe;SWAP;1012;Futuro de HangSeng;20111107
CURVAS;Tipo Classe;SWAP;8586;FUTURO DE HEATING OIL;20141024
CURVAS;Tipo Classe;SWAP;5027;Futuro de IBEX 35;20120504
CURVAS;Tipo Classe;SWAP;5156;FUTURO DE IRON ORE;20130111
CURVAS;Tipo Classe;SWAP;6302;Futuro de ISDAFIX - BRITISH POUND (GBP);20130807
CURVAS;Tipo Classe;SWAP;6300;Futuro de ISDAFIX - EURO (EUR);20130807
CURVAS;Tipo Classe;SWAP;6301;Futuro de ISDAFIX - JAPANESE YEN (JPY);20130807
CURVAS;Tipo Classe;SWAP;6304;Futuro de ISDAFIX - SWISS FRANC (CHF);20130807
CURVAS;Tipo Classe;SWAP;6303;Futuro de ISDAFIX - US DOLLAR (USD);20130807
CURVAS;Tipo Classe;SWAP;11522;FUTURO DE JET FUEL;20170720
CURVAS;Tipo Classe;SWAP;5110;Futuro de JPY;20121213
CURVAS;Tipo Classe;SWAP;11262;FUTURO DE JUROS EURODOLAR (CME: ED);20170405
CURVAS;Tipo Classe;SWAP;5158;FUTURO DE LEAD;20130111
CURVAS;Tipo Classe;SWAP;5200;FUTURO DE LIVE CATTLE;20130304
CURVAS;Tipo Classe;SWAP;17962;Futuro de Madeira;20220114
CURVAS;Tipo Classe;SWAP;1026;Futuro de MEXBOL;20120113
CURVAS;Tipo Classe;SWAP;5122;Futuro de MXN;20121221
CURVAS;Tipo Classe;SWAP;5028;Futuro de OMXS30;20120514
CURVAS;Tipo Classe;SWAP;14925;Futuro de Palladium;20200305
CURVAS;Tipo Classe;SWAP;6643;Futuro de Palm Oil;20131011
CURVAS;Tipo Classe;SWAP;15006;Futuro de Platina;20200415
CURVAS;Tipo Classe;SWAP;11964;FUTURO DE PRATA;20171207
CURVAS;Tipo Classe;SWAP;5026;Futuro de Pulp Europe NBSK;20120425
CURVAS;Tipo Classe;SWAP;6681;Futuro de RUB;20131028
CURVAS;Tipo Classe;SWAP;10636;FUTURO DE RUBBER;20160726
CURVAS;Tipo Classe;SWAP;5001;Futuro de RUSSELL 2.000;20120127
CURVAS;Tipo Classe;SWAP;7381;FUTURO DE SOYBEAN;20140320
CURVAS;Tipo Classe;SWAP;24000;FUTURO DE SUCO DE LARANJA;20240109
CURVAS;Tipo Classe;SWAP;19889;FUTURO DE SUINOS;20220817
CURVAS;Tipo Classe;SWAP;18560;Futuro de Título do Gov.Federal Alemão;20220406
CURVAS;Tipo Classe;SWAP;6158;Futuro de Título do Tesouro Americano;20130719
CURVAS;Tipo Classe;SWAP;7804;Futuro de Título do Tesouro Espanhol;20140611
CURVAS;Tipo Classe;SWAP;10576;Futuro de Título do Tesouro Francês;20160606
CURVAS;Tipo Classe;SWAP;10575;Futuro de Título do Tesouro Italiano;20160606
CURVAS;Tipo Classe;SWAP;19888;FUTURO DE TRIGO;20220817
CURVAS;Tipo Classe;SWAP;22701;FUTURO DE TRIGO VERMELHO DE INVERNO;20230725
CURVAS;Tipo Classe;SWAP;14311;FUTURO DE ZINCO;20190909
CURVAS;Tipo Classe;SWAP;22581;FUTURO DO TESOURO AMERICANO;20230713
CURVAS;Tipo Classe;SWAP;5007;Futuro Mini Dow;20120216
CURVAS;Tipo Classe;SWAP;5006;Futuro Mini Nasdaq;20120216
CURVAS;Tipo Classe;SWAP;10898;Futuro Mini Russell 2000;20161130
CURVAS;Tipo Classe;SWAP;5004;Futuro Mini S&P;20120216
CURVAS;Tipo Classe;SWAP;5005;Futuro Nikkei 225 (USD);20120216
CURVAS;Tipo Classe;SWAP;341;Futuro S&P 500;20111003
CURVAS;Tipo Classe;SWAP;342;Futuro VIX;20111004
CURVAS;Tipo Classe;SWAP;5135;FX FIM CP - INVESTIMENTO NO EXTERIOR;20130104
CURVAS;Tipo Classe;SWAP;28821;FXE US Equity;20260702
CURVAS;Tipo Classe;SWAP;5204;FXG US Equity;20130314
CURVAS;Tipo Classe;SWAP;8206;FXH US Equity;20140902
CURVAS;Tipo Classe;SWAP;6137;FXI US EQUITY;20130718
CURVAS;Tipo Classe;SWAP;28822;FXY US Equity;20260702
CURVAS;Tipo Classe;SWAP;15084;F2036CP BZ Equity;20200519
CURVAS;Tipo Classe;SWAP;12588;GAMSCOE ID Equity;20180626
CURVAS;Tipo Classe;SWAP;8626;GAPB MM Equity;20141028
CURVAS;Tipo Classe;SWAP;17560;GAZ GY EQUITY;20211025
CURVAS;Tipo Classe;SWAP;19884;GBTC US Equity;20220817
CURVAS;Tipo Classe;SWAP;7221;GCFPAMTP Index;20140214
CURVAS;Tipo Classe;SWAP;19741;GD US Equity;20220722
CURVAS;Tipo Classe;SWAP;14250;GDX US Equity;20190816
CURVAS;Tipo Classe;SWAP;15324;GDXJ US Equity;20200729
CURVAS;Tipo Classe;SWAP;19740;GE US Equity;20220722
CURVAS;Tipo Classe;SWAP;7342;GFI US EQUITY;20140317
CURVAS;Tipo Classe;SWAP;9298;GFJ GY EQUITY;20150320
CURVAS;Tipo Classe;SWAP;17202;GFL US EQUITY;20210714
CURVAS;Tipo Classe;SWAP;5696;GFNORTEO MM EQUITY;20130425
CURVAS;Tipo Classe;SWAP;5063;GFSA3;20120828
CURVAS;Tipo Classe;SWAP;6339;GGAL US EQUITY;20130814
CURVAS;Tipo Classe;SWAP;6500;GGB US EQUITY;20130920
CURVAS;Tipo Classe;SWAP;10476;GGBRBZ 4 3/4 04/15/23 Corp;20160420
CURVAS;Tipo Classe;SWAP;9587;GGBRBZ 5 3/4 01/30/21 Corp - REGS;20150520
CURVAS;Tipo Classe;SWAP;10478;GGBRBZ 7 ¼ 04/16/44 Corp;20160422
CURVAS;Tipo Classe;SWAP;8826;GGBR3 BZ Equity;20141208
CURVAS;Tipo Classe;SWAP;5047;GGBR4;20120809
CURVAS;Tipo Classe;SWAP;5735;GGBR4 (contínuo);20130503
CURVAS;Tipo Classe;SWAP;24900;GGPS3 BZ EQUITY;20240522
CURVAS;Tipo Classe;SWAP;12084;GICSAB MM Equity;20171228
CURVAS;Tipo Classe;SWAP;15384;GILD US Equity;20200812
CURVAS;Tipo Classe;SWAP;24602;GILD UW EQUITY;20240402
CURVAS;Tipo Classe;SWAP;20642;GIS US EQUITY;20230118
CURVAS;Tipo Classe;SWAP;10473;GLD UP Equity;20160418
CURVAS;Tipo Classe;SWAP;5140;GLD US EQUITY - GOLD;20130107
CURVAS;Tipo Classe;SWAP;17429;GLEN LN EQUITY;20210923
CURVAS;Tipo Classe;SWAP;11863;GLO LN Equity;20171109
CURVAS;Tipo Classe;SWAP;12447;GLOBAL X MSCI ARGENTINA ETF;20180509
CURVAS;Tipo Classe;SWAP;12950;GLP UP Equity;20180824
CURVAS;Tipo Classe;SWAP;17146;GLXY CN EQUITY;20210618
CURVAS;Tipo Classe;SWAP;14783;GM UN;20200114
CURVAS;Tipo Classe;SWAP;5111;GM US EQUITY;20121214
CURVAS;Tipo Classe;SWAP;15496;GMATDEA ID Equity;20201022
CURVAS;Tipo Classe;SWAP;23981;GMAT3 BZ EQUITY;20240108
CURVAS;Tipo Classe;SWAP;15468;GME US Equity;20201002
CURVAS;Tipo Classe;SWAP;8628;GMEXICOB MM Equity;20141028
CURVAS;Tipo Classe;SWAP;15531;GNDI3 BZ Equity;20201120
CURVAS;Tipo Classe;SWAP;18716;GNRC US Equity;20220512
CURVAS;Tipo Classe;SWAP;5078;GOAU4;20120828
CURVAS;Tipo Classe;SWAP;17212;GOGL US Equity;20210726
CURVAS;Tipo Classe;SWAP;7923;GOL US Equity;20140710
CURVAS;Tipo Classe;SWAP;15414;GOLD UN Equity;20200824
CURVAS;Tipo Classe;SWAP;15126;GOLD US Equity;20200529
CURVAS;Tipo Classe;SWAP;5134;GOLDLNPM INDEX - GOLD;20130102
CURVAS;Tipo Classe;SWAP;5083;GOLL4;20120828
CURVAS;Tipo Classe;SWAP;5837;GOOG US EQUITY;20130531
CURVAS;Tipo Classe;SWAP;10534;GOOG UW Equity;20160518
CURVAS;Tipo Classe;SWAP;10382;GOOGL US Equity;20160311
CURVAS;Tipo Classe;SWAP;14583;GOOGL UW Equity;20191125
CURVAS;Tipo Classe;SWAP;25561;GOVT UF EQUITY;20240930
CURVAS;Tipo Classe;SWAP;9007;GPC US Equity;20150112
CURVAS;Tipo Classe;SWAP;8230;GPIXLX 10 01/29/49 Corp;20140905
CURVAS;Tipo Classe;SWAP;18460;GPRE US Equity;20220317
CURVAS;Tipo Classe;SWAP;6217;GRAM US EQUITY;20130724
CURVAS;Tipo Classe;SWAP;18340;GRBK US Equity;20220216
CURVAS;Tipo Classe;SWAP;14990;GREK US Equity;20200403
CURVAS;Tipo Classe;SWAP;28741;GRID US EQUITY;20260605
CURVAS;Tipo Classe;SWAP;13913;GRND3 BZ Equity;20190503
CURVAS;Tipo Classe;SWAP;6721;GRUMAB MM EQUIY;20131106
CURVAS;Tipo Classe;SWAP;11241;GS US Equity;20170327
CURVAS;Tipo Classe;SWAP;5181;GSANBOB1 MM EQUITY;20130208
CURVAS;Tipo Classe;SWAP;27143;GSCBBZEC INDEX;20250801
CURVAS;Tipo Classe;SWAP;27142;GSCBBZEN INDEX;20250801
CURVAS;Tipo Classe;SWAP;27141;GSCBBZEX INDEX;20250801
CURVAS;Tipo Classe;SWAP;22181;GSFXCA02 Index;20230616
CURVAS;Tipo Classe;SWAP;19639;GSFXID63 Index;20220715
CURVAS;Tipo Classe;SWAP;18769;GSFXTIC1 Index;20220519
CURVAS;Tipo Classe;SWAP;13290;GSGLCEE LX Equity;20181122
CURVAS;Tipo Classe;SWAP;7623;GSHPBR 10  11/29/49 Corp;20140507
CURVAS;Tipo Classe;SWAP;12125;GSHPBR 10 08/10/26;20180108
CURVAS;Tipo Classe;SWAP;7704;GSHPBR 12  12/20/49 CORP;20140602
CURVAS;Tipo Classe;SWAP;7464;GSHP3 BZ EQUITY;20140416
CURVAS;Tipo Classe;SWAP;20500;GSIRTR01 Index;20221221
CURVAS;Tipo Classe;SWAP;20501;GSIRTR02 Index;20221221
CURVAS;Tipo Classe;SWAP;19940;GSISDRV1 Index;20220908
CURVAS;Tipo Classe;SWAP;18771;GSISDRV2 Index;20220519
CURVAS;Tipo Classe;SWAP;19943;GSISDRV4 Index;20220908
CURVAS;Tipo Classe;SWAP;18360;GSISI139 Index;20220221
CURVAS;Tipo Classe;SWAP;26141;GSISI306 INDEX;20250128
CURVAS;Tipo Classe;SWAP;25001;GSISMAC1 INDEX;20240614
CURVAS;Tipo Classe;SWAP;23580;GSISMAC5 Index;20231110
CURVAS;Tipo Classe;SWAP;13529;GSISM37E Index;20190128
CURVAS;Tipo Classe;SWAP;23621;GSISSK1D INDEX;20231120
CURVAS;Tipo Classe;SWAP;24581;GSISXC04 INDEX;20240326
CURVAS;Tipo Classe;SWAP;13289;GSIS150B Index;20181122
CURVAS;Tipo Classe;SWAP;17411;GSIS180V Index;20210915
CURVAS;Tipo Classe;SWAP;19903;GSIS216W Index;20220822
CURVAS;Tipo Classe;SWAP;20221;GSIS239E Index;20221108
CURVAS;Tipo Classe;SWAP;17284;GSL US Equity;20210804
CURVAS;Tipo Classe;SWAP;24760;GSMACVBR INDEX;20240502
CURVAS;Tipo Classe;SWAP;24080;GSMAC5BR INDEX;20240115
CURVAS;Tipo Classe;SWAP;26162;GSPIGRAN INDEX;20250130
CURVAS;Tipo Classe;SWAP;20087;GSVIBRC1 Index;20221014
CURVAS;Tipo Classe;SWAP;20088;GSVIBRC2 Index;20221014
CURVAS;Tipo Classe;SWAP;18775;GSVICQ1E Index;20220519
CURVAS;Tipo Classe;SWAP;18770;GSVICQ2E Index;20220519
CURVAS;Tipo Classe;SWAP;20960;GSVICVC2 Index;20230301
CURVAS;Tipo Classe;SWAP;17400;GSVIDG50 Index;20210827
CURVAS;Tipo Classe;SWAP;15265;GSVIDG52 Index;20200714
CURVAS;Tipo Classe;SWAP;23620;GSVIDO01 INDEX;20231120
CURVAS;Tipo Classe;SWAP;22740;GSVIKY5E  Index;20230727
CURVAS;Tipo Classe;SWAP;18773;GSVISK1D Index;20220519
CURVAS;Tipo Classe;SWAP;18774;GSVISK2D Index;20220519
CURVAS;Tipo Classe;SWAP;18772;GSVIU107 Index;20220519
CURVAS;Tipo Classe;SWAP;22920;GSVIVV11 Index;20230828
CURVAS;Tipo Classe;SWAP;21120;GSVIVV12 Index;20230306
CURVAS;Tipo Classe;SWAP;18080;GSVI15UE Index;20220126
CURVAS;Tipo Classe;SWAP;22760;GSVLIB24 Index;20230727
CURVAS;Tipo Classe;SWAP;22761;GSVLSUB1 Index;20230727
CURVAS;Tipo Classe;SWAP;17095;GSXFBREO Index;20210519
CURVAS;Tipo Classe;SWAP;6440;GUARANI/PARAGUAI;20130829
CURVAS;Tipo Classe;SWAP;13649;GXG US Equity;20190220
CURVAS;Tipo Classe;SWAP;8087;GYI 7 10/15/20 Corp;20140812
CURVAS;Tipo Classe;SWAP;8286;GYI 7 10/15/20 Corp - REGS;20140916
CURVAS;Tipo Classe;SWAP;7321;HABITAT CI EQUITY;20140314
CURVAS;Tipo Classe;SWAP;17327;HACK UP Equity;20210816
CURVAS;Tipo Classe;SWAP;18510;HAL US Equity;20220325
CURVAS;Tipo Classe;SWAP;13250;HAPV3 BZ Equity;20181108
CURVAS;Tipo Classe;SWAP;17288;HASH11 BZ Equity;20210812
CURVAS;Tipo Classe;SWAP;28541;HBM US Equity;20260410
CURVAS;Tipo Classe;SWAP;26561;HBOR3 BZ EQUITY;20250423
CURVAS;Tipo Classe;SWAP;23120;HBSA3 BZ EQUITY;20230915
CURVAS;Tipo Classe;SWAP;17960;HD US Equity;20220110
CURVAS;Tipo Classe;SWAP;28521;HDP1 Comdty;20260408
CURVAS;Tipo Classe;SWAP;17287;HDRO US Equity;20210812
CURVAS;Tipo Classe;SWAP;12247;HEJSA2J LX Equity;20180227
CURVAS;Tipo Classe;SWAP;16044;HERO US EQUITY;20210413
CURVAS;Tipo Classe;SWAP;5077;HGTX3;20120828
CURVAS;Tipo Classe;SWAP;14806;HIDRVS 5.95 01/24/25 CORP;20200120
CURVAS;Tipo Classe;SWAP;18483;HL US Equity;20220325
CURVAS;Tipo Classe;SWAP;21240;HLAG GR EQUITY;20230313
CURVAS;Tipo Classe;SWAP;20480;HLT US Equity;20221212
CURVAS;Tipo Classe;SWAP;17217;HOG UN Equity;20210729
CURVAS;Tipo Classe;SWAP;15803;HP US Equity;20210222
CURVAS;Tipo Classe;SWAP;27822;HSTECH INDEX;20251110
CURVAS;Tipo Classe;SWAP;6580;HTZ US EQUITY;20130926
CURVAS;Tipo Classe;SWAP;17147;HUT CN EQUITY;20210618
CURVAS;Tipo Classe;SWAP;21420;HWBA INDEX;20230405
CURVAS;Tipo Classe;SWAP;16112;HWBM1 Index;20210423
CURVAS;Tipo Classe;SWAP;21440;HWBM3 INDEX;20230405
CURVAS;Tipo Classe;SWAP;17097;HWOM1 Index;20210524
CURVAS;Tipo Classe;SWAP;21041;HYG UP EQUITY;20230302
CURVAS;Tipo Classe;SWAP;9580;HYG US EQUITY;20150512
CURVAS;Tipo Classe;SWAP;5042;HYPE3;20120716
CURVAS;Tipo Classe;SWAP;22680;IAU US EQUITY;20230724
CURVAS;Tipo Classe;SWAP;9437;IBA US Equity;20150417
CURVAS;Tipo Classe;SWAP;16015;IBB UP Equity;20210330
CURVAS;Tipo Classe;SWAP;16014;IBB UQ Equity;20210330
CURVAS;Tipo Classe;SWAP;28205;IBBC Index;20260205
CURVAS;Tipo Classe;SWAP;28206;IBBE Index;20260205
CURVAS;Tipo Classe;SWAP;17218;IBBQ US Equity;20210729
CURVAS;Tipo Classe;SWAP;26221;IBIT US EQUITY;20250207
CURVAS;Tipo Classe;SWAP;7402;IBM US EQUITY;20140326
CURVAS;Tipo Classe;SWAP;5030;Ibovespa;20120608
CURVAS;Tipo Classe;SWAP;75;Ibovespa de liquidação;20100517
CURVAS;Tipo Classe;SWAP;5009;IBRX 50;20120228
CURVAS;Tipo Classe;SWAP;14391;IB5M11 BZ Equity;20191008
CURVAS;Tipo Classe;SWAP;15614;ICLN UP Equity;20210114
CURVAS;Tipo Classe;SWAP;17220;ICLN UQ Equity;20210729
CURVAS;Tipo Classe;SWAP;15417;ICLN US Equity;20200825
CURVAS;Tipo Classe;SWAP;26822;IDADIPCA INDEX;20250611
CURVAS;Tipo Classe;SWAP;29162;IDEX-Infra;20260831
CURVAS;Tipo Classe;SWAP;14968;IEF US Equity;20200317
CURVAS;Tipo Classe;SWAP;26;Iene Spot;20100517
CURVAS;Tipo Classe;SWAP;5206;IENOVA * MM;20130327
CURVAS;Tipo Classe;SWAP;15554;IEUR US Equity;20201221
CURVAS;Tipo Classe;SWAP;8766;IFS PE Equity;20141128
CURVAS;Tipo Classe;SWAP;14210;IFS US Equity;20190805
CURVAS;Tipo Classe;SWAP;5011;IGPDI;20120301
CURVAS;Tipo Classe;SWAP;1019;IGPM;20111212
CURVAS;Tipo Classe;SWAP;15493;IGTA3 BZ Equity;20201008
CURVAS;Tipo Classe;SWAP;17780;IGTI11 BZ EQUITY;20211202
CURVAS;Tipo Classe;SWAP;20220;IHF US Equity;20221107
CURVAS;Tipo Classe;SWAP;25180;IHS US EQUITY;20240726
CURVAS;Tipo Classe;SWAP;17940;IHYA LN EQUITY;20211227
CURVAS;Tipo Classe;SWAP;14312;IJR US Equity;20190909
CURVAS;Tipo Classe;SWAP;11422;ILC CI Equity;20170612
CURVAS;Tipo Classe;SWAP;14393;IMAB11 BZ Equity;20191008
CURVAS;Tipo Classe;SWAP;8446;INAPACI LX Equity;20141010
CURVAS;Tipo Classe;SWAP;15534;INAQ US Equity;20201126
CURVAS;Tipo Classe;SWAP;19052;INBR31 BZ EQUITY;20220707
CURVAS;Tipo Classe;SWAP;20260;INBR32 BZ Equity;20221114
CURVAS;Tipo Classe;SWAP;5012;INCC;20120301
CURVAS;Tipo Classe;SWAP;2495;INCMBZ 5 3/4 07/17/24 Corp – REGS;20150910
CURVAS;Tipo Classe;SWAP;9828;INDA UP Equity;20150708
CURVAS;Tipo Classe;SWAP;17684;INDA US EQUITY;20211117
CURVAS;Tipo Classe;SWAP;5010;INPC;20120301
CURVAS;Tipo Classe;SWAP;9747;INRETC1 PE EQUITY;20150616
CURVAS;Tipo Classe;SWAP;8526;INTEL 8 1/8  06/01/23 Corp;20141021
CURVAS;Tipo Classe;SWAP;19023;INTR US Equity;20220701
CURVAS;Tipo Classe;SWAP;15518;IP US Equity;20201117
CURVAS;Tipo Classe;SWAP;5013;IPC;20120301
CURVAS;Tipo Classe;SWAP;1018;IPCA;20111212
CURVAS;Tipo Classe;SWAP;26028;IPCA + B32;20241217
CURVAS;Tipo Classe;SWAP;15617;IPO UP Equity;20210120
CURVAS;Tipo Classe;SWAP;13911;IPOA US Equity;20190502
CURVAS;Tipo Classe;SWAP;11722;IPOA/U US Equity;20170915
CURVAS;Tipo Classe;SWAP;13890;IRBR3 BZ Equity;20190426
CURVAS;Tipo Classe;SWAP;13469;IRCP US Equity;20190111
CURVAS;Tipo Classe;SWAP;10896;IRF-M;20161129
CURVAS;Tipo Classe;SWAP;14392;IRFM11 BZ Equity;20191008
CURVAS;Tipo Classe;SWAP;7101;Iron Ore;20140120
CURVAS;Tipo Classe;SWAP;11181;Iron Ore Futures (SGX Asiaclear);20170313
CURVAS;Tipo Classe;SWAP;6340;IRS US EQUITY;20130814
CURVAS;Tipo Classe;SWAP;9830;ISF LN Equity;20150710
CURVAS;Tipo Classe;SWAP;28181;ITA US EQUITY;20260127
CURVAS;Tipo Classe;SWAP;14884;ITAU 4 5/8 PERP REGS-CORP;20200220
CURVAS;Tipo Classe;SWAP;9585;ITAU 5 ¾ 01/22/21 Corp;20150514
CURVAS;Tipo Classe;SWAP;9790;ITAU 5 1/2 08/06/22 - REGS;20150701
CURVAS;Tipo Classe;SWAP;10252;ITAU 5.65 03/19/22 Corp;20151218
CURVAS;Tipo Classe;SWAP;13610;ITAU 6 18 PERP CORP;20190215
CURVAS;Tipo Classe;SWAP;25801;ITAUCL CI EQUITY;20241028
CURVAS;Tipo Classe;SWAP;10921;ITAUCORP CI Equity;20161229
CURVAS;Tipo Classe;SWAP;17110;ITB UF EQUITY;20210528
CURVAS;Tipo Classe;SWAP;15594;ITB US Equity;20210107
CURVAS;Tipo Classe;SWAP;10453;ITCB US Equity;20160405
CURVAS;Tipo Classe;SWAP;15545;ITM LN Equity;20201207
CURVAS;Tipo Classe;SWAP;7506;ITSA4 BZ EQUITY;20140422
CURVAS;Tipo Classe;SWAP;10251;ITUB US Equity;20151203
CURVAS;Tipo Classe;SWAP;12004;ITUB3;20171212
CURVAS;Tipo Classe;SWAP;7511;ITUB4 BZ EQUITY;20140422
CURVAS;Tipo Classe;SWAP;17010;IVN CN Equity;20210507
CURVAS;Tipo Classe;SWAP;10493;IVV US Equity;20160425
CURVAS;Tipo Classe;SWAP;15007;IVVB11 BZ Equity;20200416
CURVAS;Tipo Classe;SWAP;26063;IVVB11_BZ  EQUITY;20241227
CURVAS;Tipo Classe;SWAP;17203;IWF UP EQUITY;20210715
CURVAS;Tipo Classe;SWAP;15065;IWM UP Equity;20200514
CURVAS;Tipo Classe;SWAP;10733;IWM US Equity;20160906
CURVAS;Tipo Classe;SWAP;15495;IXJ US Equity;20201022
CURVAS;Tipo Classe;SWAP;25420;IYE UP EQUITY;20240903
CURVAS;Tipo Classe;SWAP;5632;IYR UP EQUITY;20130408
CURVAS;Tipo Classe;SWAP;5177;IYR US EQUITY;20130130
CURVAS;Tipo Classe;SWAP;9589;IYT US EQUITY;20150520
CURVAS;Tipo Classe;SWAP;14847;IYW UP Equity;20200204
CURVAS;Tipo Classe;SWAP;24528;JALL3 BZ EQUITY;20240320
CURVAS;Tipo Classe;SWAP;5174;JB COMB COMDTY - JPN 10Y BOND (TSE);20130129
CURVAS;Tipo Classe;SWAP;5080;JBSS3;20120828
CURVAS;Tipo Classe;SWAP;28642;JBSS32 BZ Equity;20260514
CURVAS;Tipo Classe;SWAP;5109;JCP US EQUITY;20121213
CURVAS;Tipo Classe;SWAP;12045;JD US Equity;20171220
CURVAS;Tipo Classe;SWAP;8566;JEFFIN 7 1/2 04/15/21 Corp - 144A;20141023
CURVAS;Tipo Classe;SWAP;10192;JEFFIN 7 3/8 04/01/20 Corp - 144A;20151118
CURVAS;Tipo Classe;SWAP;27942;JELD US  Equity;20251125
CURVAS;Tipo Classe;SWAP;28421;JHSF CAPITAL IMOB;20260326
CURVAS;Tipo Classe;SWAP;6097;JHSF3;20130717
CURVAS;Tipo Classe;SWAP;9234;JIBA Index;20150313
CURVAS;Tipo Classe;SWAP;14848;JJC US Equity;20200206
CURVAS;Tipo Classe;SWAP;15419;JJN US Equity;20200831
CURVAS;Tipo Classe;SWAP;24140;JKS US EQUITY;20240119
CURVAS;Tipo Classe;SWAP;14986;JNJ UN Equity;20200327
CURVAS;Tipo Classe;SWAP;13109;JNK US Equity;20181008
CURVAS;Tipo Classe;SWAP;15535;JOF US Equity;20201127
CURVAS;Tipo Classe;SWAP;22660;JOU3 Comdty;20230724
CURVAS;Tipo Classe;SWAP;17941;JPEA LN EQUITY;20211227
CURVAS;Tipo Classe;SWAP;12637;JPGIAEA LX Equity;20180629
CURVAS;Tipo Classe;SWAP;21320;JPM UN EQUITY;20230329
CURVAS;Tipo Classe;SWAP;27721;JPM US EQUITY;20251030
CURVAS;Tipo Classe;SWAP;12636;JPMECAA LX Equity;20180629
CURVAS;Tipo Classe;SWAP;15593;JPMRFTED Index;20210105
CURVAS;Tipo Classe;SWAP;13709;JPUSFTRC Index;20190308
CURVAS;Tipo Classe;SWAP;10693;JPXN US Equity;20160815
CURVAS;Tipo Classe;SWAP;13992;JSLGBZ 7 3/4 07/26/24 REGS - CORP;20190619
CURVAS;Tipo Classe;SWAP;23880;JSLG3 BZ EQUITY;20231227
CURVAS;Tipo Classe;SWAP;12635;JUPLEUR LX Equity;20180629
CURVAS;Tipo Classe;SWAP;10031;KAPKFFF BZ EQUITY;20150929
CURVAS;Tipo Classe;SWAP;5189;KC COMDTY – COFFEE “C” FUT – NYB ICE Fut;20130221
CURVAS;Tipo Classe;SWAP;29041;KEOC SS Equity;20260813
CURVAS;Tipo Classe;SWAP;24529;KEPL3 BZ EQUITY;20240320
CURVAS;Tipo Classe;SWAP;14230;KER FP Equity;20190813
CURVAS;Tipo Classe;SWAP;17784;KGC US EQUITY;20211202
CURVAS;Tipo Classe;SWAP;9812;KHC US Equity;20150706
CURVAS;Tipo Classe;SWAP;7523;KIMBERA MM EQUITY;20140424
CURVAS;Tipo Classe;SWAP;17785;KL US EQUITY;20211202
CURVAS;Tipo Classe;SWAP;13829;KLAB 5 3/4 04/03/29 CORP;20190328
CURVAS;Tipo Classe;SWAP;7563;KLBN11 BZ EQUITY;20140428
CURVAS;Tipo Classe;SWAP;14685;KO UN Equity;20191211
CURVAS;Tipo Classe;SWAP;8888;KO US Equity;20141219
CURVAS;Tipo Classe;SWAP;5695;KOF US EQUITY;20130425
CURVAS;Tipo Classe;SWAP;28123;KOS US Equity;20260109
CURVAS;Tipo Classe;SWAP;17149;KRBN US EQUITY;20210621
CURVAS;Tipo Classe;SWAP;9355;KRFT US EQUITY;20150401
CURVAS;Tipo Classe;SWAP;7507;KROT3 BZ EQUITY;20140422
CURVAS;Tipo Classe;SWAP;16114;KWEB UP Equity;20210427
CURVAS;Tipo Classe;SWAP;15388;KWEB US Equity;20200817
CURVAS;Tipo Classe;SWAP;6645;LALAB MM EQUITY;20131016
CURVAS;Tipo Classe;SWAP;16034;LAME3 BZ Equity;20210401
CURVAS;Tipo Classe;SWAP;5071;LAME4;20120828
CURVAS;Tipo Classe;SWAP;5631;LAN CI EQUITY;20130408
CURVAS;Tipo Classe;SWAP;22640;LAND3 BZ Equity;20230721
CURVAS;Tipo Classe;SWAP;9498;LBRDA US Equity;20150427
CURVAS;Tipo Classe;SWAP;8311;LBTYA US Equity;20140919
CURVAS;Tipo Classe;SWAP;28501;LCUT US Equity;20260407
CURVAS;Tipo Classe;SWAP;9296;LEG GY EQUITY;20150320
CURVAS;Tipo Classe;SWAP;12634;LEODEUB LX Equity;20180629
CURVAS;Tipo Classe;SWAP;24530;LEVE3 BZ EQUITY;20240320
CURVAS;Tipo Classe;SWAP;5141;LFL US EQUITY;20130107
CURVAS;Tipo Classe;SWAP;5194;LFT;20130225
CURVAS;Tipo Classe;SWAP;5131;LGO CN EQUITY;20130102
CURVAS;Tipo Classe;SWAP;24940;LGO US EQUITY;20240524
CURVAS;Tipo Classe;SWAP;22460;LHQ3 Comdty;20230706
CURVAS;Tipo Classe;SWAP;28144;LIB CN Equity;20260115
CURVAS;Tipo Classe;SWAP;25;Libra Inglesa;20100517
CURVAS;Tipo Classe;SWAP;12427;LIGTBZ 7 ¼ 05/03/23 Corp – REGS;20180426
CURVAS;Tipo Classe;SWAP;7508;LIGT3 BZ EQUITY;20140422
CURVAS;Tipo Classe;SWAP;9792;LILA US Equity;20150702
CURVAS;Tipo Classe;SWAP;15540;LIN US Equity;20201201
CURVAS;Tipo Classe;SWAP;13067;LINU GR Equity;20180919
CURVAS;Tipo Classe;SWAP;23362;LIT UP EQUITY;20231016
CURVAS;Tipo Classe;SWAP;18921;LIT US Equity;20220614
CURVAS;Tipo Classe;SWAP;6342;LIVEPOLC MM EQUITY;20130814
CURVAS;Tipo Classe;SWAP;25863;LJQQ3 BZ EQUITY;20241119
CURVAS;Tipo Classe;SWAP;17542;LKOD LI EQUITY;20211025
CURVAS;Tipo Classe;SWAP;28782;LLFT11 BZ Equity;20260622
CURVAS;Tipo Classe;SWAP;24481;LLY UN EQUITY;20240313
CURVAS;Tipo Classe;SWAP;25302;LLY US EQUITY;20240822
CURVAS;Tipo Classe;SWAP;6981;LMCADY LME Comdty;20131219
CURVAS;Tipo Classe;SWAP;18714;LMTUS Equity;20220512
CURVAS;Tipo Classe;SWAP;26301;LMYA Comdty;20250306
CURVAS;Tipo Classe;SWAP;5151;LMZSDS03 LME COMDTY - ZINC;20130110
CURVAS;Tipo Classe;SWAP;17786;LNG US EQUITY;20211202
CURVAS;Tipo Classe;SWAP;11984;LOAHDY LME Comdty;20171208
CURVAS;Tipo Classe;SWAP;5144;LOCADY LME COMDTY - COPPER;20130108
CURVAS;Tipo Classe;SWAP;28143;LODE US Equity;20260115
CURVAS;Tipo Classe;SWAP;15530;LOGG3 BZ Equity;20201120
CURVAS;Tipo Classe;SWAP;17437;LOGN3 BZ EQUITY;20210930
CURVAS;Tipo Classe;SWAP;11843;LOMA US Equity;20171101
CURVAS;Tipo Classe;SWAP;5148;LONIDY LME COMDTY - NICKEL;20130110
CURVAS;Tipo Classe;SWAP;5187;LOSNDY LME COMDTY – TIN;20130221
CURVAS;Tipo Classe;SWAP;26361;LPSB3 BZ EQUITY;20250319
CURVAS;Tipo Classe;SWAP;19905;LPX US Equity;20220822
CURVAS;Tipo Classe;SWAP;21040;LQD UP EQUITY;20230302
CURVAS;Tipo Classe;SWAP;10577;LQD US Equity;20160606
CURVAS;Tipo Classe;SWAP;5068;LREN3;20120828
CURVAS;Tipo Classe;SWAP;10030;LSTGLB BZ Equity;20150929
CURVAS;Tipo Classe;SWAP;12307;LTM US Equity;20180302
CURVAS;Tipo Classe;SWAP;5191;LTN;20130225
CURVAS;Tipo Classe;SWAP;24541;LU US EQUITY;20240321
CURVAS;Tipo Classe;SWAP;17947;LULU US Equity;20220107
CURVAS;Tipo Classe;SWAP;19082;LULU UW Equity;20220712
CURVAS;Tipo Classe;SWAP;15936;LVC PW Equity;20210301
CURVAS;Tipo Classe;SWAP;15938;LYC AU Equity;20210301
CURVAS;Tipo Classe;SWAP;11442;LYV US Equity;20170613
CURVAS;Tipo Classe;SWAP;19080;M US Equity;20220712
CURVAS;Tipo Classe;SWAP;15974;MA UN EQUITY;20210308
CURVAS;Tipo Classe;SWAP;17787;MAG US EQUITY;20211202
CURVAS;Tipo Classe;SWAP;28341;MAGS US Equity;20260306
CURVAS;Tipo Classe;SWAP;27761;MAHAA SS Equity;20251104
CURVAS;Tipo Classe;SWAP;22200;MAHYODE ID Equity;20230620
CURVAS;Tipo Classe;SWAP;15544;MAIL LI Equity;20201204
CURVAS;Tipo Classe;SWAP;12787;MALLPLAZ CI Equity;20180727
CURVAS;Tipo Classe;SWAP;17138;MARA US EQUITY;20210610
CURVAS;Tipo Classe;SWAP;24721;Markit CDX High Yield;20240423
CURVAS;Tipo Classe;SWAP;15448;MATRDHC ID Equity;20200923
CURVAS;Tipo Classe;SWAP;12064;MAUÁ CAPITAL P FIM CP IE;20171221
CURVAS;Tipo Classe;SWAP;28103;MBRF3 BZ Equity;20251229
CURVAS;Tipo Classe;SWAP;19922;MC FP Equity;20220829
CURVAS;Tipo Classe;SWAP;14331;MCD UN Equity;20190916
CURVAS;Tipo Classe;SWAP;20240;MCD US Equity;20221110
CURVAS;Tipo Classe;SWAP;15431;MCHI UN Equity;20200911
CURVAS;Tipo Classe;SWAP;15204;MCHI UP Equity;20200624
CURVAS;Tipo Classe;SWAP;20720;MCHI UQ Equity;20230131
CURVAS;Tipo Classe;SWAP;9518;MCHI US Equity;20150428
CURVAS;Tipo Classe;SWAP;20581;MCO US EQUITY;20230106
CURVAS;Tipo Classe;SWAP;19974;MDIA3 BZ Equity;20220916
CURVAS;Tipo Classe;SWAP;9789;MDLZ US EQUITY;20150701
CURVAS;Tipo Classe;SWAP;19972;MDLZ UW Equity;20220915
CURVAS;Tipo Classe;SWAP;25100;MDNE3 BZ Equity;20240703
CURVAS;Tipo Classe;SWAP;7644;MEGACPO MM Equity;20140519
CURVAS;Tipo Classe;SWAP;18401;MEGA3 BZ Equity;20220309
CURVAS;Tipo Classe;SWAP;16013;MELI UP Equity;20210330
CURVAS;Tipo Classe;SWAP;6341;MELI US EQUITY;20130814
CURVAS;Tipo Classe;SWAP;15616;MELI UW Equity;20210115
CURVAS;Tipo Classe;SWAP;25541;MELK3 BZ EQUITY;20240926
CURVAS;Tipo Classe;SWAP;13530;MENDOZ 8 38 05/19/24 Cor;20190128
CURVAS;Tipo Classe;SWAP;27621;MERC US EQUITY;20251015
CURVAS;Tipo Classe;SWAP;12633;MERGAAA LX Equity;20180629
CURVAS;Tipo Classe;SWAP;5198;MES INDEX - mini MSCI Emg Mkt;20130301
CURVAS;Tipo Classe;SWAP;28025;META US EQUITY;20251212
CURVAS;Tipo Classe;SWAP;18920;META UW Equity;20220614
CURVAS;Tipo Classe;SWAP;18521;METV UP Equity;20220330
CURVAS;Tipo Classe;SWAP;18520;METV US Equity;20220329
CURVAS;Tipo Classe;SWAP;8726;MEXBOL Index;20141121
CURVAS;Tipo Classe;SWAP;5146;MEXCHEM* MM EQUITY;20130110
CURVAS;Tipo Classe;SWAP;13252;MGLU3 BZ Equity;20181108
CURVAS;Tipo Classe;SWAP;12607;MGOIAEA LN Equity;20180627
CURVAS;Tipo Classe;SWAP;14272;MGOIEAA LX Equity;20190827
CURVAS;Tipo Classe;SWAP;6741;MIGOEUH LX EQUITY;20131106
CURVAS;Tipo Classe;SWAP;10858;MIICF US Equity;20161118
CURVAS;Tipo Classe;SWAP;24580;MILS3 BZ EQUITY;20240326
CURVAS;Tipo Classe;SWAP;17367;MIN AU Equity;20210818
CURVAS;Tipo Classe;SWAP;10050;MINI FUTURO DE OURO;20150930
CURVAS;Tipo Classe;SWAP;15428;Mini Futuro de Prata;20200908
CURVAS;Tipo Classe;SWAP;14643;MJ US Equity;20191205
CURVAS;Tipo Classe;SWAP;9849;ML FP Equity;20150713
CURVAS;Tipo Classe;SWAP;25542;MLAS3 BZ EQUITY;20240926
CURVAS;Tipo Classe;SWAP;6540;MMXM11;20130925
CURVAS;Tipo Classe;SWAP;5067;MMXM3;20120828
CURVAS;Tipo Classe;SWAP;15634;MNOD LI Equity;20210126
CURVAS;Tipo Classe;SWAP;19950;Mont Belvieu Normal Butane (OPIS);20220913
CURVAS;Tipo Classe;SWAP;17685;MOO US EQUITY;20211117
CURVAS;Tipo Classe;SWAP;13970;MORAMAH LX Equity;20190605
CURVAS;Tipo Classe;SWAP;25280;MORGBAH LX EQUITY;20240821
CURVAS;Tipo Classe;SWAP;17700;MOS US EQUITY;20211117
CURVAS;Tipo Classe;SWAP;20700;MOVIBZ CORP;20230127
CURVAS;Tipo Classe;SWAP;18404;MOVI3 BZ Equity;20220311
CURVAS;Tipo Classe;SWAP;15988;MP US Equity;20210315
CURVAS;Tipo Classe;SWAP;18724;MPC US EQUITY;20220513
CURVAS;Tipo Classe;SWAP;18715;MPLX US Equity;20220512
CURVAS;Tipo Classe;SWAP;21480;MQCP430F INDEX;20230413
CURVAS;Tipo Classe;SWAP;19934;MQMAXP6 Index;20220901
CURVAS;Tipo Classe;SWAP;25200;MQRPHYTU Index;20240806
CURVAS;Tipo Classe;SWAP;24844;MRFGBZ Corp;20240513
CURVAS;Tipo Classe;SWAP;5076;MRFG3;20120828
CURVAS;Tipo Classe;SWAP;15954;MRNA US EQUITY;20210304
CURVAS;Tipo Classe;SWAP;17621;MRO US EQUITY;20211108
CURVAS;Tipo Classe;SWAP;5062;MRVE3;20120828
CURVAS;Tipo Classe;SWAP;28643;MRVL US Equity;20260514
CURVAS;Tipo Classe;SWAP;17683;MSAIOPA LX EQUITY;20211116
CURVAS;Tipo Classe;SWAP;12907;MSD US Equity;20180815
CURVAS;Tipo Classe;SWAP;13329;MSDIUSP7 Index;20181129
CURVAS;Tipo Classe;SWAP;17680;MSEMLEA LX EQUITY;20211116
CURVAS;Tipo Classe;SWAP;15329;MSFDMSV9 Index;20200729
CURVAS;Tipo Classe;SWAP;15330;MSFDMS11 Index;20200729
CURVAS;Tipo Classe;SWAP;17600;MSFDVTAI Index;20211105
CURVAS;Tipo Classe;SWAP;15328;MSFDVT12 Index;20200729
CURVAS;Tipo Classe;SWAP;10615;MSFT US Equity;20160713
CURVAS;Tipo Classe;SWAP;17438;MSFT UW EQUITY;20211001
CURVAS;Tipo Classe;SWAP;12727;MSGBRCA LX Equity;20180719
CURVAS;Tipo Classe;SWAP;12967;MSGOPAH LX Equity;20180828
CURVAS;Tipo Classe;SWAP;17681;MSIFGUA LX EQUITY;20211116
CURVAS;Tipo Classe;SWAP;17682;MSIGLSA LX EQUITY;20211116
CURVAS;Tipo Classe;SWAP;17109;MSOS US EQUITY;20210527
CURVAS;Tipo Classe;SWAP;20340;MSOX US Equity;20221125
CURVAS;Tipo Classe;SWAP;17120;MSTR US EQUITY;20210608
CURVAS;Tipo Classe;SWAP;12969;MSUEGAH LX Equity;20180828
CURVAS;Tipo Classe;SWAP;15325;MSUSBS17 Index;20200729
CURVAS;Tipo Classe;SWAP;15326;MSUSBZ20 Index;20200729
CURVAS;Tipo Classe;SWAP;22620;MSUSDSR5 Index;20230718
CURVAS;Tipo Classe;SWAP;15327;MSUSMPT6 Index;20200729
CURVAS;Tipo Classe;SWAP;18406;MSUSMSGP Index;20220314
CURVAS;Tipo Classe;SWAP;17206;MSUSMT6E Index;20210720
CURVAS;Tipo Classe;SWAP;22240;MSUSMT6M Index;20230620
CURVAS;Tipo Classe;SWAP;5672;MT US Equity;20130418
CURVAS;Tipo Classe;SWAP;12827;MTCH US Equity;20180808
CURVAS;Tipo Classe;SWAP;15050;MTRE3 BZ Equity;20200505
CURVAS;Tipo Classe;SWAP;17620;MTZ US EQUITY;20211108
CURVAS;Tipo Classe;SWAP;9147;MU US Equity;20150209
CURVAS;Tipo Classe;SWAP;17434;MUR US EQUITY;20210929
CURVAS;Tipo Classe;SWAP;26581;MUTKCALM INDEX;20250428
CURVAS;Tipo Classe;SWAP;14444;MVFPSO 6.748 06/01/34 REGS - CORP;20191022
CURVAS;Tipo Classe;SWAP;15637;MWK US Equity;20210204
CURVAS;Tipo Classe;SWAP;5029;MXBR0CS – Brazil Consumer Staples Index;20120518
CURVAS;Tipo Classe;SWAP;6380;MXWO;20130820
CURVAS;Tipo Classe;SWAP;17395;MXWOTAPE INDEX;20210825
CURVAS;Tipo Classe;SWAP;7423;M1APJ INDEX;20140408
CURVAS;Tipo Classe;SWAP;15506;M1US000G Index;20201112
CURVAS;Tipo Classe;SWAP;15504;M1US000V Index;20201112
CURVAS;Tipo Classe;SWAP;15505;M1WO000G Index;20201112
CURVAS;Tipo Classe;SWAP;15507;M1WO000V Index;20201112
CURVAS;Tipo Classe;SWAP;23602;NACX0005 Index;20231114
CURVAS;Tipo Classe;SWAP;28321;NAEB0011 Index;20260305
CURVAS;Tipo Classe;SWAP;28041;NANC US Equity;20251216
CURVAS;Tipo Classe;SWAP;28661;NASA US Equity;20260526
CURVAS;Tipo Classe;SWAP;22321;NATURA 4 1/8 05/03/28 Corp;20230623
CURVAS;Tipo Classe;SWAP;22322;NATURA 6 04/19/29 Corp;20230623
CURVAS;Tipo Classe;SWAP;28563;NATU3 BZ Equity;20260420
CURVAS;Tipo Classe;SWAP;28644;NBIS US Equity;20260514
CURVAS;Tipo Classe;SWAP;26542;NBR US EQUITY;20250411
CURVAS;Tipo Classe;SWAP;6442;NBUSU1A ID - ISIN: IE00B775SV38;20130829
CURVAS;Tipo Classe;SWAP;22880;NDAQ US EQUITY;20230817
CURVAS;Tipo Classe;SWAP;7422;NDDUE15 INDEX;20140408
CURVAS;Tipo Classe;SWAP;12567;NDX Index;20180613
CURVAS;Tipo Classe;SWAP;27901;NDXNQER INDEX;20251117
CURVAS;Tipo Classe;SWAP;7141;NE US EQUITY;20140122
CURVAS;Tipo Classe;SWAP;15549;NEL NO Equity;20201208
CURVAS;Tipo Classe;SWAP;15413;NEM UN Equity;20200824
CURVAS;Tipo Classe;SWAP;9993;NEM US EQUITY;20150922
CURVAS;Tipo Classe;SWAP;15284;NEOE3 BZ Equity;20200721
CURVAS;Tipo Classe;SWAP;17801;NESN SE EQUITY;20211208
CURVAS;Tipo Classe;SWAP;6383;NETC4;20130820
CURVAS;Tipo Classe;SWAP;13849;NETS US Equity;20190411
CURVAS;Tipo Classe;SWAP;25701;NEUQUE 8 &#8541; 05/12/30 Corp;20241022
CURVAS;Tipo Classe;SWAP;14603;NEXA US Equity;20191127
CURVAS;Tipo Classe;SWAP;11763;NFLX US Equity;20171006
CURVAS;Tipo Classe;SWAP;13087;NFLX UW Equity;20180925
CURVAS;Tipo Classe;SWAP;5205;NG;20130321
CURVAS;Tipo Classe;SWAP;10695;NG US Equity;20160823
CURVAS;Tipo Classe;SWAP;15422;NGD US Equity;20200904
CURVAS;Tipo Classe;SWAP;19084;NHC AU Equity;20220712
CURVAS;Tipo Classe;SWAP;15992;NHY NO Equity;20210317
CURVAS;Tipo Classe;SWAP;12867;NH2ADRC FP Equity;20180810
CURVAS;Tipo Classe;SWAP;25260;NICE US EQUITY;20240819
CURVAS;Tipo Classe;SWAP;5629;NIHD US EQUITY;20130405
CURVAS;Tipo Classe;SWAP;12632;NIMEHYB LX Equity;20180629
CURVAS;Tipo Classe;SWAP;18102;NIO UN Equity;20220127
CURVAS;Tipo Classe;SWAP;6623;NKE US EQUITY;20131008
CURVAS;Tipo Classe;SWAP;15538;NKLA US Equity;20201201
CURVAS;Tipo Classe;SWAP;6701;NKY INDEX - NIKKEI;20131105
CURVAS;Tipo Classe;SWAP;15005;NLMK LI Equity;20200408
CURVAS;Tipo Classe;SWAP;9538;NLSN 5 04/15/22 Corp - REGS;20150430
CURVAS;Tipo Classe;SWAP;17402;NMM US Equity;20210830
CURVAS;Tipo Classe;SWAP;18713;NOC US Equity;20220512
CURVAS;Tipo Classe;SWAP;12631;NOCEBPE LX Equity;20180629
CURVAS;Tipo Classe;SWAP;8088;NOKIA 5 3/8  05/15/19 Corp;20140812
CURVAS;Tipo Classe;SWAP;12608;NORMABP LX Equity;20180627
CURVAS;Tipo Classe;SWAP;24;Nova Lira Turquia;20100517
CURVAS;Tipo Classe;SWAP;19738;NOVA US Equity;20220722
CURVAS;Tipo Classe;SWAP;25300;NOVOB DC EQUITY;20240822
CURVAS;Tipo Classe;SWAP;19739;NPI CN Equity;20220722
CURVAS;Tipo Classe;SWAP;17622;NRG US EQUITY;20211108
CURVAS;Tipo Classe;SWAP;5074;NTCO3;20120828
CURVAS;Tipo Classe;SWAP;11322;NTES US Equity;20170515
CURVAS;Tipo Classe;SWAP;11483;NTN-A;20170711
CURVAS;Tipo Classe;SWAP;5193;NTN-B;20130225
CURVAS;Tipo Classe;SWAP;5192;NTN-F;20130225
CURVAS;Tipo Classe;SWAP;18403;NTR US Equity;20220310
CURVAS;Tipo Classe;SWAP;17820;NU US EQUITY;20211210
CURVAS;Tipo Classe;SWAP;5142;NUE US EQUITY;20130107
CURVAS;Tipo Classe;SWAP;27403;NURS CN EQUITY;20250905
CURVAS;Tipo Classe;SWAP;16046;NVAX US Equity;20210414
CURVAS;Tipo Classe;SWAP;27863;NVDA UQ  Equity;20251113
CURVAS;Tipo Classe;SWAP;15659;NVDA US Equity;20210211
CURVAS;Tipo Classe;SWAP;24483;NVO UN EQUITY;20240313
CURVAS;Tipo Classe;SWAP;23380;NVO US EQUITY;20231018
CURVAS;Tipo Classe;SWAP;2476;NVS US Equity;20150904
CURVAS;Tipo Classe;SWAP;15928;NXE CN Equity;20210223
CURVAS;Tipo Classe;SWAP;16043;NXE US EQUITY;20210412
CURVAS;Tipo Classe;SWAP;21020;O US EQUITY;20230301
CURVAS;Tipo Classe;SWAP;11642;ODPV3 BZ Equity;20170824
CURVAS;Tipo Classe;SWAP;14849;OESA GR Equity;20200206
CURVAS;Tipo Classe;SWAP;5015;OGXP3;20120404
CURVAS;Tipo Classe;SWAP;5737;OHLMEX:MM Equity;20130508
CURVAS;Tipo Classe;SWAP;17112;OIBR3 BZ EQUITY;20210601
CURVAS;Tipo Classe;SWAP;7490;OIBR4 BZ EQUITY;20140422
CURVAS;Tipo Classe;SWAP;18384;OIH US Equity;20220303
CURVAS;Tipo Classe;SWAP;15997;OIL FP Equity;20210326
CURVAS;Tipo Classe;SWAP;19933;OKTA US Index;20220901
CURVAS;Tipo Classe;SWAP;15984;OLA CN Equity;20210312
CURVAS;Tipo Classe;SWAP;9948;OMAB MM EQUITY;20150807
CURVAS;Tipo Classe;SWAP;7984;OMAB US Equity;20140718
CURVAS;Tipo Classe;SWAP;12609;OMEAEHA ID Equity;20180627
CURVAS;Tipo Classe;SWAP;25222;Onco III;20240808
CURVAS;Tipo Classe;SWAP;25201;ONCO3 BZ EQUITY;20240807
CURVAS;Tipo Classe;SWAP;21140;OPÇÃO FUTURO CRUDE OIL;20230306
CURVAS;Tipo Classe;SWAP;17394;OPEN US Equity;20210823
CURVAS;Tipo Classe;SWAP;6157;ORA FP EQUITY;20130719
CURVAS;Tipo Classe;SWAP;24183;ORCL US EQUITY;20240122
CURVAS;Tipo Classe;SWAP;5153;OREXIO3M INDEX;20130111
CURVAS;Tipo Classe;SWAP;5160;OREXIO6M INDEX;20130114
CURVAS;Tipo Classe;SWAP;6319;OREXIO8M INDEX;20130813
CURVAS;Tipo Classe;SWAP;6077;OREXIO9M INDEX;20130717
CURVAS;Tipo Classe;SWAP;18720;ORSTED DCEquity;20220512
CURVAS;Tipo Classe;SWAP;17166;ORVR3 BZ EQUITY;20210701
CURVAS;Tipo Classe;SWAP;8947;OTC Iron Ore Swap (SGX Asiaclear);20150102
CURVAS;Tipo Classe;SWAP;17141;OUT1V FH EQUITY;20210610
CURVAS;Tipo Classe;SWAP;15801;OXY US Equity;20210222
CURVAS;Tipo Classe;SWAP;17788;PAAS US EQUITY;20211202
CURVAS;Tipo Classe;SWAP;12411;PAC US Equity;20180425
CURVAS;Tipo Classe;SWAP;12165;PAGS US Equity;20180124
CURVAS;Tipo Classe;SWAP;19923;PAH3 GR Equity;20220829
CURVAS;Tipo Classe;SWAP;25641;PAH3 GY EQUITY;20241014
CURVAS;Tipo Classe;SWAP;15934;PALL US Equity;20210225
CURVAS;Tipo Classe;SWAP;5145;PAM US EQUITY;20130108
CURVAS;Tipo Classe;SWAP;17501;PARAUCO CI EQUITY;20211018
CURVAS;Tipo Classe;SWAP;12548;PARD3 BZ Equity;20180611
CURVAS;Tipo Classe;SWAP;344;Paridade de Moedas sem Cross Rate;20111021
CURVAS;Tipo Classe;SWAP;17721;PAVE US EQUITY;20211122
CURVAS;Tipo Classe;SWAP;21540;PAX US EQUITY;20230414
CURVAS;Tipo Classe;SWAP;5176;PBR US EQUITY - PETRÓLEO;20130130
CURVAS;Tipo Classe;SWAP;9047;PBR/A US Equity;20150121
CURVAS;Tipo Classe;SWAP;19904;PBW US Equity;20220822
CURVAS;Tipo Classe;SWAP;16035;PCAR3 BZ Equity;20210405
CURVAS;Tipo Classe;SWAP;5075;PCAR4;20120828
CURVAS;Tipo Classe;SWAP;10697;PCI US Equity;20160825
CURVAS;Tipo Classe;SWAP;18120;PCMAGOI LX Equity;20220128
CURVAS;Tipo Classe;SWAP;23260;PCRUDTB1 PLDP INDEX;20231004
CURVAS;Tipo Classe;SWAP;13809;PDCAR 7 1/8 06/10/21 CORP;20190326
CURVAS;Tipo Classe;SWAP;5057;PDGR3;20120828
CURVAS;Tipo Classe;SWAP;20640;PEMEX CORP;20230118
CURVAS;Tipo Classe;SWAP;20641;PEMEX 5.35 02/12/28 Corp;20230118
CURVAS;Tipo Classe;SWAP;24480;PEN AU EQUITY;20240312
CURVAS;Tipo Classe;SWAP;5103;PEN NO EQUITY;20121212
CURVAS;Tipo Classe;SWAP;17307;PENN US EQUITY;20210813
CURVAS;Tipo Classe;SWAP;9990;PE&OLES* MM EQUITY;20150922
CURVAS;Tipo Classe;SWAP;20900;PEP UW EQUITY;20230223
CURVAS;Tipo Classe;SWAP;74;PESO ARGENTINO;20100517
CURVAS;Tipo Classe;SWAP;1015;Peso Chileno;20111118
CURVAS;Tipo Classe;SWAP;59;PESO/COLOMBIA;20100517
CURVAS;Tipo Classe;SWAP;69;PESO/MEXICO;20100517
CURVAS;Tipo Classe;SWAP;14924;PETBRA 5 3/4 02/01/29 CORP;20200303
CURVAS;Tipo Classe;SWAP;2555;PETBRA 5 &#8540; 01/27/21 Corp;20150916
CURVAS;Tipo Classe;SWAP;14805;PETBRA 6 7/8 01/20/40 CORP;20200117
CURVAS;Tipo Classe;SWAP;10579;PETBRA 6.85 06/05/15 Corp;20160608
CURVAS;Tipo Classe;SWAP;14823;PETBRA 6.9 03/19/49 CORP;20200121
CURVAS;Tipo Classe;SWAP;13589;PETBRA 7 14 03/17/44 Corp;20190211
CURVAS;Tipo Classe;SWAP;10578;PETBRA 8 ¾ 05/23/26 Corp;20160606
CURVAS;Tipo Classe;SWAP;10613;PETBRA 8 3/8 05/23/21 Corp;20160705
CURVAS;Tipo Classe;SWAP;5059;PETR3;20120828
CURVAS;Tipo Classe;SWAP;5048;PETR4;20120809
CURVAS;Tipo Classe;SWAP;13669;PETR4 (contínuo);20190220
CURVAS;Tipo Classe;SWAP;24620;PETZ3 BZ EQUITY;20240403
CURVAS;Tipo Classe;SWAP;23601;PEURNPHY Index;20231114
CURVAS;Tipo Classe;SWAP;7643;PFAVAL CB EQUITY;20140519
CURVAS;Tipo Classe;SWAP;7282;PFDAVVND CB Equity;20140220
CURVAS;Tipo Classe;SWAP;15615;PFE UN Equity;20210115
CURVAS;Tipo Classe;SWAP;9729;PFE US Equity;20150615
CURVAS;Tipo Classe;SWAP;12630;PFSECPC LX Equity;20180629
CURVAS;Tipo Classe;SWAP;24120;PGHN SE EQUITY;20240118
CURVAS;Tipo Classe;SWAP;13971;PGIPSVA ID Equity;20190605
CURVAS;Tipo Classe;SWAP;19973;PGMN3 BZ Equity;20220916
CURVAS;Tipo Classe;SWAP;8049;PGN US Equity;20140806
CURVAS;Tipo Classe;SWAP;28263;PHAG LN Equity;20260224
CURVAS;Tipo Classe;SWAP;6359;PHM US EQUITY;20130815
CURVAS;Tipo Classe;SWAP;17209;PHO US EQUITY;20210722
CURVAS;Tipo Classe;SWAP;25322;PICK UF EQUITY;20240826
CURVAS;Tipo Classe;SWAP;21880;PICK US EQUITY;20230523
CURVAS;Tipo Classe;SWAP;11743;PINEEHA ID Equity;20171003
CURVAS;Tipo Classe;SWAP;5039;PINE4;20120716
CURVAS;Tipo Classe;SWAP;11061;PINFRA MM Equity;20170215
CURVAS;Tipo Classe;SWAP;15926;PKX US Equity;20210223
CURVAS;Tipo Classe;SWAP;5149;PLAT COMDTY - PLATINUM;20130110
CURVAS;Tipo Classe;SWAP;5157;PLDMLNPM INDEX - PALLADIUM;20130111
CURVAS;Tipo Classe;SWAP;16042;PLTR US EQUITY;20210412
CURVAS;Tipo Classe;SWAP;15551;PLUG US Equity;20201209
CURVAS;Tipo Classe;SWAP;22300;PLV3 Comdty;20230622
CURVAS;Tipo Classe;SWAP;5095;PMAM3;20121204
CURVAS;Tipo Classe;SWAP;6881;POCFJIU ID EQUITY;20131204
CURVAS;Tipo Classe;SWAP;15542;POG LN Equity;20201204
CURVAS;Tipo Classe;SWAP;25282;POLGTRU ID EQUITY;20240821
CURVAS;Tipo Classe;SWAP;15543;POLY LN Equity;20201204
CURVAS;Tipo Classe;SWAP;13251;POMO4 BZ Equity;20181108
CURVAS;Tipo Classe;SWAP;26203;PORT3 BZ EQUITY;20250205
CURVAS;Tipo Classe;SWAP;18481;POSI3 BZ Equity;20220322
CURVAS;Tipo Classe;SWAP;9417;POST US Equity;20150413
CURVAS;Tipo Classe;SWAP;9992;PPC US EQUITY;20150922
CURVAS;Tipo Classe;SWAP;18001;PPG US Equity;20220120
CURVAS;Tipo Classe;SWAP;20421;PPI;20221202
CURVAS;Tipo Classe;SWAP;5137;PPLT US EQUITY;20130107
CURVAS;Tipo Classe;SWAP;5184;PRE CN EQUITY;20130215
CURVAS;Tipo Classe;SWAP;8629;PREC CB Equity;20141028
CURVAS;Tipo Classe;SWAP;15;Prefixado;20100517
CURVAS;Tipo Classe;SWAP;17403;PRIM US Equity;20210903
CURVAS;Tipo Classe;SWAP;18940;PRIO3 BZ Equity;20220622
CURVAS;Tipo Classe;SWAP;8448;PSH NA Equity;20141013
CURVAS;Tipo Classe;SWAP;18020;PSQ US Equity;20220121
CURVAS;Tipo Classe;SWAP;16047;PSSA3 BZ Equity;20210416
CURVAS;Tipo Classe;SWAP;18402;PST US Equity;20220310
CURVAS;Tipo Classe;SWAP;18725;PSX US EQUITY;20220513
CURVAS;Tipo Classe;SWAP;6620;PT US EQUITY;20131003
CURVAS;Tipo Classe;SWAP;19925;PTBAFIF BZ Equity;20220831
CURVAS;Tipo Classe;SWAP;5163;PTC PL EQUITY;20130121
CURVAS;Tipo Classe;SWAP;24060;PUSPETCD INDEX;20240112
CURVAS;Tipo Classe;SWAP;15547;PVG US Equity;20201208
CURVAS;Tipo Classe;SWAP;12568;PX US Equity;20180614
CURVAS;Tipo Classe;SWAP;15953;PXD US EQUITY;20210304
CURVAS;Tipo Classe;SWAP;15541;PYPL US Equity;20201202
CURVAS;Tipo Classe;SWAP;10793;PZE US Equity;20161019
CURVAS;Tipo Classe;SWAP;9279;P1Z GY EQUITY;20150320
CURVAS;Tipo Classe;SWAP;22600;P911 GR EQUITY;20230714
CURVAS;Tipo Classe;SWAP;58;QAR/RIAL-Catar;20100517
CURVAS;Tipo Classe;SWAP;17289;QBTC11 BZ Equity;20210812
CURVAS;Tipo Classe;SWAP;15929;QCLN US Equity;20210224
CURVAS;Tipo Classe;SWAP;17290;QETH11 BZ Equity;20210812
CURVAS;Tipo Classe;SWAP;7744;QGEP3 BZ EQUITY;20140604
CURVAS;Tipo Classe;SWAP;14190;QID US Equity;20190729
CURVAS;Tipo Classe;SWAP;15430;QQQ UP Equity;20200911
CURVAS;Tipo Classe;SWAP;12767;QQQ UQ Equity;20180723
CURVAS;Tipo Classe;SWAP;9478;QQQ US Equity;20150424
CURVAS;Tipo Classe;SWAP;15931;QQQJ US Equity;20210224
CURVAS;Tipo Classe;SWAP;11101;QSR US Equity;20170224
CURVAS;Tipo Classe;SWAP;26202;QTUM US Equity;20250205
CURVAS;Tipo Classe;SWAP;7509;QUAL3 BZ EQUITY;20140422
CURVAS;Tipo Classe;SWAP;27381;QXO US EQUITY;20250904
CURVAS;Tipo Classe;SWAP;10901;RA US Equity;20161208
CURVAS;Tipo Classe;SWAP;19081;RACE US Equity;20220712
CURVAS;Tipo Classe;SWAP;5117;RADL3;20121221
CURVAS;Tipo Classe;SWAP;12647;RAILBZ 5 7/8 01/08/25 CORP - REGS;20180704
CURVAS;Tipo Classe;SWAP;18400;RAIL3 BZ Equity;20220309
CURVAS;Tipo Classe;SWAP;5609;RAL FP EQUITY;20130403
CURVAS;Tipo Classe;SWAP;9233;Rand;20150313
CURVAS;Tipo Classe;SWAP;24422;RANI3 BZ Equity;20240301
CURVAS;Tipo Classe;SWAP;12888;RAPTONE BZ Equity;20180814
CURVAS;Tipo Classe;SWAP;13914;RAPT4 BZ Equity;20190503
CURVAS;Tipo Classe;SWAP;9108;RASSICPO MM Equity;20150129
CURVAS;Tipo Classe;SWAP;5008;Razão entre paridades PTAX e EMTA BRL;20120227
CURVAS;Tipo Classe;SWAP;6763;RBGLY US EQUITY;20131107
CURVAS;Tipo Classe;SWAP;24700;RCI/B CT EQUITY;20240416
CURVAS;Tipo Classe;SWAP;15978;RCL UN EQUITY;20210311
CURVAS;Tipo Classe;SWAP;19902;RCXT216W Index;20220822
CURVAS;Tipo Classe;SWAP;15305;RDEDOR 4 ½ 01/22/30 REGS CORP;20200722
CURVAS;Tipo Classe;SWAP;22380;RDLN3 Comdty;20230627
CURVAS;Tipo Classe;SWAP;19936;RDOR3BZ Equity;20220902
CURVAS;Tipo Classe;SWAP;18380;RDXS LN Equity;20220302
CURVAS;Tipo Classe;SWAP;15622;REMX UP Equity;20210120
CURVAS;Tipo Classe;SWAP;27241;REMX US EQUITY;20250814
CURVAS;Tipo Classe;SWAP;7510;RENT3 BZ EQUITY;20140422
CURVAS;Tipo Classe;SWAP;28106;RENT99;20260102
CURVAS;Tipo Classe;SWAP;18601;REP SM EQUITY;20220414
CURVAS;Tipo Classe;SWAP;18361;REZ US Equity;20220223
CURVAS;Tipo Classe;SWAP;8346;RIAL ARABIA SAUDITA;20140926
CURVAS;Tipo Classe;SWAP;22000;RIEK23 Comdty;20230530
CURVAS;Tipo Classe;SWAP;8386;RIG US Equity;20141002
CURVAS;Tipo Classe;SWAP;50;Ringgit Malásia;20100517
CURVAS;Tipo Classe;SWAP;5113;RIO US EQUITY;20121214
CURVAS;Tipo Classe;SWAP;17118;RIOT US EQUITY;20210608
CURVAS;Tipo Classe;SWAP;8828;RLOG3 BZ Equity;20141210
CURVAS;Tipo Classe;SWAP;15933;ROSN LI Equity;20210224
CURVAS;Tipo Classe;SWAP;21000;RPT US EQUITY;20230301
CURVAS;Tipo Classe;SWAP;5188;RR COMB COMDTY – ROUGH RICE – CBOT;20130221
CURVAS;Tipo Classe;SWAP;24780;RRRPBZ0231;20240506
CURVAS;Tipo Classe;SWAP;24920;RRRP3 BZ EQUITY;20240523
CURVAS;Tipo Classe;SWAP;17581;RS US EQUITY;20211104
CURVAS;Tipo Classe;SWAP;5064;RSID3;20120828
CURVAS;Tipo Classe;SWAP;23440;RSP UP EQUITY;20231024
CURVAS;Tipo Classe;SWAP;15124;RSX US Equity;20200529
CURVAS;Tipo Classe;SWAP;25440;RTYFPE INDEX;20240909
CURVAS;Tipo Classe;SWAP;10352;RUMO3 BZ Equity;20160115
CURVAS;Tipo Classe;SWAP;7986;RÚPIA;20140724
CURVAS;Tipo Classe;SWAP;18103;RWM US Equity;20220127
CURVAS;Tipo Classe;SWAP;10637;RYA ID Equity;20160726
CURVAS;Tipo Classe;SWAP;17540;SAABB SS EQUITY;20211021
CURVAS;Tipo Classe;SWAP;7783;SAB LN EQUITY;20140610
CURVAS;Tipo Classe;SWAP;11022;SAENER 7.4943 04/15/24 – 23;20170131
CURVAS;Tipo Classe;SWAP;27522;SAF FP Equity;20250918
CURVAS;Tipo Classe;SWAP;10150;SAMMIN 4 1/8 11/01/22 Corp - REGS;20151105
CURVAS;Tipo Classe;SWAP;10477;SAMMIN 5 3/8 09/26/24 Corp;20160422
CURVAS;Tipo Classe;SWAP;24200;SAN SM EQUITY;20260805
CURVAS;Tipo Classe;SWAP;5043;SANB11;20120716
CURVAS;Tipo Classe;SWAP;27302;SAP US EQUITY;20250826
CURVAS;Tipo Classe;SWAP;11943;SAPR11 BZ Equity;20171128
CURVAS;Tipo Classe;SWAP;11903;SAPR4 BZ Equity;20171117
CURVAS;Tipo Classe;SWAP;5186;SB COMDTY - SUGAR No.11 – NYB ICE Fut;20130221
CURVAS;Tipo Classe;SWAP;20560;SB US EQUITY;20230103
CURVAS;Tipo Classe;SWAP;24962;SBBC CN EQUITY;20240603
CURVAS;Tipo Classe;SWAP;15501;SBER LI Equity;20201105
CURVAS;Tipo Classe;SWAP;19979;SBFG3 BZ Equity;20220916
CURVAS;Tipo Classe;SWAP;17213;SBLK US Equity;20210726
CURVAS;Tipo Classe;SWAP;14291;SBS US Equity;20190905
CURVAS;Tipo Classe;SWAP;14966;SBSPBZ 6 ¼ 16/12/20 REGS CORP;20200316
CURVAS;Tipo Classe;SWAP;10376;SBSPBZ 6 1/4 12/16/20 Corp;20160302
CURVAS;Tipo Classe;SWAP;7512;SBSP3 BZ EQUITY;20140422
CURVAS;Tipo Classe;SWAP;18723;SBSW US Equity;20220513
CURVAS;Tipo Classe;SWAP;12487;SCCO US Equity;20180518
CURVAS;Tipo Classe;SWAP;10553;SCHA NO Equity;20160525
CURVAS;Tipo Classe;SWAP;15621;SCHA UP Equity;20210120
CURVAS;Tipo Classe;SWAP;12610;SCHGCAH LX Equity;20180627
CURVAS;Tipo Classe;SWAP;14684;SCHW US Equity;20191210
CURVAS;Tipo Classe;SWAP;8026;SCI 4 1/2  11/15/20 Corp;20140730
CURVAS;Tipo Classe;SWAP;12629;SCIEHYA LX Equity;20180629
CURVAS;Tipo Classe;SWAP;22100;SCORFDC BZ Equity;20230614
CURVAS;Tipo Classe;SWAP;14825;SCR CN Equity;20200122
CURVAS;Tipo Classe;SWAP;6621;SCSGUSA ID EQUITY;20131003
CURVAS;Tipo Classe;SWAP;19780;SDR Curncy;20220725
CURVAS;Tipo Classe;SWAP;7703;SDRL US EQUITY;20140602
CURVAS;Tipo Classe;SWAP;13349;SE US Equity;20181203
CURVAS;Tipo Classe;SWAP;9558;SEE 4 7/8 12/01/22 Corp - REGS;20150505
CURVAS;Tipo Classe;SWAP;29122;SEER3  BZ Equity;20260826
CURVAS;Tipo Classe;SWAP;16;Selic;20100517
CURVAS;Tipo Classe;SWAP;14743;Selic REFIS;20191219
CURVAS;Tipo Classe;SWAP;17800;SEQL3 BZ EQUITY;20211207
CURVAS;Tipo Classe;SWAP;29121;Ser Educacional;20260826
CURVAS;Tipo Classe;SWAP;15656;SF SS Equity;20210209
CURVAS;Tipo Classe;SWAP;17282;SFL US Equity;20210804
CURVAS;Tipo Classe;SWAP;12105;SFTBY US Equity;20180105
CURVAS;Tipo Classe;SWAP;9107;SGIXRP14 Index;20150129
CURVAS;Tipo Classe;SWAP;17860;SGM AU EQUITY;20211214
CURVAS;Tipo Classe;SWAP;20090;SGML UQ Equity;20221017
CURVAS;Tipo Classe;SWAP;20089;SGML UR Equity;20221017
CURVAS;Tipo Classe;SWAP;20120;SGML US Equity;20221024
CURVAS;Tipo Classe;SWAP;15429;SHE US Equity;20200910
CURVAS;Tipo Classe;SWAP;8089;Shekel;20140813
CURVAS;Tipo Classe;SWAP;19781;SHEL US Equity;20220725
CURVAS;Tipo Classe;SWAP;24560;SHIBOR;20240325
CURVAS;Tipo Classe;SWAP;15331;SHOP UN Equity;20200731
CURVAS;Tipo Classe;SWAP;9335;SHOW3 BZ EQUITY;20150331
CURVAS;Tipo Classe;SWAP;17143;SHY US EQUITY;20210617
CURVAS;Tipo Classe;SWAP;9027;SID US Equity;20150114
CURVAS;Tipo Classe;SWAP;15127;SIL US Equity;20200529
CURVAS;Tipo Classe;SWAP;22160;SIMH3 BZ EQUITY;20230616
CURVAS;Tipo Classe;SWAP;5152;SIX US EQUITY;20130110
CURVAS;Tipo Classe;SWAP;18382;SJB US Equity;20220303
CURVAS;Tipo Classe;SWAP;9888;SJNK US EQUITY;20150729
CURVAS;Tipo Classe;SWAP;15502;SKG LN Equity;20201109
CURVAS;Tipo Classe;SWAP;20107;SKIN US Equity;20221020
CURVAS;Tipo Classe;SWAP;15492;SKYY UP Equity;20201008
CURVAS;Tipo Classe;SWAP;18383;SLB US Equity;20220303
CURVAS;Tipo Classe;SWAP;13850;SLCE3 BZ Equity;20190415
CURVAS;Tipo Classe;SWAP;10413;SLED4 BZ Equity;20160324
CURVAS;Tipo Classe;SWAP;17009;SLV US Equity;20210506
CURVAS;Tipo Classe;SWAP;5133;SLVRLN INDEX - SILVER;20130102
CURVAS;Tipo Classe;SWAP;14886;SLX US Equity;20200220
CURVAS;Tipo Classe;SWAP;5017;SMAL11;20120404
CURVAS;Tipo Classe;SWAP;8968;SMCHILEB CI Equity;20150108
CURVAS;Tipo Classe;SWAP;19978;SMFT3 BZ Equity;20220916
CURVAS;Tipo Classe;SWAP;18711;SMGUS Equity;20220512
CURVAS;Tipo Classe;SWAP;17091;SMH UP Equity;20210514
CURVAS;Tipo Classe;SWAP;17401;SMH US Equity;20210827
CURVAS;Tipo Classe;SWAP;13769;SMIN US Equity;20190315
CURVAS;Tipo Classe;SWAP;13047;SMLS3 BZ Equity;20180912
CURVAS;Tipo Classe;SWAP;8148;SMSAAM CI Equity;20140820
CURVAS;Tipo Classe;SWAP;5041;SMTO3;20120716
CURVAS;Tipo Classe;SWAP;10981;SMU CI Equity;20170124
CURVAS;Tipo Classe;SWAP;11482;SNAP US Equity;20170711
CURVAS;Tipo Classe;SWAP;28543;SNDK US Equity;20260413
CURVAS;Tipo Classe;SWAP;11685;SNH GR Equity;20170901
CURVAS;Tipo Classe;SWAP;11684;SNH GY Equity;20170901
CURVAS;Tipo Classe;SWAP;9730;SNY US Equity;20150615
CURVAS;Tipo Classe;SWAP;17182;SOFR RATE INDEX;20210706
CURVAS;Tipo Classe;SWAP;28104;SOJA3 BZ Equity;20251229
CURVAS;Tipo Classe;SWAP;72;SOL Peruano;20100517
CURVAS;Tipo Classe;SWAP;18922;SOLAITER Index;20220615
CURVAS;Tipo Classe;SWAP;16105;SOLBCTH Index;20210420
CURVAS;Tipo Classe;SWAP;20162;SOLCYBV8 Index;20221028
CURVAS;Tipo Classe;SWAP;25842;SOLH11 BZ EQUITY;20241108
CURVAS;Tipo Classe;SWAP;12949;SOLWGOAL Index;20180824
CURVAS;Tipo Classe;SWAP;15658;SOLXPCOM Index;20210210
CURVAS;Tipo Classe;SWAP;18140;SOLXPESG Index;20220131
CURVAS;Tipo Classe;SWAP;17440;SOLXPGLV Index;20211005
CURVAS;Tipo Classe;SWAP;15508;SOLXPTEC Index;20201112
CURVAS;Tipo Classe;SWAP;16039;SONRGY21 INDEX;20210407
CURVAS;Tipo Classe;SWAP;16036;SONY US EQUITY;20210406
CURVAS;Tipo Classe;SWAP;5797;SORIANAB MM EQUITY;20130521
CURVAS;Tipo Classe;SWAP;24963;SOWG US EQUITY;20240603
CURVAS;Tipo Classe;SWAP;17404;SOXQ US Equity;20210903
CURVAS;Tipo Classe;SWAP;17413;SOXX UQ Equity;20210916
CURVAS;Tipo Classe;SWAP;5150;SOYBEAN FUTURE - CBOT;20130110
CURVAS;Tipo Classe;SWAP;28761;SPCX UW Equity;20260612
CURVAS;Tipo Classe;SWAP;12126;SPECFR6P;20180108
CURVAS;Tipo Classe;SWAP;15930;SPESG Index;20210224
CURVAS;Tipo Classe;SWAP;17416;SPE350UN Index;20210917
CURVAS;Tipo Classe;SWAP;10596;SPGB 1.95 04/30/26 Corp;20160624
CURVAS;Tipo Classe;SWAP;23701;SPGI US EQUITY;20231205
CURVAS;Tipo Classe;SWAP;12387;SPOT US Equity;20180413
CURVAS;Tipo Classe;SWAP;17148;SPSIMMTR Index;20210618
CURVAS;Tipo Classe;SWAP;23520;SPW INDEX;20231101
CURVAS;Tipo Classe;SWAP;5182;SPX INDEX - S&P 500 INDEX;20130208
CURVAS;Tipo Classe;SWAP;15449;SPXESUP Index;20200928
CURVAS;Tipo Classe;SWAP;20860;SPXFP INDEX;20230217
CURVAS;Tipo Classe;SWAP;25661;SPXFV35E INDEX;20241017
CURVAS;Tipo Classe;SWAP;17204;SPXI11 BZ EQUITY;20210715
CURVAS;Tipo Classe;SWAP;13229;SPXT10UE Index;20181107
CURVAS;Tipo Classe;SWAP;14159;SPXU US Equity;20190723
CURVAS;Tipo Classe;SWAP;9540;SPY UP Equity;20150504
CURVAS;Tipo Classe;SWAP;5116;SPY US EQUITY;20121220
CURVAS;Tipo Classe;SWAP;12127;SP5LVI;20180108
CURVAS;Tipo Classe;SWAP;15332;SQ UN Equity;20200731
CURVAS;Tipo Classe;SWAP;15655;SQ US Equity;20210209
CURVAS;Tipo Classe;SWAP;12267;SQM US Equity;20180301
CURVAS;Tipo Classe;SWAP;14090;SQQQ US Equity;20190708
CURVAS;Tipo Classe;SWAP;23800;SRNA3 BZ EQUITY;20231214
CURVAS;Tipo Classe;SWAP;14130;SRTY US Equity;20190716
CURVAS;Tipo Classe;SWAP;24521;SSL US EQUITY;20240319
CURVAS;Tipo Classe;SWAP;13253;STBP3 BZ Equity;20181108
CURVAS;Tipo Classe;SWAP;19942;STLD US Equity;20220908
CURVAS;Tipo Classe;SWAP;13309;STNE US Equity;20181128
CURVAS;Tipo Classe;SWAP;19660;STO AU Equity;20220720
CURVAS;Tipo Classe;SWAP;9396;STQ FP EQUITY;20150408
CURVAS;Tipo Classe;SWAP;5651;STR FP EQUITY;20130412
CURVAS;Tipo Classe;SWAP;8186;STS FP Equity;20140828
CURVAS;Tipo Classe;SWAP;9235;STX US Equity;20150316
CURVAS;Tipo Classe;SWAP;8246;STZ FP Equity;20140909
CURVAS;Tipo Classe;SWAP;9543;STZ 4 1/4 05/01/23 Corp;20150505
CURVAS;Tipo Classe;SWAP;9731;SUNE US Equity;20150615
CURVAS;Tipo Classe;SWAP;12347;SUPV US Equity;20180320
CURVAS;Tipo Classe;SWAP;15498;SUSC US Equity;20201030
CURVAS;Tipo Classe;SWAP;13973;SUZ US Equity;20190606
CURVAS;Tipo Classe;SWAP;9581;SUZANO 5 7/8 01/23/21 Corp - REGS;20150512
CURVAS;Tipo Classe;SWAP;11923;SUZB3 BZ Equity;20171123
CURVAS;Tipo Classe;SWAP;5093;SUZB5;20121024
CURVAS;Tipo Classe;SWAP;26126;SXGEGSP INDEX;20250115
CURVAS;Tipo Classe;SWAP;19900;SXPPEX GY Equity;20220818
CURVAS;Tipo Classe;SWAP;5190;SX5E INDEX;20130225
CURVAS;Tipo Classe;SWAP;9315;SX5EEX GY EQUITY;20150323
CURVAS;Tipo Classe;SWAP;8166;SX7E Index;20140827
CURVAS;Tipo Classe;SWAP;17155;S32 LN EQUITY;20210624
CURVAS;Tipo Classe;SWAP;8707;T 2 &#8540; 08/15/24 Govt;20141111
CURVAS;Tipo Classe;SWAP;14075;TAEE11 BZ Equity;20190702
CURVAS;Tipo Classe;SWAP;10633;TAP US Equity;20160718
CURVAS;Tipo Classe;SWAP;15364;TAST US Equity;20200807
CURVAS;Tipo Classe;SWAP;25000;TA-35 INDEX;20240614
CURVAS;Tipo Classe;SWAP;7241;TBLE3 BZ EQUITY;20140217
CURVAS;Tipo Classe;SWAP;15991;TBT US Equity;20210317
CURVAS;Tipo Classe;SWAP;18300;TBX US Equity;20220214
CURVAS;Tipo Classe;SWAP;12047;TCEHY US Equity;20171220
CURVAS;Tipo Classe;SWAP;7803;TCSA3 BZ EQUITY;20140611
CURVAS;Tipo Classe;SWAP;8886;TDG 5 1/2 10/15/20 Corp;20141218
CURVAS;Tipo Classe;SWAP;17140;TDY US EQUITY;20210610
CURVAS;Tipo Classe;SWAP;15184;TECK US Equity;20200617
CURVAS;Tipo Classe;SWAP;5165;TEF SM EQUITY;20130121
CURVAS;Tipo Classe;SWAP;9297;TEG GY EQUITY;20150320
CURVAS;Tipo Classe;SWAP;12910;TEI US Equity;20180815
CURVAS;Tipo Classe;SWAP;15553;TENB US Equity;20201221
CURVAS;Tipo Classe;SWAP;17430;TEND3 BZ EQUITY;20210924
CURVAS;Tipo Classe;SWAP;6344;TEO US EQUITY;20130815
CURVAS;Tipo Classe;SWAP;17924;TERM SOFR 1M;20211222
CURVAS;Tipo Classe;SWAP;17921;TERM SOFR 12M;20211222
CURVAS;Tipo Classe;SWAP;17923;TERM SOFR 3M;20211222
CURVAS;Tipo Classe;SWAP;17922;TERM SOFR 6M;20211222
CURVAS;Tipo Classe;SWAP;8547;TERRA13 MM Equity;20141022
CURVAS;Tipo Classe;SWAP;18712;TEX US Equity;20220512
CURVAS;Tipo Classe;SWAP;19980;TFCO4 BZ Equity;20220916
CURVAS;Tipo Classe;SWAP;18980;TGA LN Equity;20220623
CURVAS;Tipo Classe;SWAP;26861;TGMA3 BZ EQUITY;20250623
CURVAS;Tipo Classe;SWAP;11023;TGS US Equity;20170202
CURVAS;Tipo Classe;SWAP;9438;The FTSE/JSE Top 40 Index Future;20150422
CURVAS;Tipo Classe;SWAP;9395;The SGX Nifty Index Future;20150408
CURVAS;Tipo Classe;SWAP;6057;TIIE;20130712
CURVAS;Tipo Classe;SWAP;23420;TII150733;20231023
CURVAS;Tipo Classe;SWAP;5070;TIMP3;20120828
CURVAS;Tipo Classe;SWAP;19850;TIP US Equity;20220809
CURVAS;Tipo Classe;SWAP;5167;TIT IM EQUITY;20130121
CURVAS;Tipo Classe;SWAP;6419;Título do Tesouro Americano;20130827
CURVAS;Tipo Classe;SWAP;16111;Títulos do Tesouro Chinês;20210422
CURVAS;Tipo Classe;SWAP;13;TJLP;20100517
CURVAS;Tipo Classe;SWAP;1000;TJMI-DOLAR;20111021
CURVAS;Tipo Classe;SWAP;1001;TJMI-EURO;20111021
CURVAS;Tipo Classe;SWAP;1002;TJMI-IENE;20111021
CURVAS;Tipo Classe;SWAP;1003;TJMI-LIBRA;20111021
CURVAS;Tipo Classe;SWAP;24161;TLR - 136;20240122
CURVAS;Tipo Classe;SWAP;23840;TLT UP EQUITY;20231219
CURVAS;Tipo Classe;SWAP;23540;TLT UQ EQUITY;20231108
CURVAS;Tipo Classe;SWAP;15345;TLT US Equity;20200804
CURVAS;Tipo Classe;SWAP;28701;TMC US Equity;20260528
CURVAS;Tipo Classe;SWAP;24482;TMO UN EQUITY;20240313
CURVAS;Tipo Classe;SWAP;27303;TMO US EQUITY;20250826
CURVAS;Tipo Classe;SWAP;24100;TNP US EQUITY;20240117
CURVAS;Tipo Classe;SWAP;14970;TOTS3 BZ Equity;20200323
CURVAS;Tipo Classe;SWAP;5092;TPIS3;20121005
CURVAS;Tipo Classe;SWAP;12228;TPX Index;20180223
CURVAS;Tipo Classe;SWAP;9168;TPX US Equity;20150213
CURVAS;Tipo Classe;SWAP;70;TR;20100517
CURVAS;Tipo Classe;SWAP;18600;TRAD3 BZ EQUITY;20220412
CURVAS;Tipo Classe;SWAP;29081;TRBL11 BZ Equity;20260821
CURVAS;Tipo Classe;SWAP;11622;TRICOT CI Equity;20170811
CURVAS;Tipo Classe;SWAP;26681;TRIS3 BZ EQUITY;20250521
CURVAS;Tipo Classe;SWAP;27281;Troca de Indexador;20250819
CURVAS;Tipo Classe;SWAP;27401;TROX US EQUITY;20250905
CURVAS;Tipo Classe;SWAP;5088;TRPN3;20120914
CURVAS;Tipo Classe;SWAP;10513;TRUP US Equity;20160502
CURVAS;Tipo Classe;SWAP;28182;TRXF11 BZ EQUITY;20260127
CURVAS;Tipo Classe;SWAP;5197;TSCDY US EQUITY;20130226
CURVAS;Tipo Classe;SWAP;5203;TSCO LN Equity;20130312
CURVAS;Tipo Classe;SWAP;6821;TSLA US EQUITY;20131118
CURVAS;Tipo Classe;SWAP;15665;TSLA UW Equity;20210218
CURVAS;Tipo Classe;SWAP;24604;TSM UN EQUITY;20240402
CURVAS;Tipo Classe;SWAP;16040;TSM US EQUITY;20210408
CURVAS;Tipo Classe;SWAP;9991;TSN US EQUITY;20150922
CURVAS;Tipo Classe;SWAP;18420;TTE FP Equity;20220315
CURVAS;Tipo Classe;SWAP;12046;TTWO US Equity;20171220
CURVAS;Tipo Classe;SWAP;24603;TTWO UW EQUITY;20240402
CURVAS;Tipo Classe;SWAP;9583;TUPY 6 5/8 07/17/24 Corp;20150514
CURVAS;Tipo Classe;SWAP;10514;TUPY3 BZ Equity;20160503
CURVAS;Tipo Classe;SWAP;14850;TUR US Equity;20200211
CURVAS;Tipo Classe;SWAP;5202;TV US Equity;20130312
CURVAS;Tipo Classe;SWAP;9584;TWC US Equity;20150514
CURVAS;Tipo Classe;SWAP;19960;TWTR US Equity;20220914
CURVAS;Tipo Classe;SWAP;5138;TX US EQUITY;20130107
CURVAS;Tipo Classe;SWAP;15548;U CN Equity;20201208
CURVAS;Tipo Classe;SWAP;15986;UAL US Equity;20210312
CURVAS;Tipo Classe;SWAP;14803;UBER UN Equity;20200115
CURVAS;Tipo Classe;SWAP;28364;UCAI15AH Index;20260318
CURVAS;Tipo Classe;SWAP;23240;UDI;20231003
CURVAS;Tipo Classe;SWAP;15996;UEC US Equity;20210323
CURVAS;Tipo Classe;SWAP;7483;UGPA3 BZ EQUITY;20140422
CURVAS;Tipo Classe;SWAP;5777;UHR VX Equity;20130514
CURVAS;Tipo Classe;SWAP;5917;UHRN SW EQUITY;20130620
CURVAS;Tipo Classe;SWAP;10595;UKX INDEX;20160624
CURVAS;Tipo Classe;SWAP;20108;ULTA US Equity;20221020
CURVAS;Tipo Classe;SWAP;18960;UMG NA Equity;20220622
CURVAS;Tipo Classe;SWAP;10535;UMSELIC 143;20160519
CURVAS;Tipo Classe;SWAP;19865;UNG US Equity;20220812
CURVAS;Tipo Classe;SWAP;18561;UNH US EQUITY;20220406
CURVAS;Tipo Classe;SWAP;5094;Unidade de Fomento (UF) - Chile;20121109
CURVAS;Tipo Classe;SWAP;9627;UNIFINA MM Equity;20150522
CURVAS;Tipo Classe;SWAP;13972;UNIGEL 10 1/2 01/22/24 REGS - Corp;20190606
CURVAS;Tipo Classe;SWAP;24531;UNIP6 BZ EQUITY;20240320
CURVAS;Tipo Classe;SWAP;15613;URA US Equity;20210114
CURVAS;Tipo Classe;SWAP;15993;URNM US Equity;20210318
CURVAS;Tipo Classe;SWAP;15224;URTH US Equity;20200625
CURVAS;Tipo Classe;SWAP;17;US$ Australia;20100517
CURVAS;Tipo Classe;SWAP;18;US$ Canada;20100517
CURVAS;Tipo Classe;SWAP;1011;US$ Hong Kong;20111107
CURVAS;Tipo Classe;SWAP;29061; US$ PTAX Venda;20260818
CURVAS;Tipo Classe;SWAP;21;US$ Spot;20100517
CURVAS;Tipo Classe;SWAP;15552;USCARN8E Index;20201215
CURVAS;Tipo Classe;SWAP;24184;USD SOFR SWAP OIS;20240122
CURVAS;Tipo Classe;SWAP;26882;USDDOP BGN Curncy;20250625
CURVAS;Tipo Classe;SWAP;15166;USFD US Equity;20200612
CURVAS;Tipo Classe;SWAP;14110;USIM 5 7/8 07/18/26 REGS - CORP;20190712
CURVAS;Tipo Classe;SWAP;7344;USIM3;20140318
CURVAS;Tipo Classe;SWAP;5060;USIM5;20120828
CURVAS;Tipo Classe;SWAP;24185;USISSO10 INDEX;20240122
CURVAS;Tipo Classe;SWAP;10292;USO UP Equity;20160106
CURVAS;Tipo Classe;SWAP;10359;USO US Equity;20160216
CURVAS;Tipo Classe;SWAP;20000;USOSFR5 BGN Curncy;20220926
CURVAS;Tipo Classe;SWAP;17910;USRT US EQUITY;20211220
CURVAS;Tipo Classe;SWAP;17389;U-U CN Equity;20210819
CURVAS;Tipo Classe;SWAP;17285;U/U CT Equity;20210804
CURVAS;Tipo Classe;SWAP;15418;UUP UP Equity;20200827
CURVAS;Tipo Classe;SWAP;18800;UUP US EQUITY;20220523
CURVAS;Tipo Classe;SWAP;10375;UVE US Equity;20160301
CURVAS;Tipo Classe;SWAP;14663;V UN Equity;20191209
CURVAS;Tipo Classe;SWAP;14443;V US Equity;20191021
CURVAS;Tipo Classe;SWAP;19004;VAGU LN Equity;20220629
CURVAS;Tipo Classe;SWAP;5180;VALE US EQUITY;20130205
CURVAS;Tipo Classe;SWAP;18220;VALEBZ Float PERP Corp;20220204
CURVAS;Tipo Classe;SWAP;10312;VALEBZ 4 3/8 01/11/22 Corp;20160108
CURVAS;Tipo Classe;SWAP;13549;VALEBZ 5 78 06/10/21 Corp;20190130
CURVAS;Tipo Classe;SWAP;10475;VALEBZ 6 7/8 11/21/36 Corp;20160420
CURVAS;Tipo Classe;SWAP;10634;VALEBZ 8 ¼ 01/17/34 Corp;20160725
CURVAS;Tipo Classe;SWAP;6257;VALE/P US EQUITY;20130801
CURVAS;Tipo Classe;SWAP;5058;VALE3;20120828
CURVAS;Tipo Classe;SWAP;15636;VAMO3 BZ Equity;20210129
CURVAS;Tipo Classe;SWAP;26863;VBBR3 BZ EQUITY;20250624
CURVAS;Tipo Classe;SWAP;18002;VDE US Equity;20220120
CURVAS;Tipo Classe;SWAP;18682;VEGI UP EQUITY;20220427
CURVAS;Tipo Classe;SWAP;11261;VESTA MM Equity;20170331
CURVAS;Tipo Classe;SWAP;10754;VGI US Equity;20160912
CURVAS;Tipo Classe;SWAP;9539;VGK UP Equity;20150430
CURVAS;Tipo Classe;SWAP;9275;VGK US Equity;20150319
CURVAS;Tipo Classe;SWAP;24020;VGT UP EQUITY;20240111
CURVAS;Tipo Classe;SWAP;13108;VGT US Equity;20180928
CURVAS;Tipo Classe;SWAP;28203;VH1 Comdty;20260202
CURVAS;Tipo Classe;SWAP;23060;VIIA3 BZ EQUITY;20230912
CURVAS;Tipo Classe;SWAP;15635;VINP US Equity;20210129
CURVAS;Tipo Classe;SWAP;23460;VIST US EQUITY;20231026
CURVAS;Tipo Classe;SWAP;11623;VISTAA MM Equity;20170811
CURVAS;Tipo Classe;SWAP;9582;VITROA MM Equity;20150513
CURVAS;Tipo Classe;SWAP;9397;VIV US Equity;20150409
CURVAS;Tipo Classe;SWAP;19981;VIVA3 BZ Equity;20220916
CURVAS;Tipo Classe;SWAP;5082;VIVT4;20120828
CURVAS;Tipo Classe;SWAP;11041;VIX INDEX;20170206
CURVAS;Tipo Classe;SWAP;10753;VIXY US Equity;20160912
CURVAS;Tipo Classe;SWAP;24532;VLID3 BZ EQUITY;20240320
CURVAS;Tipo Classe;SWAP;18405;VLO US Equity;20220311
CURVAS;Tipo Classe;SWAP;15998;VMC US Equity;20210326
CURVAS;Tipo Classe;SWAP;2575;VNA GY EQUITY;20150918
CURVAS;Tipo Classe;SWAP;17152;VNLNDPL BZ Equity;20210622
CURVAS;Tipo Classe;SWAP;15973;VNQ UP EQUITY;20210308
CURVAS;Tipo Classe;SWAP;15408;VNQ US Equity;20200819
CURVAS;Tipo Classe;SWAP;10170;VOLARA MM EQUITY;20151110
CURVAS;Tipo Classe;SWAP;12707;VOTORA 4 3/4 06/17/24 CORP;20180717
CURVAS;Tipo Classe;SWAP;10573;VOTORA 7 1/4 04/05/41 Corp;20160602
CURVAS;Tipo Classe;SWAP;9087;VRSN US Equity;20150126
CURVAS;Tipo Classe;SWAP;15490;VRTX UW Equity;20201008
CURVAS;Tipo Classe;SWAP;8906;VRX US Equity;20141222
CURVAS;Tipo Classe;SWAP;17435;VST US EQUITY;20210929
CURVAS;Tipo Classe;SWAP;15344;VSTA US Equity;20200803
CURVAS;Tipo Classe;SWAP;17407;VT UP Equity;20210909
CURVAS;Tipo Classe;SWAP;17408;VTEX US Equity;20210909
CURVAS;Tipo Classe;SWAP;17980;VTRU US Equity;20220118
CURVAS;Tipo Classe;SWAP;15144;VVAR3 BZ Equity;20200603
CURVAS;Tipo Classe;SWAP;17436;VVEO3 BZ EQUITY;20210929
CURVAS;Tipo Classe;SWAP;14824;VVNT US Equity;20200121
CURVAS;Tipo Classe;SWAP;12085;VXX US Equity;20180104
CURVAS;Tipo Classe;SWAP;7301;WAGTX US Equity;20140306
CURVAS;Tipo Classe;SWAP;17096;WALDU US Equity;20210521
CURVAS;Tipo Classe;SWAP;5694;WALMEXV MM EQUITY;20130424
CURVAS;Tipo Classe;SWAP;12628;WAMOAHE ID Equity;20180629
CURVAS;Tipo Classe;SWAP;13629;WB US Equity;20190218
CURVAS;Tipo Classe;SWAP;13951;WCAGY US Equity;20190522
CURVAS;Tipo Classe;SWAP;17167;WCN US EQUITY;20210702
CURVAS;Tipo Classe;SWAP;18900;WDS US Equity;20220609
CURVAS;Tipo Classe;SWAP;23340;WEGE3 BZ Equity;20231010
CURVAS;Tipo Classe;SWAP;5147;WFC US EQUITY;20130110
CURVAS;Tipo Classe;SWAP;19083;WHC AU Equity;20220712
CURVAS;Tipo Classe;SWAP;7401;WIN 7 1/2  04/01/23 CORP;20140325
CURVAS;Tipo Classe;SWAP;17183;WIX US EQUITY;20210707
CURVAS;Tipo Classe;SWAP;27962;WIZZ LN;20251126
CURVAS;Tipo Classe;SWAP;18461;WM US Equity;20220317
CURVAS;Tipo Classe;SWAP;19640;WMT UN Equity;20220715
CURVAS;Tipo Classe;SWAP;5124;WN Ultra T Bond;20121221
CURVAS;Tipo Classe;SWAP;1013;WON/Coreia do Sul;20111108
CURVAS;Tipo Classe;SWAP;13993;WORK US Equity;20190624
CURVAS;Tipo Classe;SWAP;18704;WPL AU EQUITY;20220511
CURVAS;Tipo Classe;SWAP;10734;WPPGY US Equity;20160908
CURVAS;Tipo Classe;SWAP;15517;WRK US Equity;20201117
CURVAS;Tipo Classe;SWAP;5171;WTI CRUDE FUTURE - NYMEX;20130129
CURVAS;Tipo Classe;SWAP;24740;WUC CN EQUITY;20240429
CURVAS;Tipo Classe;SWAP;17099;X US Equity;20210525
CURVAS;Tipo Classe;SWAP;18381;XAR US Equity;20220303
CURVAS;Tipo Classe;SWAP;18686;XBI US EQUITY;20220428
CURVAS;Tipo Classe;SWAP;22560;XBU3 Comdty;20230712
CURVAS;Tipo Classe;SWAP;29161;XB3511 BZ Equity;20260831
CURVAS;Tipo Classe;SWAP;28301;XB5011 BZ Equity;20260302
CURVAS;Tipo Classe;SWAP;12627;XCRER1C LX Equity;20180629
CURVAS;Tipo Classe;SWAP;15546;XDR BGN Curncy;20201207
CURVAS;Tipo Classe;SWAP;17111;XHB UP EQUITY;20210528
CURVAS;Tipo Classe;SWAP;15421;XHB US Equity;20200902
CURVAS;Tipo Classe;SWAP;17736;XLB US EQUITY;20211124
CURVAS;Tipo Classe;SWAP;10191;XLE US Equity;20151118
CURVAS;Tipo Classe;SWAP;23360;XLF UP EQUITY;20231016
CURVAS;Tipo Classe;SWAP;8686;XLF US Equity;20141106
CURVAS;Tipo Classe;SWAP;6459;XLI US EQUITY;20130903
CURVAS;Tipo Classe;SWAP;8167;XLK US EQUITY;20140827
CURVAS;Tipo Classe;SWAP;17414;XLNX US Equity;20210916
CURVAS;Tipo Classe;SWAP;23361;XLP UP EQUITY;20231016
CURVAS;Tipo Classe;SWAP;5170;XLP US EQUITY;20130124
CURVAS;Tipo Classe;SWAP;25321;XLU UP EQUITY;20240826
CURVAS;Tipo Classe;SWAP;15165;XLU US Equity;20200610
CURVAS;Tipo Classe;SWAP;15064;XLV UP Equity;20200512
CURVAS;Tipo Classe;SWAP;6460;XLY US EQUITY;20130903
CURVAS;Tipo Classe;SWAP;25320;XME UP EQUITY;20240826
CURVAS;Tipo Classe;SWAP;17720;XME US EQUITY;20211122
CURVAS;Tipo Classe;SWAP;15955;XOM US EQUITY;20210304
CURVAS;Tipo Classe;SWAP;14988;XOP US Equity;20200331
CURVAS;Tipo Classe;SWAP;14686;XP US Equity;20191211
CURVAS;Tipo Classe;SWAP;18341;XPBR31 BZ Equity;20220216
CURVAS;Tipo Classe;SWAP;15044;XPH UP Equity;20200428
CURVAS;Tipo Classe;SWAP;11141;XRT US Equity;20170307
CURVAS;Tipo Classe;SWAP;15620;XSOE UP Equity;20210120
CURVAS;Tipo Classe;SWAP;24542;XYF US EQUITY;20240321
CURVAS;Tipo Classe;SWAP;15990;YCA LN Equity;20210317
CURVAS;Tipo Classe;SWAP;15025;YDUQ3 BZ Equity;20200424
CURVAS;Tipo Classe;SWAP;15533;YNDX US Equity;20201125
CURVAS;Tipo Classe;SWAP;15802;YOLO US Equity;20210222
CURVAS;Tipo Classe;SWAP;6345;YPF US EQUITY;20130815
CURVAS;Tipo Classe;SWAP;24543;YRD US EQUITY;20240322
CURVAS;Tipo Classe;SWAP;27;Yuan China;20100517
CURVAS;Tipo Classe;SWAP;15499;ZEN US Equity;20201103
CURVAS;Tipo Classe;SWAP;18841;ZEO CN EQUITY;20220531
CURVAS;Tipo Classe;SWAP;27108;ZETA US EQUITY;20250729
CURVAS;Tipo Classe;SWAP;17283;ZIM US Equity;20210804
CURVAS;Tipo Classe;SWAP;20005;ZINCO SPOT;20220927
CURVAS;Tipo Classe;SWAP;8227;Zloty;20140904
CURVAS;Tipo Classe;SWAP;21980;ZRWK23 Comdty;20230530
CURVAS;Tipo Classe;SWAP;8709;ZTS US Equity;20141112
CURVAS;Tipo Classe;SWAP;27986;002028 CH Equity;20251127
CURVAS;Tipo Classe;SWAP;26502;002050 C2 EQUITY;20250410
CURVAS;Tipo Classe;SWAP;26514;002472 C2 EQUITY;20250410
CURVAS;Tipo Classe;SWAP;26518;002600 C2 EQUITY;20250410
CURVAS;Tipo Classe;SWAP;26524;002698 C2 EQUITY;20250410
CURVAS;Tipo Classe;SWAP;26511;002747 C2 EQUITY;20250410
CURVAS;Tipo Classe;SWAP;26504;002896 C2 EQUITY;20250410
CURVAS;Tipo Classe;SWAP;26506;002979 C2 EQUITY;20250410
CURVAS;Tipo Classe;SWAP;26509;003021 C2 EQUITY;20250410
CURVAS;Tipo Classe;SWAP;13569;005930 KP Equity;20190131
CURVAS;Tipo Classe;SWAP;24540;1211 HK EQUITY;20240321
CURVAS;Tipo Classe;SWAP;17215;2020 NO Equity;20210726
CURVAS;Tipo Classe;SWAP;22580;3YU3 Comdty;20230713
CURVAS;Tipo Classe;SWAP;26508;300007 C2 EQUITY;20250410
CURVAS;Tipo Classe;SWAP;27983;300308 CH Equity;20251127
CURVAS;Tipo Classe;SWAP;26515;300580 C2 EQUITY;20250410
CURVAS;Tipo Classe;SWAP;26520;300607 C2 EQUITY;20250410
CURVAS;Tipo Classe;SWAP;26510;300718 C2 EQUITY;20250410
CURVAS;Tipo Classe;SWAP;26512;300748 C2 EQUITY;20250410
CURVAS;Tipo Classe;SWAP;27981;3750 HK Equity;20251127
CURVAS;Tipo Classe;SWAP;11423;600519 CH Equity;20170612
CURVAS;Tipo Classe;SWAP;26513;600580 C1 EQUITY;20250410
CURVAS;Tipo Classe;SWAP;26501;601100 C1 EQUITY;20250410
CURVAS;Tipo Classe;SWAP;26503;601689 C1 EQUITY;20250410
CURVAS;Tipo Classe;SWAP;26516;603009 C1 EQUITY;20250410
CURVAS;Tipo Classe;SWAP;27984;603228 CH Equity;20251127
CURVAS;Tipo Classe;SWAP;26505;603416 C1 EQUITY;20250410
CURVAS;Tipo Classe;SWAP;26521;603662 C1 EQUITY;20250410
CURVAS;Tipo Classe;SWAP;26525;603667 C1 EQUITY;20250410
CURVAS;Tipo Classe;SWAP;26517;603728 C1 EQUITY;20250410
CURVAS;Tipo Classe;SWAP;26507;603915 C1 EQUITY;20250410
CURVAS;Tipo Classe;SWAP;13689;6758 JP Equity;20190227
CURVAS;Tipo Classe;SWAP;12207;6758 JT Equity;20180219
CURVAS;Tipo Classe;SWAP;26522;688017 C1 EQUITY;20250410
CURVAS;Tipo Classe;SWAP;26523;688165 C1 EQUITY;20250410
CURVAS;Tipo Classe;SWAP;27985;688256 CH Equity;20251127
CURVAS;Tipo Classe;SWAP;26519;688698 C1 EQUITY;20250410
CURVAS;Tipo Classe;SWAP;14191;7974 JT;20190730
CURVAS;Tipo Classe;SWAP;27982;9880 HK Equity;20251127
DOMINIOS;Finalidade;CCB;7723;Capital de Giro;20140603
DOMINIOS;Finalidade;CCB;6098;Comercialização;20140530
DOMINIOS;Finalidade;CCB;6096;Custeio;20140530
DOMINIOS;Finalidade;CCB;13910;Industrialização;20190430
DOMINIOS;Finalidade;CCB;6120;Investimento;20140530
DOMINIOS;Finalidade;CCB;6099;Não se Aplica;20140530
DOMINIOS;Origem de Crédito;CCB;5556;Capital de Giro;20130419
DOMINIOS;Origem de Crédito;CCB;5548;CDC;20130419
DOMINIOS;Origem de Crédito;CCB;5563;Crédito com Garantia Imobiliária;20230920
DOMINIOS;Origem de Crédito;CCB;5546;Credito Imobiliario;20130419
DOMINIOS;Origem de Crédito;CCB;5547;Credito Pessoal;20130419
DOMINIOS;Origem de Crédito;CCB;5554;Credito Pessoal - adiantamento de restituicao de IRPF;20130419
DOMINIOS;Origem de Crédito;CCB;5555;Credito Pessoal - para pagamento de IPVA;20130419
DOMINIOS;Origem de Crédito;CCB;5551;Emprestimo c/ consignacao em folha de pagamento;20130419
DOMINIOS;Origem de Crédito;CCB;5553;Emprestimo Hipotecario;20130419
DOMINIOS;Origem de Crédito;CCB;6964;Empréstimo para quitação de garantia;20131218
DOMINIOS;Origem de Crédito;CCB;5558;Financiamento de Veiculos;20130419
DOMINIOS;Origem de Crédito;CCB;5552;Leasing de veiculos;20130419
DOMINIOS;Origem de Crédito;CCB;5549;Limite de Cheque Especial;20130419
DOMINIOS;Origem de Crédito;CCB;5550;Linhas de Credito p/ financiamento ao micro empreendedor;20130419
DOMINIOS;Origem de Crédito;CCB;5564;Operações de Crédito;20230920
DOMINIOS;Origem de Crédito;CCB;5557;Operações de Crédito do Agronegócio;20130419
DOMINIOS;Finalidade;CCE;7723;Capital de Giro;20160519
DOMINIOS;Finalidade;CCE;6098;Comercialização;20140530
DOMINIOS;Finalidade;CCE;6096;Custeio;20140530
DOMINIOS;Finalidade;CCE;13910;Industrialização;20190430
DOMINIOS;Finalidade;CCE;6120;Investimento;20140530
DOMINIOS;Finalidade;CCE;6099;Não se Aplica;20140530
DOMINIOS;Origem de Crédito;CCE;5561;Op. Crédito vinculada a exportação;20130419
DOMINIOS;Origem de Crédito;CCE;5560;Op. Crédito vinculada a exportação ao Setor do Agronegócio;20130419
DOMINIOS;Origem de Crédito;CCE;5562;Op. Crédito vinculada a exportação ao setor Imobiliário;20230920
DOMINIOS;Origem de Crédito;CCE;5564;Operações de Crédito;20230920
DOMINIOS;Finalidade;CDA;6098;Comercialização;20140530
DOMINIOS;Finalidade;CDA;6096;Custeio;20140530
DOMINIOS;Finalidade;CDA;7863;Garantia;20140626
DOMINIOS;Finalidade;CDA;13910;Industrialização;20190430
DOMINIOS;Finalidade;CDA;6120;Investimento;20140530
DOMINIOS;Finalidade;CDA;6099;Não se Aplica;20140530
DOMINIOS;Amortização a Cada;CDCA;6107;Anual;20161118
DOMINIOS;Amortização a Cada;CDCA;12407;Bimestral;20180424
DOMINIOS;Amortização a Cada;CDCA;6105;Mensal;20161118
DOMINIOS;Amortização a Cada;CDCA;12408;Quadrimestral;20180424
DOMINIOS;Amortização a Cada;CDCA;6106;Quinzenal;20161118
DOMINIOS;Amortização a Cada;CDCA;6104;Semestral;20161118
DOMINIOS;Amortização a Cada;CDCA;10433;Trimestral;20161118
DOMINIOS;Amortização a Cada;CDCA;7903;Variável;20161118
DOMINIOS;Finalidade;CDCA;6098;Comercialização;20140530
DOMINIOS;Finalidade;CDCA;6096;Custeio;20140530
DOMINIOS;Finalidade;CDCA;13910;Industrialização;20190430
DOMINIOS;Finalidade;CDCA;6120;Investimento;20140530
DOMINIOS;Finalidade;CDCA;6099;Não se Aplica;20140530
DOMINIOS;Garantia Especial;CDCA;6115;Alienação Fiduciária;20161118
DOMINIOS;Garantia Especial;CDCA;6118;Cessão Fiduciária;20161118
DOMINIOS;Garantia Especial;CDCA;6116;Fidejussória Aval;20161118
DOMINIOS;Garantia Especial;CDCA;6121;Fidejussória Fiança;20161118
DOMINIOS;Garantia Especial;CDCA;6113;Hipoteca;20161118
DOMINIOS;Garantia Especial;CDCA;6119;Não se Aplica;20161118
DOMINIOS;Garantia Especial;CDCA;6114;Penhor;20161118
DOMINIOS;Juros a Cada;CDCA;6103;Anual;20161118
DOMINIOS;Juros a Cada;CDCA;12409;Bimestral;20180424
DOMINIOS;Juros a Cada;CDCA;6101;Mensal;20161118
DOMINIOS;Juros a Cada;CDCA;12410;Quadrimestral;20180424
DOMINIOS;Juros a Cada;CDCA;6102;Quinzenal;20161118
DOMINIOS;Juros a Cada;CDCA;6100;Semestral;20161118
DOMINIOS;Juros a Cada;CDCA;8786;Trimestral;20161118
DOMINIOS;Juros a Cada;CDCA;7904;Variável;20161118
DOMINIOS;Classe/Tipo/PH;CMER;126;ABATIDO;20120720
DOMINIOS;Classe/Tipo/PH;CMER;127;AGULHINHA;20120720
DOMINIOS;Classe/Tipo/PH;CMER;128;ANAO CORES;20120720
DOMINIOS;Classe/Tipo/PH;CMER;129;ANAO CORES ABAIXO DO PADRAO;20120720
DOMINIOS;Classe/Tipo/PH;CMER;130;ARABICA;20120720
DOMINIOS;Classe/Tipo/PH;CMER;131;ARABICA - PADRAO BMF;20120720
DOMINIOS;Classe/Tipo/PH;CMER;132;ARBOREO (SEMENTE);20120720
DOMINIOS;Classe/Tipo/PH;CMER;251;BORRACHA NATURAL;20120720
DOMINIOS;Classe/Tipo/PH;CMER;133;BRANCO ABAIXO DO PADRAO;20120720
DOMINIOS;Classe/Tipo/PH;CMER;134;BRANCO EM GRAOS;20120720
DOMINIOS;Classe/Tipo/PH;CMER;1020;BRUTA;20120720
DOMINIOS;Classe/Tipo/PH;CMER;5025;CACHAÇA;20120720
DOMINIOS;Classe/Tipo/PH;CMER;135;CAROCO DESTINADO A SEMENTE;20120720
DOMINIOS;Classe/Tipo/PH;CMER;136;CASCA NATURAL;20120720
DOMINIOS;Classe/Tipo/PH;CMER;5021;COCOS NUCIFERA L;20120720
DOMINIOS;Classe/Tipo/PH;CMER;137;CODORNA;20120720
DOMINIOS;Classe/Tipo/PH;CMER;138;CONGELADO;20120720
DOMINIOS;Classe/Tipo/PH;CMER;139;CONILLON;20120720
DOMINIOS;Classe/Tipo/PH;CMER;250;CRISTAL;20120720
DOMINIOS;Classe/Tipo/PH;CMER;11664;CTC;20170825
DOMINIOS;Classe/Tipo/PH;CMER;26943;DEMAIS MADEIRAS;20250703
DOMINIOS;Classe/Tipo/PH;CMER;140;DEMERARA;20120720
DOMINIOS;Classe/Tipo/PH;CMER;141;ESPIGA COM PALHA;20120720
DOMINIOS;Classe/Tipo/PH;CMER;142;ETANOL - PADRAO BMF;20120720
DOMINIOS;Classe/Tipo/PH;CMER;260;ETILICO;20120720
DOMINIOS;Classe/Tipo/PH;CMER;143;ETILICO ANIDRO CARBURANTE;20120720
DOMINIOS;Classe/Tipo/PH;CMER;144;ETILICO HIDRATADO COMBUSTÍVEL;20120720
DOMINIOS;Classe/Tipo/PH;CMER;246;EUCALIPTO;20120720
DOMINIOS;Classe/Tipo/PH;CMER;334;EUCALIPTO/PINUS;20120720
DOMINIOS;Classe/Tipo/PH;CMER;5034;EVISCERADO;20120720
DOMINIOS;Classe/Tipo/PH;CMER;256;EXTRA BRANCO;20120720
DOMINIOS;Classe/Tipo/PH;CMER;145;FLORESTAME;20120720
DOMINIOS;Classe/Tipo/PH;CMER;257;FUJI;20120720
DOMINIOS;Classe/Tipo/PH;CMER;258;GALA;20120720
DOMINIOS;Classe/Tipo/PH;CMER;146;GALINHA;20120720
DOMINIOS;Classe/Tipo/PH;CMER;147;GRANIFERO;20120720
DOMINIOS;Classe/Tipo/PH;CMER;148;GRAOS;20120720
DOMINIOS;Classe/Tipo/PH;CMER;149;HERBACEO (SEMENTE);20120720
DOMINIOS;Classe/Tipo/PH;CMER;11663;IAC;20170825
DOMINIOS;Classe/Tipo/PH;CMER;150;IN NATURA;20120720
DOMINIOS;Classe/Tipo/PH;CMER;151;ORGANICO;20120720
DOMINIOS;Classe/Tipo/PH;CMER;152;PADRAO BMF;20120720
DOMINIOS;Classe/Tipo/PH;CMER;17207;PADRÃO EXPORTAÇÃO;20210721
DOMINIOS;Classe/Tipo/PH;CMER;153;PINUS;20120720
DOMINIOS;Classe/Tipo/PH;CMER;154;PLUMA;20120720
DOMINIOS;Classe/Tipo/PH;CMER;155;PO;20120720
DOMINIOS;Classe/Tipo/PH;CMER;8128;Polpa;20140818
DOMINIOS;Classe/Tipo/PH;CMER;26481;PUPUNHA;20250407
DOMINIOS;Classe/Tipo/PH;CMER;8127;Purê;20140818
DOMINIOS;Classe/Tipo/PH;CMER;156;QUIRERA;20120720
DOMINIOS;Classe/Tipo/PH;CMER;11662;RB;20170825
DOMINIOS;Classe/Tipo/PH;CMER;157;REFINADO;20120720
DOMINIOS;Classe/Tipo/PH;CMER;158;ROBUSTA;20120720
DOMINIOS;Classe/Tipo/PH;CMER;159;SEMENTE;20120720
DOMINIOS;Classe/Tipo/PH;CMER;8126;Suco;20140818
DOMINIOS;Classe/Tipo/PH;CMER;160;TIPO EXPORTACAO;20120720
DOMINIOS;Classe/Tipo/PH;CMER;161;VIVO;20120720
DOMINIOS;Finalidade;CMER;6098;Comercialização;20140530
DOMINIOS;Finalidade;CMER;6096;Custeio;20140530
DOMINIOS;Finalidade;CMER;13910;Industrialização;20190430
DOMINIOS;Finalidade;CMER;6120;Investimento;20140530
DOMINIOS;Finalidade;CMER;6099;Não se Aplica;20140530
DOMINIOS;Safra;CMER;5085;Não se aplica;20120831
DOMINIOS;Safra;CMER;163;2010/2011;20120720
DOMINIOS;Safra;CMER;335;2011/2018;20120720
DOMINIOS;Safra;CMER;5022;2012/2016;20120720
DOMINIOS;Safra;CMER;5023;2012/2017;20120720
DOMINIOS;Safra;CMER;333;2012/2019;20120720
DOMINIOS;Safra;CMER;340;2013/2023;20120720
DOMINIOS;Safra;CMER;176;2015/2016;20120720
DOMINIOS;Safra;CMER;9207;2015/2021;20150225
DOMINIOS;Safra;CMER;177;2016/2016;20120720
DOMINIOS;Safra;CMER;178;2016/2017;20120720
DOMINIOS;Safra;CMER;10356;2016/2023;20160205
DOMINIOS;Safra;CMER;179;2017/2017;20120720
DOMINIOS;Safra;CMER;180;2017/2018;20120720
DOMINIOS;Safra;CMER;10835;2017/2019;20161024
DOMINIOS;Safra;CMER;10834;2017/2020;20161024
DOMINIOS;Safra;CMER;10833;2017/2021;20161024
DOMINIOS;Safra;CMER;12527;2017/2024;20180604
DOMINIOS;Safra;CMER;181;2018/2018;20120720
DOMINIOS;Safra;CMER;11824;2018/2020;20171030
DOMINIOS;Safra;CMER;11825;2018/2021;20171030
DOMINIOS;Safra;CMER;11823;2018/2022;20171030
DOMINIOS;Safra;CMER;11362;2018/2024;20170523
DOMINIOS;Safra;CMER;182;2019/2019;20120720
DOMINIOS;Safra;CMER;12469;2019/2021;20180510
DOMINIOS;Safra;CMER;12470;2019/2022;20180510
DOMINIOS;Safra;CMER;12471;2019/2023;20180510
DOMINIOS;Safra;CMER;12472;2019/2024;20180510
DOMINIOS;Safra;CMER;12468;2019/2025;20180510
DOMINIOS;Safra;CMER;183;2020/2020;20120720
DOMINIOS;Safra;CMER;12474;2020/2022;20180510
DOMINIOS;Safra;CMER;12475;2020/2023;20180510
DOMINIOS;Safra;CMER;12476;2020/2024;20180510
DOMINIOS;Safra;CMER;12477;2020/2025;20180510
DOMINIOS;Safra;CMER;184;2021/2021;20120720
DOMINIOS;Safra;CMER;12478;2021/2023;20180510
DOMINIOS;Safra;CMER;12479;2021/2024;20180510
DOMINIOS;Safra;CMER;12480;2021/2025;20180510
DOMINIOS;Safra;CMER;185;2022/2022;20120720
DOMINIOS;Safra;CMER;12481;2022/2024;20180510
DOMINIOS;Safra;CMER;12482;2022/2025;20180510
DOMINIOS;Safra;CMER;186;2023/2023;20120720
DOMINIOS;Safra;CMER;12483;2023/2024;20180510
DOMINIOS;Safra;CMER;12484;2023/2025;20180510
DOMINIOS;Safra;CMER;187;2024/2024;20120720
DOMINIOS;Safra;CMER;12473;2024/2025;20180510
DOMINIOS;Safra;CMER;188;2025/2025;20120720
DOMINIOS;Safra;CMER;189;2026/2026;20120720
DOMINIOS;Safra;CMER;190;2027/2027;20120720
DOMINIOS;Safra;CMER;191;2028/2028;20120720
DOMINIOS;Condição Específica de Resgate;COE;14987;Detalhadas nas documentações de emissão;20200330
DOMINIOS;Condição Específica de Resgate;COE;15519;Verificação de níveis de preço;20201117
DOMINIOS;Classe/Tipo/PH;CPR;20743;•	COM E REVENDAS PROD. AGRICOLAS;20230201
DOMINIOS;Classe/Tipo/PH;CPR;20742;•	RAÇÃO PARA ALIMENTAÇÃO ANIMAL;20230201
DOMINIOS;Classe/Tipo/PH;CPR;24400;A BASE DE CASTANHA;20240229
DOMINIOS;Classe/Tipo/PH;CPR;17523;À BASE DE COMPONENTE ORGÂNICO;20211020
DOMINIOS;Classe/Tipo/PH;CPR;17151;A BASE DE MAMONA;20210622
DOMINIOS;Classe/Tipo/PH;CPR;17762;À BASE DE RESINA FLORESTAL(PINUS SSP);20211130
DOMINIOS;Classe/Tipo/PH;CPR;19492;ABACATE COMUM PADRAO BASICO;20220714
DOMINIOS;Classe/Tipo/PH;CPR;19061;ABACATE PADRAO BASICO;20220711
DOMINIOS;Classe/Tipo/PH;CPR;15730;ABACATE-PADRAO BASICO;20210222
DOMINIOS;Classe/Tipo/PH;CPR;18763;ABACAXI EM CALDA;20220517
DOMINIOS;Classe/Tipo/PH;CPR;15731;ABACAXI PADRAO BASICO;20210222
DOMINIOS;Classe/Tipo/PH;CPR;126;ABATIDO;20101022
DOMINIOS;Classe/Tipo/PH;CPR;21781;ABÓBORA;20230515
DOMINIOS;Classe/Tipo/PH;CPR;15791;ABOBORA JAPONESA - PADRA BASICO;20210222
DOMINIOS;Classe/Tipo/PH;CPR;15857;ACACIA NEGRA-PADRAO BASICO;20210223
DOMINIOS;Classe/Tipo/PH;CPR;19823;acaricidas/formicidas;20220808
DOMINIOS;Classe/Tipo/PH;CPR;15756;ACEROLA - PADRAO BASICO;20210222
DOMINIOS;Classe/Tipo/PH;CPR;21200;AÇÚCAR ATR;20230309
DOMINIOS;Classe/Tipo/PH;CPR;19494;ACUCAR ATR PADRAO BASICO;20220714
DOMINIOS;Classe/Tipo/PH;CPR;19696;AÇUCAR ATR PADRAO BASICO;20220722
DOMINIOS;Classe/Tipo/PH;CPR;25662;Açucar cristal branco;20241017
DOMINIOS;Classe/Tipo/PH;CPR;27603;açúcar cristal especial extra;20251014
DOMINIOS;Classe/Tipo/PH;CPR;15668;ACUCAR CRISTAL-POLAR.99,7-ICUMSA 130-180;20210222
DOMINIOS;Classe/Tipo/PH;CPR;17841;Açúcar Cristal-tipo4-PH7;20211210
DOMINIOS;Classe/Tipo/PH;CPR;15887;ACUCAR DEMERARA - POLARIZACAO MIN.97,0;20210223
DOMINIOS;Classe/Tipo/PH;CPR;15888;ACUCAR DEMERARA BRUTO CENTRIFUGADO-VHP;20210223
DOMINIOS;Classe/Tipo/PH;CPR;15905;ACUCAR MASCAVO-PADRAO BASICO;20210223
DOMINIOS;Classe/Tipo/PH;CPR;19493;ACUCAR PADRAO BASICO;20220714
DOMINIOS;Classe/Tipo/PH;CPR;19697;AÇUCAR PADRAO BASICO;20220722
DOMINIOS;Classe/Tipo/PH;CPR;19495;ACUCAR VHP PADRAO BASICO;20220714
DOMINIOS;Classe/Tipo/PH;CPR;19698;AÇÚCAR VHP PADRAO BASICO;20220722
DOMINIOS;Classe/Tipo/PH;CPR;20035;AÇÚCARES E PROD CONFEITARIA;20221003
DOMINIOS;Classe/Tipo/PH;CPR;26701;ADJUVANTE NÃO IÔNICO, DE 6 - 7;20250523
DOMINIOS;Classe/Tipo/PH;CPR;25160;AGRIÃO;20240717
DOMINIOS;Classe/Tipo/PH;CPR;17031;ÁGUA DE COCO ESTERILIZADA;20210512
DOMINIOS;Classe/Tipo/PH;CPR;25721;ÁGUA MINERAL;20241023
DOMINIOS;Classe/Tipo/PH;CPR;15892;AGUARDANTE PADRAO BASICO;20210223
DOMINIOS;Classe/Tipo/PH;CPR;15891;AGUARDANTE TIPO EXPORTACAO;20210223
DOMINIOS;Classe/Tipo/PH;CPR;127;AGULHINHA;20101022
DOMINIOS;Classe/Tipo/PH;CPR;25742;ALCOOL ETILICO;20241023
DOMINIOS;Classe/Tipo/PH;CPR;15669;ALCOOL ETILICO ANIDRO CARBURANTE-AEAC;20210222
DOMINIOS;Classe/Tipo/PH;CPR;15670;ALCOOL ETILICO HIDRATADO CARBURANTE-AEHC;20210222
DOMINIOS;Classe/Tipo/PH;CPR;15923;ALEVINOS-PADRAO BASICO;20210223
DOMINIOS;Classe/Tipo/PH;CPR;22400;ALFACE;20230629
DOMINIOS;Classe/Tipo/PH;CPR;15779;ALFACE PADRAO BASICO;20210222
DOMINIOS;Classe/Tipo/PH;CPR;22221;ALFAFA;20230620
DOMINIOS;Classe/Tipo/PH;CPR;16088;Algodão;20210419
DOMINIOS;Classe/Tipo/PH;CPR;5089;ALGODÃO - ICE;20120925
DOMINIOS;Classe/Tipo/PH;CPR;15673;ALGODAO EM CAROCO - BASICO;20210222
DOMINIOS;Classe/Tipo/PH;CPR;19060;ALGODAO EM CAROCO PADRAO BASICO;20220711
DOMINIOS;Classe/Tipo/PH;CPR;15677;ALGODAO EM PLUMA - BASE TIPO 41.4;20210222
DOMINIOS;Classe/Tipo/PH;CPR;15678;ALGODAO EM PLUMA - BASE TIPO 42.4;20210222
DOMINIOS;Classe/Tipo/PH;CPR;15674;ALGODAO EM PLUMA - PADRAO BM&F;20210222
DOMINIOS;Classe/Tipo/PH;CPR;25901;algodão em pluma  tipo 41;20241122
DOMINIOS;Classe/Tipo/PH;CPR;15676;ALGODAO EM PLUMA - TIPO 5/6 - 30/32 MM;20210222
DOMINIOS;Classe/Tipo/PH;CPR;17222;Algodão em pluma-base tipo 31.4;20210802
DOMINIOS;Classe/Tipo/PH;CPR;15679;ALGODAO PLUMA DEPOSITADO-PADRAO BASIC;20210222
DOMINIOS;Classe/Tipo/PH;CPR;15675;ALGODAO PLUMA-BASE TP 41.4 SLM COD 35;20210222
DOMINIOS;Classe/Tipo/PH;CPR;16090;Alho;20210419
DOMINIOS;Classe/Tipo/PH;CPR;21801;ALHO BENEFICIADO;20230515
DOMINIOS;Classe/Tipo/PH;CPR;19496;ALHO COMUM PADRAO BASICO;20220714
DOMINIOS;Classe/Tipo/PH;CPR;28261;ALHO IN NATURA;20260223
DOMINIOS;Classe/Tipo/PH;CPR;19497;ALHO NACIONAL NOBRE PADRAO BASICO;20220714
DOMINIOS;Classe/Tipo/PH;CPR;19498;ALHO NOBRE TIPO 4 PADRAO BASICO;20220714
DOMINIOS;Classe/Tipo/PH;CPR;19499;ALHO NOBRE TIPO 5 PADRAO BASICO;20220714
DOMINIOS;Classe/Tipo/PH;CPR;19500;ALHO NOBRE TIPO 6 E 7 PADRAO BASICO;20220714
DOMINIOS;Classe/Tipo/PH;CPR;15680;ALHO PADRAO BASICO;20210222
DOMINIOS;Classe/Tipo/PH;CPR;15681;ALHO PADRAO NOBRE;20210222
DOMINIOS;Classe/Tipo/PH;CPR;24980;ALHO ROXO NACIONAL;20240610
DOMINIOS;Classe/Tipo/PH;CPR;21301;ALIMENTACAO ANIMAL;20230328
DOMINIOS;Classe/Tipo/PH;CPR;26781;ALIMENTOS COMPLETOS PARA ANIMAIS;20250605
DOMINIOS;Classe/Tipo/PH;CPR;28961;ALIMENTOS PROCESSADOS;20260727
DOMINIOS;Classe/Tipo/PH;CPR;17106;Alstroemeria;20210526
DOMINIOS;Classe/Tipo/PH;CPR;27742;Alto Oleico;20251103
DOMINIOS;Classe/Tipo/PH;CPR;14463;AMARELO;20191023
DOMINIOS;Classe/Tipo/PH;CPR;15758;AMEIXA - PADRAO BASICO;20210222
DOMINIOS;Classe/Tipo/PH;CPR;18764;AMEIXA EM CALDA;20220517
DOMINIOS;Classe/Tipo/PH;CPR;15561;amêndoa;20201223
DOMINIOS;Classe/Tipo/PH;CPR;16089;Amendoim;20210419
DOMINIOS;Classe/Tipo/PH;CPR;19501;AMENDOIM COM CASCA PADRAO BASICO;20220714
DOMINIOS;Classe/Tipo/PH;CPR;18701;AMENDOIM CROCANTE;20220509
DOMINIOS;Classe/Tipo/PH;CPR;15682;AMENDOIM PADRAO BASICO;20210222
DOMINIOS;Classe/Tipo/PH;CPR;128;ANAO CORES;20101022
DOMINIOS;Classe/Tipo/PH;CPR;129;ANAO CORES ABAIXO DO PADRAO;20101022
DOMINIOS;Classe/Tipo/PH;CPR;17032;ANIDRO;20210512
DOMINIOS;Classe/Tipo/PH;CPR;15899;ANIMAIS DE SERVICO-EQUINO/ASININO/MUAR;20210223
DOMINIOS;Classe/Tipo/PH;CPR;20020;ANIMAIS VIVOS;20221003
DOMINIOS;Classe/Tipo/PH;CPR;17494;ANIMAL INTEIRO - PADRÃO FRIGORÍFICO;20211013
DOMINIOS;Classe/Tipo/PH;CPR;24960;ANTI-PARASITÁRIO;20240603
DOMINIOS;Classe/Tipo/PH;CPR;19826;antiparasitários uso veterinário;20220808
DOMINIOS;Classe/Tipo/PH;CPR;130;ARABICA;20101022
DOMINIOS;Classe/Tipo/PH;CPR;22080;ARÁBICA;20230614
DOMINIOS;Classe/Tipo/PH;CPR;131;ARABICA - PADRAO BMF;20101022
DOMINIOS;Classe/Tipo/PH;CPR;132;ARBOREO (SEMENTE);20101022
DOMINIOS;Classe/Tipo/PH;CPR;23820;ARMAZENAGEM;20231218
DOMINIOS;Classe/Tipo/PH;CPR;19864;armazenagem de grãos;20220811
DOMINIOS;Classe/Tipo/PH;CPR;16091;Arroz;20210419
DOMINIOS;Classe/Tipo/PH;CPR;28981;ARROZ EM CASCA GRÃO IN NATURA TIPO 1;20260728
DOMINIOS;Classe/Tipo/PH;CPR;19502;ARROZ EM CASCA IRRIGADO PADRAO BASICO;20220714
DOMINIOS;Classe/Tipo/PH;CPR;19503;ARROZ EM CASCA LONGO FINO PADRAO BASICO;20220714
DOMINIOS;Classe/Tipo/PH;CPR;19504;ARROZ IRRIGADO EM CASCA PADRAO BASICO;20220714
DOMINIOS;Classe/Tipo/PH;CPR;15683;ARROZ LONGO - TIPO 3 - 39/41;20210222
DOMINIOS;Classe/Tipo/PH;CPR;15842;ARROZ LONGO FINO - MIGRACAO;20210223
DOMINIOS;Classe/Tipo/PH;CPR;15839;ARROZ LONGO FINO - TIPO 1 - 58/10;20210223
DOMINIOS;Classe/Tipo/PH;CPR;15840;ARROZ LONGO FINO - TIPO 2 - RENDIM. 50%;20210223
DOMINIOS;Classe/Tipo/PH;CPR;15841;ARROZ LONGO FINO DEPOSITADO-PADRAO BA;20210223
DOMINIOS;Classe/Tipo/PH;CPR;15684;ARROZ MEDIO/CURTO -TIPO 3-RENDIM.40% INT;20210222
DOMINIOS;Classe/Tipo/PH;CPR;19505;ARROZ SEQUEIRO CULTIVAR PRIMAVERA PADRAO BASICO;20220714
DOMINIOS;Classe/Tipo/PH;CPR;19680;ARROZ SEQUEIRO PRIMAVERA PADRAO BASICO;20220722
DOMINIOS;Classe/Tipo/PH;CPR;19506;ARROZ SEQUEIRO TIPO 1 PADRAO BASICO;20220714
DOMINIOS;Classe/Tipo/PH;CPR;27461;ARTEFATOS DE MADEIRA;20250912
DOMINIOS;Classe/Tipo/PH;CPR;20063;ARTEFATOS TÊXTEIS CONFEC.;20221003
DOMINIOS;Classe/Tipo/PH;CPR;20050;ARTIGOS DE COURO;20221003
DOMINIOS;Classe/Tipo/PH;CPR;18501;ATEMOIA IN NATURA;20220325
DOMINIOS;Classe/Tipo/PH;CPR;19744;Atum- Amarelo;20220722
DOMINIOS;Classe/Tipo/PH;CPR;18822;ATUM INTEIRO;20220526
DOMINIOS;Classe/Tipo/PH;CPR;19745;Atum- Olho-Grande;20220722
DOMINIOS;Classe/Tipo/PH;CPR;19746;Atum- Skipkack;20220722
DOMINIOS;Classe/Tipo/PH;CPR;16092;Aveia;20210419
DOMINIOS;Classe/Tipo/PH;CPR;19507;AVEIA PADRAO BASICO;20220714
DOMINIOS;Classe/Tipo/PH;CPR;15844;AVEIA PRETA - PADRAO BASICO;20210223
DOMINIOS;Classe/Tipo/PH;CPR;16081;Aves;20210419
DOMINIOS;Classe/Tipo/PH;CPR;15902;AVESTRUZ ADULTO-RECRIA-12/24 MESES;20210223
DOMINIOS;Classe/Tipo/PH;CPR;15903;AVESTRUZ ADULTO-REPRODUÇAO maior24MESES;20210223
DOMINIOS;Classe/Tipo/PH;CPR;15900;AVESTRUZ FILHOTE-MENOR 4 MESES;20210223
DOMINIOS;Classe/Tipo/PH;CPR;15901;AVESTRUZ JOVEM-RECRIA-4/12 MESES;20210223
DOMINIOS;Classe/Tipo/PH;CPR;17104;Azaleias;20210526
DOMINIOS;Classe/Tipo/PH;CPR;22860;AZEITE DE OLIVA;20230816
DOMINIOS;Classe/Tipo/PH;CPR;19882;AZEITONA;20220815
DOMINIOS;Classe/Tipo/PH;CPR;19508;AZEVEM PADRAO BASICO;20220714
DOMINIOS;Classe/Tipo/PH;CPR;26161;B S 10 COMUM;20250130
DOMINIOS;Classe/Tipo/PH;CPR;26163;B S10 COMUM;20250130
DOMINIOS;Classe/Tipo/PH;CPR;22540;Bactericida;20230711
DOMINIOS;Classe/Tipo/PH;CPR;17466;BAMBU PADRÃO BÁSICO;20211013
DOMINIOS;Classe/Tipo/PH;CPR;27602;BANANA;20251013
DOMINIOS;Classe/Tipo/PH;CPR;19509;BANANA CATURRA PADRAO BASICO;20220714
DOMINIOS;Classe/Tipo/PH;CPR;19699;BANANA NANICA PRIM PROD PADRAO BASICO;20220722
DOMINIOS;Classe/Tipo/PH;CPR;19510;BANANA NANICA PRIMEIRA ATACADO PADRAO BASICO;20220714
DOMINIOS;Classe/Tipo/PH;CPR;19511;BANANA NANICA PRIMEIRA PRODUTOR PADRAO BASICO;20220714
DOMINIOS;Classe/Tipo/PH;CPR;15732;BANANA PADRAO BASICO;20210222
DOMINIOS;Classe/Tipo/PH;CPR;15733;BANANA PADRAO MAÇÃ;20210222
DOMINIOS;Classe/Tipo/PH;CPR;15735;BANANA PADRAO NANICA;20210222
DOMINIOS;Classe/Tipo/PH;CPR;15734;BANANA PADRAO PRATA;20210222
DOMINIOS;Classe/Tipo/PH;CPR;23660;BANANA PASSA;20231128
DOMINIOS;Classe/Tipo/PH;CPR;19700;BANANA PRATA ANÃ PRIM PADRAO BASICO;20220722
DOMINIOS;Classe/Tipo/PH;CPR;19701;BANANA PRATA ANÃ PRIM PROD PAD BASICO;20220722
DOMINIOS;Classe/Tipo/PH;CPR;19513;BANANA PRATA ANA PRIMEIRA ATACADO PADRAO BASICO;20220714
DOMINIOS;Classe/Tipo/PH;CPR;19514;BANANA PRATA ANA PRIMEIRA PRODUTOR PADRAO BASICO;20220714
DOMINIOS;Classe/Tipo/PH;CPR;19515;BANANA PRATA LITORAL PRIMEIRA PADRAO BASICO;20220714
DOMINIOS;Classe/Tipo/PH;CPR;19512;BANANA PRATA PADRAO BASICO;20220714
DOMINIOS;Classe/Tipo/PH;CPR;27003;BARRA CEREAL;20250716
DOMINIOS;Classe/Tipo/PH;CPR;20403;base de óleo vegetal;20221201
DOMINIOS;Classe/Tipo/PH;CPR;16093;Batata;20210419
DOMINIOS;Classe/Tipo/PH;CPR;19703;BATATA AGATA ESPECIAL PADRAO BASICO;20220722
DOMINIOS;Classe/Tipo/PH;CPR;19516;BATATA ASTERIX ESPECIAL ATACADO PADRAO BASICO;20220714
DOMINIOS;Classe/Tipo/PH;CPR;19702;BATATA ASTERIX ESPECIAL PADRAO BASICO;20220722
DOMINIOS;Classe/Tipo/PH;CPR;19517;BATATA COMUM PADRAO BASICO;20220714
DOMINIOS;Classe/Tipo/PH;CPR;15753;BATATA DOCE - PADRAO BASICO;20210222
DOMINIOS;Classe/Tipo/PH;CPR;19518;BATATA PADRAO AGATA ESPECIAL ATACADO PADRAO BASICO;20220714
DOMINIOS;Classe/Tipo/PH;CPR;15708;BATATA PADRAO BASICO;20210222
DOMINIOS;Classe/Tipo/PH;CPR;21101;BATATA PADRAO BASICO AGATA;20230306
DOMINIOS;Classe/Tipo/PH;CPR;21100;BATATA PADRAO BASICO ASTERIX;20230306
DOMINIOS;Classe/Tipo/PH;CPR;21102;BATATA PADRAO BASICO BENEF;20230306
DOMINIOS;Classe/Tipo/PH;CPR;15709;BATATA SEMENTE-PADRAO BASICO;20210222
DOMINIOS;Classe/Tipo/PH;CPR;17033;BEBIDA ALCÓLICA À BASE DE CANA-DE-AÇÚCAR;20210512
DOMINIOS;Classe/Tipo/PH;CPR;20040;BEBIDA ALCOÓLICA E VINAGRE;20221003
DOMINIOS;Classe/Tipo/PH;CPR;24961;BEBIDA DURA;20240603
DOMINIOS;Classe/Tipo/PH;CPR;17329;Bebida Láctea Esterilizada;20210816
DOMINIOS;Classe/Tipo/PH;CPR;17328;Bebida Láctea Pasteurizada;20210816
DOMINIOS;Classe/Tipo/PH;CPR;17330;Bebida Láctea UAT ou UHT;20210816
DOMINIOS;Classe/Tipo/PH;CPR;20321;BEBIDAS;20221122
DOMINIOS;Classe/Tipo/PH;CPR;17105;Begônia;20210526
DOMINIOS;Classe/Tipo/PH;CPR;25500;BENEFICIADO;20240920
DOMINIOS;Classe/Tipo/PH;CPR;12692;BENEFICIADO ARAB TP6 OU MELHOR – DURO;20180710
DOMINIOS;Classe/Tipo/PH;CPR;12693;BENEFICIADO CONILON TIPO 7/8 ATEH 260;20180710
DOMINIOS;Classe/Tipo/PH;CPR;17034;BENEFICIADO TIPO 1;20210512
DOMINIOS;Classe/Tipo/PH;CPR;21820;BERINJELA;20230516
DOMINIOS;Classe/Tipo/PH;CPR;14398;Bermudas Tifdwarf;20191010
DOMINIOS;Classe/Tipo/PH;CPR;14397;Bermudas Tifway 419;20191010
DOMINIOS;Classe/Tipo/PH;CPR;15773;BETERRABA - PADRAO BASICO;20210222
DOMINIOS;Classe/Tipo/PH;CPR;19519;BETERRABA COMUM PADRAO BASICO;20220714
DOMINIOS;Classe/Tipo/PH;CPR;19520;BETERRABA EXTRA PADRAO BASICO;20220714
DOMINIOS;Classe/Tipo/PH;CPR;19521;BEZERRA 12 MESES PADRAO BASICO;20220714
DOMINIOS;Classe/Tipo/PH;CPR;17485;BEZERRA 6menor@menor8;20211013
DOMINIOS;Classe/Tipo/PH;CPR;19522;BEZERRO PADRAO BASICO;20220714
DOMINIOS;Classe/Tipo/PH;CPR;19523;BEZERRO 12 MESES PADRAO BASICO;20220714
DOMINIOS;Classe/Tipo/PH;CPR;17486;BEZERRO 6menor@menor8;20211013
DOMINIOS;Classe/Tipo/PH;CPR;22820;BICHO-DA-SEDA;20230802
DOMINIOS;Classe/Tipo/PH;CPR;17035;BIFE ANCHO;20210512
DOMINIOS;Classe/Tipo/PH;CPR;27361;BIODIGESTOR;20250902
DOMINIOS;Classe/Tipo/PH;CPR;28061;BIOFERTILIZANTE;20251218
DOMINIOS;Classe/Tipo/PH;CPR;25681;BIOINSETICIDA;20241022
DOMINIOS;Classe/Tipo/PH;CPR;20763;BIOMASSA DE EUCALIPTO;20230201
DOMINIOS;Classe/Tipo/PH;CPR;27881;Biomassa Florestal;20251114
DOMINIOS;Classe/Tipo/PH;CPR;14158;BODE;20190723
DOMINIOS;Classe/Tipo/PH;CPR;17734;Boi;20211122
DOMINIOS;Classe/Tipo/PH;CPR;19524;BOI GORDO CASTRADO PADRAO BASICO;20220714
DOMINIOS;Classe/Tipo/PH;CPR;19525;BOI GORDO INTEIRO PADRAO BASICO;20220714
DOMINIOS;Classe/Tipo/PH;CPR;17487;BOI GORDO maior 17 @;20211013
DOMINIOS;Classe/Tipo/PH;CPR;21160;BOI GORDO maior 17 arrobas;20230307
DOMINIOS;Classe/Tipo/PH;CPR;15264;Boi Magro - CEPA;20200714
DOMINIOS;Classe/Tipo/PH;CPR;17488;BOI MAGRO 12menor@maior17;20211013
DOMINIOS;Classe/Tipo/PH;CPR;19526;BOI MAGRO 30 MESES PADRAO BASICO;20220714
DOMINIOS;Classe/Tipo/PH;CPR;28582;BOLACHAS E BISCOITOS;20260505
DOMINIOS;Classe/Tipo/PH;CPR;20048;BORRACHA E SUAS OBRAS;20221003
DOMINIOS;Classe/Tipo/PH;CPR;251;BORRACHA NATURAL;20101222
DOMINIOS;Classe/Tipo/PH;CPR;20820;Borracha natural granulada;20230210
DOMINIOS;Classe/Tipo/PH;CPR;28464;BOVINO;20260402
DOMINIOS;Classe/Tipo/PH;CPR;17008;Bovino Fêmea;20210506
DOMINIOS;Classe/Tipo/PH;CPR;17731;Bovino Macho;20211122
DOMINIOS;Classe/Tipo/PH;CPR;15884;BOVINOS FEMEAS - PESO 360+;20210223
DOMINIOS;Classe/Tipo/PH;CPR;15883;BOVINOS FEMEAS-IDADE MAX.36MES-PESO 250+;20210223
DOMINIOS;Classe/Tipo/PH;CPR;15880;BOVINOS FEM.-IDADE MAX.12MES-PESO MIN140;20210223
DOMINIOS;Classe/Tipo/PH;CPR;15774;BOVINOS MACH-IDADE MAX.12MES-PESO MIN140;20210222
DOMINIOS;Classe/Tipo/PH;CPR;17735;Bovinos machos, com idade de 24 a 36 m;20211122
DOMINIOS;Classe/Tipo/PH;CPR;20009;Bovinos Machos e/ou Fêmas;20220929
DOMINIOS;Classe/Tipo/PH;CPR;15882;BOVINOS MACHOS-IDADE MAX.36MES-PESO 450+;20210223
DOMINIOS;Classe/Tipo/PH;CPR;15881;BOVINOS MACHOS-IDADE 19+ - PESO 250+;20210223
DOMINIOS;Classe/Tipo/PH;CPR;17006;BOVINOS MACHOS-IDADE 8/18 MES.-PESO 180+;20210426
DOMINIOS;Classe/Tipo/PH;CPR;24660;Bovinos Machos-Peso 225kg a 420kg;20240410
DOMINIOS;Classe/Tipo/PH;CPR;15878;BOVINOS MACHOS-PESO 480/600-ATE 5 ANOS;20210223
DOMINIOS;Classe/Tipo/PH;CPR;15914;BRACHIARIA BRIZANTHA;20210223
DOMINIOS;Classe/Tipo/PH;CPR;15915;BRACHIARIA DECUMBENS;20210223
DOMINIOS;Classe/Tipo/PH;CPR;15916;BRACHIARIA HUMIDICULA;20210223
DOMINIOS;Classe/Tipo/PH;CPR;17036;BRANCO;20210512
DOMINIOS;Classe/Tipo/PH;CPR;24800;BRANCO, A BAIXO DO PADRÃO;20240508
DOMINIOS;Classe/Tipo/PH;CPR;24761;BRANCO, A BAIXO DO PEDRÃO;20240503
DOMINIOS;Classe/Tipo/PH;CPR;133;BRANCO ABAIXO DO PADRAO;20101022
DOMINIOS;Classe/Tipo/PH;CPR;134;BRANCO EM GRAOS;20101022
DOMINIOS;Classe/Tipo/PH;CPR;22480;BRANCOS ABAIXO DO PADRÃO;20230707
DOMINIOS;Classe/Tipo/PH;CPR;19491;BRANCP ABAIXO DO PADRÃO;20220714
DOMINIOS;Classe/Tipo/PH;CPR;15666;Brasileira;20210218
DOMINIOS;Classe/Tipo/PH;CPR;28222;BRASILEIRO TIPO EXPORTACAO;20260210
DOMINIOS;Classe/Tipo/PH;CPR;15780;BROCOLIS - PADRAO BASICO;20210222
DOMINIOS;Classe/Tipo/PH;CPR;17102;Bromélia;20210526
DOMINIOS;Classe/Tipo/PH;CPR;1020;BRUTA;20111213
DOMINIOS;Classe/Tipo/PH;CPR;23281;BUCHA VEGETAL;20231006
DOMINIOS;Classe/Tipo/PH;CPR;19527;BUFALO PADRAO BASICO;20220714
DOMINIOS;Classe/Tipo/PH;CPR;19681;BÚFALO PADRAO BASICO;20220722
DOMINIOS;Classe/Tipo/PH;CPR;14157;CABRA;20190723
DOMINIOS;Classe/Tipo/PH;CPR;14154;CABRITO;20190723
DOMINIOS;Classe/Tipo/PH;CPR;17493;CABRITO PADRÃO FRIGORÍFICO;20211013
DOMINIOS;Classe/Tipo/PH;CPR;15795;CABRITO VIVO PADRAO;20210222
DOMINIOS;Classe/Tipo/PH;CPR;15796;CABRITO VIVO PADRAO BASICO;20210222
DOMINIOS;Classe/Tipo/PH;CPR;27543;CACAU / SISTEMA AGROFLORESTAL;20250924
DOMINIOS;Classe/Tipo/PH;CPR;20036;CACAU E SUAS PREPARAÇÕES;20221003
DOMINIOS;Classe/Tipo/PH;CPR;15845;CACAU EM AMENDOAS-PADRAO BASICO;20210223
DOMINIOS;Classe/Tipo/PH;CPR;19528;CACAU PADRAO BASICO;20220714
DOMINIOS;Classe/Tipo/PH;CPR;5025;CACHAÇA;20120419
DOMINIOS;Classe/Tipo/PH;CPR;19041;CAFE;20220706
DOMINIOS;Classe/Tipo/PH;CPR;26942;Café;20250703
DOMINIOS;Classe/Tipo/PH;CPR;15822;CAFE ARAB CERRADO MINEIRO TIPO 6-DURO;20210223
DOMINIOS;Classe/Tipo/PH;CPR;15827;CAFE ARAB CERRADO NY 2/3 SCREEN 16/18 EC;20210223
DOMINIOS;Classe/Tipo/PH;CPR;15824;CAFE ARAB NY 2/3-PEN 17/18-RIO MINAS-35D;20210223
DOMINIOS;Classe/Tipo/PH;CPR;15826;CAFE ARAB NY 3/4-SEMI WASHED CEREJA DESC;20210223
DOMINIOS;Classe/Tipo/PH;CPR;17000;CAFÉ ARAB ORGANICO 80DEF TP 6;20210426
DOMINIOS;Classe/Tipo/PH;CPR;15797;CAFE ARAB PADRAO BM&F;20210222
DOMINIOS;Classe/Tipo/PH;CPR;15832;CAFE ARAB PADRAO BM&F TIPO 4/5;20210223
DOMINIOS;Classe/Tipo/PH;CPR;15833;CAFE ARAB TIPO MIGRACAO;20210223
DOMINIOS;Classe/Tipo/PH;CPR;15821;CAFE ARAB TIPO 4 CORRIDA DURO;20210223
DOMINIOS;Classe/Tipo/PH;CPR;15819;CAFE ARAB TP4/5-30 DEF.PENEIRA-DURO;20210223
DOMINIOS;Classe/Tipo/PH;CPR;15804;CAFE ARAB TP6 DURA-MELHOR;20210223
DOMINIOS;Classe/Tipo/PH;CPR;15829;CAFE ARAB TP6 DURA-ORGÂNICO;20210223
DOMINIOS;Classe/Tipo/PH;CPR;15805;CAFE ARAB TP6 OU MELHOR-RIADO;20210223
DOMINIOS;Classe/Tipo/PH;CPR;15806;CAFE ARAB TP6 OU MELHOR-RIO;20210223
DOMINIOS;Classe/Tipo/PH;CPR;15825;CAFE ARAB TP6 SEM ESPECIF.DE PENEIRAS;20210223
DOMINIOS;Classe/Tipo/PH;CPR;15820;CAFE ARAB TP6-80 DEF.PENEIRA-DURO;20210223
DOMINIOS;Classe/Tipo/PH;CPR;15810;CAFE ARAB TP7 P/MELHOR-DURO;20210223
DOMINIOS;Classe/Tipo/PH;CPR;15811;CAFE ARAB TP7 P/MELHOR-RIADO;20210223
DOMINIOS;Classe/Tipo/PH;CPR;15812;CAFE ARAB TP7 P/MELHOR-RIO;20210223
DOMINIOS;Classe/Tipo/PH;CPR;15813;CAFE ARAB TP7 P/MELHOR-RIO ZONA;20210223
DOMINIOS;Classe/Tipo/PH;CPR;15814;CAFE ARAB TP7 220 DEF. DURO;20210223
DOMINIOS;Classe/Tipo/PH;CPR;15815;CAFE ARAB TP7 220 DEF. RIADO;20210223
DOMINIOS;Classe/Tipo/PH;CPR;15816;CAFE ARAB TP7 220 DEF. RIO;20210223
DOMINIOS;Classe/Tipo/PH;CPR;15817;CAFE ARAB TP7 220DEF.R.ZONA;20210223
DOMINIOS;Classe/Tipo/PH;CPR;15818;CAFE ARAB TP8 S/DESCR.BEBIDA;20210223
DOMINIOS;Classe/Tipo/PH;CPR;15828;CAFE ARAB 5-46DEF.SEMI WASHED CEREJA_DES;20210223
DOMINIOS;Classe/Tipo/PH;CPR;15830;CAFE ARAB 6/7 DURO SEM ESPEC.PENEIRA;20210223
DOMINIOS;Classe/Tipo/PH;CPR;15823;CAFE ARAB 6/7 120 DEF.DURO;20210223
DOMINIOS;Classe/Tipo/PH;CPR;17168;CAFE ARAB 6/7 123 DEF. NATURAL BICA;20210702
DOMINIOS;Classe/Tipo/PH;CPR;15807;CAFE ARAB 6/7 130 DEF. DURO;20210223
DOMINIOS;Classe/Tipo/PH;CPR;15808;CAFE ARAB 6/7 130 DEF. RIADO;20210223
DOMINIOS;Classe/Tipo/PH;CPR;15809;CAFE ARAB 6/7 130 DEF. RIO;20210223
DOMINIOS;Classe/Tipo/PH;CPR;15831;CAFE ARAB.DEPOSITADO TP 6 BICA CORRIDA;20210223
DOMINIOS;Classe/Tipo/PH;CPR;19042;CAFE ARABICA;20220706
DOMINIOS;Classe/Tipo/PH;CPR;17727;Café Arábica;20211122
DOMINIOS;Classe/Tipo/PH;CPR;21104;CAFE ARABICA / ROBUSTA;20230306
DOMINIOS;Classe/Tipo/PH;CPR;21105;CAFE ARABICA 6 DURO P/ MELHOR;20230306
DOMINIOS;Classe/Tipo/PH;CPR;20027;CAFÉ, CHÁ, MATE E ESPECIARIAS;20221003
DOMINIOS;Classe/Tipo/PH;CPR;19043;CAFE CONILON;20220706
DOMINIOS;Classe/Tipo/PH;CPR;15838;CAFE CONILON ORGANICO;20210223
DOMINIOS;Classe/Tipo/PH;CPR;15837;CAFE CONILON PADRAO BM&F;20210223
DOMINIOS;Classe/Tipo/PH;CPR;15834;CAFE CONILON TIPO 7 PENEIRA 13;20210223
DOMINIOS;Classe/Tipo/PH;CPR;15835;CAFE CONILON TIPO 7/8 ATEH 260 DEFEITOS;20210223
DOMINIOS;Classe/Tipo/PH;CPR;15836;CAFE CONILON TIPO 8 PARA MELHOR;20210223
DOMINIOS;Classe/Tipo/PH;CPR;17729;Café Cru;20211122
DOMINIOS;Classe/Tipo/PH;CPR;19529;CAFE EM COCO PADRAO BASICO;20220714
DOMINIOS;Classe/Tipo/PH;CPR;17728;Café em Grão;20211122
DOMINIOS;Classe/Tipo/PH;CPR;17726;Café Saca;20211122
DOMINIOS;Classe/Tipo/PH;CPR;17725;Café Tonelada;20211122
DOMINIOS;Classe/Tipo/PH;CPR;17467;CAIUPI TIPO 1;20211013
DOMINIOS;Classe/Tipo/PH;CPR;24640;CAIXA;20240408
DOMINIOS;Classe/Tipo/PH;CPR;26761;CAIXOTES, CAIXAS, ENGRADADOS DE MADEIRA;20250604
DOMINIOS;Classe/Tipo/PH;CPR;20064;CALÇADOS;20221003
DOMINIOS;Classe/Tipo/PH;CPR;27124;CALÇADOS DE MATÉRIAS TÊXTEIS;20250730
DOMINIOS;Classe/Tipo/PH;CPR;18860;CALCÁRIO;20220531
DOMINIOS;Classe/Tipo/PH;CPR;28302;CÂMARA DE REFRIGERAÇÃO;20260303
DOMINIOS;Classe/Tipo/PH;CPR;15794;CAMARÃO PADRÃO BÁSICO;20210222
DOMINIOS;Classe/Tipo/PH;CPR;17527;CANA CAMPO 109,19 ATR;20211020
DOMINIOS;Classe/Tipo/PH;CPR;19002;CANA DE AÇÚCAR;20220627
DOMINIOS;Classe/Tipo/PH;CPR;17724;Cana de açúcar tonelada;20211122
DOMINIOS;Classe/Tipo/PH;CPR;12688;CANA ESTEIRA 121,97 AT;20180710
DOMINIOS;Classe/Tipo/PH;CPR;17522;CANA ESTEIRA 121,97 ATR;20211020
DOMINIOS;Classe/Tipo/PH;CPR;23680;CANA-DE-AÇUCAR;20231130
DOMINIOS;Classe/Tipo/PH;CPR;15671;CANA-DE-ACUCAR CANA CAMPO 109,19 ATR;20210222
DOMINIOS;Classe/Tipo/PH;CPR;15672;CANA-DE-ACUCAR CANA ESTEIRA 121,97 AT;20210222
DOMINIOS;Classe/Tipo/PH;CPR;17005;CANA-DE-AÇUCAR CANA ESTEIRA 121,97 AT;20210426
DOMINIOS;Classe/Tipo/PH;CPR;19044;CANOLA;20220706
DOMINIOS;Classe/Tipo/PH;CPR;19530;CANOLA COMUM PADRAO BASICO;20220714
DOMINIOS;Classe/Tipo/PH;CPR;15924;CAPIM TIFTON (FENO) - PADRAO BASICO;20210223
DOMINIOS;Classe/Tipo/PH;CPR;19531;CAPRINO ADULTO PADRAO BASICO;20220714
DOMINIOS;Classe/Tipo/PH;CPR;16082;Caprinos;20210419
DOMINIOS;Classe/Tipo/PH;CPR;15760;CAQUI PADRAO BASICO;20210222
DOMINIOS;Classe/Tipo/PH;CPR;17641;Característico, livre de odores estr.;20211109
DOMINIOS;Classe/Tipo/PH;CPR;21560;CARBONO;20230417
DOMINIOS;Classe/Tipo/PH;CPR;17037;CARCAÇA CASADA;20210512
DOMINIOS;Classe/Tipo/PH;CPR;15886;CARCACA DE FRANGO PADRAO;20210223
DOMINIOS;Classe/Tipo/PH;CPR;17038;CARCAÇA ESPECIAL;20210512
DOMINIOS;Classe/Tipo/PH;CPR;17039;CARCAÇA REGULAR;20210512
DOMINIOS;Classe/Tipo/PH;CPR;15858;CARNAUBA (CERA);20210223
DOMINIOS;Classe/Tipo/PH;CPR;15859;CARNAUBA(CERA) BASICO;20210223
DOMINIOS;Classe/Tipo/PH;CPR;20740;CARNE BOVINA;20230201
DOMINIOS;Classe/Tipo/PH;CPR;23381;CARNE BOVINA CARCAÇA CASADA;20231018
DOMINIOS;Classe/Tipo/PH;CPR;19911;Carne Caprina;20220826
DOMINIOS;Classe/Tipo/PH;CPR;15889;CARNE DE BUFALO;20210223
DOMINIOS;Classe/Tipo/PH;CPR;18660;CARNE EQUIDEA FRACIONADA;20220422
DOMINIOS;Classe/Tipo/PH;CPR;18661;CARNE EQUIDEA FRACIONADA DIANTEIRO;20220422
DOMINIOS;Classe/Tipo/PH;CPR;18662;CARNE EQUIDEA FRACIONADA PA;20220422
DOMINIOS;Classe/Tipo/PH;CPR;18663;CARNE EQUIDEA FRACIONADA TRASEIRO;20220422
DOMINIOS;Classe/Tipo/PH;CPR;17465;CARNE IN NATURA;20211013
DOMINIOS;Classe/Tipo/PH;CPR;19912;Carne Ovina;20220826
DOMINIOS;Classe/Tipo/PH;CPR;20034;CARNE, PEIXES OU CRUSTÁCEOS;20221003
DOMINIOS;Classe/Tipo/PH;CPR;20745;CARNE SUINA;20230201
DOMINIOS;Classe/Tipo/PH;CPR;27162;CARNE SUÍNA;20250804
DOMINIOS;Classe/Tipo/PH;CPR;28223;CARNE SUINA 5,6 - 6,2 PH;20260210
DOMINIOS;Classe/Tipo/PH;CPR;14155;CARNEIRO;20190723
DOMINIOS;Classe/Tipo/PH;CPR;20021;CARNES E MIUDEZAS COMESTÍVEIS;20221003
DOMINIOS;Classe/Tipo/PH;CPR;28281;CARNES MIUDEZAS E PREPARACOES;20260227
DOMINIOS;Classe/Tipo/PH;CPR;5050;CAROÇO;20120816
DOMINIOS;Classe/Tipo/PH;CPR;15707;CAROÇO DE ALGODÃO - PADRÃO BÁSICO;20210222
DOMINIOS;Classe/Tipo/PH;CPR;135;CAROCO DESTINADO A SEMENTE;20101022
DOMINIOS;Classe/Tipo/PH;CPR;19802;carrocerias e carretas agrícolas;20220805
DOMINIOS;Classe/Tipo/PH;CPR;136;CASCA NATURAL;20101022
DOMINIOS;Classe/Tipo/PH;CPR;28461;CASTANHA;20260331
DOMINIOS;Classe/Tipo/PH;CPR;26744;CASTANHA DE CAJU;20250527
DOMINIOS;Classe/Tipo/PH;CPR;15685;CASTANHA DE CAJU - CLASSE MEDIA - TIPO 2;20210222
DOMINIOS;Classe/Tipo/PH;CPR;27004;CASTANHA-DO-PARÁ;20250716
DOMINIOS;Classe/Tipo/PH;CPR;17286;Casulo;20210806
DOMINIOS;Classe/Tipo/PH;CPR;22800;CASULO DO BICHO DA SEDA;20230802
DOMINIOS;Classe/Tipo/PH;CPR;18408;CAUDA AMARELA;20220314
DOMINIOS;Classe/Tipo/PH;CPR;20002;cavaco;20220926
DOMINIOS;Classe/Tipo/PH;CPR;26001;C+/C CE4 CARB;20241204
DOMINIOS;Classe/Tipo/PH;CPR;19532;CEBOLA AMARELA (IPA) PRODUTOR PADRAO BASICO;20220714
DOMINIOS;Classe/Tipo/PH;CPR;19533;CEBOLA AMARELA TIPO 3 ATACADO PADRAO BASICO;20220714
DOMINIOS;Classe/Tipo/PH;CPR;19534;CEBOLA NACIONAL PADRAO BASICO;20220714
DOMINIOS;Classe/Tipo/PH;CPR;15692;CEBOLA PADRAO BASICO;20210222
DOMINIOS;Classe/Tipo/PH;CPR;19535;CEBOLA PERA CLASSE 3 A 5 PADRAO BASICO;20220714
DOMINIOS;Classe/Tipo/PH;CPR;19536;CEBOLA VERMELHA (CRIOULA) PRODUTOR PADRAO BASICO;20220714
DOMINIOS;Classe/Tipo/PH;CPR;19537;CEBOLA VERMELHA (CRIOULA) TIPO 3 ATACADO PADRAO BASICO;20220714
DOMINIOS;Classe/Tipo/PH;CPR;19704;CEBOLA VERMELHA PROD PADRAO BASICO;20220722
DOMINIOS;Classe/Tipo/PH;CPR;19538;CEBOLA VERMELHA TIPO 3 ATACADO PADRAO BASICO;20220714
DOMINIOS;Classe/Tipo/PH;CPR;19705;CEBOLA VERMELHA TIPO 3 PADRAO BASICO;20220722
DOMINIOS;Classe/Tipo/PH;CPR;21180;CELULOSE;20230307
DOMINIOS;Classe/Tipo/PH;CPR;24460;CELULOSE FLUFF;20240307
DOMINIOS;Classe/Tipo/PH;CPR;19539;CENOURA COMUM PADRAO BASICO;20220714
DOMINIOS;Classe/Tipo/PH;CPR;19540;CENOURA EXTRA PADRAO BASICO;20220714
DOMINIOS;Classe/Tipo/PH;CPR;15759;CENOURA PADRAO BASICO;20210222
DOMINIOS;Classe/Tipo/PH;CPR;19541;CENOURA VERAO A - ATACADO PADRAO BASICO;20220714
DOMINIOS;Classe/Tipo/PH;CPR;19706;CENOURA VERÃO A - ATACADO PADRAO BASICO;20220722
DOMINIOS;Classe/Tipo/PH;CPR;19542;CENOURA VERAO G - ATACADO PADRAO BASICO;20220714
DOMINIOS;Classe/Tipo/PH;CPR;19707;CENOURA VERÃO G - ATACADO PADRAO BASICO;20220722
DOMINIOS;Classe/Tipo/PH;CPR;19708;CENOURA VERÃO SUJA - PROD PADRAO BASICO;20220722
DOMINIOS;Classe/Tipo/PH;CPR;19543;CENOURA VERAO SUJA - PRODUTOR PADRAO BASICO;20220714
DOMINIOS;Classe/Tipo/PH;CPR;19544;CENTEIO PADRAO BASICO;20220714
DOMINIOS;Classe/Tipo/PH;CPR;20028;CEREAIS;20221003
DOMINIOS;Classe/Tipo/PH;CPR;18765;CEREJA EM CALDA;20220517
DOMINIOS;Classe/Tipo/PH;CPR;26901;CERVEJA;20250701
DOMINIOS;Classe/Tipo/PH;CPR;19045;CEVADA;20220706
DOMINIOS;Classe/Tipo/PH;CPR;15693;CEVADA CERVEJEIRA - PADRAO BASICO;20210222
DOMINIOS;Classe/Tipo/PH;CPR;20065;CHAPÉUS E ARTEFATOS;20221003
DOMINIOS;Classe/Tipo/PH;CPR;22940;CHOCOLATE;20230829
DOMINIOS;Classe/Tipo/PH;CPR;24500;CHUCHU;20240315
DOMINIOS;Classe/Tipo/PH;CPR;17471;CHUCHU - PADRAO BASICO;20211013
DOMINIOS;Classe/Tipo/PH;CPR;19545;CHUCHU PADRAO BASICO;20220714
DOMINIOS;Classe/Tipo/PH;CPR;18409;CIOBA;20220314
DOMINIOS;Classe/Tipo/PH;CPR;25380;CLASSE HIDRATADO;20240829
DOMINIOS;Classe/Tipo/PH;CPR;26841;CLASSE 3;20250616
DOMINIOS;Classe/Tipo/PH;CPR;28881;CLASSE 6;20260710
DOMINIOS;Classe/Tipo/PH;CPR;19840;classif/sel/benefic de frutas;20220808
DOMINIOS;Classe/Tipo/PH;CPR;22900;Cobertura para estufas;20230823
DOMINIOS;Classe/Tipo/PH;CPR;24420;COCO;20240301
DOMINIOS;Classe/Tipo/PH;CPR;28241;COCO RALADO;20260220
DOMINIOS;Classe/Tipo/PH;CPR;15898;COCO-ANAO (AGUA)-PADRAO BASICO;20210223
DOMINIOS;Classe/Tipo/PH;CPR;15846;COCO-ANAO (SECO) PADRAO BASICO;20210223
DOMINIOS;Classe/Tipo/PH;CPR;5021;COCOS NUCIFERA L;20120410
DOMINIOS;Classe/Tipo/PH;CPR;137;CODORNA;20101022
DOMINIOS;Classe/Tipo/PH;CPR;18504;COENTRO IN NATURA;20220325
DOMINIOS;Classe/Tipo/PH;CPR;29001;COGUMELO;20260806
DOMINIOS;Classe/Tipo/PH;CPR;15781;COGUMELO AGARICUS (SECO);20210222
DOMINIOS;Classe/Tipo/PH;CPR;15782;COGUMELO CHAMPIGNON (FRESCO);20210222
DOMINIOS;Classe/Tipo/PH;CPR;15783;COGUMELO CHAMPIGNON (INDUSTRIA);20210222
DOMINIOS;Classe/Tipo/PH;CPR;15785;COGUMELO SHIITAKE (FRESCO);20210222
DOMINIOS;Classe/Tipo/PH;CPR;15784;COGUMELO SHIITAKE (SECO);20210222
DOMINIOS;Classe/Tipo/PH;CPR;24220;COLAGENO BOVINO/SUINO;20240129
DOMINIOS;Classe/Tipo/PH;CPR;20744;COM E REVENDAS PROD. AGRICOLAS;20230201
DOMINIOS;Classe/Tipo/PH;CPR;15577;com sal/sem sal;20201223
DOMINIOS;Classe/Tipo/PH;CPR;20600;COMBUSTÍVEL;20230110
DOMINIOS;Classe/Tipo/PH;CPR;22260;COMBUSTÍVEL / DIESEL;20230621
DOMINIOS;Classe/Tipo/PH;CPR;19849;Comércio atac defen corretivo solo;20220808
DOMINIOS;Classe/Tipo/PH;CPR;19847;Comércio atac defen fertilizantes;20220808
DOMINIOS;Classe/Tipo/PH;CPR;19846;Comércio atac defensivo adubos;20220808
DOMINIOS;Classe/Tipo/PH;CPR;19845;Comércio atac defensivo agrícola;20220808
DOMINIOS;Classe/Tipo/PH;CPR;19848;Comércio atac insumo agropecuário;20220808
DOMINIOS;Classe/Tipo/PH;CPR;26803;COMP.NUTRIÇÃO DE AVES E SUINOS;20250606
DOMINIOS;Classe/Tipo/PH;CPR;17040;COMUM CORES TIPO 1;20210512
DOMINIOS;Classe/Tipo/PH;CPR;15583;concentrado;20201223
DOMINIOS;Classe/Tipo/PH;CPR;15653;Concetrado;20210208
DOMINIOS;Classe/Tipo/PH;CPR;17041;CONDENSADO;20210512
DOMINIOS;Classe/Tipo/PH;CPR;26401;CONDIMENTOS;20250324
DOMINIOS;Classe/Tipo/PH;CPR;138;CONGELADO;20101022
DOMINIOS;Classe/Tipo/PH;CPR;139;CONILLON;20101022
DOMINIOS;Classe/Tipo/PH;CPR;24484;CONSERVA;20240313
DOMINIOS;Classe/Tipo/PH;CPR;19021;Conservação do solo;20220629
DOMINIOS;Classe/Tipo/PH;CPR;17114;CONTRA FILÉ;20210601
DOMINIOS;Classe/Tipo/PH;CPR;19546;CORDEIRO PADRAO BASICO;20220714
DOMINIOS;Classe/Tipo/PH;CPR;15489;cores;20201007
DOMINIOS;Classe/Tipo/PH;CPR;19930;Corretivos de solo;20220831
DOMINIOS;Classe/Tipo/PH;CPR;18823;CORVINA;20220526
DOMINIOS;Classe/Tipo/PH;CPR;17479;COURO DE ORIGEM ANIMAL BENEFICIADO;20211013
DOMINIOS;Classe/Tipo/PH;CPR;20402;Couros;20221130
DOMINIOS;Classe/Tipo/PH;CPR;25040;COUVE;20240625
DOMINIOS;Classe/Tipo/PH;CPR;19547;COUVE-FLOR PADRAO BASICO;20220714
DOMINIOS;Classe/Tipo/PH;CPR;16106;COXA;20210420
DOMINIOS;Classe/Tipo/PH;CPR;15786;CRAVO-DA-INDIA PADRAO BASICO;20210222
DOMINIOS;Classe/Tipo/PH;CPR;17116;CRÉDITO DE CARBONO;20210602
DOMINIOS;Classe/Tipo/PH;CPR;17101;Crisântemo;20210526
DOMINIOS;Classe/Tipo/PH;CPR;250;CRISTAL;20101210
DOMINIOS;Classe/Tipo/PH;CPR;28001;CRUSTÁCEO;20251202
DOMINIOS;Classe/Tipo/PH;CPR;26181;CRUSTÁCEO BENEFICIADO E CONGELADO;20250131
DOMINIOS;Classe/Tipo/PH;CPR;19751;Crustáceos de origem dulcícola;20220722
DOMINIOS;Classe/Tipo/PH;CPR;18444;Crustáceos de origem dulcícola - Inteiro;20220316
DOMINIOS;Classe/Tipo/PH;CPR;18445;Crustáceos de origem dulcícola - Limpo;20220316
DOMINIOS;Classe/Tipo/PH;CPR;19752;Crustáceos de origem marinha;20220722
DOMINIOS;Classe/Tipo/PH;CPR;18446;Crustáceos de origem marinha - Inteiro;20220316
DOMINIOS;Classe/Tipo/PH;CPR;18447;Crustáceos de origem marinha - Limpo;20220316
DOMINIOS;Classe/Tipo/PH;CPR;11664;CTC;20170825
DOMINIOS;Classe/Tipo/PH;CPR;27544;CUMARU / SISTEMA AGROFLORESTAL;20250924
DOMINIOS;Classe/Tipo/PH;CPR;17469;DDG PARA COMPOSIÇÃO DE RAÇÃO ANIMAL;20211013
DOMINIOS;Classe/Tipo/PH;CPR;19839;debulhadoras para milho;20220808
DOMINIOS;Classe/Tipo/PH;CPR;26741;DEF AGRIC(HERB FUNG INSET ETC);20250527
DOMINIOS;Classe/Tipo/PH;CPR;20741;DEFENSIVO AGRICOLA;20230201
DOMINIOS;Classe/Tipo/PH;CPR;27743;DEMAIS ACUCARES E ADOCANTES;20251103
DOMINIOS;Classe/Tipo/PH;CPR;26943;DEMAIS MADEIRAS;20250703
DOMINIOS;Classe/Tipo/PH;CPR;140;DEMERARA;20101022
DOMINIOS;Classe/Tipo/PH;CPR;28601;DENDÊ, AÇAÍ, CACAU E ANDIROBA;20260508
DOMINIOS;Classe/Tipo/PH;CPR;19548;DENDE PADRAO BASICO;20220714
DOMINIOS;Classe/Tipo/PH;CPR;19709;DENDÊ PADRAO BASICO;20220722
DOMINIOS;Classe/Tipo/PH;CPR;22180;DERIVADO DE CANA DE ACUCAR;20230616
DOMINIOS;Classe/Tipo/PH;CPR;27462;DERIVADOS DE ACUCAR;20250912
DOMINIOS;Classe/Tipo/PH;CPR;15562;descascado;20201223
DOMINIOS;Classe/Tipo/PH;CPR;23780;DESNATADO;20231213
DOMINIOS;Classe/Tipo/PH;CPR;15566;dianteiro;20201223
DOMINIOS;Classe/Tipo/PH;CPR;15565;dianteiro/pa/traseiro;20201223
DOMINIOS;Classe/Tipo/PH;CPR;25323;DIVERSOS;20240826
DOMINIOS;Classe/Tipo/PH;CPR;18702;DOCE DE AMENDOIM;20220509
DOMINIOS;Classe/Tipo/PH;CPR;26881;DOLOMÍTICO;20250625
DOMINIOS;Classe/Tipo/PH;CPR;14150;DORPER;20190723
DOMINIOS;Classe/Tipo/PH;CPR;25043;DOSADOR DE SEMENTES;20240625
DOMINIOS;Classe/Tipo/PH;CPR;17464;EM CASCA (NÃO-BENEFICIADO);20211013
DOMINIOS;Classe/Tipo/PH;CPR;12687;EM GRÃOS PADRÃO BÁSICO;20180710
DOMINIOS;Classe/Tipo/PH;CPR;12690;EM GRÃOS PADRÃO CONCEX (BÁSICO);20180710
DOMINIOS;Classe/Tipo/PH;CPR;26801;EM PLUMA;20250606
DOMINIOS;Classe/Tipo/PH;CPR;15560;em pluma básico;20201223
DOMINIOS;Classe/Tipo/PH;CPR;26201;EMBALADA;20250205
DOMINIOS;Classe/Tipo/PH;CPR;25220;EMBALADO;20240808
DOMINIOS;Classe/Tipo/PH;CPR;21080;Embalagem Fracionada;20230302
DOMINIOS;Classe/Tipo/PH;CPR;21340;EMBALAGEM REFRIGERADA;20230330
DOMINIOS;Classe/Tipo/PH;CPR;15897;EMBRIAO BOVINO PADRAO;20210223
DOMINIOS;Classe/Tipo/PH;CPR;17042;ENLATADO;20210512
DOMINIOS;Classe/Tipo/PH;CPR;15557;enriquecida;20201223
DOMINIOS;Classe/Tipo/PH;CPR;15572;enriquecido;20201223
DOMINIOS;Classe/Tipo/PH;CPR;21960;ENVARADO;20230529
DOMINIOS;Classe/Tipo/PH;CPR;16084;Equinos;20210419
DOMINIOS;Classe/Tipo/PH;CPR;26982;EQUIPAMENTOS AGROPECUÁRIOS;20250709
DOMINIOS;Classe/Tipo/PH;CPR;19949;EQUIPAMENTOS PARA IRRIGAÇÃO;20220913
DOMINIOS;Classe/Tipo/PH;CPR;19863;equipamentos para silos;20220811
DOMINIOS;Classe/Tipo/PH;CPR;19710;ERVA MATE NATIVA NO PÉ PADRAO BASICO;20220722
DOMINIOS;Classe/Tipo/PH;CPR;19711;ERVA MATE PLANTADA NO PÉ PADRAO BASICO;20220722
DOMINIOS;Classe/Tipo/PH;CPR;19550;ERVA MATE VERDE NATIVA NO PE PADRAO BASICO;20220714
DOMINIOS;Classe/Tipo/PH;CPR;19549;ERVA MATE VERDE PADRAO BASICO;20220714
DOMINIOS;Classe/Tipo/PH;CPR;19551;ERVA MATE VERDE PLANTADA NO PE PADRAO BASICO;20220714
DOMINIOS;Classe/Tipo/PH;CPR;15736;ERVA-MATE PADRAO;20210222
DOMINIOS;Classe/Tipo/PH;CPR;22340;ERVILHA;20230626
DOMINIOS;Classe/Tipo/PH;CPR;15737;ERVILHA PADRAO;20210222
DOMINIOS;Classe/Tipo/PH;CPR;14394;Esmeralda;20191010
DOMINIOS;Classe/Tipo/PH;CPR;14395;Esmeralda Imperial;20191010
DOMINIOS;Classe/Tipo/PH;CPR;15558;especial enriquecida;20201223
DOMINIOS;Classe/Tipo/PH;CPR;15570;especial ME;20201223
DOMINIOS;Classe/Tipo/PH;CPR;141;ESPIGA COM PALHA;20101022
DOMINIOS;Classe/Tipo/PH;CPR;21700;ESPUMANTE NATURAL BRANCO;20230503
DOMINIOS;Classe/Tipo/PH;CPR;17113;ESTERALIZADO;20210601
DOMINIOS;Classe/Tipo/PH;CPR;19019;Estoque de Carbono Florestal;20220629
DOMINIOS;Classe/Tipo/PH;CPR;27144;ESTRUTURA DE MADEIRA;20250801
DOMINIOS;Classe/Tipo/PH;CPR;142;ETANOL - PADRAO BMF;20101022
DOMINIOS;Classe/Tipo/PH;CPR;29141;ETANOL COMUM;20260827
DOMINIOS;Classe/Tipo/PH;CPR;25480;ETANOL HIDRATADO E ANIDRO;20240918
DOMINIOS;Classe/Tipo/PH;CPR;260;ETILICO;20110126
DOMINIOS;Classe/Tipo/PH;CPR;143;ETILICO ANIDRO CARBURANTE;20101022
DOMINIOS;Classe/Tipo/PH;CPR;24421;ETÍLICO HIDRATADO CARBURANTE;20240301
DOMINIOS;Classe/Tipo/PH;CPR;144;ETILICO HIDRATADO COMBUSTÍVEL;20101022
DOMINIOS;Classe/Tipo/PH;CPR;246;EUCALIPTO;20101129
DOMINIOS;Classe/Tipo/PH;CPR;15847;EUCALIPTO - TORA EM PEH;20210223
DOMINIOS;Classe/Tipo/PH;CPR;15848;EUCALIPTO PARA CARVAO VEGETAL;20210223
DOMINIOS;Classe/Tipo/PH;CPR;15849;EUCALIPTO PARA LENHA;20210223
DOMINIOS;Classe/Tipo/PH;CPR;334;EUCALIPTO/PINUS;20110621
DOMINIOS;Classe/Tipo/PH;CPR;5034;EVISCERADO;20120706
DOMINIOS;Classe/Tipo/PH;CPR;256;EXTRA BRANCO;20110105
DOMINIOS;Classe/Tipo/PH;CPR;16072;Extrato de cacau solúvel;20210419
DOMINIOS;Classe/Tipo/PH;CPR;20044;EXTRATOS TANANTE E TINTORIAIS;20221003
DOMINIOS;Classe/Tipo/PH;CPR;17043;FARELO DE MILHO DESTILADO;20210512
DOMINIOS;Classe/Tipo/PH;CPR;19552;FARELO DE SOJA PADRAO BASICO;20220714
DOMINIOS;Classe/Tipo/PH;CPR;19554;FARINHA DE MANDIOCA FINA PADRAO BASICO;20220714
DOMINIOS;Classe/Tipo/PH;CPR;15691;FARINHA DE MANDIOCA FINA T3 OU UNICA;20210222
DOMINIOS;Classe/Tipo/PH;CPR;19553;FARINHA DE MANDIOCA 1ª PADRAO BASICO;20220714
DOMINIOS;Classe/Tipo/PH;CPR;18722;FARINHA DE PEIXE;20220513
DOMINIOS;Classe/Tipo/PH;CPR;21300;FARMACOS PARA USO VETERINARIO;20230328
DOMINIOS;Classe/Tipo/PH;CPR;19825;fármacos para uso veterinário;20220808
DOMINIOS;Classe/Tipo/PH;CPR;19040;FÉCULA DE MANDIOCA;20220706
DOMINIOS;Classe/Tipo/PH;CPR;15712;FECULA DE MANDIOCA PADRÃO BÁSICO 2-B;20210222
DOMINIOS;Classe/Tipo/PH;CPR;22280;FEIJÃO;20230621
DOMINIOS;Classe/Tipo/PH;CPR;16095;Feijão Caiupi;20210419
DOMINIOS;Classe/Tipo/PH;CPR;19556;FEIJAO CARIOCA EXTRA SAFRA NOVA PADRAO BASICO;20220714
DOMINIOS;Classe/Tipo/PH;CPR;19555;FEIJAO CARIOCA PADRAO BASICO;20220714
DOMINIOS;Classe/Tipo/PH;CPR;19713;FEIJÃO CARIOCA PADRAO BASICO;20220722
DOMINIOS;Classe/Tipo/PH;CPR;19712;FEIJÃO CARIOCA SAFRA NOV PADRAO BASICO;20220722
DOMINIOS;Classe/Tipo/PH;CPR;19557;FEIJAO CARIOQUINHA PADRAO BASICO;20220714
DOMINIOS;Classe/Tipo/PH;CPR;19714;FEIJÃO CARIOQUINHA PADRAO BASICO;20220722
DOMINIOS;Classe/Tipo/PH;CPR;19048;FEIJAO CAUPI;20220706
DOMINIOS;Classe/Tipo/PH;CPR;19558;FEIJAO CAUPI PADRAO BASICO;20220714
DOMINIOS;Classe/Tipo/PH;CPR;19715;FEIJÃO CAUPI PADRAO BASICO;20220722
DOMINIOS;Classe/Tipo/PH;CPR;16094;Feijão Comum;20210419
DOMINIOS;Classe/Tipo/PH;CPR;19046;FEIJAO CORES;20220706
DOMINIOS;Classe/Tipo/PH;CPR;19559;FEIJAO CORES PADRAO BASICO;20220714
DOMINIOS;Classe/Tipo/PH;CPR;19716;FEIJÃO CORES PADRAO BASICO;20220722
DOMINIOS;Classe/Tipo/PH;CPR;19560;FEIJAO DE CORDA CAUPI PADRAO BASICO;20220714
DOMINIOS;Classe/Tipo/PH;CPR;19721;FEIJÃO DE CORDA CAUPI PADRAO BASICO;20220722
DOMINIOS;Classe/Tipo/PH;CPR;19721;FEIJÃO DE CORDA CAUPI PADRAO BASICO;20220722
DOMINIOS;Classe/Tipo/PH;CPR;19721;FEIJÃO DE CORDA CAUPI PADRAO BASICO;20220722
DOMINIOS;Classe/Tipo/PH;CPR;19721;FEIJÃO DE CORDA CAUPI PADRAO BASICO;20220722
DOMINIOS;Classe/Tipo/PH;CPR;19721;FEIJÃO DE CORDA CAUPI PADRAO BASICO;20220722
DOMINIOS;Classe/Tipo/PH;CPR;19721;FEIJÃO DE CORDA CAUPI PADRAO BASICO;20220722
DOMINIOS;Classe/Tipo/PH;CPR;19561;FEIJAO MANTEIGA PADRAO BASICO;20220714
DOMINIOS;Classe/Tipo/PH;CPR;19717;FEIJÃO MANTEIGA PADRAO BASICO;20220722
DOMINIOS;Classe/Tipo/PH;CPR;17528;FEIJÃO MULGO;20211020
DOMINIOS;Classe/Tipo/PH;CPR;15686;FEIJAO PADRAO_TIPO 3;20210222
DOMINIOS;Classe/Tipo/PH;CPR;19047;FEIJAO PRETO;20220706
DOMINIOS;Classe/Tipo/PH;CPR;19562;FEIJAO PRETO PADRAO BASICO;20220714
DOMINIOS;Classe/Tipo/PH;CPR;19718;FEIJÃO PRETO PADRAO BASICO;20220722
DOMINIOS;Classe/Tipo/PH;CPR;19718;FEIJÃO PRETO PADRAO BASICO;20220722
DOMINIOS;Classe/Tipo/PH;CPR;19563;FEIJAO VERMELHO PADRAO BASICO;20220714
DOMINIOS;Classe/Tipo/PH;CPR;19719;FEIJÃO VERMELHO PADRAO BASICO;20220722
DOMINIOS;Classe/Tipo/PH;CPR;19564;FEIJAO VERMELHO SAFRA PADRAO BASICO;20220714
DOMINIOS;Classe/Tipo/PH;CPR;19720;FEIJÃO VERMELHO SAFRA PADRAO BASICO;20220722
DOMINIOS;Classe/Tipo/PH;CPR;15595;Fêmeas Nelore e/ou Cruzamento Industrial;20210108
DOMINIOS;Classe/Tipo/PH;CPR;17044;FERMENTADO;20210512
DOMINIOS;Classe/Tipo/PH;CPR;27301;Fert Min S Potassio;20250826
DOMINIOS;Classe/Tipo/PH;CPR;28561;FERTILIZANTE DE SOLO DE EFICIÊNCIA;20260420
DOMINIOS;Classe/Tipo/PH;CPR;27561;FERTILIZANTE FOLIAR;20251002
DOMINIOS;Classe/Tipo/PH;CPR;27841;Fertilizante Foliar a base de enxofre;20251111
DOMINIOS;Classe/Tipo/PH;CPR;19800;fertilizantes;20220805
DOMINIOS;Classe/Tipo/PH;CPR;25583;FERTILIZANTES NPK;20241004
DOMINIOS;Classe/Tipo/PH;CPR;17561;FIBRA CURTA;20211025
DOMINIOS;Classe/Tipo/PH;CPR;19938;Fibra de algodão e fibra sintética;20220906
DOMINIOS;Classe/Tipo/PH;CPR;17562;FIBRA LONGA;20211025
DOMINIOS;Classe/Tipo/PH;CPR;20058;FIBRAS TÊXTEIS VEGETAIS;20221003
DOMINIOS;Classe/Tipo/PH;CPR;24440;FIGO;20240306
DOMINIOS;Classe/Tipo/PH;CPR;18762;FIGO EM CALDA;20220517
DOMINIOS;Classe/Tipo/PH;CPR;17144;Filé mignon;20210617
DOMINIOS;Classe/Tipo/PH;CPR;20880;Filme agrícola cobertura solo;20230222
DOMINIOS;Classe/Tipo/PH;CPR;15555;fina;20201223
DOMINIOS;Classe/Tipo/PH;CPR;17045;FINA SECA;20210512
DOMINIOS;Classe/Tipo/PH;CPR;21740;FIO 26/01 E 30/01;20230511
DOMINIOS;Classe/Tipo/PH;CPR;20760;FIOS;20230201
DOMINIOS;Classe/Tipo/PH;CPR;15876;FIOS CARDADOS-30, 26, 24, 20 E 12 MC;20210223
DOMINIOS;Classe/Tipo/PH;CPR;15877;FIOS OPEN-END-30,26,24,20,12 E 08 OE;20210223
DOMINIOS;Classe/Tipo/PH;CPR;15875;FIOS PENTEADOS-30, 26, 24 E 20 MP;20210223
DOMINIOS;Classe/Tipo/PH;CPR;15746;FLORES DIVERSAS;20210222
DOMINIOS;Classe/Tipo/PH;CPR;15747;FLORES EM VASOS - GLOXINIA;20210222
DOMINIOS;Classe/Tipo/PH;CPR;28622;Floresta;20260511
DOMINIOS;Classe/Tipo/PH;CPR;145;FLORESTAME;20101022
DOMINIOS;Classe/Tipo/PH;CPR;9767;FOLHA;20150619
DOMINIOS;Classe/Tipo/PH;CPR;17473;FOLHAS DE PLANTAS DO GÊNERO DUBOISIA SSP;20211013
DOMINIOS;Classe/Tipo/PH;CPR;17046;FOLHAS E TALOS DE MATE;20210512
DOMINIOS;Classe/Tipo/PH;CPR;19822;formulação contr. Infestantes;20220808
DOMINIOS;Classe/Tipo/PH;CPR;19821;formulações controle fungos;20220808
DOMINIOS;Classe/Tipo/PH;CPR;19820;formulações controle insetos;20220808
DOMINIOS;Classe/Tipo/PH;CPR;25582;Formulados Químicos;20241003
DOMINIOS;Classe/Tipo/PH;CPR;16103;Forrageira;20210419
DOMINIOS;Classe/Tipo/PH;CPR;17524;FORRAGEM COM FIN PAISAGÍSTICA;20211020
DOMINIOS;Classe/Tipo/PH;CPR;17496;FORRAGEM COM FINALIDADE PAISAGÍSTICA;20211013
DOMINIOS;Classe/Tipo/PH;CPR;24260;FRAMBOESA;20240205
DOMINIOS;Classe/Tipo/PH;CPR;18508;FRANGA/GALINHA POEDEIRA;20220325
DOMINIOS;Classe/Tipo/PH;CPR;16078;Frango;20210419
DOMINIOS;Classe/Tipo/PH;CPR;17047;FRANGO INTEIRO;20210512
DOMINIOS;Classe/Tipo/PH;CPR;20747;FRANGO RESFRIADO/CONGELADO;20230201
DOMINIOS;Classe/Tipo/PH;CPR;15755;FRANGO VIVO PARA CORTE;20210222
DOMINIOS;Classe/Tipo/PH;CPR;5169;FRESCA;20130123
DOMINIOS;Classe/Tipo/PH;CPR;17165;Frescal;20210630
DOMINIOS;Classe/Tipo/PH;CPR;20301;FRESCO E CONGELADO;20221121
DOMINIOS;Classe/Tipo/PH;CPR;17474;FRESCOS;20211013
DOMINIOS;Classe/Tipo/PH;CPR;20026;FRUTAS CASCAS DE CITRICOS;20221003
DOMINIOS;Classe/Tipo/PH;CPR;20025;FRUTAS CASCAS DE FRUTOS CITRICOS;20221003
DOMINIOS;Classe/Tipo/PH;CPR;25441;FRUTAS IN NATURA;20240910
DOMINIOS;Classe/Tipo/PH;CPR;17472;FRUTO DA ESPÉCIE COCOS NUCIFERA L;20211013
DOMINIOS;Classe/Tipo/PH;CPR;257;FUJI;20110106
DOMINIOS;Classe/Tipo/PH;CPR;15748;FUMO - PADRAO BASICO;20210222
DOMINIOS;Classe/Tipo/PH;CPR;15749;FUMO - PADRAO EM CORDA;20210222
DOMINIOS;Classe/Tipo/PH;CPR;27542;GADO / PECUARIA REGENERATIVA;20250924
DOMINIOS;Classe/Tipo/PH;CPR;17733;Gado Bovino;20211122
DOMINIOS;Classe/Tipo/PH;CPR;17732;Gado Bovino – Boi Inteiro;20211122
DOMINIOS;Classe/Tipo/PH;CPR;17730;Gado Bovino – Macho/ Fêmea;20211122
DOMINIOS;Classe/Tipo/PH;CPR;16085;Gado de Corte;20210419
DOMINIOS;Classe/Tipo/PH;CPR;16086;Gado Leiteiro;20210419
DOMINIOS;Classe/Tipo/PH;CPR;258;GALA;20110106
DOMINIOS;Classe/Tipo/PH;CPR;22720;GALA GRAÚDA;20230726
DOMINIOS;Classe/Tipo/PH;CPR;26021;GALÃO;20241213
DOMINIOS;Classe/Tipo/PH;CPR;146;GALINHA;20101022
DOMINIOS;Classe/Tipo/PH;CPR;19565;GARROTE 1 A 2 ANOS PADRAO BASICO;20220714
DOMINIOS;Classe/Tipo/PH;CPR;19566;GARROTE 18 MESES PADRAO BASICO;20220714
DOMINIOS;Classe/Tipo/PH;CPR;19018;gases de efeito estufa;20220629
DOMINIOS;Classe/Tipo/PH;CPR;20761;GELATINA;20230201
DOMINIOS;Classe/Tipo/PH;CPR;17048;GELATINIZADO;20210512
DOMINIOS;Classe/Tipo/PH;CPR;18500;GENGIBRE RAIZ;20220325
DOMINIOS;Classe/Tipo/PH;CPR;17108;Gérbera;20210526
DOMINIOS;Classe/Tipo/PH;CPR;17468;GERGELIM PADRÃO BÁSICO;20211013
DOMINIOS;Classe/Tipo/PH;CPR;16096;Girassol;20210419
DOMINIOS;Classe/Tipo/PH;CPR;15761;GIRASSOL  BASICO;20210222
DOMINIOS;Classe/Tipo/PH;CPR;19567;GIRASSOL COMUM PADRAO BASICO;20220714
DOMINIOS;Classe/Tipo/PH;CPR;19568;GOIABA COMUM PADRAO BASICO;20220714
DOMINIOS;Classe/Tipo/PH;CPR;15764;GOIABA DE MESA-PADRAO BASICO;20210222
DOMINIOS;Classe/Tipo/PH;CPR;18766;GOIABA EM CALDA;20220517
DOMINIOS;Classe/Tipo/PH;CPR;15765;GOIABA INDUSTRIA-PADRA BASICO;20210222
DOMINIOS;Classe/Tipo/PH;CPR;15763;GOIABA PADRAO BASICO;20210222
DOMINIOS;Classe/Tipo/PH;CPR;19569;GOIABA PALOMA PADRAO BASICO;20220714
DOMINIOS;Classe/Tipo/PH;CPR;20031;GOMAS, RESINAS, EXT VEGETAIS;20221003
DOMINIOS;Classe/Tipo/PH;CPR;12696;GORDO BOVINOS MACHOS – PESO 480/600;20180710
DOMINIOS;Classe/Tipo/PH;CPR;20033;GORDURA/ÓLEO ANIMAIS/VEGETAIS;20221003
DOMINIOS;Classe/Tipo/PH;CPR;19489;GOUDA;20220714
DOMINIOS;Classe/Tipo/PH;CPR;27041;Grade 31-4-36;20250722
DOMINIOS;Classe/Tipo/PH;CPR;23220;GRAMA;20230929
DOMINIOS;Classe/Tipo/PH;CPR;15873;GRAMA IRRIGADA;20210223
DOMINIOS;Classe/Tipo/PH;CPR;15874;GRAMA ORNAMENTAL-PADRAO BASICO;20210223
DOMINIOS;Classe/Tipo/PH;CPR;25941;GRAN FORMAGGIO;20241128
DOMINIOS;Classe/Tipo/PH;CPR;15578;grande branco;20201223
DOMINIOS;Classe/Tipo/PH;CPR;15582;granel;20201223
DOMINIOS;Classe/Tipo/PH;CPR;147;GRANIFERO;20101022
DOMINIOS;Classe/Tipo/PH;CPR;27661;Granoleico;20251023
DOMINIOS;Classe/Tipo/PH;CPR;16073;Granulado;20210419
DOMINIOS;Classe/Tipo/PH;CPR;18902;Grão de milho - Padrão Básico;20220610
DOMINIOS;Classe/Tipo/PH;CPR;18901;Grão de soja - Padrão Básico;20220610
DOMINIOS;Classe/Tipo/PH;CPR;20160;Grão de trigo - Padrão Básico;20221028
DOMINIOS;Classe/Tipo/PH;CPR;148;GRAOS;20101022
DOMINIOS;Classe/Tipo/PH;CPR;14403;GRÃOS;20191014
DOMINIOS;Classe/Tipo/PH;CPR;22140;GRAOS EMBALADOS;20230615
DOMINIOS;Classe/Tipo/PH;CPR;15767;GRAVIOLA IN NATURA-PADRAO BASICO;20210222
DOMINIOS;Classe/Tipo/PH;CPR;15766;GRAVIOLA PADRAO BASICO (PASTA);20210222
DOMINIOS;Classe/Tipo/PH;CPR;17740;Grupo I padrão básico;20211126
DOMINIOS;Classe/Tipo/PH;CPR;17741;Grupo I padrão exportação;20211126
DOMINIOS;Classe/Tipo/PH;CPR;17742;Grupo II padrão básico;20211126
DOMINIOS;Classe/Tipo/PH;CPR;17743;Grupo II padrão exportação;20211126
DOMINIOS;Classe/Tipo/PH;CPR;15768;GUARANA EM GRAOS - PADRAO BASICO;20210222
DOMINIOS;Classe/Tipo/PH;CPR;15769;GUARANA EM PO - PADRAO BASICO;20210222
DOMINIOS;Classe/Tipo/PH;CPR;14845;Gypsophila;20200129
DOMINIOS;Classe/Tipo/PH;CPR;149;HERBACEO (SEMENTE);20101022
DOMINIOS;Classe/Tipo/PH;CPR;19860;Herbicidas;20220811
DOMINIOS;Classe/Tipo/PH;CPR;28262;Híbrido Tambatinga;20260223
DOMINIOS;Classe/Tipo/PH;CPR;17049;HIDRATADO;20210512
DOMINIOS;Classe/Tipo/PH;CPR;20840;higienizado;20230210
DOMINIOS;Classe/Tipo/PH;CPR;28202;HORTALIÇAS BENEFICIADAS;20260202
DOMINIOS;Classe/Tipo/PH;CPR;19824;i.a. para defensivos agrícolas;20220808
DOMINIOS;Classe/Tipo/PH;CPR;11663;IAC;20170825
DOMINIOS;Classe/Tipo/PH;CPR;14151;ILE DE FRANCE;20190723
DOMINIOS;Classe/Tipo/PH;CPR;23382;IMPLEMENTO PARA IRRIGAÇÃO;20231018
DOMINIOS;Classe/Tipo/PH;CPR;19829;implementos agrícolas;20220808
DOMINIOS;Classe/Tipo/PH;CPR;150;IN NATURA;20101022
DOMINIOS;Classe/Tipo/PH;CPR;12691;IN NATURA PADRÃO BÁSICO;20180710
DOMINIOS;Classe/Tipo/PH;CPR;15738;INHAME-PADRAO BASICO;20210222
DOMINIOS;Classe/Tipo/PH;CPR;19843;instalação máquina agrícolas;20220808
DOMINIOS;Classe/Tipo/PH;CPR;27161;INSUMOS AGROPECUARIOS;20250804
DOMINIOS;Classe/Tipo/PH;CPR;15574;integral;20201223
DOMINIOS;Classe/Tipo/PH;CPR;15573;inteiro;20201223
DOMINIOS;Classe/Tipo/PH;CPR;21780;IOGURTE;20230515
DOMINIOS;Classe/Tipo/PH;CPR;12694;IRRIGADO AGULHINHA LONGO FINO – TIPO 1;20180710
DOMINIOS;Classe/Tipo/PH;CPR;17050;ISCAS EMPANADAS;20210512
DOMINIOS;Classe/Tipo/PH;CPR;6279;ITALIANA MUSCAT SUEMI BELLA PLUS;20130806
DOMINIOS;Classe/Tipo/PH;CPR;18505;JAMBÚ IN NATURA;20220325
DOMINIOS;Classe/Tipo/PH;CPR;25622;JATOBÁ;20241010
DOMINIOS;Classe/Tipo/PH;CPR;28062;KCL;20251218
DOMINIOS;Classe/Tipo/PH;CPR;22060;KIWI;20230607
DOMINIOS;Classe/Tipo/PH;CPR;15770;KIWI - PADRAO BASICO;20210222
DOMINIOS;Classe/Tipo/PH;CPR;15728;LA (BRUTA) - PADRAO BASICO;20210222
DOMINIOS;Classe/Tipo/PH;CPR;20057;LÃ, PELOS FINO OU GROSSO;20221003
DOMINIOS;Classe/Tipo/PH;CPR;24141;LÃ, PELOS FINO OU GROSSO 20057;20240119
DOMINIOS;Classe/Tipo/PH;CPR;14152;LACAUNE;20190723
DOMINIOS;Classe/Tipo/PH;CPR;19750;Lagostas, camaraões,caranguejos;20220722
DOMINIOS;Classe/Tipo/PH;CPR;27121;LARANJA BENEFICIADA;20250730
DOMINIOS;Classe/Tipo/PH;CPR;19570;LARANJA INDUSTRIA PADRAO BASICO;20220714
DOMINIOS;Classe/Tipo/PH;CPR;19682;LARANJA INDÚSTRIA PADRAO BASICO;20220722
DOMINIOS;Classe/Tipo/PH;CPR;19682;LARANJA INDÚSTRIA PADRAO BASICO;20220722
DOMINIOS;Classe/Tipo/PH;CPR;15739;LARANJA INDÚSTRIA PADRÃO BÁSICO;20210222
DOMINIOS;Classe/Tipo/PH;CPR;19571;LARANJA LIMA PADRAO BASICO;20220714
DOMINIOS;Classe/Tipo/PH;CPR;19572;LARANJA MESA PADRAO BASICO;20220714
DOMINIOS;Classe/Tipo/PH;CPR;19573;LARANJA NATAL/VALENCIA PADRAO BASICO;20220714
DOMINIOS;Classe/Tipo/PH;CPR;19683;LARANJA NATAL/VALÊNCIA PADRAO BASICO;20220722
DOMINIOS;Classe/Tipo/PH;CPR;19575;LARANJA PERA DE MESA PADRAO BASICO;20220714
DOMINIOS;Classe/Tipo/PH;CPR;19685;LARANJA PÊRA DE MESA PADRAO BASICO;20220722
DOMINIOS;Classe/Tipo/PH;CPR;17722;Laranja Pera in natura;20211122
DOMINIOS;Classe/Tipo/PH;CPR;19576;LARANJA PERA INDUSTRIA PADRAO BASICO;20220714
DOMINIOS;Classe/Tipo/PH;CPR;19686;LARANJA PERA INDÚSTRIA PADRAO BASICO;20220722
DOMINIOS;Classe/Tipo/PH;CPR;19686;LARANJA PERA INDÚSTRIA PADRAO BASICO;20220722
DOMINIOS;Classe/Tipo/PH;CPR;19574;LARANJA PERA PADRAO BASICO;20220714
DOMINIOS;Classe/Tipo/PH;CPR;19684;LARANJA PÊRA PADRAO BASICO;20220722
DOMINIOS;Classe/Tipo/PH;CPR;19577;LARANJA POSTA INDUSTRIA PADRAO BASICO;20220714
DOMINIOS;Classe/Tipo/PH;CPR;18540;LASCAS DE CACAU - NIBS DE CACAU;20220330
DOMINIOS;Classe/Tipo/PH;CPR;15694;LATEX DE SERINGUEIRA COAGULADO (CERNAMBI;20210222
DOMINIOS;Classe/Tipo/PH;CPR;17480;LÁTEX NÃO-BENEFICIADO;20211013
DOMINIOS;Classe/Tipo/PH;CPR;17051;LÁTEX PROCESSADO;20210512
DOMINIOS;Classe/Tipo/PH;CPR;15790;LEITAO DESMAMADO;20210222
DOMINIOS;Classe/Tipo/PH;CPR;19578;LEITAO PADRAO BASICO;20220714
DOMINIOS;Classe/Tipo/PH;CPR;19692;LEITÃO PADRAO BASICO;20220722
DOMINIOS;Classe/Tipo/PH;CPR;16076;Leite;20210419
DOMINIOS;Classe/Tipo/PH;CPR;19580;LEITE B/GRANEL PADRAO BASICO;20220714
DOMINIOS;Classe/Tipo/PH;CPR;27061;LEITE CRU REFRIGERADO;20250723
DOMINIOS;Classe/Tipo/PH;CPR;15698;LEITE IN NATURA BUFALA;20210222
DOMINIOS;Classe/Tipo/PH;CPR;15697;LEITE IN NATURA PADRAO BASICO;20210222
DOMINIOS;Classe/Tipo/PH;CPR;19579;LEITE PADRAO BASICO;20220714
DOMINIOS;Classe/Tipo/PH;CPR;23700;Lenha de eucalipto;20231205
DOMINIOS;Classe/Tipo/PH;CPR;17475;LICHIA - PADRÃO BÁSICO;20211013
DOMINIOS;Classe/Tipo/PH;CPR;14273;LIMA ÁCIDA TAHITI;20190828
DOMINIOS;Classe/Tipo/PH;CPR;19581;LIMA ACIDA TAHITI PADRAO BASICO;20220714
DOMINIOS;Classe/Tipo/PH;CPR;19722;LIMA ÁCIDA TAHITI PADRAO BASICO;20220722
DOMINIOS;Classe/Tipo/PH;CPR;19880;LIMAO;20220815
DOMINIOS;Classe/Tipo/PH;CPR;27122;LIMÃO BENEFICIADO;20250730
DOMINIOS;Classe/Tipo/PH;CPR;19901;Limão Siciliano;20220818
DOMINIOS;Classe/Tipo/PH;CPR;19748;Limpo;20220722
DOMINIOS;Classe/Tipo/PH;CPR;19754;Limpos e segmentados -  Lulas e polvos;20220722
DOMINIOS;Classe/Tipo/PH;CPR;16074;Liofilizado;20210419
DOMINIOS;Classe/Tipo/PH;CPR;17640;Liquido oleoso característico;20211109
DOMINIOS;Classe/Tipo/PH;CPR;17103;lírios;20210526
DOMINIOS;Classe/Tipo/PH;CPR;17107;Lisianthus;20210526
DOMINIOS;Classe/Tipo/PH;CPR;5086;LONGA VIDA UHT;20120905
DOMINIOS;Classe/Tipo/PH;CPR;25121;LONGO FINO;20240709
DOMINIOS;Classe/Tipo/PH;CPR;21460;LONGO FINO TIPO 1;20230412
DOMINIOS;Classe/Tipo/PH;CPR;24600;LÚPULO;20240401
DOMINIOS;Classe/Tipo/PH;CPR;22440;MAÇÃ;20230704
DOMINIOS;Classe/Tipo/PH;CPR;17909;Maçã com Canela;20211220
DOMINIOS;Classe/Tipo/PH;CPR;19687;MAÇA FUJI EMB GRAUDA PROD PADRAO BASICO;20220722
DOMINIOS;Classe/Tipo/PH;CPR;19688;MAÇA FUJI EMB MIÚDA PROD PADRAO BASICO;20220722
DOMINIOS;Classe/Tipo/PH;CPR;19582;MACA FUJI EMBALADA GRAUDA PRODUTOR PADRAO BASICO;20220714
DOMINIOS;Classe/Tipo/PH;CPR;19583;MACA FUJI EMBALADA MIUDA PRODUTOR PADRAO BASICO;20220714
DOMINIOS;Classe/Tipo/PH;CPR;19690;MAÇA GALA EM MIÚDA PROD PADRAO BASICO;20220722
DOMINIOS;Classe/Tipo/PH;CPR;19689;MAÇA GALA EMB GRAUDA PROD PADRAO BASICO;20220722
DOMINIOS;Classe/Tipo/PH;CPR;19584;MACA GALA EMBALADA GRAUDA PRODUTOR PADRAO BASICO;20220714
DOMINIOS;Classe/Tipo/PH;CPR;19585;MACA GALA EMBALADA MIUDA PRODUTOR PADRAO BASICO;20220714
DOMINIOS;Classe/Tipo/PH;CPR;15740;MAÇÃ PADRÃO BÁSICO;20210222
DOMINIOS;Classe/Tipo/PH;CPR;17476;MACADAMIA - PADRÃO BÁSICO;20211013
DOMINIOS;Classe/Tipo/PH;CPR;15657;Machos terminados para abate.;20210210
DOMINIOS;Classe/Tipo/PH;CPR;20746;MADEIRA;20230201
DOMINIOS;Classe/Tipo/PH;CPR;20052;MADEIRA, CARVÃO VEGETAL;20221003
DOMINIOS;Classe/Tipo/PH;CPR;20003;Madeira, carvão vegetal, obras mad;20220926
DOMINIOS;Classe/Tipo/PH;CPR;12695;MADEIRA PARA PAPEL/CELULOSE;20180710
DOMINIOS;Classe/Tipo/PH;CPR;14703;MAGRO BOVINOS MACHOS;20191212
DOMINIOS;Classe/Tipo/PH;CPR;24280;MALHA CRUA;20240205
DOMINIOS;Classe/Tipo/PH;CPR;15893;MALTE DE CEVADA PADRAO;20210223
DOMINIOS;Classe/Tipo/PH;CPR;28141;MALTE DE CEVADA PILSEN;20260113
DOMINIOS;Classe/Tipo/PH;CPR;27961;MAMÃO;20251126
DOMINIOS;Classe/Tipo/PH;CPR;19586;MAMAO FORMOSA PADRAO BASICO;20220714
DOMINIOS;Classe/Tipo/PH;CPR;19723;MAMÃO FORMOSA PADRAO BASICO;20220722
DOMINIOS;Classe/Tipo/PH;CPR;19724;MAMÃO FORMOSA PROD PADRAO BASICO;20220722
DOMINIOS;Classe/Tipo/PH;CPR;19587;MAMAO FORMOSA PRODUTOR PADRAO BASICO;20220714
DOMINIOS;Classe/Tipo/PH;CPR;19589;MAMAO HAVAI TIPO 12 A 18 PRODUTOR PADRAO BASICO;20220714
DOMINIOS;Classe/Tipo/PH;CPR;19588;MAMAO HAVAI TIPO 12 PADRAO BASICO;20220714
DOMINIOS;Classe/Tipo/PH;CPR;19725;MAMÃO HAVAI TIPO 12 PADRAO BASICO;20220722
DOMINIOS;Classe/Tipo/PH;CPR;19726;MAMÃO HAVAI TIPO 12 18 PROD PAD BASICO;20220722
DOMINIOS;Classe/Tipo/PH;CPR;19590;MAMAO HAVAI TIPO 15 A 18 PADRAO BASICO;20220714
DOMINIOS;Classe/Tipo/PH;CPR;19727;MAMÃO HAVAI TIPO 15 18 PADRAO BASICO;20220722
DOMINIOS;Classe/Tipo/PH;CPR;19591;MAMAO HAVAI TIPO 21 PADRAO BASICO;20220714
DOMINIOS;Classe/Tipo/PH;CPR;19728;MAMÃO HAVAI TIPO 21 PADRAO BASICO;20220722
DOMINIOS;Classe/Tipo/PH;CPR;19729;MAMÃO HAVAI TIPO 21 PROD PADRAO BASICO;20220722
DOMINIOS;Classe/Tipo/PH;CPR;19592;MAMAO HAVAI TIPO 21 PRODUTOR PADRAO BASICO;20220714
DOMINIOS;Classe/Tipo/PH;CPR;19593;MAMAO HAVAI TIPO 24 A 28 PRODUTOR PADRAO BASICO;20220714
DOMINIOS;Classe/Tipo/PH;CPR;19730;MAMÃO HAVAI TIPO 24 28 PROD PAD BASICO;20220722
DOMINIOS;Classe/Tipo/PH;CPR;15741;MAMAO PADRAO BASICO;20210222
DOMINIOS;Classe/Tipo/PH;CPR;15710;MAMONA;20210222
DOMINIOS;Classe/Tipo/PH;CPR;15711;MAMONA - PADRÃO UNICO;20210222
DOMINIOS;Classe/Tipo/PH;CPR;19594;MAMONA COMUM PADRAO BASICO;20220714
DOMINIOS;Classe/Tipo/PH;CPR;19595;MANDIOCA INDUSTRIA/GRANEL PADRAO BASICO;20220714
DOMINIOS;Classe/Tipo/PH;CPR;19731;MANDIOCA INDÚSTRIA/GRANEL PADRAO BASICO;20220722
DOMINIOS;Classe/Tipo/PH;CPR;15851;MANDIOCA (MESA) PADRAO BASICO;20210223
DOMINIOS;Classe/Tipo/PH;CPR;15850;MANDIOCA RAIZ IN NATURA (INDUSTRIA);20210223
DOMINIOS;Classe/Tipo/PH;CPR;27481;MANGA BENEFICIADA;20250916
DOMINIOS;Classe/Tipo/PH;CPR;18507;MANGA IN NATURA;20220325
DOMINIOS;Classe/Tipo/PH;CPR;15771;MANGA INDUSTRIA PADRAO BASICO;20210222
DOMINIOS;Classe/Tipo/PH;CPR;15867;MANGA MESA PADRAO BASICO;20210223
DOMINIOS;Classe/Tipo/PH;CPR;19596;MANGA PALMER ATACADO PADRAO BASICO;20220714
DOMINIOS;Classe/Tipo/PH;CPR;19597;MANGA PALMER PRODUTOR PADRAO BASICO;20220714
DOMINIOS;Classe/Tipo/PH;CPR;19598;MANGA TOMMY ATACADO PADRAO BASICO;20220714
DOMINIOS;Classe/Tipo/PH;CPR;19599;MANGA TOMMY PRODUTOR PADRAO BASICO;20220714
DOMINIOS;Classe/Tipo/PH;CPR;19883;MANJERICAO;20220815
DOMINIOS;Classe/Tipo/PH;CPR;19020;Manutenção da vegetação nativa;20220629
DOMINIOS;Classe/Tipo/PH;CPR;19844;manutenção de máquinas agrícolas;20220808
DOMINIOS;Classe/Tipo/PH;CPR;26027;MAP;20241217
DOMINIOS;Classe/Tipo/PH;CPR;24380;MAQUINARIO AGRICOLA;20240227
DOMINIOS;Classe/Tipo/PH;CPR;19830;máquinas agrícolas;20220808
DOMINIOS;Classe/Tipo/PH;CPR;19834;máquinas e equip. cunicultura;20220808
DOMINIOS;Classe/Tipo/PH;CPR;19833;máquinas e equip. para apicultura;20220808
DOMINIOS;Classe/Tipo/PH;CPR;19832;máquinas e equip. para avicultura;20220808
DOMINIOS;Classe/Tipo/PH;CPR;25902;máquinas florestais;20241122
DOMINIOS;Classe/Tipo/PH;CPR;19837;máquinas para beneficiar algodão;20220808
DOMINIOS;Classe/Tipo/PH;CPR;19838;máquinas para beneficiar grãos;20220808
DOMINIOS;Classe/Tipo/PH;CPR;19600;MARACUJA COMUM PADRAO BASICO;20220714
DOMINIOS;Classe/Tipo/PH;CPR;15742;MARACUJA PADRAO BASICO;20210222
DOMINIOS;Classe/Tipo/PH;CPR;16048;Mascavo;20210419
DOMINIOS;Classe/Tipo/PH;CPR;17052;MASCAVO - ORGÂNICO;20210512
DOMINIOS;Classe/Tipo/PH;CPR;27262;MASSA;20250815
DOMINIOS;Classe/Tipo/PH;CPR;21302;MATERIAL GENETICO ORIG ANIMAL;20230328
DOMINIOS;Classe/Tipo/PH;CPR;20004;material in natura proveniente de bambu;20220926
DOMINIOS;Classe/Tipo/PH;CPR;20032;MATERIAL VEGETAL ENTRANÇAR;20221003
DOMINIOS;Classe/Tipo/PH;CPR;17484;MATÉRIA-PRIMA PARA CARVÃO VEGETAL;20211013
DOMINIOS;Classe/Tipo/PH;CPR;17482;MATÉRIA-PRIMA PARA MOVELARIA;20211013
DOMINIOS;Classe/Tipo/PH;CPR;20046;MATÉRIAS ALBUMINÓIDES;20221003
DOMINIOS;Classe/Tipo/PH;CPR;27744;MEDICAMENTOS VETERINARIOS;20251103
DOMINIOS;Classe/Tipo/PH;CPR;28382;MEL;20260320
DOMINIOS;Classe/Tipo/PH;CPR;15727;MEL DE ABELHAS-PADRAO BASICO;20210222
DOMINIOS;Classe/Tipo/PH;CPR;15743;MELANCIA-PADRAO BASICO;20210222
DOMINIOS;Classe/Tipo/PH;CPR;19601;MELAO AMARELO (ATACADO) TIPO 5 E 8 PADRAO BASICO;20220714
DOMINIOS;Classe/Tipo/PH;CPR;19734;MELÃO AMARELO PROD T 11 E 12 PAD BASICO;20220722
DOMINIOS;Classe/Tipo/PH;CPR;19735;MELÃO AMARELO PROD T 5 E 8 PAD BASICO;20220722
DOMINIOS;Classe/Tipo/PH;CPR;19733;MELÃO AMARELO TIPO 11 E 12 PAD BASICO;20220722
DOMINIOS;Classe/Tipo/PH;CPR;19732;MELÃO AMARELO TIPO 5 E 8 PADRAO BASICO;20220722
DOMINIOS;Classe/Tipo/PH;CPR;19602;MELAO AMARELO(ATACADO) TIPO 11 E 12 PADRAO BASICO;20220714
DOMINIOS;Classe/Tipo/PH;CPR;19603;MELAO AMARELO(PRODUTOR) TIPO 11 E 12 PADRAO BASICO;20220714
DOMINIOS;Classe/Tipo/PH;CPR;19604;MELAO AMARELO(PRODUTOR) TIPO 5 E 8 PADRAO BASICO;20220714
DOMINIOS;Classe/Tipo/PH;CPR;15744;MELAO PADRAO BASICO;20210222
DOMINIOS;Classe/Tipo/PH;CPR;19605;MELAO PELE DE SAPO PADRAO BASICO;20220714
DOMINIOS;Classe/Tipo/PH;CPR;25041;MELHORADO;20240625
DOMINIOS;Classe/Tipo/PH;CPR;23180;METRO QUADRADO;20230928
DOMINIOS;Classe/Tipo/PH;CPR;16098;Milheto;20210419
DOMINIOS;Classe/Tipo/PH;CPR;16097;Milho;20210419
DOMINIOS;Classe/Tipo/PH;CPR;27423;milho bras em grãos;20250908
DOMINIOS;Classe/Tipo/PH;CPR;15705;MILHO DOCE - PADRAO BASICO;20210222
DOMINIOS;Classe/Tipo/PH;CPR;19049;MILHO (EM GRAOS);20220706
DOMINIOS;Classe/Tipo/PH;CPR;26461;MILHO EM GRÃOS;20250402
DOMINIOS;Classe/Tipo/PH;CPR;15706;MILHO EM GRAOS DEPOSITADO-PADRAO BASICO;20210222
DOMINIOS;Classe/Tipo/PH;CPR;15699;MILHO EM GRAOS PADRAO BASICO UNICO;20210222
DOMINIOS;Classe/Tipo/PH;CPR;15700;MILHO EM GRAOS PADRAO BM&F 2% IMPUREZAS;20210222
DOMINIOS;Classe/Tipo/PH;CPR;15702;MILHO EM GRAOS TIPO 2 - 2% IMPUREZAS;20210222
DOMINIOS;Classe/Tipo/PH;CPR;15703;MILHO EM GRAOS TIPO 3 - 3% IMPUREZAS;20210222
DOMINIOS;Classe/Tipo/PH;CPR;15701;MILHO EM GRAOS 1% IMPUREZAS;20210222
DOMINIOS;Classe/Tipo/PH;CPR;19606;MILHO PADRAO BASICO;20220714
DOMINIOS;Classe/Tipo/PH;CPR;15852;MILHO PIPOCA PADRAO;20210223
DOMINIOS;Classe/Tipo/PH;CPR;19607;MILHO SECO PADRAO BASICO;20220714
DOMINIOS;Classe/Tipo/PH;CPR;15704;MILHO VERDE - PADRAO BASICO;20210222
DOMINIOS;Classe/Tipo/PH;CPR;15910;MINITUBERCULO BAS.BATATA-PADRAO BASICO;20210223
DOMINIOS;Classe/Tipo/PH;CPR;20980;Mirtilo;20230301
DOMINIOS;Classe/Tipo/PH;CPR;17242;MISTURA PARA PREPARO DE BISCOITOS;20210803
DOMINIOS;Classe/Tipo/PH;CPR;17243;MISTURA PARA PREPARO DE BOLOS;20210803
DOMINIOS;Classe/Tipo/PH;CPR;17244;MISTURA PARA PREPARO DE PÃES;20210803
DOMINIOS;Classe/Tipo/PH;CPR;20400;Miúdos;20221130
DOMINIOS;Classe/Tipo/PH;CPR;18640;MIUDOS CONGELADOS;20220419
DOMINIOS;Classe/Tipo/PH;CPR;5132;MOGNO AFRICANO;20130102
DOMINIOS;Classe/Tipo/PH;CPR;17053;MOÍDO E TORRADO;20210512
DOMINIOS;Classe/Tipo/PH;CPR;19753;Moluscos de origem marinha;20220722
DOMINIOS;Classe/Tipo/PH;CPR;18449;Moluscos de origem marinha -  Limpo;20220316
DOMINIOS;Classe/Tipo/PH;CPR;18448;Moluscos de origem marinha - Inteiro;20220316
DOMINIOS;Classe/Tipo/PH;CPR;15745;MORANGO PADRAO BASICO;20210222
DOMINIOS;Classe/Tipo/PH;CPR;28581;MOSTO DE UVA;20260504
DOMINIOS;Classe/Tipo/PH;CPR;27181;MÓVEIS DE MADEIRA;20250806
DOMINIOS;Classe/Tipo/PH;CPR;20066;MÓVEIS: MOBILIÁRIO;20221003
DOMINIOS;Classe/Tipo/PH;CPR;15579;muçarela;20201223
DOMINIOS;Classe/Tipo/PH;CPR;15866;MUDA DE EUCALIPTO - PADRAO BASICO;20210223
DOMINIOS;Classe/Tipo/PH;CPR;21940;MUDA DE FLOR;20230529
DOMINIOS;Classe/Tipo/PH;CPR;15919;MUDA DE PINUS - PADRAO BASICO;20210223
DOMINIOS;Classe/Tipo/PH;CPR;15907;MUDA MICROPROP.BANANA-PADRAO BASICO;20210223
DOMINIOS;Classe/Tipo/PH;CPR;15909;MUDA MICROPROP.BATATA-PADRAO BASICO;20210223
DOMINIOS;Classe/Tipo/PH;CPR;15908;MUDA MICROPROP.MORANGO-PADRAO BASICO;20210223
DOMINIOS;Classe/Tipo/PH;CPR;24001;MUDAS DE LOURO;20240109
DOMINIOS;Classe/Tipo/PH;CPR;23860;MUDAS DIVERSAS;20231220
DOMINIOS;Classe/Tipo/PH;CPR;21681;Mudas Florestais;20230502
DOMINIOS;Classe/Tipo/PH;CPR;15664;Munique;20210217
DOMINIOS;Classe/Tipo/PH;CPR;18503;NABO IN NATURA;20220325
DOMINIOS;Classe/Tipo/PH;CPR;14371;NANICA;20191002
DOMINIOS;Classe/Tipo/PH;CPR;25240;NÃO APLICÁVEL;20240816
DOMINIOS;Classe/Tipo/PH;CPR;26941;Não informado;20250703
DOMINIOS;Classe/Tipo/PH;CPR;20006;NÃO SE APLICA;20220929
DOMINIOS;Classe/Tipo/PH;CPR;27702;NECTARINA;20251029
DOMINIOS;Classe/Tipo/PH;CPR;24340;NELORE;20240209
DOMINIOS;Classe/Tipo/PH;CPR;27823;NELORE CORTE;20251110
DOMINIOS;Classe/Tipo/PH;CPR;26602;NEW HOLLAND CR6.80;20250502
DOMINIOS;Classe/Tipo/PH;CPR;26902;NEW HOLLAND PL 7061;20250701
DOMINIOS;Classe/Tipo/PH;CPR;19608;NOVILHA 1 A 2 ANOS PADRAO BASICO;20220714
DOMINIOS;Classe/Tipo/PH;CPR;17489;NOVILHA 8menor@menor12;20211013
DOMINIOS;Classe/Tipo/PH;CPR;26961;Novilhas / Novilhas Bovinas;20250704
DOMINIOS;Classe/Tipo/PH;CPR;17490;NOVILHO 8menor@menor12;20211013
DOMINIOS;Classe/Tipo/PH;CPR;15792;NOVILHO-PESO ENTRE 140 E 280 KG, IDADE D;20210222
DOMINIOS;Classe/Tipo/PH;CPR;29163;NOZ PECA;20260831
DOMINIOS;Classe/Tipo/PH;CPR;21380;NOZ PECA - PADRÃO BÁSICO;20230331
DOMINIOS;Classe/Tipo/PH;CPR;26061;NPK 11.30.10BB,NPK05.30.10+;20241226
DOMINIOS;Classe/Tipo/PH;CPR;20053;OBRAS ESPARTARIA OU CESTARIA;20221003
DOMINIOS;Classe/Tipo/PH;CPR;17054;ÓLEO À BASE DE CANOLA;20210512
DOMINIOS;Classe/Tipo/PH;CPR;17055;ÓLEO À BASE DE GIRASSOL;20210512
DOMINIOS;Classe/Tipo/PH;CPR;17470;ÓLEO À BASE DE LIMÃO;20211013
DOMINIOS;Classe/Tipo/PH;CPR;17056;ÓLEO À BASE DE MILHO;20210512
DOMINIOS;Classe/Tipo/PH;CPR;17057;ÓLEO À BASE DE OLIVA;20210512
DOMINIOS;Classe/Tipo/PH;CPR;17058;ÓLEO À BASE DE SOJA;20210512
DOMINIOS;Classe/Tipo/PH;CPR;19929;Óleo bruto de soja;20220831
DOMINIOS;Classe/Tipo/PH;CPR;25521;ÓLEO DE CANOLA EM BRUTO;20240923
DOMINIOS;Classe/Tipo/PH;CPR;15925;OLEO DE EUCALIPTO-PADRAO BASICO;20210223
DOMINIOS;Classe/Tipo/PH;CPR;17059;ÓLEO DE FRUTO DE PALMA;20210512
DOMINIOS;Classe/Tipo/PH;CPR;18721;ÓLEO DE PEIXE;20220513
DOMINIOS;Classe/Tipo/PH;CPR;20045;ÓLEO ESSENCIAL E RESINÓIDES;20221003
DOMINIOS;Classe/Tipo/PH;CPR;18410;OLHO GRANDE;20220314
DOMINIOS;Classe/Tipo/PH;CPR;24601;OLIVA (AZEITONA);20240402
DOMINIOS;Classe/Tipo/PH;CPR;27201;ORA-PRO-NÓBIS;20250811
DOMINIOS;Classe/Tipo/PH;CPR;19835;ordenhadeiras mecânicas;20220808
DOMINIOS;Classe/Tipo/PH;CPR;151;ORGANICO;20101022
DOMINIOS;Classe/Tipo/PH;CPR;15654;Orgânico;20210208
DOMINIOS;Classe/Tipo/PH;CPR;25140;ORIGEM BOVINA;20240716
DOMINIOS;Classe/Tipo/PH;CPR;17100;Orquídea;20210526
DOMINIOS;Classe/Tipo/PH;CPR;24221;OSSOS DE BOVINOS;20240129
DOMINIOS;Classe/Tipo/PH;CPR;27902;OUTRAS PREPARACOES ALIMENTICIAS;20251117
DOMINIOS;Classe/Tipo/PH;CPR;25781;OUTROS TIPOS DE SAL;20241025
DOMINIOS;Classe/Tipo/PH;CPR;14153;OVELHA;20190723
DOMINIOS;Classe/Tipo/PH;CPR;19609;OVINO PADRAO BASICO;20220714
DOMINIOS;Classe/Tipo/PH;CPR;15788;OVINO VIVO PADRAO;20210222
DOMINIOS;Classe/Tipo/PH;CPR;15789;OVINO VIVO PADRAO DE ALTA LINHAGEM;20210222
DOMINIOS;Classe/Tipo/PH;CPR;19881;OVINO VIVO PARA CORTE;20220815
DOMINIOS;Classe/Tipo/PH;CPR;16083;Ovinos;20210419
DOMINIOS;Classe/Tipo/PH;CPR;20749;OVO BENEFICIADO;20230201
DOMINIOS;Classe/Tipo/PH;CPR;19610;OVOS BRANCOS EXTRA PADRAO BASICO;20220714
DOMINIOS;Classe/Tipo/PH;CPR;19611;OVOS CAIPIRA EXTRA PADRAO BASICO;20220714
DOMINIOS;Classe/Tipo/PH;CPR;19612;OVOS CODORNA PADRAO BASICO;20220714
DOMINIOS;Classe/Tipo/PH;CPR;15906;OVOS DE CODORNA-PADRAO BASICO;20210223
DOMINIOS;Classe/Tipo/PH;CPR;17060;OVOS DE GALINHA;20210512
DOMINIOS;Classe/Tipo/PH;CPR;17001;OVOS DE GALINHA - PADRÃO BÁSICO;20210426
DOMINIOS;Classe/Tipo/PH;CPR;15754;OVOS DE GALINHA PADRAO MÉDIO;20210222
DOMINIOS;Classe/Tipo/PH;CPR;27601;OVOS FÉRTEIS;20251013
DOMINIOS;Classe/Tipo/PH;CPR;19613;OVOS GRANJA BRANCOS EXTRA PADRAO BASICO;20220714
DOMINIOS;Classe/Tipo/PH;CPR;19736;OVOS GRANJA BRANCOS GRAND PADRAO BASICO;20220722
DOMINIOS;Classe/Tipo/PH;CPR;19614;OVOS GRANJA BRANCOS GRANDE PADRAO BASICO;20220714
DOMINIOS;Classe/Tipo/PH;CPR;18700;PAÇOCA;20220509
DOMINIOS;Classe/Tipo/PH;CPR;19985;PADRÃO;20220923
DOMINIOS;Classe/Tipo/PH;CPR;7683;PADRÃO BÁSICO;20140527
DOMINIOS;Classe/Tipo/PH;CPR;152;PADRAO BMF;20101022
DOMINIOS;Classe/Tipo/PH;CPR;18880;Padrão CONCEX;20220601
DOMINIOS;Classe/Tipo/PH;CPR;17207;PADRÃO EXPORTAÇÃO;20210721
DOMINIOS;Classe/Tipo/PH;CPR;19490;PADRÃO PRATA;20220714
DOMINIOS;Classe/Tipo/PH;CPR;24241;PÂES, ROSCAS, BOLOS E TORTAS;20240131
DOMINIOS;Classe/Tipo/PH;CPR;28384;PAINÇO;20260320
DOMINIOS;Classe/Tipo/PH;CPR;15663;Pale Ale;20210217
DOMINIOS;Classe/Tipo/PH;CPR;26921;PALETES DE MADEIRA;20250702
DOMINIOS;Classe/Tipo/PH;CPR;26421;PALLET;20250328
DOMINIOS;Classe/Tipo/PH;CPR;15904;PALMEIRA REAL (PALMITO)-PADRAO BASICO;20210223
DOMINIOS;Classe/Tipo/PH;CPR;14484;PALMER;20191030
DOMINIOS;Classe/Tipo/PH;CPR;28201;PAO DE QUEIJO;20260130
DOMINIOS;Classe/Tipo/PH;CPR;20055;PAPEL E CARTÃO - CELULOSE;20221003
DOMINIOS;Classe/Tipo/PH;CPR;17483;PARA USO COMO LENHA (CAVACO);20211013
DOMINIOS;Classe/Tipo/PH;CPR;25821;PARBOILIZADO;20241101
DOMINIOS;Classe/Tipo/PH;CPR;21680;Paricá;20230502
DOMINIOS;Classe/Tipo/PH;CPR;17162;Parmesão;20210630
DOMINIOS;Classe/Tipo/PH;CPR;19886;Passiflora Incarnata (Maracujá );20220817
DOMINIOS;Classe/Tipo/PH;CPR;20054;PASTA MADEIRA/MAT FIBROSA;20221003
DOMINIOS;Classe/Tipo/PH;CPR;16075;Pasteurizada (Fresco);20210419
DOMINIOS;Classe/Tipo/PH;CPR;15575;pasteurizado;20201223
DOMINIOS;Classe/Tipo/PH;CPR;18703;PÉ DE MOLEQUE;20220509
DOMINIOS;Classe/Tipo/PH;CPR;15581;peça;20201223
DOMINIOS;Classe/Tipo/PH;CPR;20762;PEÇA DE TECIDO MISTO;20230201
DOMINIOS;Classe/Tipo/PH;CPR;26725;PEÇAS DE TECIDO DE ALGODAO;20250526
DOMINIOS;Classe/Tipo/PH;CPR;19841;peças e aces. para máq. agrícolas;20220808
DOMINIOS;Classe/Tipo/PH;CPR;19828;peças e aces. tratores agrícolas;20220808
DOMINIOS;Classe/Tipo/PH;CPR;27221;PECAS FEMININAS DE ALGODAO;20250812
DOMINIOS;Classe/Tipo/PH;CPR;16108;PEITO COM OSSO;20210420
DOMINIOS;Classe/Tipo/PH;CPR;16109;PEITO SEM OSSO;20210420
DOMINIOS;Classe/Tipo/PH;CPR;19742;Peixe Nome Vulgar;20220722
DOMINIOS;Classe/Tipo/PH;CPR;19758;Peixe Nome Vulgar: Atum- Amarelo;20220722
DOMINIOS;Classe/Tipo/PH;CPR;19759;Peixe Nome Vulgar: Atum- Olho-Grande;20220722
DOMINIOS;Classe/Tipo/PH;CPR;19756;Peixe Nome Vulgar: Cauda Amarela;20220722
DOMINIOS;Classe/Tipo/PH;CPR;19757;Peixe Nome Vulgar: Cioba;20220722
DOMINIOS;Classe/Tipo/PH;CPR;19755;Peixe Nome Vulgar: Snaoer de psita;20220722
DOMINIOS;Classe/Tipo/PH;CPR;16087;Peixes;20210419
DOMINIOS;Classe/Tipo/PH;CPR;20022;PEIXES, CRUSTÁCEOS, MOLUSCOS;20221003
DOMINIOS;Classe/Tipo/PH;CPR;19747;Peixes de origem  marinha;20220722
DOMINIOS;Classe/Tipo/PH;CPR;19761;Peixes de origem  marinha - inteiro;20220722
DOMINIOS;Classe/Tipo/PH;CPR;19760;Peixes de origem  marinha - Limpo;20220722
DOMINIOS;Classe/Tipo/PH;CPR;19749;Peixes de origem dulcícola;20220722
DOMINIOS;Classe/Tipo/PH;CPR;19762;Peixes de origem dulcícola - inteiro;20220722
DOMINIOS;Classe/Tipo/PH;CPR;18442;Peixes de origem dulcícola – Inteiro;20220316
DOMINIOS;Classe/Tipo/PH;CPR;19763;Peixes de origem dulcícola - Limpo;20220722
DOMINIOS;Classe/Tipo/PH;CPR;18443;Peixes de origem dulcícola – Limpo;20220316
DOMINIOS;Classe/Tipo/PH;CPR;18441;Peixes de origem marinha – inteiro;20220316
DOMINIOS;Classe/Tipo/PH;CPR;18440;Peixes de origem marinha – Limpo;20220316
DOMINIOS;Classe/Tipo/PH;CPR;14464;PELE DE SAPO;20191023
DOMINIOS;Classe/Tipo/PH;CPR;20051;PELES COM PELO;20221003
DOMINIOS;Classe/Tipo/PH;CPR;20049;PELES, EXCETO PELO E COURO;20221003
DOMINIOS;Classe/Tipo/PH;CPR;17405;PELO MENOS 97% ALGODÃO;20210903
DOMINIOS;Classe/Tipo/PH;CPR;22121;PEPINO;20230614
DOMINIOS;Classe/Tipo/PH;CPR;19615;PEPINO CAIPIRA PADRAO BASICO;20220714
DOMINIOS;Classe/Tipo/PH;CPR;24622;PEPINO EM CONSERVA;20240404
DOMINIOS;Classe/Tipo/PH;CPR;28204;PERA;20260203
DOMINIOS;Classe/Tipo/PH;CPR;16079;Peru;20210419
DOMINIOS;Classe/Tipo/PH;CPR;18506;PERU VIVO PARA CORTE;20220325
DOMINIOS;Classe/Tipo/PH;CPR;15724;PESCADO PADRAO BASICO;20210222
DOMINIOS;Classe/Tipo/PH;CPR;15726;PESCADO PADRAO EXPORTACAO;20210222
DOMINIOS;Classe/Tipo/PH;CPR;24722;PÊSSEGO;20240424
DOMINIOS;Classe/Tipo/PH;CPR;18761;PÊSSEGO EM CALDA;20220517
DOMINIOS;Classe/Tipo/PH;CPR;15757;PESSEGO PADRAO;20210222
DOMINIOS;Classe/Tipo/PH;CPR;19784;PET (Cães e gatos);20220729
DOMINIOS;Classe/Tipo/PH;CPR;20001;PICADO;20220926
DOMINIOS;Classe/Tipo/PH;CPR;17061;PICANHA;20210512
DOMINIOS;Classe/Tipo/PH;CPR;17062;PICANHA, CONTRA FILÉ;20210512
DOMINIOS;Classe/Tipo/PH;CPR;19887;Pilocarpus microphyllus  (Jaborandi);20220817
DOMINIOS;Classe/Tipo/PH;CPR;15661;Pilsen;20210217
DOMINIOS;Classe/Tipo/PH;CPR;24523;PIMENTA MALAGUETA;20240320
DOMINIOS;Classe/Tipo/PH;CPR;15750;PIMENTA-DO-REINO PADRAO BASICO;20210222
DOMINIOS;Classe/Tipo/PH;CPR;15787;PIMENTAO PADRAO BASICO;20210222
DOMINIOS;Classe/Tipo/PH;CPR;15793;PINHA/ATA PADRAO;20210222
DOMINIOS;Classe/Tipo/PH;CPR;22780;PINTO;20230801
DOMINIOS;Classe/Tipo/PH;CPR;15890;PINTO/PINTAINHO PADRAO;20210223
DOMINIOS;Classe/Tipo/PH;CPR;153;PINUS;20101022
DOMINIOS;Classe/Tipo/PH;CPR;15869;PINUS - PADRAO BASICO SERRARIA;20210223
DOMINIOS;Classe/Tipo/PH;CPR;15871;PINUS - +25 CM DIAMETRO - MADEIRA GROSSA;20210223
DOMINIOS;Classe/Tipo/PH;CPR;17007;PINUS - 8 A 17 CM DIAMETRO - MADEIRA FINA;20210430
DOMINIOS;Classe/Tipo/PH;CPR;15870;PINUS -17 A 25 CM DIAMETRO-MADEIRA MEDIA;20210223
DOMINIOS;Classe/Tipo/PH;CPR;17477;PITAYA - PADRAO BÁSICO;20211013
DOMINIOS;Classe/Tipo/PH;CPR;21802;PIVOT CENTRAL;20230515
DOMINIOS;Classe/Tipo/PH;CPR;26142;PLANTAS ORNAMENTAIS;20250129
DOMINIOS;Classe/Tipo/PH;CPR;20067;Plantas/floricultura;20221003
DOMINIOS;Classe/Tipo/PH;CPR;154;PLUMA;20101022
DOMINIOS;Classe/Tipo/PH;CPR;12689;PLUMA – BASE TIPO 41.4;20180710
DOMINIOS;Classe/Tipo/PH;CPR;155;PO;20101022
DOMINIOS;Classe/Tipo/PH;CPR;17063;PÓ;20210512
DOMINIOS;Classe/Tipo/PH;CPR;15860;PO CERIFERO DE CARNAUBA PADRAO BASICO;20210223
DOMINIOS;Classe/Tipo/PH;CPR;26981;POLPA DE FRUTAS;20250708
DOMINIOS;Classe/Tipo/PH;CPR;25643;POLPA LISA;20241015
DOMINIOS;Classe/Tipo/PH;CPR;15567;ponta de agulha;20201223
DOMINIOS;Classe/Tipo/PH;CPR;25340;PORCIONADA;20240827
DOMINIOS;Classe/Tipo/PH;CPR;22980;PORONGO (CUIA,CABAÇA);20230901
DOMINIOS;Classe/Tipo/PH;CPR;28621;PORTA DE MADEIRA;20260511
DOMINIOS;Classe/Tipo/PH;CPR;28303;POTE DE VIDRO;20260303
DOMINIOS;Classe/Tipo/PH;CPR;16113;Pranchas de Madeira;20210426
DOMINIOS;Classe/Tipo/PH;CPR;14372;PRATA;20191002
DOMINIOS;Classe/Tipo/PH;CPR;15580;prato;20201223
DOMINIOS;Classe/Tipo/PH;CPR;17064;PRÉ FRITA;20210512
DOMINIOS;Classe/Tipo/PH;CPR;22520;PRÉ-COZIDO;20230711
DOMINIOS;Classe/Tipo/PH;CPR;15935;Pré-frita;20210226
DOMINIOS;Classe/Tipo/PH;CPR;17065;PRÉ-GEL;20210512
DOMINIOS;Classe/Tipo/PH;CPR;20037;PREPARAÇÃO À BASE DE CEREAIS;20221003
DOMINIOS;Classe/Tipo/PH;CPR;20038;PREPARAÇÃO DE PROD HORTÍCOLA;20221003
DOMINIOS;Classe/Tipo/PH;CPR;20140;Preparações à base de cereais;20221026
DOMINIOS;Classe/Tipo/PH;CPR;20039;PREPARAÇÕES ALIMENTÍCIAS;20221003
DOMINIOS;Classe/Tipo/PH;CPR;15559;preto;20201223
DOMINIOS;Classe/Tipo/PH;CPR;17463;PRETO TIPO 1;20211013
DOMINIOS;Classe/Tipo/PH;CPR;21840;PROCES. ORIGEM VEGETAL E ANIMAL;20230517
DOMINIOS;Classe/Tipo/PH;CPR;20084;proces.origem vegetal e animal;20221010
DOMINIOS;Classe/Tipo/PH;CPR;22040;Prod à base de colágeno orig animal;20230606
DOMINIOS;Classe/Tipo/PH;CPR;19931;Prod à base de colágeno orig animal.;20220831
DOMINIOS;Classe/Tipo/PH;CPR;19945;Prod base fermentação mat orgânica;20220909
DOMINIOS;Classe/Tipo/PH;CPR;20023;PROD COMESTÍVEL ORIGEM ANIMAL;20221003
DOMINIOS;Classe/Tipo/PH;CPR;25741;PROD DIVERSOS DAS INDUSTRIAS QUIMICAS;20241023
DOMINIOS;Classe/Tipo/PH;CPR;19921;Produto à base cereais;20220829
DOMINIOS;Classe/Tipo/PH;CPR;17066;PRODUTO À BASE DE ALGODÃO;20210512
DOMINIOS;Classe/Tipo/PH;CPR;17067;PRODUTO À BASE DE AMENDOIM;20210512
DOMINIOS;Classe/Tipo/PH;CPR;17068;PRODUTO À BASE DE AVEIA;20210512
DOMINIOS;Classe/Tipo/PH;CPR;17069;PRODUTO À BASE DE BANANA;20210512
DOMINIOS;Classe/Tipo/PH;CPR;18541;PRODUTO Á BASE DE CACAU;20220330
DOMINIOS;Classe/Tipo/PH;CPR;17070;PRODUTO À BASE DE CACAU;20210512
DOMINIOS;Classe/Tipo/PH;CPR;19920;Produto à base de cacau e lácteos;20220829
DOMINIOS;Classe/Tipo/PH;CPR;17071;PRODUTO À BASE DE CAJU;20210512
DOMINIOS;Classe/Tipo/PH;CPR;17072;PRODUTO À BASE DE CANOLA;20210512
DOMINIOS;Classe/Tipo/PH;CPR;17073;PRODUTO À BASE DE CARNE DE FRANGO;20210512
DOMINIOS;Classe/Tipo/PH;CPR;17074;PRODUTO À BASE DE CARNE SUÍNA;20210512
DOMINIOS;Classe/Tipo/PH;CPR;19924;PRODUTO À BASE DE CASTANHA-DO-PARÁ;20220830
DOMINIOS;Classe/Tipo/PH;CPR;17075;PRODUTO À BASE DE CEVADA;20210512
DOMINIOS;Classe/Tipo/PH;CPR;17076;PRODUTO À BASE DE COCO;20210512
DOMINIOS;Classe/Tipo/PH;CPR;19926;Produto à base de colágeno;20220831
DOMINIOS;Classe/Tipo/PH;CPR;18780;PRODUTO Á BASE DE EUCALIPTO;20220520
DOMINIOS;Classe/Tipo/PH;CPR;19885;Produto à base de extrato vegetal;20220817
DOMINIOS;Classe/Tipo/PH;CPR;19983;Produto à base de farinha de trigo;20220920
DOMINIOS;Classe/Tipo/PH;CPR;19937;Produto à base de fibra de algodão;20220906
DOMINIOS;Classe/Tipo/PH;CPR;17077;PRODUTO À BASE DE GOIABA;20210512
DOMINIOS;Classe/Tipo/PH;CPR;17078;PRODUTO À BASE DE LEITE;20210512
DOMINIOS;Classe/Tipo/PH;CPR;17079;PRODUTO À BASE DE MANDIOCA;20210512
DOMINIOS;Classe/Tipo/PH;CPR;24522;PRODUTO A BASE DE MILHO;20240320
DOMINIOS;Classe/Tipo/PH;CPR;17080;PRODUTO À BASE DE MILHO;20210512
DOMINIOS;Classe/Tipo/PH;CPR;17526;PRODUTO À BASE DE RESINA;20211020
DOMINIOS;Classe/Tipo/PH;CPR;19944;Produto à base de sebo origem animal;20220909
DOMINIOS;Classe/Tipo/PH;CPR;17081;PRODUTO À BASE DE SOJA;20210512
DOMINIOS;Classe/Tipo/PH;CPR;17082;PRODUTO À BASE DE TOMATE;20210512
DOMINIOS;Classe/Tipo/PH;CPR;17083;PRODUTO À BASE DE TRIGO;20210512
DOMINIOS;Classe/Tipo/PH;CPR;28361;PRODUTO DE HIGIENE PESSOAL;20260318
DOMINIOS;Classe/Tipo/PH;CPR;19927;Produto de origem animal;20220831
DOMINIOS;Classe/Tipo/PH;CPR;18685;Produto derivado de amendoim;20220427
DOMINIOS;Classe/Tipo/PH;CPR;20920;PRODUTO EMBALADO;20230227
DOMINIOS;Classe/Tipo/PH;CPR;19948;PRODUTO PROCESSADO ORIGEM ANINAL;20220913
DOMINIOS;Classe/Tipo/PH;CPR;22220;Produtos a base de amido;20230620
DOMINIOS;Classe/Tipo/PH;CPR;24320;Produtos à base de amido;20240207
DOMINIOS;Classe/Tipo/PH;CPR;19982;Produtos a base de celulose;20220919
DOMINIOS;Classe/Tipo/PH;CPR;20300;PRODUTOS BIOLÓGICOS;20221121
DOMINIOS;Classe/Tipo/PH;CPR;28363;PRODUTOS DE HIGIENE PESSOAL;20260318
DOMINIOS;Classe/Tipo/PH;CPR;28362;PRODUTOS DE HIGIENE PESSOAL GERAL;20260318
DOMINIOS;Classe/Tipo/PH;CPR;20081;Produtos de limpeza e polimento;20221004
DOMINIOS;Classe/Tipo/PH;CPR;20180;Produtos de origem animal;20221031
DOMINIOS;Classe/Tipo/PH;CPR;20080;Produtos de perfumaria e higiene pessoal;20221004
DOMINIOS;Classe/Tipo/PH;CPR;27261;PRODUTOS E SUBPRODUTOS DE MOAGEM;20250815
DOMINIOS;Classe/Tipo/PH;CPR;27441;PRODUTOS E SUPER PRODUTOS DE MOAGEM;20250909
DOMINIOS;Classe/Tipo/PH;CPR;20024;PRODUTOS HORTÍCOLAS;20221003
DOMINIOS;Classe/Tipo/PH;CPR;20029;PRODUTOS INDÚSTRIA DE MOAGEM;20221003
DOMINIOS;Classe/Tipo/PH;CPR;20047;PRODUTOS INDUSTRIA QUÍMICA;20221003
DOMINIOS;Classe/Tipo/PH;CPR;20082;Produtos processados de origem animal;20221007
DOMINIOS;Classe/Tipo/PH;CPR;20083;Produtos processados de origem vegetal;20221007
DOMINIOS;Classe/Tipo/PH;CPR;17164;Provolone;20210630
DOMINIOS;Classe/Tipo/PH;CPR;20940;PULVERIZADOR;20230227
DOMINIOS;Classe/Tipo/PH;CPR;19831;pulverizadores, polvilhadeiras;20220808
DOMINIOS;Classe/Tipo/PH;CPR;28801;PULVERIZADOR/MOTOCULT/TRATOR/MOT;20260625
DOMINIOS;Classe/Tipo/PH;CPR;26481;PUPUNHA;20250407
DOMINIOS;Classe/Tipo/PH;CPR;15772;PUPUNHA (PALMITO) - PADRAO BASICO;20210222
DOMINIOS;Classe/Tipo/PH;CPR;26030;Quebrados de Arroz;20241218
DOMINIOS;Classe/Tipo/PH;CPR;17163;Queijo minas;20210630
DOMINIOS;Classe/Tipo/PH;CPR;15912;QUEIJO MUSSARELA-PADRAO BASICO;20210223
DOMINIOS;Classe/Tipo/PH;CPR;15913;QUEIJO PARMESAO-PADRAO BASICO;20210223
DOMINIOS;Classe/Tipo/PH;CPR;15911;QUEIJO PRATO-PADRAO BASICO;20210223
DOMINIOS;Classe/Tipo/PH;CPR;26782;QUEIJOS DE MASSA SEMIDURA;20250605
DOMINIOS;Classe/Tipo/PH;CPR;18820;QUILOGRAMA;20220526
DOMINIOS;Classe/Tipo/PH;CPR;156;QUIRERA;20101022
DOMINIOS;Classe/Tipo/PH;CPR;27002;RAÇÃO FARELADA;20250716
DOMINIOS;Classe/Tipo/PH;CPR;23760;RAÇÃO PARA ALIMENTAÇÃO ANIMAL;20231211
DOMINIOS;Classe/Tipo/PH;CPR;11662;RB;20170825
DOMINIOS;Classe/Tipo/PH;CPR;24840;RECUPERAÇÃO AMBIENTAL;20240513
DOMINIOS;Classe/Tipo/PH;CPR;19017;Redução de emissão;20220629
DOMINIOS;Classe/Tipo/PH;CPR;157;REFINADO;20101022
DOMINIOS;Classe/Tipo/PH;CPR;17084;REFINADO - ORGÂNICO;20210512
DOMINIOS;Classe/Tipo/PH;CPR;21760;REFINADO/TIPO 1;20230512
DOMINIOS;Classe/Tipo/PH;CPR;27341;Reflorestamento;20250901
DOMINIOS;Classe/Tipo/PH;CPR;15571;regular MI;20201223
DOMINIOS;Classe/Tipo/PH;CPR;19842;reparação de máquinas agrícolas;20220808
DOMINIOS;Classe/Tipo/PH;CPR;18502;REPOLHO IN NATURA;20220325
DOMINIOS;Classe/Tipo/PH;CPR;27801;REPRODUTOR;20251106
DOMINIOS;Classe/Tipo/PH;CPR;15922;REQUEIJAO-PADRAO BASICO;20210223
DOMINIOS;Classe/Tipo/PH;CPR;25460;RESFRIADA/CONGELADA;20240912
DOMINIOS;Classe/Tipo/PH;CPR;20041;RESÍDUO INDÚSTRIA ALIMENTAR;20221003
DOMINIOS;Classe/Tipo/PH;CPR;15872;RESINA DE PINUS;20210223
DOMINIOS;Classe/Tipo/PH;CPR;15918;RESINA DE PINUS-PADRAO BASICO;20210223
DOMINIOS;Classe/Tipo/PH;CPR;27081;RIZOSPRAY EXTREMO;20250724
DOMINIOS;Classe/Tipo/PH;CPR;158;ROBUSTA;20101022
DOMINIOS;Classe/Tipo/PH;CPR;14844;Rosas;20200129
DOMINIOS;Classe/Tipo/PH;CPR;27641;ROUPAS DE TECIDOS DIVERSOS;20251021
DOMINIOS;Classe/Tipo/PH;CPR;25341;Roupas Intimas;20240827
DOMINIOS;Classe/Tipo/PH;CPR;28383;RÚCULA;20260320
DOMINIOS;Classe/Tipo/PH;CPR;28441;rucula;20260330
DOMINIOS;Classe/Tipo/PH;CPR;16049;Sabor Abacaxi;20210419
DOMINIOS;Classe/Tipo/PH;CPR;16064;Sabor Açaí;20210419
DOMINIOS;Classe/Tipo/PH;CPR;16050;Sabor Acerola;20210419
DOMINIOS;Classe/Tipo/PH;CPR;17905;Sabor Amora;20211220
DOMINIOS;Classe/Tipo/PH;CPR;17903;Sabor Blueberry;20211220
DOMINIOS;Classe/Tipo/PH;CPR;16065;Sabor Cacau;20210419
DOMINIOS;Classe/Tipo/PH;CPR;16066;Sabor Cajá;20210419
DOMINIOS;Classe/Tipo/PH;CPR;16051;Sabor Caju;20210419
DOMINIOS;Classe/Tipo/PH;CPR;17642;Sabor Característico;20211109
DOMINIOS;Classe/Tipo/PH;CPR;16067;Sabor Cupuaçu;20210419
DOMINIOS;Classe/Tipo/PH;CPR;17907;Sabor Damasco;20211220
DOMINIOS;Classe/Tipo/PH;CPR;17901;Sabor Frutas vermelhas;20211220
DOMINIOS;Classe/Tipo/PH;CPR;16052;Sabor Goiaba;20210419
DOMINIOS;Classe/Tipo/PH;CPR;16068;Sabor Graviola;20210419
DOMINIOS;Classe/Tipo/PH;CPR;16054;Sabor Groselha;20210419
DOMINIOS;Classe/Tipo/PH;CPR;16053;Sabor Guaraná;20210419
DOMINIOS;Classe/Tipo/PH;CPR;16055;Sabor Laranja;20210419
DOMINIOS;Classe/Tipo/PH;CPR;16056;Sabor Limão;20210419
DOMINIOS;Classe/Tipo/PH;CPR;16057;Sabor Maçã;20210419
DOMINIOS;Classe/Tipo/PH;CPR;16058;Sabor Manga;20210419
DOMINIOS;Classe/Tipo/PH;CPR;16059;Sabor Maracujá;20210419
DOMINIOS;Classe/Tipo/PH;CPR;17906;Sabor Menta e Hortelã;20211220
DOMINIOS;Classe/Tipo/PH;CPR;17902;Sabor Mirtilo;20211220
DOMINIOS;Classe/Tipo/PH;CPR;16060;Sabor Morango;20210419
DOMINIOS;Classe/Tipo/PH;CPR;16061;Sabor Pêssego;20210419
DOMINIOS;Classe/Tipo/PH;CPR;17904;Sabor Pimenta doce;20211220
DOMINIOS;Classe/Tipo/PH;CPR;17908;Sabor Pimenta Suave Jalapeño;20211220
DOMINIOS;Classe/Tipo/PH;CPR;16069;Sabor Seriguela;20210419
DOMINIOS;Classe/Tipo/PH;CPR;16070;Sabor Tamarindo;20210419
DOMINIOS;Classe/Tipo/PH;CPR;16062;Sabor Tangerina;20210419
DOMINIOS;Classe/Tipo/PH;CPR;16071;Sabor Umbu;20210419
DOMINIOS;Classe/Tipo/PH;CPR;16063;Sabor Uva;20210419
DOMINIOS;Classe/Tipo/PH;CPR;17085;SABORES DE FRUTAS DIVERSAS;20210512
DOMINIOS;Classe/Tipo/PH;CPR;25601;saca de 60kg;20241009
DOMINIOS;Classe/Tipo/PH;CPR;21260;SACAS;20230316
DOMINIOS;Classe/Tipo/PH;CPR;15894;SAL REFINADO;20210223
DOMINIOS;Classe/Tipo/PH;CPR;20043;SAL/ENXOFRE/TERRA/PEDRA/GESSO;20221003
DOMINIOS;Classe/Tipo/PH;CPR;17495;SALMÃO PADRÃO BÁSICO;20211013
DOMINIOS;Classe/Tipo/PH;CPR;14396;São Carlos Plus;20191010
DOMINIOS;Classe/Tipo/PH;CPR;16110;SASSAMI;20210420
DOMINIOS;Classe/Tipo/PH;CPR;8926;SECO;20141226
DOMINIOS;Classe/Tipo/PH;CPR;20056;SEDA;20221003
DOMINIOS;Classe/Tipo/PH;CPR;18881;SELECIONADO/ENSACADO E HIGIENIZADO;20220601
DOMINIOS;Classe/Tipo/PH;CPR;15896;SEMEN BOVINO PADRAO;20210223
DOMINIOS;Classe/Tipo/PH;CPR;159;SEMENTE;20101022
DOMINIOS;Classe/Tipo/PH;CPR;23080;SEMENTE - BRACHIARIA RUZIZIENSIS;20230912
DOMINIOS;Classe/Tipo/PH;CPR;15855;SEMENTE ABOBORA MENINA/CANHAO-PADRAO BAS;20210223
DOMINIOS;Classe/Tipo/PH;CPR;15865;SEMENTE BRACHI.HUMIDICULA-PADRAO BASICO;20210223
DOMINIOS;Classe/Tipo/PH;CPR;15854;SEMENTE DE ABOBORA JAPONESA-PADRAO BASIC;20210223
DOMINIOS;Classe/Tipo/PH;CPR;15856;SEMENTE DE ABOBORA MORANGA-PADRAO BASICO;20210223
DOMINIOS;Classe/Tipo/PH;CPR;15861;SEMENTE DE ANDROPOGON-PADRAO BASICO;20210223
DOMINIOS;Classe/Tipo/PH;CPR;15843;SEMENTE DE AVEIA PRETA-PADRAO BASICO;20210223
DOMINIOS;Classe/Tipo/PH;CPR;15920;SEMENTE DE AZEVEM PADRAO BASICO;20210223
DOMINIOS;Classe/Tipo/PH;CPR;15864;SEMENTE DE BRACHIARIA BRIZANTHA;20210223
DOMINIOS;Classe/Tipo/PH;CPR;15862;SEMENTE DE BRACHIARIA DECUMBENS;20210223
DOMINIOS;Classe/Tipo/PH;CPR;15863;SEMENTE DE BRACHIARIA DICTYONEURA;20210223
DOMINIOS;Classe/Tipo/PH;CPR;23480;SEMENTE DE CEBOLA;20231030
DOMINIOS;Classe/Tipo/PH;CPR;24921;SEMENTE DE CROTALÁRIA;20240523
DOMINIOS;Classe/Tipo/PH;CPR;15921;SEMENTE DE ESTILOSANTES-PADRAO BASICO;20210223
DOMINIOS;Classe/Tipo/PH;CPR;19051;SEMENTE DE FEIJÃO CAIUPI;20220706
DOMINIOS;Classe/Tipo/PH;CPR;15716;SEMENTE DE FEIJAO EM CORES-PADRAO BASICO;20210222
DOMINIOS;Classe/Tipo/PH;CPR;15715;SEMENTE DE FEIJAO-PADRAO BASICO;20210222
DOMINIOS;Classe/Tipo/PH;CPR;15868;SEMENTE DE MILHO HIBRIDO PADRAO BASICO;20210223
DOMINIOS;Classe/Tipo/PH;CPR;15917;SEMENTE DE PANICUM-PADRAO BASICO;20210223
DOMINIOS;Classe/Tipo/PH;CPR;15714;SEMENTE DE SOJA PADRAO BASICO;20210222
DOMINIOS;Classe/Tipo/PH;CPR;15718;SEMENTE DE SORGO GRANIFERO-PADRAO BASICO;20210222
DOMINIOS;Classe/Tipo/PH;CPR;15719;SEMENTE DE TRIGO(PAO)-PADRAO BASICO;20210222
DOMINIOS;Classe/Tipo/PH;CPR;15713;SEMENTE MILHO-VARIEDADE-PADRAO BASICO;20210222
DOMINIOS;Classe/Tipo/PH;CPR;29021;SEMENTES CERTIFICADAS DIVERSAS;20260811
DOMINIOS;Classe/Tipo/PH;CPR;25981;SEMENTES DE MILHO C1;20241203
DOMINIOS;Classe/Tipo/PH;CPR;20030;SEMENTES E FRUTOS OLEAGINOSOS;20221003
DOMINIOS;Classe/Tipo/PH;CPR;20008;Sementes e frutos oleaginosos;20220929
DOMINIOS;Classe/Tipo/PH;CPR;18825;SEMENTES FORRAGEIRAS;20220526
DOMINIOS;Classe/Tipo/PH;CPR;28105;SEMENTES, FRUTOS SECOS E NUTS;20251230
DOMINIOS;Classe/Tipo/PH;CPR;19016;Sequestro de Carbono;20220629
DOMINIOS;Classe/Tipo/PH;CPR;28022;SERINGUEIRA;20251209
DOMINIOS;Classe/Tipo/PH;CPR;28164;SERVICO DE CONSULTORIA;20260122
DOMINIOS;Classe/Tipo/PH;CPR;26621;SERVIÇOS AMBIENTAIS;20250506
DOMINIOS;Classe/Tipo/PH;CPR;19861;silo bag;20220811
DOMINIOS;Classe/Tipo/PH;CPR;19862;silo metalico;20220811
DOMINIOS;Classe/Tipo/PH;CPR;15895;SISAL BENEFICIADO PADRAO;20210223
DOMINIOS;Classe/Tipo/PH;CPR;15729;SISAL BENEFICIADO PADRAO BASICO;20210222
DOMINIOS;Classe/Tipo/PH;CPR;18411;SKIPJACK;20220314
DOMINIOS;Classe/Tipo/PH;CPR;17089;SLM 41-4 BRANCO;20210512
DOMINIOS;Classe/Tipo/PH;CPR;19743;Snaoer de psita;20220722
DOMINIOS;Classe/Tipo/PH;CPR;18407;SNAPPER DE PISTA;20220314
DOMINIOS;Classe/Tipo/PH;CPR;16107;SOBRECOXA;20210420
DOMINIOS;Classe/Tipo/PH;CPR;16099;Soja;20210419
DOMINIOS;Classe/Tipo/PH;CPR;27422;soja bras em grãos;20250908
DOMINIOS;Classe/Tipo/PH;CPR;27421;soja brasileira em grãos;20250908
DOMINIOS;Classe/Tipo/PH;CPR;19616;SOJA EM GRAO PADRAO BASICO;20220714
DOMINIOS;Classe/Tipo/PH;CPR;19691;SOJA EM GRÃO PADRAO BASICO;20220722
DOMINIOS;Classe/Tipo/PH;CPR;15689;SOJA EM GRAOS DEPOSITADA-PADRAO BASIC;20210222
DOMINIOS;Classe/Tipo/PH;CPR;15688;SOJA EM GRAOS ORGANICA;20210222
DOMINIOS;Classe/Tipo/PH;CPR;15687;SOJA EM GRAOS PADRAO EXPORTAÇÃO;20210222
DOMINIOS;Classe/Tipo/PH;CPR;15690;SOJA EM SACAS;20210222
DOMINIOS;Classe/Tipo/PH;CPR;19617;SOJA S/ ROYALTS PADRAO BASICO;20220714
DOMINIOS;Classe/Tipo/PH;CPR;17723;Soja sacas;20211122
DOMINIOS;Classe/Tipo/PH;CPR;17564;SOLÚVEL - ALTO-ALFA;20211025
DOMINIOS;Classe/Tipo/PH;CPR;17563;SOLÚVEL - VISCOSE;20211025
DOMINIOS;Classe/Tipo/PH;CPR;27106;Soqueira de Cana/Cana pé;20250728
DOMINIOS;Classe/Tipo/PH;CPR;16100;Sorgo;20210419
DOMINIOS;Classe/Tipo/PH;CPR;19050;SORGO GRANIFERO;20220706
DOMINIOS;Classe/Tipo/PH;CPR;15717;SORGO GRANIFERO PADRAO BASICO UNICO;20210222
DOMINIOS;Classe/Tipo/PH;CPR;19618;SORGO PADRAO BASICO;20220714
DOMINIOS;Classe/Tipo/PH;CPR;26743;SORVETE;20250527
DOMINIOS;Classe/Tipo/PH;CPR;17525;SUBPRODUTO DA IND FLORESTAL;20211020
DOMINIOS;Classe/Tipo/PH;CPR;19928;Subproduto de processamento de madeira;20220831
DOMINIOS;Classe/Tipo/PH;CPR;21800;SUCO DE LARANJA;20230515
DOMINIOS;Classe/Tipo/PH;CPR;20748;SUCO DE UVA;20230201
DOMINIOS;Classe/Tipo/PH;CPR;15778;SUINO LEITAO DESMAMADO;20210222
DOMINIOS;Classe/Tipo/PH;CPR;15777;SUINO MATRIZES/REPRODUTORES;20210222
DOMINIOS;Classe/Tipo/PH;CPR;19619;SUINO PADRAO BASICO;20220714
DOMINIOS;Classe/Tipo/PH;CPR;19693;SUÍNO PADRAO BASICO;20220722
DOMINIOS;Classe/Tipo/PH;CPR;17002;SUÍNO PARA TERMINAÇÃO - PESO 80+ KG;20210426
DOMINIOS;Classe/Tipo/PH;CPR;19620;SUINO TIPO CARNE PADRAO BASICO;20220714
DOMINIOS;Classe/Tipo/PH;CPR;19694;SUÍNO TIPO CARNE PADRAO BASICO;20220722
DOMINIOS;Classe/Tipo/PH;CPR;15776;SUINO VIVO PARA ABATE;20210222
DOMINIOS;Classe/Tipo/PH;CPR;16080;Suínos;20210419
DOMINIOS;Classe/Tipo/PH;CPR;20042;TABACO E MANUFATURADOS;20221003
DOMINIOS;Classe/Tipo/PH;CPR;21920;TAMANHO ADULTO;20230524
DOMINIOS;Classe/Tipo/PH;CPR;27123;TANGERINA BENEFICIADA;20250730
DOMINIOS;Classe/Tipo/PH;CPR;15751;TANGERINA (MESA) PADRAO BASICO;20210222
DOMINIOS;Classe/Tipo/PH;CPR;19621;TANGERINA PONKAN PADRAO BASICO;20220714
DOMINIOS;Classe/Tipo/PH;CPR;16077;Teca;20210419
DOMINIOS;Classe/Tipo/PH;CPR;20121;Tecido de algodão;20221024
DOMINIOS;Classe/Tipo/PH;CPR;28463;TECIDO PLANO;20260401
DOMINIOS;Classe/Tipo/PH;CPR;20060;TECIDO REVESTIDO MAT TÊXTEIS;20221003
DOMINIOS;Classe/Tipo/PH;CPR;20061;TECIDOS DE MALHA;20221003
DOMINIOS;Classe/Tipo/PH;CPR;20059;TECIDOS ESPECIAIS;20221003
DOMINIOS;Classe/Tipo/PH;CPR;17086;TILÁPIA FRACIONADA/ FILÉ;20210512
DOMINIOS;Classe/Tipo/PH;CPR;17087;TILÁPIA INTEIRA CONGELADA;20210512
DOMINIOS;Classe/Tipo/PH;CPR;18821;TILAPIA VIVA;20220526
DOMINIOS;Classe/Tipo/PH;CPR;17088;TINTO;20210512
DOMINIOS;Classe/Tipo/PH;CPR;23960;TIPO C;20240105
DOMINIOS;Classe/Tipo/PH;CPR;160;TIPO EXPORTACAO;20101022
DOMINIOS;Classe/Tipo/PH;CPR;15563;Tipo 1;20201223
DOMINIOS;Classe/Tipo/PH;CPR;25501;TIPO 1 PÃO;20240920
DOMINIOS;Classe/Tipo/PH;CPR;17030;Tipo 31.4;20210511
DOMINIOS;Classe/Tipo/PH;CPR;9788;Tipo 31-4 e 41-4;20150701
DOMINIOS;Classe/Tipo/PH;CPR;28841;TIPO 6;20260706
DOMINIOS;Classe/Tipo/PH;CPR;28641;TIPO 6 BEBIDA DURA, BICA CORRIDA;20260514
DOMINIOS;Classe/Tipo/PH;CPR;22020;TOMATE;20230531
DOMINIOS;Classe/Tipo/PH;CPR;15853;TOMATE INDUSTRIAL PADRÃO BÁSICO;20210223
DOMINIOS;Classe/Tipo/PH;CPR;17003;TOMATE INDUSTRIAL (RASTEIRO);20210426
DOMINIOS;Classe/Tipo/PH;CPR;19623;TOMATE LONGA VIDA PADRAO BASICO;20220714
DOMINIOS;Classe/Tipo/PH;CPR;15752;TOMATE (MESA) PADRAO BASICO;20210222
DOMINIOS;Classe/Tipo/PH;CPR;19624;TOMATE MESA PADRAO BASICO;20220714
DOMINIOS;Classe/Tipo/PH;CPR;19622;TOMATE PADRAO BASICO;20220714
DOMINIOS;Classe/Tipo/PH;CPR;14485;TOMMY;20191030
DOMINIOS;Classe/Tipo/PH;CPR;17481;TORA EM PÉ;20211013
DOMINIOS;Classe/Tipo/PH;CPR;15556;torrada;20201223
DOMINIOS;Classe/Tipo/PH;CPR;15564;torrado e moído;20201223
DOMINIOS;Classe/Tipo/PH;CPR;19836;tosquiadores de lã;20220808
DOMINIOS;Classe/Tipo/PH;CPR;20460;TOSTADO;20221209
DOMINIOS;Classe/Tipo/PH;CPR;15879;TOURO REPRODUTOR DE ALTA LINHAGEM;20210223
DOMINIOS;Classe/Tipo/PH;CPR;27501;TOURO TABAPÃ PO;20250917
DOMINIOS;Classe/Tipo/PH;CPR;27521;TOURO TABAPUÃ PO;20250918
DOMINIOS;Classe/Tipo/PH;CPR;15568;traseiro;20201223
DOMINIOS;Classe/Tipo/PH;CPR;19827;tratores agrícolas;20220808
DOMINIOS;Classe/Tipo/PH;CPR;16101;Trigo;20210419
DOMINIOS;Classe/Tipo/PH;CPR;18824;TRIGO BENEFICIADO;20220526
DOMINIOS;Classe/Tipo/PH;CPR;19625;TRIGO EM GRAO NACIONAL PADRAO BASICO;20220714
DOMINIOS;Classe/Tipo/PH;CPR;19695;TRIGO EM GRÃO NACIONAL PADRAO BASICO;20220722
DOMINIOS;Classe/Tipo/PH;CPR;15696;TRIGO EM GRAOS DEPOSITADO-PADRAO BASICO;20210222
DOMINIOS;Classe/Tipo/PH;CPR;17004;TRIGO EM GRÃOS INDUSTRIA;20210426
DOMINIOS;Classe/Tipo/PH;CPR;15695;TRIGO EM GRAOS TIPO2- PH75-CLASSE BRAN;20210222
DOMINIOS;Classe/Tipo/PH;CPR;19626;TRIGO GRANEL PADRAO BASICO;20220714
DOMINIOS;Classe/Tipo/PH;CPR;20320;TRIGO TIPO PÃO;20221122
DOMINIOS;Classe/Tipo/PH;CPR;20401;Tripas;20221130
DOMINIOS;Classe/Tipo/PH;CPR;16102;Triticale;20210419
DOMINIOS;Classe/Tipo/PH;CPR;15720;TRITICALE (EM GRAOS)-PADRAO BASICO;20210222
DOMINIOS;Classe/Tipo/PH;CPR;19627;TRITICALE PADRAO BASICO;20220714
DOMINIOS;Classe/Tipo/PH;CPR;15725;TRUTA (IN NATURA) PADRÃO BÁSICO;20210222
DOMINIOS;Classe/Tipo/PH;CPR;15576;UHT;20201223
DOMINIOS;Classe/Tipo/PH;CPR;26381;UNIDADE;20250320
DOMINIOS;Classe/Tipo/PH;CPR;23280;URÉIA;20231006
DOMINIOS;Classe/Tipo/PH;CPR;26143;URUCUM;20250129
DOMINIOS;Classe/Tipo/PH;CPR;21600;UVA;20230417
DOMINIOS;Classe/Tipo/PH;CPR;19628;UVA BENITAKA PADRAO BASICO;20220714
DOMINIOS;Classe/Tipo/PH;CPR;19629;UVA BRASIL PADRAO BASICO;20220714
DOMINIOS;Classe/Tipo/PH;CPR;19630;UVA CRIMSON PADRAO BASICO;20220714
DOMINIOS;Classe/Tipo/PH;CPR;15722;UVA FINA DE MESA;20210222
DOMINIOS;Classe/Tipo/PH;CPR;19631;UVA FINA DE MESA PADRAO BASICO;20220714
DOMINIOS;Classe/Tipo/PH;CPR;15723;UVA FINA MESA (REFERENCIA TIPO ITALIA);20210222
DOMINIOS;Classe/Tipo/PH;CPR;17478;UVA FINA PARA VINIFICAÇÃO;20211013
DOMINIOS;Classe/Tipo/PH;CPR;19632;UVA ISABEL PADRAO BASICO;20220714
DOMINIOS;Classe/Tipo/PH;CPR;19633;UVA ITALIA PADRAO BASICO;20220714
DOMINIOS;Classe/Tipo/PH;CPR;19737;UVA ITÁLIA PADRAO BASICO;20220722
DOMINIOS;Classe/Tipo/PH;CPR;19634;UVA NIAGARA PADRAO BASICO;20220714
DOMINIOS;Classe/Tipo/PH;CPR;15721;UVA PADRAO BASICO;20210222
DOMINIOS;Classe/Tipo/PH;CPR;19635;UVA RED GLOBE PADRAO BASICO;20220714
DOMINIOS;Classe/Tipo/PH;CPR;19636;UVA RUBI PADRAO BASICO;20220714
DOMINIOS;Classe/Tipo/PH;CPR;19637;UVA THOMPSOM PADRAO BASICO;20220714
DOMINIOS;Classe/Tipo/PH;CPR;19638;VACA BOIADEIRA PADRAO BASICO;20220714
DOMINIOS;Classe/Tipo/PH;CPR;17491;VACA GORDA maior 17 @;20211013
DOMINIOS;Classe/Tipo/PH;CPR;17492;VACA MAGRA 12menor@maior17;20211013
DOMINIOS;Classe/Tipo/PH;CPR;15885;VACA REPRODUTORA DE ALTA LINHAGEM;20210223
DOMINIOS;Classe/Tipo/PH;CPR;19801;vacinas veterinárias;20220805
DOMINIOS;Classe/Tipo/PH;CPR;26341;VAGEM;20250318
DOMINIOS;Classe/Tipo/PH;CPR;20062;VESTUÁRIO/ACESSÓRIOS MALHA;20221003
DOMINIOS;Classe/Tipo/PH;CPR;25621;VHP;20241010
DOMINIOS;Classe/Tipo/PH;CPR;6520;VHP - Very High Polarization;20130924
DOMINIOS;Classe/Tipo/PH;CPR;15662;Vienna;20210217
DOMINIOS;Classe/Tipo/PH;CPR;22120;VINHO;20230614
DOMINIOS;Classe/Tipo/PH;CPR;25080;VINHO DE UVA;20240701
DOMINIOS;Classe/Tipo/PH;CPR;15775;VINHO PADRAO BASICO;20210222
DOMINIOS;Classe/Tipo/PH;CPR;28781;Virginia;20260622
DOMINIOS;Classe/Tipo/PH;CPR;161;VIVO;20101022
DOMINIOS;Classe/Tipo/PH;CPR;25761;ZERO LACTOSE;20241025
DOMINIOS;Classe/Tipo/PH;CPR;28481;0,95;20260406
DOMINIOS;Classe/Tipo/PH;CPR;17396;100% algodão;20210827
DOMINIOS;Classe/Tipo/PH;CPR;17397;100% juta;20210827
DOMINIOS;Classe/Tipo/PH;CPR;17398;100% Lã;20210827
DOMINIOS;Classe/Tipo/PH;CPR;17399;100% seda;20210827
DOMINIOS;Classe/Tipo/PH;CPR;15569;1/2 carcaça;20201223
DOMINIOS;Classe/Tipo/PH;CPR;18664;15565;20220422
DOMINIOS;Classe/Tipo/PH;CPR;19786;2022/2026;20220805
DOMINIOS;Classe/Tipo/PH;CPR;19935;2022/2027;20220902
DOMINIOS;Classe/Tipo/PH;CPR;19787;2022/2027.;20220805
DOMINIOS;Classe/Tipo/PH;CPR;21360;2023/2039;20230331
DOMINIOS;Classe/Tipo/PH;CPR;25221;41-4;20240808
DOMINIOS;Classe/Tipo/PH;CPR;25060;5,5 a 7,5 em 342 g/l a 25oC;20240627
DOMINIOS;Classe/Tipo/PH;CPR;28024;6;20251212
DOMINIOS;Finalidade;CPR;7723;Capital de Giro;20140813
DOMINIOS;Finalidade;CPR;6098;Comercialização;20140530
DOMINIOS;Finalidade;CPR;6096;Custeio;20140530
DOMINIOS;Finalidade;CPR;13910;Industrialização;20190430
DOMINIOS;Finalidade;CPR;6120;Investimento;20140530
DOMINIOS;Finalidade;CPR;6099;Não se Aplica;20140530
DOMINIOS;Safra;CPR;22401;ALFACE;20230629
DOMINIOS;Safra;CPR;18828;ATUM INTEIRO;20220526
DOMINIOS;Safra;CPR;19000;CANA DE AÇÚCAR;20220627
DOMINIOS;Safra;CPR;18829;CORVINA;20220526
DOMINIOS;Safra;CPR;6466;NAO SE APLICA;20210917
DOMINIOS;Safra;CPR;19036;PINUS - PADRAO BASICO SERRARIA;20220705
DOMINIOS;Safra;CPR;19971;PINUS - +25 CM DIAMETRO - MADEIRA GROSSA;20220915
DOMINIOS;Safra;CPR;19037;PINUS - +25 CM DIAMETRO MADEIRA GROSSA;20220705
DOMINIOS;Safra;CPR;19038;PINUS - 8 A 17 CM DIAMETRO MADEIRA FINA;20220705
DOMINIOS;Safra;CPR;19039;PINUS -17 A 25 CM DIAMETRO-MADEIRA MEDIA;20220705
DOMINIOS;Safra;CPR;18826;QUILOGRAMA;20220526
DOMINIOS;Safra;CPR;19941;SAFRA;20220908
DOMINIOS;Safra;CPR;18831;SEMENTES FORRAGEIRAS;20220526
DOMINIOS;Safra;CPR;18827;TILAPIA VIVA;20220526
DOMINIOS;Safra;CPR;18830;TRIGO BENEFICIADO;20220526
DOMINIOS;Safra;CPR;17154;0999/0999;20210623
DOMINIOS;Safra;CPR;28162;15798 (2025/2026);20260120
DOMINIOS;Safra;CPR;163;2010/2011;20101022
DOMINIOS;Safra;CPR;19939;2010/2018;20220906
DOMINIOS;Safra;CPR;335;2011/2018;20110622
DOMINIOS;Safra;CPR;5022;2012/2016;20120411
DOMINIOS;Safra;CPR;5023;2012/2017;20120411
DOMINIOS;Safra;CPR;333;2012/2019;20110613
DOMINIOS;Safra;CPR;5128;2013/2016;20121228
DOMINIOS;Safra;CPR;5129;2013/2017;20121228
DOMINIOS;Safra;CPR;5130;2013/2018;20121228
DOMINIOS;Safra;CPR;5127;2013/2019;20121226
DOMINIOS;Safra;CPR;340;2013/2023;20110905
DOMINIOS;Safra;CPR;5055;2014/2016;20120817
DOMINIOS;Safra;CPR;5054;2014/2017;20120817
DOMINIOS;Safra;CPR;5053;2014/2018;20120817
DOMINIOS;Safra;CPR;5052;2014/2019;20120817
DOMINIOS;Safra;CPR;5051;2014/2020;20120817
DOMINIOS;Safra;CPR;6961;2014/2021;20131218
DOMINIOS;Safra;CPR;6962;2014/2022;20131218
DOMINIOS;Safra;CPR;176;2015/2016;20101022
DOMINIOS;Safra;CPR;7964;2015/2017;20140714
DOMINIOS;Safra;CPR;7965;2015/2018;20140714
DOMINIOS;Safra;CPR;7966;2015/2019;20140714
DOMINIOS;Safra;CPR;7963;2015/2020;20140714
DOMINIOS;Safra;CPR;9207;2015/2021;20150225
DOMINIOS;Safra;CPR;8827;2015/2022;20141208
DOMINIOS;Safra;CPR;177;2016/2016;20101022
DOMINIOS;Safra;CPR;178;2016/2017;20101022
DOMINIOS;Safra;CPR;8106;2016/2018;20140814
DOMINIOS;Safra;CPR;8107;2016/2019;20140814
DOMINIOS;Safra;CPR;8108;2016/2020;20140814
DOMINIOS;Safra;CPR;8109;2016/2021;20140814
DOMINIOS;Safra;CPR;9829;2016/2022;20150708
DOMINIOS;Safra;CPR;10356;2016/2023;20160205
DOMINIOS;Safra;CPR;179;2017/2017;20101022
DOMINIOS;Safra;CPR;180;2017/2018;20101022
DOMINIOS;Safra;CPR;10835;2017/2019;20161024
DOMINIOS;Safra;CPR;10834;2017/2020;20161024
DOMINIOS;Safra;CPR;10833;2017/2021;20161024
DOMINIOS;Safra;CPR;8546;2017/2022;20141022
DOMINIOS;Safra;CPR;10635;2017/2023;20160725
DOMINIOS;Safra;CPR;12527;2017/2024;20180604
DOMINIOS;Safra;CPR;181;2018/2018;20101022
DOMINIOS;Safra;CPR;5161;2018/2019;20130115
DOMINIOS;Safra;CPR;11824;2018/2020;20171030
DOMINIOS;Safra;CPR;11825;2018/2021;20171030
DOMINIOS;Safra;CPR;11823;2018/2022;20171030
DOMINIOS;Safra;CPR;12145;2018/2023;20180123
DOMINIOS;Safra;CPR;11362;2018/2024;20170523
DOMINIOS;Safra;CPR;182;2019/2019;20101022
DOMINIOS;Safra;CPR;5162;2019/2020;20130115
DOMINIOS;Safra;CPR;12469;2019/2021;20180510
DOMINIOS;Safra;CPR;12470;2019/2022;20180510
DOMINIOS;Safra;CPR;12471;2019/2023;20180510
DOMINIOS;Safra;CPR;12472;2019/2024;20180510
DOMINIOS;Safra;CPR;12468;2019/2025;20180510
DOMINIOS;Safra;CPR;13950;2019/2026;20190521
DOMINIOS;Safra;CPR;14290;2019/2027;20190903
DOMINIOS;Safra;CPR;14523;2019/2029;20191112
DOMINIOS;Safra;CPR;183;2020/2020;20101022
DOMINIOS;Safra;CPR;6963;2020/2021;20131218
DOMINIOS;Safra;CPR;12474;2020/2022;20180510
DOMINIOS;Safra;CPR;12475;2020/2023;20180510
DOMINIOS;Safra;CPR;12476;2020/2024;20180510
DOMINIOS;Safra;CPR;12477;2020/2025;20180510
DOMINIOS;Safra;CPR;14964;2020/2026;20200313
DOMINIOS;Safra;CPR;15520;2020/2027;20201118
DOMINIOS;Safra;CPR;15521;2020/2028;20201118
DOMINIOS;Safra;CPR;15522;2020/2029;20201118
DOMINIOS;Safra;CPR;15523;2020/2030;20201118
DOMINIOS;Safra;CPR;184;2021/2021;20101022
DOMINIOS;Safra;CPR;8807;2021/2022;20141203
DOMINIOS;Safra;CPR;12478;2021/2023;20180510
DOMINIOS;Safra;CPR;12479;2021/2024;20180510
DOMINIOS;Safra;CPR;12480;2021/2025;20180510
DOMINIOS;Safra;CPR;15524;2021/2026;20201118
DOMINIOS;Safra;CPR;15525;2021/2027;20201118
DOMINIOS;Safra;CPR;15526;2021/2028;20201118
DOMINIOS;Safra;CPR;15527;2021/2029;20201118
DOMINIOS;Safra;CPR;15528;2021/2030;20201118
DOMINIOS;Safra;CPR;15529;2021/2031;20201118
DOMINIOS;Safra;CPR;19028;2021/2034;20220705
DOMINIOS;Safra;CPR;19029;2021/2035;20220705
DOMINIOS;Safra;CPR;17219;2021/2036;20210729
DOMINIOS;Safra;CPR;19030;2021/2037;20220705
DOMINIOS;Safra;CPR;19961;2021/2038;20220915
DOMINIOS;Safra;CPR;19962;2021/2039;20220915
DOMINIOS;Safra;CPR;19963;2021/2040;20220915
DOMINIOS;Safra;CPR;19964;2021/2041;20220915
DOMINIOS;Safra;CPR;19965;2021/2042;20220915
DOMINIOS;Safra;CPR;185;2022/2022;20101022
DOMINIOS;Safra;CPR;10272;2022/2023;20151229
DOMINIOS;Safra;CPR;12481;2022/2024;20180510
DOMINIOS;Safra;CPR;12482;2022/2025;20180510
DOMINIOS;Safra;CPR;17942;2022/2026;20220104
DOMINIOS;Safra;CPR;17943;2022/2027;20220104
DOMINIOS;Safra;CPR;18081;2022/2028;20220127
DOMINIOS;Safra;CPR;18082;2022/2029;20220126
DOMINIOS;Safra;CPR;18083;2022/2030;20220126
DOMINIOS;Safra;CPR;18084;2022/2031;20220126
DOMINIOS;Safra;CPR;18085;2022/2032;20220126
DOMINIOS;Safra;CPR;19031;2022/2033;20220705
DOMINIOS;Safra;CPR;19032;2022/2034;20220705
DOMINIOS;Safra;CPR;19033;2022/2035;20220705
DOMINIOS;Safra;CPR;19034;2022/2036;20220705
DOMINIOS;Safra;CPR;19035;2022/2037;20220705
DOMINIOS;Safra;CPR;19966;2022/2038;20220915
DOMINIOS;Safra;CPR;19967;2022/2039;20220915
DOMINIOS;Safra;CPR;19968;2022/2040;20220915
DOMINIOS;Safra;CPR;19969;2022/2041;20220915
DOMINIOS;Safra;CPR;19970;2022/2042;20220915
DOMINIOS;Safra;CPR;186;2023/2023;20101022
DOMINIOS;Safra;CPR;12483;2023/2024;20180510
DOMINIOS;Safra;CPR;12484;2023/2025;20180510
DOMINIOS;Safra;CPR;18683;2023/2026;20220427
DOMINIOS;Safra;CPR;18060;2023/2027;20220125
DOMINIOS;Safra;CPR;20200;2023/2028;20221107
DOMINIOS;Safra;CPR;20620;2023/2029;20230111
DOMINIOS;Safra;CPR;20621;2023/2030;20230111
DOMINIOS;Safra;CPR;20622;2023/2031;20230111
DOMINIOS;Safra;CPR;20623;2023/2032;20230111
DOMINIOS;Safra;CPR;20601;2023/2033;20230111
DOMINIOS;Safra;CPR;20624;2023/2034;20230111
DOMINIOS;Safra;CPR;20625;2023/2035;20230111
DOMINIOS;Safra;CPR;21280;2023/2036;20230328
DOMINIOS;Safra;CPR;21281;2023/2037;20230328
DOMINIOS;Safra;CPR;21282;2023/2038;;20230328
DOMINIOS;Safra;CPR;21400;2023/2039;20230403
DOMINIOS;Safra;CPR;21283;2023/2040;20230328
DOMINIOS;Safra;CPR;187;2024/2024;20101022
DOMINIOS;Safra;CPR;12473;2024/2025;20180510
DOMINIOS;Safra;CPR;18412;2024/2026;20220314
DOMINIOS;Safra;CPR;19005;2024/2027;20220629
DOMINIOS;Safra;CPR;19006;2024/2028;20220629
DOMINIOS;Safra;CPR;19007;2024/2029;20220629
DOMINIOS;Safra;CPR;19001;2024/2030;20220627
DOMINIOS;Safra;CPR;23900;2024/2031;20240102
DOMINIOS;Safra;CPR;23920;2024/2032;20240104
DOMINIOS;Safra;CPR;23901;2024/2033;20240102
DOMINIOS;Safra;CPR;23940;2024/2034;20240105
DOMINIOS;Safra;CPR;23921;2024/2035;20240104
DOMINIOS;Safra;CPR;24860;2024/2036;20240521
DOMINIOS;Safra;CPR;24861;2024/2037;20240521
DOMINIOS;Safra;CPR;24862;2024/2038;20240521
DOMINIOS;Safra;CPR;24863;2024/2039;20240521
DOMINIOS;Safra;CPR;24864;2024/2040;20240521
DOMINIOS;Safra;CPR;188;2025/2025;20101022
DOMINIOS;Safra;CPR;28161;(2025/2026);20260120
DOMINIOS;Safra;CPR;15798;2025/2026;20210222
DOMINIOS;Safra;CPR;19008;2025/2027;20220629
DOMINIOS;Safra;CPR;19009;2025/2028;20220629
DOMINIOS;Safra;CPR;19010;2025/2029;20220629
DOMINIOS;Safra;CPR;24680;2025/2030;20240415
DOMINIOS;Safra;CPR;25663;2025/2031;20241017
DOMINIOS;Safra;CPR;26064;2025/2032;20250102
DOMINIOS;Safra;CPR;26065;2025/2033;20250102
DOMINIOS;Safra;CPR;26066;2025/2034;20250102
DOMINIOS;Safra;CPR;26067;2025/2035;20250102
DOMINIOS;Safra;CPR;26121;2025/2036;20250115
DOMINIOS;Safra;CPR;26122;2025/2037;20250115
DOMINIOS;Safra;CPR;26123;2025/2038;20250115
DOMINIOS;Safra;CPR;26124;2025/2039;20250115
DOMINIOS;Safra;CPR;26125;2025/2040;20250115
DOMINIOS;Safra;CPR;28365;2025/2041;20260319
DOMINIOS;Safra;CPR;27781;2025/2045;20251105
DOMINIOS;Safra;CPR;27921;2025/2055;20251124
DOMINIOS;Safra;CPR;27782;2025/2065;20251105
DOMINIOS;Safra;CPR;189;2026/2026;20101022
DOMINIOS;Safra;CPR;15799;2026/2027;20210222
DOMINIOS;Safra;CPR;19011;2026/2028;20220629
DOMINIOS;Safra;CPR;19012;2026/2029;20220629
DOMINIOS;Safra;CPR;19013;2026/2030;20220629
DOMINIOS;Safra;CPR;25400;2026/2031;20240902
DOMINIOS;Safra;CPR;27101;2026/2032;20250728
DOMINIOS;Safra;CPR;27102;2026/2033;20250728
DOMINIOS;Safra;CPR;27103;2026/2034;20250728
DOMINIOS;Safra;CPR;27104;2026/2035;20250728
DOMINIOS;Safra;CPR;27105;2026/2036;20250728
DOMINIOS;Safra;CPR;28366;2026/2038;20260319
DOMINIOS;Safra;CPR;27541;2026/2040;20250924
DOMINIOS;Safra;CPR;28381;2026/2041;20260320
DOMINIOS;Safra;CPR;190;2027/2027;20101022
DOMINIOS;Safra;CPR;15800;2027/2028;20210222
DOMINIOS;Safra;CPR;19014;2027/2029;20220629
DOMINIOS;Safra;CPR;19015;2027/2030;20220629
DOMINIOS;Safra;CPR;28081;2027/2031;20251222
DOMINIOS;Safra;CPR;28021;2027/2032;20251208
DOMINIOS;Safra;CPR;26983;2027/2033;20250709
DOMINIOS;Safra;CPR;191;2028/2028;20101022
DOMINIOS;Safra;CPR;17497;2028/2029;20211014
DOMINIOS;Safra;CPR;28221;2028/2030;20260209
DOMINIOS;Safra;CPR;20086;2029/2029;20221013
DOMINIOS;Safra;CPR;17498;2029/2030;20211014
DOMINIOS;Safra;CPR;23000;2030/2030;20230904
DOMINIOS;Safra;CPR;17499;2030/2031;20211014
DOMINIOS;Safra;CPR;23001;2031/2031;20230904
DOMINIOS;Safra;CPR;21520;2031/2032;20230414
DOMINIOS;Safra;CPR;19026;2032; 2021;20220705
DOMINIOS;Safra;CPR;23002;2032/2032;20230904
DOMINIOS;Safra;CPR;23003;2032/2033;20230904
DOMINIOS;Safra;CPR;19027;2033; 2021;20220705
DOMINIOS;Safra;CPR;23004;2033/2033;20230904
DOMINIOS;Safra;CPR;23005;2033/2034;20230904
DOMINIOS;Safra;CPR;23006;2034/2034;20230904
DOMINIOS;Safra;CPR;23020;2034/2035;20230904
DOMINIOS;Safra;CPR;23021;2035/2035;20230904
DOMINIOS;Safra;CPR;23022;2035/2036;20230904
DOMINIOS;Safra;CPR;23023;2036/2036;20230904
DOMINIOS;Safra;CPR;23024;2036/2037;20230904
DOMINIOS;Safra;CPR;23025;2037/2037;20230904
DOMINIOS;Safra;CPR;23026;2037/2038;20230904
DOMINIOS;Safra;CPR;23027;2038/2038;20230904
DOMINIOS;Safra;CPR;28101;2038/2039;20251226
DOMINIOS;Safra;CPR;28102;2039/2040;20251226
DOMINIOS;Safra;CPR;26002;21/21,21/22,22/22,22/23/23/23,24/24;20241204
DOMINIOS;Safra;CPR;26003;21/21;21/22;22/22;22/23;23/23;24/24;20241205
DOMINIOS;Safra;CPR;20100;22/23;20221018
DOMINIOS;Safra;CPR;20105;22/23; 23/24; 24/25; 25/26 e 26/27;20221018
DOMINIOS;Safra;CPR;20101;23/24;20221018
DOMINIOS;Safra;CPR;20102;24/25;20221018
DOMINIOS;Safra;CPR;20103;25/26;20221018
DOMINIOS;Safra;CPR;20104;26/27;20221018
DOMINIOS;Finalidade;CRH;6098;Comercialização;20140530
DOMINIOS;Finalidade;CRH;6096;Custeio;20140530
DOMINIOS;Finalidade;CRH;13910;Industrialização;20190430
DOMINIOS;Finalidade;CRH;6120;Investimento;20140530
DOMINIOS;Finalidade;CRH;6099;Não se Aplica;20140530
DOMINIOS;Classe/Tipo/PH;CRP;126;ABATIDO;20101022
DOMINIOS;Classe/Tipo/PH;CRP;127;AGULHINHA;20101022
DOMINIOS;Classe/Tipo/PH;CRP;128;ANAO CORES;20101022
DOMINIOS;Classe/Tipo/PH;CRP;129;ANAO CORES ABAIXO DO PADRAO;20101022
DOMINIOS;Classe/Tipo/PH;CRP;130;ARABICA;20101022
DOMINIOS;Classe/Tipo/PH;CRP;131;ARABICA - PADRAO BMF;20101022
DOMINIOS;Classe/Tipo/PH;CRP;132;ARBOREO (SEMENTE);20101022
DOMINIOS;Classe/Tipo/PH;CRP;133;BRANCO ABAIXO DO PADRAO;20101022
DOMINIOS;Classe/Tipo/PH;CRP;134;BRANCO EM GRAOS;20101022
DOMINIOS;Classe/Tipo/PH;CRP;5025;CACHAÇA;20120419
DOMINIOS;Classe/Tipo/PH;CRP;5050;CAROÇO;20120816
DOMINIOS;Classe/Tipo/PH;CRP;135;CAROCO DESTINADO A SEMENTE;20101022
DOMINIOS;Classe/Tipo/PH;CRP;136;CASCA NATURAL;20101022
DOMINIOS;Classe/Tipo/PH;CRP;137;CODORNA;20101022
DOMINIOS;Classe/Tipo/PH;CRP;138;CONGELADO;20101022
DOMINIOS;Classe/Tipo/PH;CRP;139;CONILLON;20101022
DOMINIOS;Classe/Tipo/PH;CRP;250;CRISTAL;20101210
DOMINIOS;Classe/Tipo/PH;CRP;11664;CTC;20170825
DOMINIOS;Classe/Tipo/PH;CRP;26943;DEMAIS MADEIRAS;20250703
DOMINIOS;Classe/Tipo/PH;CRP;140;DEMERARA;20101022
DOMINIOS;Classe/Tipo/PH;CRP;141;ESPIGA COM PALHA;20101022
DOMINIOS;Classe/Tipo/PH;CRP;142;ETANOL - PADRAO BMF;20101022
DOMINIOS;Classe/Tipo/PH;CRP;260;ETILICO;20110126
DOMINIOS;Classe/Tipo/PH;CRP;143;ETILICO ANIDRO CARBURANTE;20101022
DOMINIOS;Classe/Tipo/PH;CRP;144;ETILICO HIDRATADO COMBUSTÍVEL;20101022
DOMINIOS;Classe/Tipo/PH;CRP;246;EUCALIPTO;20101129
DOMINIOS;Classe/Tipo/PH;CRP;145;FLORESTAME;20101022
DOMINIOS;Classe/Tipo/PH;CRP;5169;FRESCA;20130123
DOMINIOS;Classe/Tipo/PH;CRP;146;GALINHA;20101022
DOMINIOS;Classe/Tipo/PH;CRP;147;GRANIFERO;20101022
DOMINIOS;Classe/Tipo/PH;CRP;148;GRAOS;20101022
DOMINIOS;Classe/Tipo/PH;CRP;149;HERBACEO (SEMENTE);20101022
DOMINIOS;Classe/Tipo/PH;CRP;11663;IAC;20170825
DOMINIOS;Classe/Tipo/PH;CRP;150;IN NATURA;20101022
DOMINIOS;Classe/Tipo/PH;CRP;5132;MOGNO AFRICANO;20130102
DOMINIOS;Classe/Tipo/PH;CRP;27125;OLEO ESSENCIAL;20250730
DOMINIOS;Classe/Tipo/PH;CRP;151;ORGANICO;20101022
DOMINIOS;Classe/Tipo/PH;CRP;152;PADRAO BMF;20101022
DOMINIOS;Classe/Tipo/PH;CRP;17207;PADRÃO EXPORTAÇÃO;20210721
DOMINIOS;Classe/Tipo/PH;CRP;153;PINUS;20101022
DOMINIOS;Classe/Tipo/PH;CRP;154;PLUMA;20101022
DOMINIOS;Classe/Tipo/PH;CRP;155;PO;20101022
DOMINIOS;Classe/Tipo/PH;CRP;26481;PUPUNHA;20250407
DOMINIOS;Classe/Tipo/PH;CRP;156;QUIRERA;20101022
DOMINIOS;Classe/Tipo/PH;CRP;11662;RB;20170825
DOMINIOS;Classe/Tipo/PH;CRP;157;REFINADO;20101022
DOMINIOS;Classe/Tipo/PH;CRP;158;ROBUSTA;20101022
DOMINIOS;Classe/Tipo/PH;CRP;159;SEMENTE;20101022
DOMINIOS;Classe/Tipo/PH;CRP;160;TIPO EXPORTACAO;20101022
DOMINIOS;Classe/Tipo/PH;CRP;161;VIVO;20101022
DOMINIOS;Finalidade;CRP;6098;Comercialização;20140530
DOMINIOS;Finalidade;CRP;6096;Custeio;20140530
DOMINIOS;Finalidade;CRP;13910;Industrialização;20190430
DOMINIOS;Finalidade;CRP;6120;Investimento;20140530
DOMINIOS;Finalidade;CRP;6099;Não se Aplica;20140530
DOMINIOS;Safra;CRP;163;2010/2011;20101022
DOMINIOS;Safra;CRP;335;2011/2018;20110622
DOMINIOS;Safra;CRP;5022;2012/2016;20120411
DOMINIOS;Safra;CRP;5023;2012/2017;20120411
DOMINIOS;Safra;CRP;5128;2013/2016;20121228
DOMINIOS;Safra;CRP;5129;2013/2017;20121228
DOMINIOS;Safra;CRP;5130;2013/2018;20121228
DOMINIOS;Safra;CRP;5127;2013/2019;20121226
DOMINIOS;Safra;CRP;5055;2014/2016;20120817
DOMINIOS;Safra;CRP;5054;2014/2017;20120817
DOMINIOS;Safra;CRP;5053;2014/2018;20120817
DOMINIOS;Safra;CRP;5052;2014/2019;20120817
DOMINIOS;Safra;CRP;5051;2014/2020;20120817
DOMINIOS;Safra;CRP;176;2015/2016;20101022
DOMINIOS;Safra;CRP;9207;2015/2021;20150225
DOMINIOS;Safra;CRP;177;2016/2016;20101022
DOMINIOS;Safra;CRP;178;2016/2017;20101022
DOMINIOS;Safra;CRP;10356;2016/2023;20160205
DOMINIOS;Safra;CRP;179;2017/2017;20101022
DOMINIOS;Safra;CRP;180;2017/2018;20101022
DOMINIOS;Safra;CRP;10835;2017/2019;20161024
DOMINIOS;Safra;CRP;10834;2017/2020;20161024
DOMINIOS;Safra;CRP;10833;2017/2021;20161024
DOMINIOS;Safra;CRP;12527;2017/2024;20180604
DOMINIOS;Safra;CRP;181;2018/2018;20101022
DOMINIOS;Safra;CRP;5161;2018/2019;20130115
DOMINIOS;Safra;CRP;11824;2018/2020;20171030
DOMINIOS;Safra;CRP;11825;2018/2021;20171030
DOMINIOS;Safra;CRP;11823;2018/2022;20171030
DOMINIOS;Safra;CRP;12145;2018/2023;20180123
DOMINIOS;Safra;CRP;11362;2018/2024;20170523
DOMINIOS;Safra;CRP;182;2019/2019;20101022
DOMINIOS;Safra;CRP;5162;2019/2020;20130115
DOMINIOS;Safra;CRP;12469;2019/2021;20180510
DOMINIOS;Safra;CRP;12470;2019/2022;20180510
DOMINIOS;Safra;CRP;12471;2019/2023;20180510
DOMINIOS;Safra;CRP;12472;2019/2024;20180510
DOMINIOS;Safra;CRP;12468;2019/2025;20180510
DOMINIOS;Safra;CRP;183;2020/2020;20101022
DOMINIOS;Safra;CRP;12474;2020/2022;20180510
DOMINIOS;Safra;CRP;12475;2020/2023;20180510
DOMINIOS;Safra;CRP;12476;2020/2024;20180510
DOMINIOS;Safra;CRP;12477;2020/2025;20180510
DOMINIOS;Safra;CRP;184;2021/2021;20101022
DOMINIOS;Safra;CRP;12478;2021/2023;20180510
DOMINIOS;Safra;CRP;12479;2021/2024;20180510
DOMINIOS;Safra;CRP;12480;2021/2025;20180510
DOMINIOS;Safra;CRP;185;2022/2022;20101022
DOMINIOS;Safra;CRP;12481;2022/2024;20180510
DOMINIOS;Safra;CRP;12482;2022/2025;20180510
DOMINIOS;Safra;CRP;186;2023/2023;20101022
DOMINIOS;Safra;CRP;12483;2023/2024;20180510
DOMINIOS;Safra;CRP;12484;2023/2025;20180510
DOMINIOS;Safra;CRP;187;2024/2024;20101022
DOMINIOS;Safra;CRP;12473;2024/2025;20180510
DOMINIOS;Safra;CRP;188;2025/2025;20101022
DOMINIOS;Safra;CRP;189;2026/2026;20101022
DOMINIOS;Safra;CRP;190;2027/2027;20101022
DOMINIOS;Safra;CRP;191;2028/2028;20101022
DOMINIOS;Finalidade;CRPH;6098;Comercialização;20140530
DOMINIOS;Finalidade;CRPH;6096;Custeio;20140530
DOMINIOS;Finalidade;CRPH;13910;Industrialização;20190430
DOMINIOS;Finalidade;CRPH;6120;Investimento;20140530
DOMINIOS;Finalidade;CRPH;6099;Não se Aplica;20140530
DOMINIOS;Tipos de Garantias;DC;14016;Aval;20190628
DOMINIOS;Descrição da Mercadoria;EXPN;5091;Avião;20120927
DOMINIOS;Descrição da Mercadoria;EXPN;197;Farelo de soja;20101028
DOMINIOS;Descrição da Mercadoria;EXPN;195;Soja em grãos;20101028
DOMINIOS;Descrição da Mercadoria;EXPN;196;Solvente de farelo de soja;20101028
DOMINIOS;Descrição da Mercadoria;EXPN;8306;Tabaco;20140918
DOMINIOS;Descrição da Mercadoria;EXPN;18580;VEGETACAO/FLORESTA NATIVA BIOMA CERRADO;20220411
DOMINIOS;Foro de Eleição;IECE;2350;Abu Dhabi / Emirados Árabes Unidos;20131004
DOMINIOS;Foro de Eleição;IECE;2351;Amsterdã / Holanda;20131004
DOMINIOS;Foro de Eleição;IECE;2352;Atenas / Grécia;20131004
DOMINIOS;Foro de Eleição;IECE;2353;Bangkok / Tailândia;20131004
DOMINIOS;Foro de Eleição;IECE;2354;Beijing / China;20131004
DOMINIOS;Foro de Eleição;IECE;2355;Boston / Estados Unidos;20131004
DOMINIOS;Foro de Eleição;IECE;2356;Bruxelas / Bélgica;20131004
DOMINIOS;Foro de Eleição;IECE;2357;Budapeste / Hungria;20131004
DOMINIOS;Foro de Eleição;IECE;2358;Buenos Aires / Argentina;20131004
DOMINIOS;Foro de Eleição;IECE;2359;Calgary / Canadá;20131004
DOMINIOS;Foro de Eleição;IECE;2360;Charlotte Amalie/ Ilhas Virgens Americanas;20131004
DOMINIOS;Foro de Eleição;IECE;2361;Chicago / Estados Unidos;20131004
DOMINIOS;Foro de Eleição;IECE;2362;Cidade do México / México;20131004
DOMINIOS;Foro de Eleição;IECE;2363;Copenhagen / Dinamarca;20131004
DOMINIOS;Foro de Eleição;IECE;2364;Doha / Qatar;20131004
DOMINIOS;Foro de Eleição;IECE;2365;Dubai / Emirados Árabes;20131004
DOMINIOS;Foro de Eleição;IECE;2366;Dublin / Irlanda;20131004
DOMINIOS;Foro de Eleição;IECE;2367;Edimburgo / Escócia;20131004
DOMINIOS;Foro de Eleição;IECE;2368;Estocolmo / Suécia;20131004
DOMINIOS;Foro de Eleição;IECE;2369;Frankfurt / Alemanha;20131004
DOMINIOS;Foro de Eleição;IECE;2370;Genebra / Suíça;20131004
DOMINIOS;Foro de Eleição;IECE;2371;Gênova / Itália;20131004
DOMINIOS;Foro de Eleição;IECE;2372;George Town / Ilhas Caimã;20131004
DOMINIOS;Foro de Eleição;IECE;2373;Gibraltar / Gibraltar;20131004
DOMINIOS;Foro de Eleição;IECE;2374;Glasgow / Escócia;20131004
DOMINIOS;Foro de Eleição;IECE;2375;Guernesei / Reino Unido;20131004
DOMINIOS;Foro de Eleição;IECE;2376;Hamilton / Nova Zelândia;20131004
DOMINIOS;Foro de Eleição;IECE;2377;Helsinki / Finlândia;20131004
DOMINIOS;Foro de Eleição;IECE;2378;Hong Kong / China;20131004
DOMINIOS;Foro de Eleição;IECE;2379;Istambul / Turquia;20131004
DOMINIOS;Foro de Eleição;IECE;2380;Jacarta / Indonésia;20131004
DOMINIOS;Foro de Eleição;IECE;2381;Jersey / Reino Unido;20131004
DOMINIOS;Foro de Eleição;IECE;2382;Johannesburgo / África do Sul;20131004
DOMINIOS;Foro de Eleição;IECE;2383;Kuala Lumpur / Malásia;20131004
DOMINIOS;Foro de Eleição;IECE;2384;Lisboa / Portugal;20131004
DOMINIOS;Foro de Eleição;IECE;2385;Londres / Reino Unido;20131004
DOMINIOS;Foro de Eleição;IECE;2386;Luxemburgo / Luxemburgo;20131004
DOMINIOS;Foro de Eleição;IECE;2387;Madrid / Espanha;20131004
DOMINIOS;Foro de Eleição;IECE;2388;Manama / Bahrain;20131004
DOMINIOS;Foro de Eleição;IECE;2389;Manila / Filipinas;20131004
DOMINIOS;Foro de Eleição;IECE;2390;Melbourne / Austrália;20131004
DOMINIOS;Foro de Eleição;IECE;2391;Milão / Itália;20131004
DOMINIOS;Foro de Eleição;IECE;2392;Mônaco / Mônaco;20131004
DOMINIOS;Foro de Eleição;IECE;2393;Montreal / Canadá;20131004
DOMINIOS;Foro de Eleição;IECE;2394;Moscou / Rússia;20131004
DOMINIOS;Foro de Eleição;IECE;2395;Mumbai / Índia;20131004
DOMINIOS;Foro de Eleição;IECE;2396;Munique / Alemanha;20131004
DOMINIOS;Foro de Eleição;IECE;2397;Nassau / Bahamas;20131004
DOMINIOS;Foro de Eleição;IECE;2398;Nova York / Estados Unidos;20131004
DOMINIOS;Foro de Eleição;IECE;2399;Osaka / Japão;20131004
DOMINIOS;Foro de Eleição;IECE;2400;Oslo / Noruega;20131004
DOMINIOS;Foro de Eleição;IECE;2401;Paris / França;20131004
DOMINIOS;Foro de Eleição;IECE;2402;Pequim / China;20131004
DOMINIOS;Foro de Eleição;IECE;2403;Port Louis / Maurício;20131004
DOMINIOS;Foro de Eleição;IECE;2404;Praga / República Tcheca;20131004
DOMINIOS;Foro de Eleição;IECE;2405;Reykjavik / Islândia;20131004
DOMINIOS;Foro de Eleição;IECE;2406;Riade / Arábia Saudita;20131004
DOMINIOS;Foro de Eleição;IECE;2407;Road Town / Ilhas Virgens Britânicas;20131004
DOMINIOS;Foro de Eleição;IECE;2408;Roma / Itália;20131004
DOMINIOS;Foro de Eleição;IECE;2409;São Francisco / Estados Unidos;20131004
DOMINIOS;Foro de Eleição;IECE;8267;São Paulo-SP/Brasil;20140911
DOMINIOS;Foro de Eleição;IECE;2410;São Petesburgo / Rússia;20131004
DOMINIOS;Foro de Eleição;IECE;2411;Seul / Coreia do Sul;20131004
DOMINIOS;Foro de Eleição;IECE;2412;Shenzhen / China;20131004
DOMINIOS;Foro de Eleição;IECE;2413;Singapura / Singapura;20131004
DOMINIOS;Foro de Eleição;IECE;2414;Sydney / Austrália;20131004
DOMINIOS;Foro de Eleição;IECE;2415;Taipei / China;20131004
DOMINIOS;Foro de Eleição;IECE;2416;Tallinn / Estônia;20131004
DOMINIOS;Foro de Eleição;IECE;8408;Tennessee/Estados Unidos;20141006
DOMINIOS;Foro de Eleição;IECE;2417;Tóquio / Japão;20131004
DOMINIOS;Foro de Eleição;IECE;2418;Toronto / Canadá;20131004
DOMINIOS;Foro de Eleição;IECE;2419;Valeta / Malta ;20131004
DOMINIOS;Foro de Eleição;IECE;2420;Vancouver / Canadá;20131004
DOMINIOS;Foro de Eleição;IECE;2421;Varsóvia / Polônia;20131004
DOMINIOS;Foro de Eleição;IECE;2422;Viena / Itália;20131004
DOMINIOS;Foro de Eleição;IECE;2423;Washington D.C. / Estados Unidos;20131004
DOMINIOS;Foro de Eleição;IECE;2424;Wellington / Nova Zelândia;20131004
DOMINIOS;Foro de Eleição;IECE;2425;Xangai / China;20131004
DOMINIOS;Foro de Eleição;IECE;2426;Zurique / Suíça;20131004
DOMINIOS;Instrumento de Captação;IECE;2454;CONTRATO MUTUO;20131004
DOMINIOS;Instrumento de Captação;IECE;8047;Título de Dívida Emitido;20140805
DOMINIOS;Foro de Eleição;IECI;2427;Aracaju /  Sergipe;20131004
DOMINIOS;Foro de Eleição;IECI;2428;Belém /  Pará;20131004
DOMINIOS;Foro de Eleição;IECI;2429;Belo Horizonte /  Minas Gerais;20131004
DOMINIOS;Foro de Eleição;IECI;2430;Boa Vista /  Roraima;20131004
DOMINIOS;Foro de Eleição;IECI;2431;Brasília /  Distrito Federal;20131004
DOMINIOS;Foro de Eleição;IECI;2432;Campo Grande /  Mato Grosso do Sul;20131004
DOMINIOS;Foro de Eleição;IECI;2433;Cuiabá /  Mato Grosso;20131004
DOMINIOS;Foro de Eleição;IECI;2434;Curitiba /  Paraná;20131004
DOMINIOS;Foro de Eleição;IECI;2435;Florianópolis /  Santa Catarina;20131004
DOMINIOS;Foro de Eleição;IECI;2436;Fortaleza /  Ceará;20131004
DOMINIOS;Foro de Eleição;IECI;2437;Goiânia /  Goiás;20131004
DOMINIOS;Foro de Eleição;IECI;2438;João Pessoa /  Paraíba;20131004
DOMINIOS;Foro de Eleição;IECI;2439;Macapá /  Amapá;20131004
DOMINIOS;Foro de Eleição;IECI;2440;Maceió /  Alagoas;20131004
DOMINIOS;Foro de Eleição;IECI;2441;Manaus /  Amazonas;20131004
DOMINIOS;Foro de Eleição;IECI;2442;Natal /  Rio Grande do Norte;20131004
DOMINIOS;Foro de Eleição;IECI;2443;Palmas /  Tocantins;20131004
DOMINIOS;Foro de Eleição;IECI;2444;Porto Alegre /  Rio Grande do Sul;20131004
DOMINIOS;Foro de Eleição;IECI;2445;Porto Velho /  Rondonia;20131004
DOMINIOS;Foro de Eleição;IECI;2446;Recife /  Pernambuco;20131004
DOMINIOS;Foro de Eleição;IECI;2447;Rio Branco / Acre;20131004
DOMINIOS;Foro de Eleição;IECI;2448;Rio de Janeiro /  Rio de Janeiro;20131004
DOMINIOS;Foro de Eleição;IECI;2449;Salvador /  Bahia;20131004
DOMINIOS;Foro de Eleição;IECI;2450;São Luís /  Maranhão;20131004
DOMINIOS;Foro de Eleição;IECI;2451;São Paulo /  São Paulo;20131004
DOMINIOS;Foro de Eleição;IECI;2452;Teresina /  Piauí;20131004
DOMINIOS;Foro de Eleição;IECI;2453;Vitória /  Espírito Santo;20131004
DOMINIOS;Instrumento de Captação;IECI;8506;Contrato de Dívida Subordinada;20141017
DOMINIOS;Instrumento de Captação;IECI;2454;CONTRATO MUTUO;20131004
DOMINIOS;Foro de Eleição;IECP;2427;Aracaju /  Sergipe;20131004
DOMINIOS;Foro de Eleição;IECP;2428;Belém /  Pará;20131004
DOMINIOS;Foro de Eleição;IECP;2429;Belo Horizonte /  Minas Gerais;20131004
DOMINIOS;Foro de Eleição;IECP;2430;Boa Vista /  Roraima;20131004
DOMINIOS;Foro de Eleição;IECP;2431;Brasília /  Distrito Federal;20131004
DOMINIOS;Foro de Eleição;IECP;2432;Campo Grande /  Mato Grosso do Sul;20131004
DOMINIOS;Foro de Eleição;IECP;2433;Cuiabá /  Mato Grosso;20131004
DOMINIOS;Foro de Eleição;IECP;2434;Curitiba /  Paraná;20131004
DOMINIOS;Foro de Eleição;IECP;2435;Florianópolis /  Santa Catarina;20131004
DOMINIOS;Foro de Eleição;IECP;2436;Fortaleza /  Ceará;20131004
DOMINIOS;Foro de Eleição;IECP;2437;Goiânia /  Goiás;20131004
DOMINIOS;Foro de Eleição;IECP;2438;João Pessoa /  Paraíba;20131004
DOMINIOS;Foro de Eleição;IECP;2439;Macapá /  Amapá;20131004
DOMINIOS;Foro de Eleição;IECP;2440;Maceió /  Alagoas;20131004
DOMINIOS;Foro de Eleição;IECP;2441;Manaus /  Amazonas;20131004
DOMINIOS;Foro de Eleição;IECP;2442;Natal /  Rio Grande do Norte;20131004
DOMINIOS;Foro de Eleição;IECP;2443;Palmas /  Tocantins;20131004
DOMINIOS;Foro de Eleição;IECP;2444;Porto Alegre /  Rio Grande do Sul;20131004
DOMINIOS;Foro de Eleição;IECP;2445;Porto Velho /  Rondonia;20131004
DOMINIOS;Foro de Eleição;IECP;2446;Recife /  Pernambuco;20131004
DOMINIOS;Foro de Eleição;IECP;2447;Rio Branco / Acre;20131004
DOMINIOS;Foro de Eleição;IECP;2448;Rio de Janeiro /  Rio de Janeiro;20131004
DOMINIOS;Foro de Eleição;IECP;2449;Salvador /  Bahia;20131004
DOMINIOS;Foro de Eleição;IECP;2450;São Luís /  Maranhão;20131004
DOMINIOS;Foro de Eleição;IECP;2451;São Paulo /  São Paulo;20131004
DOMINIOS;Foro de Eleição;IECP;2452;Teresina /  Piauí;20131004
DOMINIOS;Foro de Eleição;IECP;2453;Vitória /  Espírito Santo;20131004
DOMINIOS;Instrumento de Captação;IECP;2454;CONTRATO MUTUO;20131004
DOMINIOS;Amortização a Cada;LCA;6107;Anual;20140530
DOMINIOS;Amortização a Cada;LCA;12407;Bimestral;20180424
DOMINIOS;Amortização a Cada;LCA;6105;Mensal;20140530
DOMINIOS;Amortização a Cada;LCA;12408;Quadrimestral;20180424
DOMINIOS;Amortização a Cada;LCA;6106;Quinzenal;20140530
DOMINIOS;Amortização a Cada;LCA;6104;Semestral;20140530
DOMINIOS;Amortização a Cada;LCA;10433;Trimestral;20160328
DOMINIOS;Amortização a Cada;LCA;7903;Variável;20140704
DOMINIOS;Finalidade;LCA;6098;Comercialização;20140530
DOMINIOS;Finalidade;LCA;6096;Custeio;20140530
DOMINIOS;Finalidade;LCA;13910;Industrialização;20190430
DOMINIOS;Finalidade;LCA;6120;Investimento;20140530
DOMINIOS;Finalidade;LCA;6099;Não se Aplica;20140530
DOMINIOS;Garantia Especial;LCA;6115;Alienação Fiduciária;20140530
DOMINIOS;Garantia Especial;LCA;6118;Cessão Fiduciária;20140530
DOMINIOS;Garantia Especial;LCA;6116;Fidejussória Aval;20140530
DOMINIOS;Garantia Especial;LCA;6121;Fidejussória Fiança;20140530
DOMINIOS;Garantia Especial;LCA;6113;Hipoteca;20140530
DOMINIOS;Garantia Especial;LCA;6119;Não se Aplica;20140530
DOMINIOS;Garantia Especial;LCA;6114;Penhor;20140530
DOMINIOS;Juros a Cada;LCA;6103;Anual;20140530
DOMINIOS;Juros a Cada;LCA;12409;Bimestral;20180424
DOMINIOS;Juros a Cada;LCA;6101;Mensal;20140530
DOMINIOS;Juros a Cada;LCA;12410;Quadrimestral;20180424
DOMINIOS;Juros a Cada;LCA;6102;Quinzenal;20140530
DOMINIOS;Juros a Cada;LCA;6100;Semestral;20140530
DOMINIOS;Juros a Cada;LCA;8786;Trimestral;20141201
DOMINIOS;Juros a Cada;LCA;7904;Variável;20140704
DOMINIOS;Amortização a Cada;LIG;6107;Anual;20190322
DOMINIOS;Amortização a Cada;LIG;6105;Mensal;20190322
DOMINIOS;Amortização a Cada;LIG;5085;Não se aplica;20190322
DOMINIOS;Amortização a Cada;LIG;6106;Quinzenal;20190322
DOMINIOS;Amortização a Cada;LIG;6104;Semestral;20190322
DOMINIOS;Juros a Cada;LIG;6107;Anual;20190322
DOMINIOS;Juros a Cada;LIG;6105;Mensal;20190322
DOMINIOS;Juros a Cada;LIG;5085;Não se aplica;20190322
DOMINIOS;Juros a Cada;LIG;6106;Quinzenal;20190322
DOMINIOS;Juros a Cada;LIG;6104;Semestral;20190322
DOMINIOS;Finalidade;NCE;7723;Capital de Giro;20140603
DOMINIOS;Finalidade;NCE;6098;Comercialização;20140530
DOMINIOS;Finalidade;NCE;6096;Custeio;20140530
DOMINIOS;Finalidade;NCE;13910;Industrialização;20190430
DOMINIOS;Finalidade;NCE;6120;Investimento;20140530
DOMINIOS;Finalidade;NCE;6099;Não se Aplica;20140530
DOMINIOS;Origem de Crédito;NCE;5561;Op. Crédito vinculada a exportação;20130419
DOMINIOS;Origem de Crédito;NCE;5560;Op. Crédito vinculada a exportação ao Setor do Agronegócio;20130419
DOMINIOS;Origem de Crédito;NCE;5562;Op. Crédito vinculada a exportação ao setor Imobiliário;20230920
DOMINIOS;Origem de Crédito;NCE;5564;Operações de Crédito;20230920
DOMINIOS;Classe/Tipo/PH;NCR;126;ABATIDO;20101022
DOMINIOS;Classe/Tipo/PH;NCR;127;AGULHINHA;20101022
DOMINIOS;Classe/Tipo/PH;NCR;128;ANAO CORES;20101022
DOMINIOS;Classe/Tipo/PH;NCR;129;ANAO CORES ABAIXO DO PADRAO;20101022
DOMINIOS;Classe/Tipo/PH;NCR;130;ARABICA;20101022
DOMINIOS;Classe/Tipo/PH;NCR;131;ARABICA - PADRAO BMF;20101022
DOMINIOS;Classe/Tipo/PH;NCR;132;ARBOREO (SEMENTE);20101022
DOMINIOS;Classe/Tipo/PH;NCR;133;BRANCO ABAIXO DO PADRAO;20101022
DOMINIOS;Classe/Tipo/PH;NCR;134;BRANCO EM GRAOS;20101022
DOMINIOS;Classe/Tipo/PH;NCR;5025;CACHAÇA;20120419
DOMINIOS;Classe/Tipo/PH;NCR;5050;CAROÇO;20120816
DOMINIOS;Classe/Tipo/PH;NCR;135;CAROCO DESTINADO A SEMENTE;20101022
DOMINIOS;Classe/Tipo/PH;NCR;136;CASCA NATURAL;20101022
DOMINIOS;Classe/Tipo/PH;NCR;137;CODORNA;20101022
DOMINIOS;Classe/Tipo/PH;NCR;138;CONGELADO;20101022
DOMINIOS;Classe/Tipo/PH;NCR;139;CONILLON;20101022
DOMINIOS;Classe/Tipo/PH;NCR;250;CRISTAL;20101210
DOMINIOS;Classe/Tipo/PH;NCR;11664;CTC;20170825
DOMINIOS;Classe/Tipo/PH;NCR;26943;DEMAIS MADEIRAS;20250703
DOMINIOS;Classe/Tipo/PH;NCR;140;DEMERARA;20101022
DOMINIOS;Classe/Tipo/PH;NCR;141;ESPIGA COM PALHA;20101022
DOMINIOS;Classe/Tipo/PH;NCR;142;ETANOL - PADRAO BMF;20101022
DOMINIOS;Classe/Tipo/PH;NCR;260;ETILICO;20110126
DOMINIOS;Classe/Tipo/PH;NCR;143;ETILICO ANIDRO CARBURANTE;20101022
DOMINIOS;Classe/Tipo/PH;NCR;144;ETILICO HIDRATADO COMBUSTÍVEL;20101022
DOMINIOS;Classe/Tipo/PH;NCR;246;EUCALIPTO;20101129
DOMINIOS;Classe/Tipo/PH;NCR;145;FLORESTAME;20101022
DOMINIOS;Classe/Tipo/PH;NCR;5169;FRESCA;20130123
DOMINIOS;Classe/Tipo/PH;NCR;146;GALINHA;20101022
DOMINIOS;Classe/Tipo/PH;NCR;147;GRANIFERO;20101022
DOMINIOS;Classe/Tipo/PH;NCR;148;GRAOS;20101022
DOMINIOS;Classe/Tipo/PH;NCR;149;HERBACEO (SEMENTE);20101022
DOMINIOS;Classe/Tipo/PH;NCR;11663;IAC;20170825
DOMINIOS;Classe/Tipo/PH;NCR;150;IN NATURA;20101022
DOMINIOS;Classe/Tipo/PH;NCR;5132;MOGNO AFRICANO;20130102
DOMINIOS;Classe/Tipo/PH;NCR;151;ORGANICO;20101022
DOMINIOS;Classe/Tipo/PH;NCR;152;PADRAO BMF;20101022
DOMINIOS;Classe/Tipo/PH;NCR;17207;PADRÃO EXPORTAÇÃO;20210721
DOMINIOS;Classe/Tipo/PH;NCR;153;PINUS;20101022
DOMINIOS;Classe/Tipo/PH;NCR;154;PLUMA;20101022
DOMINIOS;Classe/Tipo/PH;NCR;155;PO;20101022
DOMINIOS;Classe/Tipo/PH;NCR;26481;PUPUNHA;20250407
DOMINIOS;Classe/Tipo/PH;NCR;156;QUIRERA;20101022
DOMINIOS;Classe/Tipo/PH;NCR;11662;RB;20170825
DOMINIOS;Classe/Tipo/PH;NCR;157;REFINADO;20101022
DOMINIOS;Classe/Tipo/PH;NCR;158;ROBUSTA;20101022
DOMINIOS;Classe/Tipo/PH;NCR;159;SEMENTE;20101022
DOMINIOS;Classe/Tipo/PH;NCR;160;TIPO EXPORTACAO;20101022
DOMINIOS;Classe/Tipo/PH;NCR;161;VIVO;20101022
DOMINIOS;Finalidade;NCR;6098;Comercialização;20140530
DOMINIOS;Finalidade;NCR;6096;Custeio;20140530
DOMINIOS;Finalidade;NCR;13910;Industrialização;20190430
DOMINIOS;Finalidade;NCR;6120;Investimento;20140530
DOMINIOS;Finalidade;NCR;6099;Não se Aplica;20140530
DOMINIOS;Safra;NCR;163;2010/2011;20101022
DOMINIOS;Safra;NCR;335;2011/2018;20110622
DOMINIOS;Safra;NCR;5022;2012/2016;20120411
DOMINIOS;Safra;NCR;5023;2012/2017;20120411
DOMINIOS;Safra;NCR;5128;2013/2016;20121228
DOMINIOS;Safra;NCR;5129;2013/2017;20121228
DOMINIOS;Safra;NCR;5130;2013/2018;20121228
DOMINIOS;Safra;NCR;5127;2013/2019;20121226
DOMINIOS;Safra;NCR;5055;2014/2016;20120817
DOMINIOS;Safra;NCR;5054;2014/2017;20120817
DOMINIOS;Safra;NCR;5053;2014/2018;20120817
DOMINIOS;Safra;NCR;5052;2014/2019;20120817
DOMINIOS;Safra;NCR;5051;2014/2020;20120817
DOMINIOS;Safra;NCR;176;2015/2016;20101022
DOMINIOS;Safra;NCR;9207;2015/2021;20150225
DOMINIOS;Safra;NCR;177;2016/2016;20101022
DOMINIOS;Safra;NCR;178;2016/2017;20101022
DOMINIOS;Safra;NCR;10356;2016/2023;20160205
DOMINIOS;Safra;NCR;179;2017/2017;20101022
DOMINIOS;Safra;NCR;180;2017/2018;20101022
DOMINIOS;Safra;NCR;10835;2017/2019;20161024
DOMINIOS;Safra;NCR;10834;2017/2020;20161024
DOMINIOS;Safra;NCR;10833;2017/2021;20161024
DOMINIOS;Safra;NCR;12527;2017/2024;20180604
DOMINIOS;Safra;NCR;181;2018/2018;20101022
DOMINIOS;Safra;NCR;5161;2018/2019;20130115
DOMINIOS;Safra;NCR;11824;2018/2020;20171030
DOMINIOS;Safra;NCR;11825;2018/2021;20171030
DOMINIOS;Safra;NCR;11823;2018/2022;20171030
DOMINIOS;Safra;NCR;12145;2018/2023;20180123
DOMINIOS;Safra;NCR;11362;2018/2024;20170523
DOMINIOS;Safra;NCR;182;2019/2019;20101022
DOMINIOS;Safra;NCR;5162;2019/2020;20130115
DOMINIOS;Safra;NCR;12469;2019/2021;20180510
DOMINIOS;Safra;NCR;12470;2019/2022;20180510
DOMINIOS;Safra;NCR;12471;2019/2023;20180510
DOMINIOS;Safra;NCR;12472;2019/2024;20180510
DOMINIOS;Safra;NCR;12468;2019/2025;20180510
DOMINIOS;Safra;NCR;183;2020/2020;20101022
DOMINIOS;Safra;NCR;12474;2020/2022;20180510
DOMINIOS;Safra;NCR;12475;2020/2023;20180510
DOMINIOS;Safra;NCR;12476;2020/2024;20180510
DOMINIOS;Safra;NCR;12477;2020/2025;20180510
DOMINIOS;Safra;NCR;184;2021/2021;20101022
DOMINIOS;Safra;NCR;12478;2021/2023;20180510
DOMINIOS;Safra;NCR;12479;2021/2024;20180510
DOMINIOS;Safra;NCR;12480;2021/2025;20180510
DOMINIOS;Safra;NCR;185;2022/2022;20101022
DOMINIOS;Safra;NCR;12481;2022/2024;20180510
DOMINIOS;Safra;NCR;12482;2022/2025;20180510
DOMINIOS;Safra;NCR;186;2023/2023;20101022
DOMINIOS;Safra;NCR;12483;2023/2024;20180510
DOMINIOS;Safra;NCR;12484;2023/2025;20180510
DOMINIOS;Safra;NCR;187;2024/2024;20101022
DOMINIOS;Safra;NCR;12473;2024/2025;20180510
DOMINIOS;Safra;NCR;188;2025/2025;20101022
DOMINIOS;Safra;NCR;189;2026/2026;20101022
DOMINIOS;Safra;NCR;190;2027/2027;20101022
DOMINIOS;Safra;NCR;191;2028/2028;20101022
FEEDERS;Horário de Consulta;OFCC;11727;13:30;20170925
FEEDERS;Praça de Negociação;OFCC;11726;BOGOTÁ;20170925
FEEDERS;Praça de Negociação;OFCC;11724;LIMA;20170925
FEEDERS;Tela ou Função de Consulta;OFCC;11703;BCENTRAL CL;20170912
FEEDERS;Tela ou Função de Consulta;OFCC;11683;PEN SBSP/BCRP;20170828
FEEDERS;Tela ou Função de Consulta;OFCC;11682;TRM COP;20170828
FEEDERS;Horário de Consulta;OFVC;11727;13:30;20170925
FEEDERS;Praça de Negociação;OFVC;11726;BOGOTÁ;20170925
FEEDERS;Praça de Negociação;OFVC;11724;LIMA;20170925
FEEDERS;Tela ou Função de Consulta;OFVC;11703;BCENTRAL CL;20170912
FEEDERS;Tela ou Função de Consulta;OFVC;11683;PEN SBSP/BCRP;20170828
FEEDERS;Tela ou Função de Consulta;OFVC;11682;TRM COP;20170828
FEEDERS;Horário de Consulta;TER;248;09:00;20151120
FEEDERS;Horário de Consulta;TER;255;09:15;20151120
FEEDERS;Horário de Consulta;TER;328;09:30;20151120
FEEDERS;Horário de Consulta;TER;10899;10:00;20161202
FEEDERS;Horário de Consulta;TER;15047;10:30;20200430
FEEDERS;Horário de Consulta;TER;121;11:00;20151120
FEEDERS;Horário de Consulta;TER;1025;11:30;20151120
FEEDERS;Horário de Consulta;TER;122;12:00;20151120
FEEDERS;Horário de Consulta;TER;15494;12:30;20201013
FEEDERS;Horário de Consulta;TER;337;13:00;20151120
FEEDERS;Horário de Consulta;TER;11727;13:30;20170925
FEEDERS;Horário de Consulta;TER;338;14:15;20151120
FEEDERS;Horário de Consulta;TER;123;15:00;20151120
FEEDERS;Horário de Consulta;TER;10900;15:30;20161202
FEEDERS;Horário de Consulta;TER;124;16:00;20151120
FEEDERS;Horário de Consulta;TER;125;18:00;20151120
FEEDERS;Praça de Negociação;TER;11726;BOGOTÁ;20170925
FEEDERS;Praça de Negociação;TER;336;BUENOS AIRES;20151120
FEEDERS;Praça de Negociação;TER;1023;CINGAPURA;20151120
FEEDERS;Praça de Negociação;TER;120;FRANKFURT;20151120
FEEDERS;Praça de Negociação;TER;5123;HONG KONG;20151120
FEEDERS;Praça de Negociação;TER;11724;LIMA;20170925
FEEDERS;Praça de Negociação;TER;119;LONDRES;20151120
FEEDERS;Praça de Negociação;TER;15387;MUMBAI;20200813
FEEDERS;Praça de Negociação;TER;116;NOVA IORQUE;20151120
FEEDERS;Praça de Negociação;TER;117;PEQUIM;20151120
FEEDERS;Praça de Negociação;TER;5114;SANTIAGO;20151120
FEEDERS;Praça de Negociação;TER;118;SAO PAULO;20151120
FEEDERS;Praça de Negociação;TER;1024;SEUL;20151120
FEEDERS;Praça de Negociação;TER;254;SHANGHAI;20151120
FEEDERS;Tela ou Função de Consulta;TER;1021;ABSIRFIX01;20151120
FEEDERS;Tela ou Função de Consulta;TER;11703;BCENTRAL CL;20170912
FEEDERS;Tela ou Função de Consulta;TER;17946;BFIX 1PM London;20220105
FEEDERS;Tela ou Função de Consulta;TER;14399;BFIX 4PM London;20191010
FEEDERS;Tela ou Função de Consulta;TER;15046;BLOOMBERG - CLFXD00B;20200430
FEEDERS;Tela ou Função de Consulta;TER;193;BLOOMBERG - EMTA;20151120
FEEDERS;Tela ou Função de Consulta;TER;194;BLOOMBERG - WMCO;20151120
FEEDERS;Tela ou Função de Consulta;TER;192;BLOOMBERG - WMR;20151120
FEEDERS;Tela ou Função de Consulta;TER;5115;CLFXDOOB;20151120
FEEDERS;Tela ou Função de Consulta;TER;115;ECB - EXCHANGE RATES;20151120
FEEDERS;Tela ou Função de Consulta;TER;6461;FUTURO D-1;20151120
FEEDERS;Tela ou Função de Consulta;TER;15386;INRRATE;20200812
FEEDERS;Tela ou Função de Consulta;TER;1022;KFTC18;20151120
FEEDERS;Tela ou Função de Consulta;TER;9648;MAE;20151120
FEEDERS;Tela ou Função de Consulta;TER;20521;PBOC;20221221
FEEDERS;Tela ou Função de Consulta;TER;11683;PEN SBSP/BCRP;20170828
FEEDERS;Tela ou Função de Consulta;TER;253;REUTERS - FX SAEC;20151120
FEEDERS;Tela ou Função de Consulta;TER;112;REUTERS - FXUS;20151120
FEEDERS;Tela ou Função de Consulta;TER;113;REUTERS - FXUT;20151120
FEEDERS;Tela ou Função de Consulta;TER;114;REUTERS - FXUU;20151120
FEEDERS;Tela ou Função de Consulta;TER;247;REUTERS - WMR;20151120
FEEDERS;Tela ou Função de Consulta;TER;111;SISBACEN - OPCAO 5;20151120
FEEDERS;Tela ou Função de Consulta;TER;5000;SPOT D0;20151120
FEEDERS;Tela ou Função de Consulta;TER;11682;TRM COP;20170828
FEEDERS;Horário de Consulta;TMO;248;09:00;20101130
FEEDERS;Horário de Consulta;TMO;255;09:15;20101230
FEEDERS;Horário de Consulta;TMO;328;09:30;20110408
FEEDERS;Horário de Consulta;TMO;10899;10:00;20161202
FEEDERS;Horário de Consulta;TMO;121;11:00;20101022
FEEDERS;Horário de Consulta;TMO;1025;11:30;20120111
FEEDERS;Horário de Consulta;TMO;122;12:00;20101022
FEEDERS;Horário de Consulta;TMO;15494;12:30;20201013
FEEDERS;Horário de Consulta;TMO;337;13:00;20110715
FEEDERS;Horário de Consulta;TMO;11727;13:30;20170925
FEEDERS;Horário de Consulta;TMO;338;14:15;20110822
FEEDERS;Horário de Consulta;TMO;123;15:00;20101022
FEEDERS;Horário de Consulta;TMO;10900;15:30;20161202
FEEDERS;Horário de Consulta;TMO;124;16:00;20101022
FEEDERS;Horário de Consulta;TMO;125;18:00;20101022
FEEDERS;Praça de Negociação;TMO;11726;BOGOTÁ;20170925
FEEDERS;Praça de Negociação;TMO;336;BUENOS AIRES;20110715
FEEDERS;Praça de Negociação;TMO;1023;CINGAPURA;20120106
FEEDERS;Praça de Negociação;TMO;120;FRANKFURT;20101022
FEEDERS;Praça de Negociação;TMO;5123;HONG KONG;20121221
FEEDERS;Praça de Negociação;TMO;11724;LIMA;20170925
FEEDERS;Praça de Negociação;TMO;119;LONDRES;20101022
FEEDERS;Praça de Negociação;TMO;116;NOVA IORQUE;20101022
FEEDERS;Praça de Negociação;TMO;117;PEQUIM;20101022
FEEDERS;Praça de Negociação;TMO;5114;SANTIAGO;20121214
FEEDERS;Praça de Negociação;TMO;118;SAO PAULO;20101022
FEEDERS;Praça de Negociação;TMO;1024;SEUL;20120106
FEEDERS;Praça de Negociação;TMO;254;SHANGHAI;20101230
FEEDERS;Tela ou Função de Consulta;TMO;1021;ABSIRFIX01;20120106
FEEDERS;Tela ou Função de Consulta;TMO;11703;BCENTRAL CL;20170912
FEEDERS;Tela ou Função de Consulta;TMO;14399;BFIX 4PM London;20191010
FEEDERS;Tela ou Função de Consulta;TMO;193;BLOOMBERG - EMTA;20101026
FEEDERS;Tela ou Função de Consulta;TMO;194;BLOOMBERG - WMCO;20101026
FEEDERS;Tela ou Função de Consulta;TMO;192;BLOOMBERG - WMR;20101026
FEEDERS;Tela ou Função de Consulta;TMO;5115;CLFXDOOB;20121214
FEEDERS;Tela ou Função de Consulta;TMO;115;ECB - EXCHANGE RATES;20101022
FEEDERS;Tela ou Função de Consulta;TMO;6461;FUTURO D-1;20130903
FEEDERS;Tela ou Função de Consulta;TMO;1022;KFTC18;20120106
FEEDERS;Tela ou Função de Consulta;TMO;9648;MAE;20150527
FEEDERS;Tela ou Função de Consulta;TMO;11683;PEN SBSP/BCRP;20170828
FEEDERS;Tela ou Função de Consulta;TMO;253;REUTERS - FX SAEC;20101229
FEEDERS;Tela ou Função de Consulta;TMO;112;REUTERS - FXUS;20101022
FEEDERS;Tela ou Função de Consulta;TMO;113;REUTERS - FXUT;20101022
FEEDERS;Tela ou Função de Consulta;TMO;114;REUTERS - FXUU;20101022
FEEDERS;Tela ou Função de Consulta;TMO;247;REUTERS - WMR;20101129
FEEDERS;Tela ou Função de Consulta;TMO;111;SISBACEN - OPCAO 5;20101022
FEEDERS;Tela ou Função de Consulta;TMO;5000;SPOT D0;20120119
FEEDERS;Tela ou Função de Consulta;TMO;11682;TRM COP;20170828
MOEDAS;Variação Cambial - LIBOR;SWAP;54;Franco Suiço;20100517
MOEDAS;Variação Cambial - LIBOR;SWAP;17;US$ Australia;20100517
MOEDAS;Variação Cambial - LIBOR;SWAP;18;US$ Canada;20100517
MOEDAS;Variação Cambial - TJMI;SWAP;54;Franco Suiço;20100517
MOEDAS;Variação Cambial - TJMI;SWAP;17;US$ Australia;20100517
MOEDAS;Variação Cambial - TJMI;SWAP;18;US$ Canada;20100517
